cosine_similarity,entity_overlap,length_ratio,sentence_count_ratio,section_coverage,verbatim_copy_rate,trailing_specificity,constraint_count,role_pronoun_rate,novel_api_rate,function_name_preserved,signature_param_diff,nli_contradiction_max,nli_entailment_mean,task_id,source,corruption_type,label
0.7439493536949158,0.8333333333333334,12.4375,26.0,1.0,0.010362694300518135,0.18333333333333332,3.125,0.0,1.0,0.5,0.0,0.16484670341014862,0.010652839206159115,task_002,hand_easy,none,1
0.01369120366871357,0.0,0.3125,1.0,0.0,0.0,0.0,0.0,0.0,0.0,0.5,0.0,0.5194098949432373,0.0009730843594297767,task_002,hand_easy,tool_result_drop,0
0.688464879989624,0.8571428571428571,7.6,10.0,1.0,0.020134228187919462,0.17391304347826086,1.5,0.0,1.0,0.5,0.0,0.4296542704105377,0.27737030386924744,task_003,hand_easy,none,1
0.5735095739364624,0.8571428571428571,2.25,1.5,0.8,0.07142857142857142,0.2857142857142857,0.0,0.0,1.0,0.5,0.0,0.7786610126495361,0.2238113135099411,task_003,hand_easy,truncation,0
0.5273442268371582,0.14285714285714285,1.2,0.5,0.4,0.0,0.25,0.0,0.0,0.0,0.5,0.0,0.12679757177829742,0.0019172769971191883,task_003,hand_easy,over_summarization,0
0.7458552122116089,0.6,16.1875,23.0,1.0,0.031746031746031744,0.05128205128205128,3.75,0.0,1.0,0.5,0.0,0.12501761317253113,0.3611393868923187,task_005,hand_easy,none,1
0.5635758638381958,0.6666666666666666,10.5,17.0,0.8,0.007142857142857143,0.6666666666666666,0.7142857142857143,0.006802721088435374,1.0,0.5,0.0,0.43890321254730225,0.05618749186396599,task_006,hand_easy,none,1
0.7214580774307251,0.6666666666666666,11.642857142857142,15.0,1.0,0.0125,0.04081632653061224,1.4285714285714286,0.0,1.0,0.5,0.0,0.048749517649412155,0.00983402505517006,task_007,hand_easy,none,1
0.6624811291694641,0.6666666666666666,10.578947368421053,12.5,1.0,0.010101010101010102,0.22950819672131148,4.2105263157894735,0.0,1.0,0.5,0.0,0.9084798097610474,0.019837580621242523,task_009,hand_easy,none,1
0.7872220873832703,0.8,11.571428571428571,22.0,1.0,0.004329004329004329,0.1917808219178082,1.4285714285714286,0.0,1.0,0.5,0.0,0.0023085917346179485,0.3298357427120209,task_010,hand_easy,none,1
0.7027533054351807,0.2,2.761904761904762,3.0,0.4,0.018518518518518517,0.0,0.47619047619047616,0.0,0.0,0.5,0.0,0.052632443606853485,0.19150756299495697,task_010,hand_easy,tool_result_drop,0
0.7259991765022278,0.2,1.0952380952380953,1.0,0.2,0.0,0.0,0.0,0.0,0.0,0.5,0.0,0.0022523165680468082,0.001700802706182003,task_010,hand_easy,over_summarization,0
0.7356112599372864,0.6,10.277777777777779,25.0,1.0,0.0,0.14285714285714285,3.333333333333333,0.0,1.0,0.5,0.0,0.014428107999265194,0.048472072929143906,task_011,hand_easy,none,1
0.6868842244148254,0.8571428571428571,9.368421052631579,19.0,1.0,0.04,0.09259259259259259,3.1578947368421053,0.0,1.0,0.5,0.0,0.9693787097930908,0.01115152146667242,task_012,hand_easy,none,1
0.7123227715492249,0.8571428571428571,8.210526315789474,16.0,0.8,0.0457516339869281,0.10638297872340426,1.5789473684210527,0.0,1.0,0.5,0.0,0.8097894191741943,0.01526094600558281,task_012,hand_easy,entity_omission,0
0.8251588940620422,0.8571428571428571,5.833333333333333,6.0,1.0,0.0,0.11904761904761904,1.25,0.0,1.0,0.5,0.0,0.07445834577083588,0.03638825938105583,task_015,hand_easy,none,1
0.7076399326324463,0.75,14.23076923076923,16.0,1.0,0.022099447513812154,0.16071428571428573,3.0769230769230766,0.0,1.0,0.5,0.0,0.04378011077642441,0.2974098026752472,task_017,hand_easy,none,1
0.7053883671760559,0.7142857142857143,8.666666666666666,23.0,1.0,0.004901960784313725,0.14285714285714285,2.0833333333333335,0.0,1.0,0.5,0.0,0.014333363622426987,0.30294033885002136,task_018,hand_easy,none,1
0.7114118337631226,0.8333333333333334,8.176470588235293,12.0,1.0,0.029411764705882353,0.023809523809523808,2.3529411764705883,0.0,1.0,0.5,0.0,0.07795818150043488,0.32108715176582336,task_019,hand_easy,none,1
0.720827043056488,0.8,8.777777777777779,14.0,1.0,0.02666666666666667,0.16666666666666666,1.6666666666666665,0.0,1.0,0.5,0.0,0.06018795818090439,0.021389588713645935,task_021,hand_easy,none,1
0.6152706146240234,0.8333333333333334,13.75,27.0,1.0,0.02214022140221402,0.07228915662650602,2.0,0.0036363636363636364,0.0,0.5,0.0,0.1034364253282547,0.08441388607025146,task_022,hand_easy,none,1
0.7455294728279114,0.75,11.56,15.5,1.0,0.02527075812274368,0.05747126436781609,2.4,0.0,1.0,0.5,0.0,0.034003257751464844,0.22202962636947632,task_024,hand_easy,none,1
0.6643925905227661,0.8333333333333334,15.428571428571429,24.0,1.0,0.02830188679245283,0.09230769230769231,2.142857142857143,0.0,1.0,0.5,0.0,0.025121968239545822,0.02253340370953083,task_026,hand_easy,none,1
0.6867335438728333,0.7142857142857143,11.090909090909092,26.0,1.0,0.029535864978902954,0.05405405405405406,3.1818181818181817,0.0,1.0,0.5,0.0,0.0013846533838659525,0.32766762375831604,task_028,hand_easy,none,1
0.7281606197357178,0.8,10.789473684210526,21.0,1.0,0.021164021164021163,0.41935483870967744,2.6315789473684212,0.0,1.0,0.5,0.0,0.009716360829770565,0.0031173850875347853,task_030,hand_easy,none,1
0.787912130355835,0.7647058823529411,6.137254901960785,14.0,0.8,0.006756756756756757,0.22340425531914893,1.3725490196078431,0.0,0.9444444444444444,0.5,0.0,0.0038599527906626463,0.012808763422071934,task_031,hand_hard,none,1
0.7877091765403748,0.5294117647058824,1.8235294117647058,4.0,0.6,0.022222222222222223,0.32142857142857145,0.3921568627450981,0.0,0.875,0.5,0.0,0.0038599527906626463,0.012808759696781635,task_031,hand_hard,truncation,0
0.6024381518363953,0.23529411764705882,0.9607843137254902,1.0,0.6,0.0,0.0,0.3921568627450981,0.0,0.0,0.5,0.0,0.03169107809662819,0.1785692572593689,task_031,hand_hard,tool_result_drop,0
0.5813360214233398,0.29411764705882354,1.1568627450980393,1.3333333333333333,0.4,0.044444444444444446,0.05555555555555555,0.0,0.0,1.0,0.5,0.0,0.6970852613449097,0.3025496006011963,task_031,hand_hard,over_summarization,0
0.7328402996063232,0.5833333333333334,3.876923076923077,9.0,1.0,0.0,0.18421052631578946,0.6153846153846154,0.0,1.0,0.5,0.0,0.9880059361457825,0.03046996332705021,task_032,hand_hard,none,1
0.4749329090118408,0.16666666666666666,0.7538461538461538,0.6666666666666666,0.6,0.0,0.06666666666666667,0.15384615384615385,0.0,0.0,0.5,0.0,0.00410859752446413,0.001475701224990189,task_032,hand_hard,tool_result_drop,0
0.46904635429382324,0.08333333333333333,0.35384615384615387,0.3333333333333333,0.2,0.0,0.0,0.15384615384615385,0.0,1.0,0.5,0.0,0.0071192653849720955,0.6599985957145691,task_032,hand_hard,over_summarization,0
0.8400687575340271,0.5333333333333333,6.574074074074074,8.5,1.0,0.020172910662824207,0.04672897196261682,1.4814814814814814,0.0,1.0,0.5,0.0,0.1886359602212906,0.0539599172770977,task_033,hand_hard,none,1
0.753096342086792,0.4,1.3703703703703705,1.0,0.4,0.0,0.0,0.5555555555555555,0.0,0.0,0.5,0.0,0.1300603747367859,0.0210981797426939,task_033,hand_hard,tool_result_drop,0
0.7160054445266724,0.13333333333333333,0.8333333333333334,0.25,0.2,0.0,0.0,0.0,0.0,0.0,0.5,0.0,0.14711542427539825,0.3402296006679535,task_033,hand_hard,over_summarization,0
0.7655420303344727,0.9,4.970588235294118,4.785714285714286,1.0,0.015625,0.35294117647058826,0.7352941176470589,0.0,0.9354838709677419,0.5,0.0,0.053827591240406036,0.19104351103305817,task_034,hand_hard,none,1
0.5945047736167908,0.3,0.8088235294117647,0.42857142857142855,0.4,0.019230769230769232,0.0,0.29411764705882354,0.0,0.0,0.5,0.0,0.0346892774105072,0.17709776759147644,task_034,hand_hard,tool_result_drop,0
0.5392696857452393,0.05,0.4852941176470588,0.21428571428571427,0.4,0.0,0.2,0.0,0.0,1.0,0.5,0.0,0.9918777942657471,0.08046284317970276,task_034,hand_hard,over_summarization,0
0.8095626831054688,0.6666666666666666,5.153846153846154,8.5,0.8,0.0,0.24752475247524752,0.9230769230769231,0.0,0.8888888888888888,0.5,0.0,0.7160268425941467,0.13038021326065063,task_035,hand_hard,none,1
0.8034793138504028,0.47619047619047616,3.5846153846153848,6.75,0.6,0.0,0.3,0.7692307692307693,0.0,0.8888888888888888,0.5,0.0,0.9969983100891113,0.02598542720079422,task_035,hand_hard,entity_omission,0
0.6022578477859497,0.09523809523809523,0.6307692307692307,0.5,0.2,0.0,0.0,0.15384615384615385,0.0,0.0,0.5,0.0,0.21115516126155853,0.024185018613934517,task_035,hand_hard,tool_result_drop,0
0.5963804721832275,0.14285714285714285,0.35384615384615387,0.25,0.2,0.0,0.14285714285714285,0.15384615384615385,0.0,0.0,0.5,0.0,0.7540801167488098,0.004562280606478453,task_035,hand_hard,over_summarization,0
0.8527944087982178,0.6470588235294118,6.5476190476190474,7.75,1.0,0.0,0.13253012048192772,1.4285714285714286,0.0,0.9333333333333333,0.5,0.0,0.9437141418457031,0.1790008544921875,task_036,hand_hard,none,1
0.6133382320404053,0.11764705882352941,0.6666666666666666,0.25,0.2,0.0,0.0,0.23809523809523808,0.0,0.0,0.5,0.0,0.026168301701545715,0.005595756229013205,task_036,hand_hard,tool_result_drop,0
0.7427849769592285,0.11764705882352941,0.6190476190476191,0.25,0.2,0.0,0.0,0.0,0.0,0.5,0.5,0.0,0.987737774848938,0.36859726905822754,task_036,hand_hard,over_summarization,0
0.7526280879974365,0.7058823529411765,6.098360655737705,15.5,1.0,0.016260162601626018,0.16964285714285715,0.819672131147541,0.0,0.8823529411764706,0.5,0.0,0.5928718447685242,0.3372149169445038,task_037,hand_hard,none,1
0.8294384479522705,0.88,4.7164179104477615,6.75,1.0,0.038338658146964855,0.1368421052631579,0.8955223880597015,0.0,0.7857142857142857,0.5,0.0,0.024526456370949745,0.32955190539360046,task_038,hand_hard,none,1
0.8185960650444031,0.8333333333333334,6.770833333333333,15.0,1.0,0.009404388714733543,0.20408163265306123,0.8333333333333334,0.003076923076923077,0.8333333333333334,0.5,0.0,0.18261171877384186,0.20500896871089935,task_039,hand_hard,none,1
0.702849805355072,0.4166666666666667,1.1458333333333333,1.0,0.4,0.057692307692307696,0.0,0.20833333333333334,0.0,0.0,0.5,0.0,0.13941095769405365,0.0711170881986618,task_039,hand_hard,tool_result_drop,0
0.8862051367759705,0.5833333333333334,0.6875,0.5,0.2,0.1,0.1,0.0,0.0,0.0,0.5,0.0,0.009829823859035969,0.05087784305214882,task_039,hand_hard,over_summarization,0
0.8045993447303772,0.6666666666666666,3.816666666666667,8.25,1.0,0.004424778761061947,0.43478260869565216,0.6666666666666666,0.0,0.9523809523809523,0.5,0.0,0.5881866812705994,0.23518231511116028,task_040,hand_hard,none,1
0.6935296654701233,0.42857142857142855,1.1333333333333333,1.5,0.8,0.015384615384615385,0.14285714285714285,0.16666666666666666,0.0,0.8,0.5,0.0,0.5881866812705994,0.23518231511116028,task_040,hand_hard,truncation,0
0.09001635015010834,0.0,0.5333333333333333,0.5,0.4,0.0,0.0,0.16666666666666666,0.0,0.0,0.5,0.0,0.3015100657939911,0.017418859526515007,task_040,hand_hard,tool_result_drop,0
0.33111339807510376,0.09523809523809523,0.3,0.25,0.0,0.0,0.5,0.0,0.0,1.0,0.5,0.0,0.2148633450269699,0.01512549351900816,task_040,hand_hard,over_summarization,0
0.7973774671554565,0.8235294117647058,5.269230769230769,26.0,1.0,0.022304832713754646,0.10843373493975904,1.1538461538461537,0.0,0.8,0.5,0.0,0.009362575598061085,0.5900846123695374,task_041,hand_hard,none,1
0.6425430774688721,0.17647058823529413,0.4807692307692308,1.0,0.2,0.0,0.0,0.1923076923076923,0.0,0.0,0.5,0.0,0.0017332732677459717,0.9850994944572449,task_041,hand_hard,over_summarization,0
0.7927992343902588,0.8235294117647058,5.823529411764706,5.2,1.0,0.027491408934707903,0.08888888888888889,0.7843137254901962,0.0,1.0,0.5,0.0,0.9858843684196472,0.10896531492471695,task_042,hand_hard,none,1
0.29602259397506714,0.0,0.5098039215686274,0.6,0.0,0.0,0.125,0.0,0.0,1.0,0.5,0.0,0.9850428104400635,0.04956511780619621,task_042,hand_hard,over_summarization,0
0.8119039535522461,0.5714285714285714,6.829268292682927,11.0,1.0,0.007220216606498195,0.15476190476190477,1.4634146341463417,0.0,0.9090909090909091,0.5,0.0,0.6546927094459534,0.033597901463508606,task_043,hand_hard,none,1
0.6202902793884277,0.0,0.8292682926829268,1.0,0.2,0.0,0.0,0.24390243902439027,0.0,0.0,0.5,0.0,0.003990175202488899,0.0030397516675293446,task_043,hand_hard,tool_result_drop,0
0.8366780281066895,0.7368421052631579,4.234375,2.875,0.8,0.018656716417910446,0.23170731707317074,0.9375,0.0,0.9285714285714286,0.5,0.0,0.9977275729179382,0.1034729927778244,task_044,hand_hard,none,1
0.660942554473877,0.05263157894736842,0.34375,0.25,0.2,0.0,0.14285714285714285,0.15625,0.0,1.0,0.5,0.0,0.9924671053886414,0.0008700460311956704,task_044,hand_hard,over_summarization,0
0.8169035315513611,0.42857142857142855,3.557142857142857,3.0,0.8,0.0040650406504065045,0.10666666666666667,0.5714285714285714,0.0,0.7,0.5,0.0,0.9642818570137024,0.015028840862214565,task_045,hand_hard,none,1
0.8054075241088867,0.7692307692307693,5.319148936170213,6.666666666666667,1.0,0.020491803278688523,0.13333333333333333,1.4893617021276595,0.004,0.7777777777777778,0.5,0.0,0.8499718308448792,0.09772337973117828,task_046,hand_hard,none,1
0.6757542490959167,0.3076923076923077,1.0638297872340425,0.6666666666666666,0.4,0.02127659574468085,0.0,0.2127659574468085,0.0,0.0,0.5,0.0,0.8068321347236633,0.009693736210465431,task_046,hand_hard,tool_result_drop,0
0.8064913153648376,0.5789473684210527,4.632352941176471,4.285714285714286,1.0,0.009615384615384616,0.12631578947368421,0.4411764705882353,0.0,0.9230769230769231,0.5,0.0,0.9825406670570374,0.11045685410499573,task_047,hand_hard,none,1
0.4810224175453186,0.10526315789473684,0.4852941176470588,0.42857142857142855,0.2,0.0,0.2,0.0,0.0,1.0,0.5,0.0,0.9266112446784973,0.17825157940387726,task_047,hand_hard,over_summarization,0
0.7964808940887451,0.6666666666666666,4.551724137931035,9.333333333333334,0.8,0.054474708171206226,0.175,0.6896551724137931,0.0,1.0,0.5,0.0,0.02538960613310337,0.28519120812416077,task_048,hand_hard,none,1
0.7561995983123779,0.5263157894736842,4.555555555555555,2.5,0.6,0.006329113924050633,0.34,0.5555555555555556,0.0,1.0,0.5,0.0,0.03065369836986065,0.5279213786125183,task_050,hand_hard,none,1
0.7398783564567566,0.10526315789473684,0.5,0.5,0.4,0.06666666666666667,0.0,0.0,0.0,0.0,0.5,0.0,0.003405578201636672,0.01590091735124588,task_050,hand_hard,over_summarization,0
0.8129352927207947,0.631578947368421,6.264150943396227,8.666666666666666,1.0,0.003115264797507788,0.19,1.3207547169811322,0.0,0.8,0.5,0.0,0.47858723998069763,0.41757655143737793,task_051,hand_hard,none,1
0.5208526253700256,0.21052631578947367,0.4339622641509434,0.6666666666666666,0.2,0.0,0.0,0.18867924528301888,0.0,0.0,0.5,0.0,0.9444690346717834,0.173825204372406,task_051,hand_hard,tool_result_drop,0
0.7281898260116577,0.625,6.782608695652174,10.333333333333334,1.0,0.006493506493506494,0.20212765957446807,0.8695652173913044,0.0,0.9,0.5,0.0,0.03192138671875,0.12169936299324036,task_052,hand_hard,none,1
0.8169975280761719,0.5294117647058824,5.660377358490566,8.333333333333334,0.8,0.006734006734006734,0.16666666666666666,1.3207547169811322,0.0,0.875,0.5,0.0,0.9955934882164001,0.031914398074150085,task_053,hand_hard,none,1
0.7768867015838623,0.7,7.851851851851852,12.0,1.0,0.028708133971291867,0.125,2.5925925925925926,0.0,1.0,0.5,0.0,0.9994744658470154,0.07553618401288986,task_054,hand_hard,none,1
0.8251798748970032,0.7142857142857143,4.470588235294118,5.111111111111111,1.0,0.003401360544217687,0.15217391304347827,0.4411764705882353,0.003289473684210526,0.9583333333333334,0.5,0.0,0.993733823299408,0.02744455449283123,task_055,hand_hard,none,1
0.8463013768196106,0.42857142857142855,1.338235294117647,1.0,0.8,0.0,0.35714285714285715,0.0,0.01098901098901099,0.8333333333333334,0.5,0.0,0.993733823299408,0.027444563806056976,task_055,hand_hard,truncation,0
0.7261847257614136,0.14285714285714285,0.8970588235294118,0.7777777777777778,0.6,0.0,0.21052631578947367,0.14705882352941177,0.01639344262295082,0.0,0.5,0.0,0.993733823299408,0.007236430887132883,task_055,hand_hard,tool_result_drop,0
0.8143326640129089,0.14285714285714285,0.5882352941176471,0.1111111111111111,0.6,0.0,0.0,0.0,0.025,0.0,0.5,0.0,0.0012229741550981998,0.001290061860345304,task_055,hand_hard,over_summarization,0
0.7652554512023926,0.8333333333333334,5.976190476190476,6.75,1.0,0.004032258064516129,0.14473684210526316,0.9523809523809523,0.0,0.75,0.5,0.0,0.4033510386943817,0.17709220945835114,task_056,hand_hard,none,1
0.8161043524742126,0.5625,5.25,13.0,1.0,0.0,0.0975609756097561,0.9615384615384615,0.0,0.9166666666666666,0.5,0.0,0.9934974908828735,0.08911942690610886,task_057,hand_hard,none,1
0.8084495067596436,0.4375,1.5576923076923077,3.0,0.4,0.0,0.24,0.0,0.0,0.8,0.5,0.0,0.9934974908828735,0.08911942690610886,task_057,hand_hard,truncation,0
0.8150627613067627,0.25,2.769230769230769,7.5,1.0,0.0,0.13636363636363635,0.5769230769230769,0.0,1.0,0.5,0.0,0.726074755191803,0.09943819791078568,task_057,hand_hard,entity_omission,0
0.6713268756866455,0.375,1.0,1.0,0.4,0.0,0.0,0.1923076923076923,0.0,0.0,0.5,0.0,0.9947333335876465,0.05073074623942375,task_057,hand_hard,tool_result_drop,0
0.5784342885017395,0.25,0.9230769230769231,1.5,0.2,0.0,0.0,0.3846153846153846,0.0,0.0,0.5,0.0,0.07493582367897034,0.4585232734680176,task_057,hand_hard,over_summarization,0
0.6824393272399902,0.7777777777777778,5.4,12.5,1.0,0.0913978494623656,0.40350877192982454,1.4285714285714286,0.005291005291005291,0.9375,0.5,0.0,0.2017492800951004,0.18458521366119385,task_058,hand_hard,none,1
0.6900709867477417,0.3333333333333333,3.5142857142857142,9.5,0.8,0.0,0.35135135135135137,1.1428571428571428,0.0,0.9285714285714286,0.5,0.0,0.5896589756011963,0.23999972641468048,task_058,hand_hard,entity_omission,0
0.3692203760147095,0.1111111111111111,1.0,1.0,0.4,0.0,0.0,0.2857142857142857,0.02857142857142857,0.0,0.5,0.0,0.3203234076499939,0.02415236458182335,task_058,hand_hard,tool_result_drop,0
0.830602765083313,0.7142857142857143,7.113636363636363,13.0,1.0,0.029411764705882353,0.14893617021276595,1.1363636363636362,0.003194888178913738,0.75,0.5,0.0,0.7379921078681946,0.32494744658470154,task_059,hand_hard,none,1
0.7877959609031677,0.6428571428571429,2.1136363636363638,2.0,0.8,0.06666666666666667,0.10714285714285714,0.22727272727272727,0.0,1.0,0.5,0.0,0.7379921078681946,0.32494744658470154,task_059,hand_hard,truncation,0
0.7697232365608215,0.6428571428571429,6.136363636363637,11.5,1.0,0.022813688212927757,0.1728395061728395,0.6818181818181818,0.003703703703703704,0.75,0.5,0.0,0.7379921078681946,0.32494744658470154,task_059,hand_hard,entity_omission,0
0.712145209312439,0.42857142857142855,1.1590909090909092,1.0,0.4,0.041666666666666664,0.0,0.22727272727272727,0.0,0.0,0.5,0.0,0.12118781358003616,0.014552691951394081,task_059,hand_hard,tool_result_drop,0
0.8065565824508667,0.75,4.955223880597015,6.25,0.8,0.0,0.17,0.5970149253731343,0.0,1.0,0.5,0.0,0.545741081237793,0.24229420721530914,task_060,hand_hard,none,1
0.5836085081100464,0.5625,1.3582089552238805,1.0,0.6,0.0,0.0,0.29850746268656714,0.0,0.0,0.5,0.0,0.8833171725273132,0.040424078702926636,task_060,hand_hard,tool_result_drop,0
0.4901249408721924,0.0,0.47761194029850745,0.25,0.0,0.0,0.2,0.0,0.0,1.0,0.5,0.0,0.9711982011795044,0.5072920322418213,task_060,hand_hard,over_summarization,0
0.6750866174697876,0.7142857142857143,10.590909090909092,10.0,1.0,0.013043478260869565,0.05714285714285714,1.8181818181818181,0.004291845493562232,1.0,0.5,0.0,0.008530275896191597,0.3137674927711487,task_004,hand_easy,none,1
0.6190918684005737,0.42857142857142855,3.1363636363636362,2.5,0.6,0.045454545454545456,0.14285714285714285,0.45454545454545453,0.0,1.0,0.5,0.0,0.008530275896191597,0.3137674927711487,task_004,hand_easy,truncation,0
0.5404670238494873,0.42857142857142855,1.7272727272727273,1.0,0.4,0.08571428571428572,0.0,0.45454545454545453,0.0,0.0,0.5,0.0,0.012232706882059574,0.007289141416549683,task_004,hand_easy,tool_result_drop,0
0.6951647996902466,0.0,1.7727272727272727,0.5,0.0,0.0,0.0,0.45454545454545453,0.0,0.0,0.5,0.0,0.0015281069790944457,0.004213581793010235,task_004,hand_easy,over_summarization,0
0.6854384541511536,0.42857142857142855,6.4375,6.0,1.0,0.01,0.06451612903225806,1.875,0.0,1.0,0.5,0.0,0.025487205013632774,0.023212125524878502,task_014,hand_easy,none,1
0.6493372917175293,0.14285714285714285,4.9375,6.0,0.8,0.0,0.08333333333333333,1.875,0.0,1.0,0.5,0.0,0.08796864748001099,0.0242757648229599,task_014,hand_easy,entity_omission,0
0.6868190765380859,0.3333333333333333,13.125,22.0,1.0,0.0,0.1111111111111111,3.75,0.0,1.0,0.5,0.0,0.8462644219398499,0.009033081121742725,task_016,hand_easy,none,1
0.6813523769378662,0.8571428571428571,14.571428571428571,18.0,1.0,0.01507537688442211,0.12903225806451613,4.285714285714286,0.0,1.0,0.5,0.0,0.9947868585586548,0.007789688650518656,task_029,hand_easy,none,1
0.7315936088562012,0.3076923076923077,6.242424242424242,1.2307692307692308,1.0,0.06467661691542288,0.1935483870967742,0.6060606060606061,0.0,1.0,0.5,0.0,0.24440346658229828,0.15398326516151428,he_000,humaneval,none,1
0.818603515625,0.47058823529411764,2.8095238095238093,4.75,1.0,0.040229885057471264,0.14814814814814814,0.6349206349206349,0.0,1.0,0.5,0.0,0.6453782916069031,0.15582159161567688,he_001,humaneval,none,1
0.735340416431427,0.6363636363636364,4.0,3.8,0.8,0.0,0.15217391304347827,1.0526315789473684,0.0,1.0,0.5,0.0,0.03551160544157028,0.17547707259655,he_002,humaneval,none,1
0.8034347295761108,0.6842105263157895,3.4310344827586206,5.5,1.0,0.01020408163265306,0.45,0.5172413793103449,0.0,1.0,0.5,0.0,0.9557279944419861,0.11304470896720886,he_003,humaneval,none,1
0.6596036553382874,0.26666666666666666,4.3061224489795915,3.142857142857143,1.0,0.019230769230769232,0.203125,0.8163265306122448,0.0,1.0,0.5,0.0,0.020646365359425545,0.2878134548664093,he_004,humaneval,none,1
0.6800183057785034,0.7272727272727273,7.62962962962963,14.0,1.0,0.014778325123152709,0.08064516129032258,1.4814814814814814,0.0,1.0,0.5,0.0,0.9928719401359558,0.3444080054759979,he_005,humaneval,none,1
0.7411340475082397,0.5789473684210527,3.68,3.5,1.0,0.0055248618784530384,0.05357142857142857,0.8,0.0,1.0,0.5,0.0,0.2501213848590851,0.00800462905317545,he_006,humaneval,none,1
0.45736849308013916,0.10526315789473684,0.52,0.16666666666666666,0.2,0.0,0.125,0.0,0.0,1.0,0.5,0.0,0.00546773849055171,0.0047890315763652325,he_006,humaneval,over_summarization,0
0.6104820966720581,0.5454545454545454,5.461538461538462,12.0,1.0,0.0,0.11627906976744186,0.7692307692307692,0.0,1.0,0.5,0.0,0.5722562074661255,0.36742064356803894,he_007,humaneval,none,1
0.7280076742172241,0.375,3.3469387755102042,3.6666666666666665,1.0,0.0,0.2,1.0204081632653061,0.0,1.0,0.5,0.0,0.00964286644011736,0.21710304915905,he_008,humaneval,none,1
0.7411941289901733,0.25,1.0,1.0,0.6,0.0,0.06666666666666667,0.2040816326530612,0.0,1.0,0.5,0.0,0.9675291180610657,0.10096001625061035,he_008,humaneval,truncation,0
0.6955254077911377,0.1875,1.5714285714285714,1.6666666666666667,0.6,0.0,0.16666666666666666,0.4081632653061224,0.0,1.0,0.5,0.0,0.94246506690979,0.046595022082328796,he_008,humaneval,entity_omission,0
-0.012213393114507198,0.0,0.10204081632653061,0.3333333333333333,0.0,0.0,0.0,0.0,0.0,0.0,0.5,0.0,0.9991775155067444,0.00023389275884255767,he_008,humaneval,tool_result_drop,0
0.6973251700401306,0.6363636363636364,5.057142857142857,6.5,1.0,0.06896551724137931,0.05555555555555555,0.5714285714285714,0.0,1.0,0.5,0.0,0.9339679479598999,0.13880391418933868,he_009,humaneval,none,1
0.7566906213760376,0.5,6.066666666666666,5.666666666666667,0.8,0.0,0.18181818181818182,1.3333333333333333,0.0,1.0,0.5,0.0,0.9977391958236694,0.019509805366396904,he_011,humaneval,none,1
0.661392092704773,0.5454545454545454,3.046511627906977,3.25,1.0,0.007936507936507936,0.275,0.46511627906976744,0.0,1.0,0.5,0.0,0.0687219500541687,0.22496438026428223,he_012,humaneval,none,1
0.564469575881958,0.2727272727272727,0.8372093023255814,0.5,0.4,0.0,0.0,0.23255813953488372,0.0,0.0,0.5,0.0,0.05220050364732742,0.04417956992983818,he_012,humaneval,tool_result_drop,0
0.6152611970901489,0.7777777777777778,7.052631578947368,9.0,1.0,0.007692307692307693,0.04878048780487805,2.1052631578947367,0.0,1.0,0.5,0.0,0.48857420682907104,0.09376514703035355,he_013,humaneval,none,1
0.7705128788948059,0.3333333333333333,7.5,12.0,1.0,0.0,0.17073170731707318,1.6666666666666665,0.0,1.0,0.5,0.0,0.9971074461936951,0.28366655111312866,he_014,humaneval,none,1
0.6394281983375549,0.875,6.869565217391305,5.5,1.0,0.03870967741935484,0.25,1.3043478260869565,0.0,1.0,0.5,0.0,0.9423824548721313,0.0776323601603508,he_015,humaneval,none,1
0.6368770599365234,0.375,6.5,17.0,1.0,0.0,0.2558139534883721,2.2727272727272725,0.0,1.0,0.5,0.0,0.9690375328063965,0.01821073144674301,he_016,humaneval,none,1
0.7078801989555359,0.4230769230769231,2.607142857142857,2.2222222222222223,0.8,0.06018518518518518,0.18181818181818182,0.47619047619047616,0.0,1.0,0.5,0.0,0.9818612337112427,0.18658152222633362,he_017,humaneval,none,1
0.6698548197746277,0.2692307692307692,0.7738095238095238,0.2222222222222222,0.4,0.016129032258064516,0.2,0.0,0.0,1.0,0.5,0.0,0.8162171244621277,0.25968095660209656,he_017,humaneval,truncation,0
0.5782286524772644,0.19230769230769232,0.6666666666666666,0.2222222222222222,0.6,0.018867924528301886,0.0,0.11904761904761904,0.0,0.0,0.5,0.0,0.8923353552818298,0.2007620930671692,he_017,humaneval,tool_result_drop,0
0.771817684173584,0.15384615384615385,0.47619047619047616,0.1111111111111111,0.4,0.02702702702702703,0.0,0.0,0.0,1.0,0.5,0.0,0.011669686064124107,0.33578744530677795,he_017,humaneval,over_summarization,0
0.712304949760437,0.2857142857142857,7.103448275862069,7.333333333333333,1.0,0.0049261083743842365,0.24193548387096775,1.7241379310344829,0.0048543689320388345,1.0,0.5,0.0,0.11803875863552094,0.03139123693108559,he_018,humaneval,none,1
0.7421777248382568,0.7857142857142857,5.5476190476190474,8.333333333333334,1.0,0.004347826086956522,0.18571428571428572,1.1904761904761905,0.004291845493562232,1.0,0.5,0.0,0.0790659487247467,0.35374999046325684,he_019,humaneval,none,1
0.7493897676467896,0.75,4.163265306122449,1.3888888888888888,1.0,0.010050251256281407,0.04838709677419355,1.0204081632653061,0.0,1.0,0.5,0.0,0.5556455254554749,0.07090894877910614,he_020,humaneval,none,1
0.632461428642273,0.4444444444444444,5.170731707317073,2.4545454545454546,1.0,0.0,0.21875,1.2195121951219514,0.0,1.0,0.5,0.0,0.8399784564971924,0.05951383337378502,he_021,humaneval,none,1
0.6636555194854736,0.5,6.92,8.0,1.0,0.0,0.09615384615384616,2.0,0.0,1.0,0.5,0.0,0.11128438264131546,0.11799252033233643,he_022,humaneval,none,1
0.7224754095077515,1.0,10.181818181818182,8.0,1.0,0.0,0.058823529411764705,3.6363636363636362,0.0,1.0,0.5,0.0,0.6919793486595154,0.06686241179704666,he_023,humaneval,none,1
0.5592825412750244,0.25,10.789473684210526,20.0,0.8,0.0,0.0967741935483871,2.6315789473684212,0.004878048780487805,0.0,0.5,0.0,0.9824506640434265,0.32314440608024597,he_024,humaneval,none,1
0.7052962779998779,0.631578947368421,4.4576271186440675,8.0,1.0,0.0038461538461538464,0.27848101265822783,0.847457627118644,0.0,1.0,0.5,0.0,0.6586650609970093,0.15219204127788544,he_025,humaneval,none,1
0.7557377815246582,1.0,5.0,6.666666666666667,1.0,0.006329113924050633,0.12,2.121212121212121,0.0,1.0,0.5,0.0,0.982470691204071,0.1153339147567749,he_026,humaneval,none,1
0.7256375551223755,0.25,7.875,8.5,1.0,0.0,0.13157894736842105,1.875,0.0,1.0,0.5,0.0,0.9823935031890869,0.11754526942968369,he_027,humaneval,none,1
0.606651782989502,0.0,2.3125,0.5,0.4,0.0,0.0,0.0,0.0,0.0,0.5,0.0,0.9870429039001465,0.0039371601305902,he_027,humaneval,truncation,0
0.6369003653526306,0.4,6.375,8.0,1.0,0.0,0.0967741935483871,1.875,0.0,1.0,0.5,0.0,0.02793566696345806,0.7490761876106262,he_028,humaneval,none,1
0.713424801826477,0.5,5.666666666666667,7.5,1.0,0.006711409395973154,0.13043478260869565,1.4814814814814814,0.0,1.0,0.5,0.0,0.03997771814465523,0.06860679388046265,he_029,humaneval,none,1
0.6548268795013428,0.25,21.846153846153847,23.0,1.0,0.0,0.06976744186046512,3.0769230769230766,0.0,1.0,0.5,0.0,0.009628643281757832,0.012669145129621029,mbpp_002,mbpp,none,1
0.6276055574417114,0.4,9.105263157894736,16.0,1.0,0.0,0.19230769230769232,2.1052631578947367,0.0,1.0,0.5,0.0,0.9996846914291382,0.010287020355463028,mbpp_004,mbpp,none,1
0.6573187112808228,0.2,1.3157894736842106,1.0,0.4,0.0,0.0,0.5263157894736842,0.0,0.0,0.5,0.0,0.005241831764578819,0.03208330273628235,mbpp_004,mbpp,over_summarization,0
0.6775064468383789,0.8,15.411764705882353,26.0,1.0,0.007722007722007722,0.16455696202531644,3.5294117647058822,0.0,1.0,0.5,0.0,0.005940275266766548,0.32185980677604675,mbpp_007,mbpp,none,1
0.6451013684272766,0.5,12.5,13.0,1.0,0.0,0.15555555555555556,4.166666666666667,0.0,1.0,0.5,0.0,0.08967689424753189,0.030817292630672455,mbpp_008,mbpp,none,1
0.8166719079017639,1.0,12.3,19.0,1.0,0.029288702928870293,0.06756756756756757,2.0,0.0040650406504065045,1.0,0.5,0.0,0.029348822310566902,0.01222576480358839,mbpp_009,mbpp,none,1
0.7051278948783875,0.8,12.588235294117647,21.0,1.0,0.004830917874396135,0.16923076923076924,1.1764705882352942,0.0,1.0,0.5,0.0,0.9973909258842468,0.048012975603342056,mbpp_011,mbpp,none,1
0.5250636339187622,0.4,1.7647058823529411,1.0,0.0,0.0,0.2222222222222222,0.0,0.0,1.0,0.5,0.0,0.006024344824254513,0.010592533275485039,mbpp_011,mbpp,over_summarization,0
0.7514141798019409,1.0,15.166666666666666,19.0,0.8,0.02247191011235955,0.34545454545454546,1.6666666666666667,0.0,1.0,0.5,0.0,0.455961674451828,0.4335956573486328,mbpp_014,mbpp,none,1
0.6827865839004517,1.0,7.875,12.0,1.0,0.056910569105691054,0.23684210526315788,2.5,0.0,1.0,0.5,0.0,0.9914456605911255,0.06610839813947678,mbpp_017,mbpp,none,1
0.6544270515441895,0.5,9.6,12.0,1.0,0.02158273381294964,0.13636363636363635,2.6666666666666665,0.0,1.0,0.5,0.0,0.007918092422187328,0.01936354488134384,mbpp_019,mbpp,none,1
0.7276575565338135,0.75,14.0625,10.0,1.0,0.004807692307692308,0.08823529411764706,1.875,0.0,1.0,0.5,0.0,0.1174609437584877,0.4534071981906891,mbpp_058,mbpp,none,1
0.6805241703987122,0.0,9.375,19.0,1.0,0.0,0.26666666666666666,1.25,0.0,1.0,0.5,0.0,0.9997764229774475,0.00317976251244545,mbpp_063,mbpp,none,1
0.6911664009094238,0.8333333333333334,9.375,14.0,1.0,0.006896551724137931,0.2,3.125,0.0,1.0,0.5,0.0,0.7261656522750854,0.008242986164987087,mbpp_064,mbpp,none,1
0.6469317674636841,0.75,13.076923076923077,19.0,1.0,0.0,0.11538461538461539,2.3076923076923075,0.0,1.0,0.5,0.0,0.9940629601478577,0.0028514117002487183,mbpp_065,mbpp,none,1
0.556053876876831,0.5,15.066666666666666,20.0,1.0,0.0,0.25,3.3333333333333335,0.0,1.0,0.5,0.0,0.003839563112705946,0.00983926560729742,task_025,hand_easy,none,1
0.6610316634178162,0.6,9.421052631578947,19.0,1.0,0.005747126436781609,0.1111111111111111,3.1578947368421053,0.0,1.0,0.5,0.0,0.0004025071393698454,0.0013223969144746661,mbpp_057,mbpp,none,1
0.5195974111557007,0.2,1.105263157894737,1.0,0.0,0.0,0.0,0.0,0.0,0.0,0.5,0.0,0.9097583889961243,0.00028589286375790834,mbpp_057,mbpp,over_summarization,0
0.6825761795043945,0.8333333333333334,11.31578947368421,23.0,1.0,0.009569377990430622,0.09230769230769231,2.1052631578947367,0.004651162790697674,1.0,0.5,0.0,0.3597620129585266,0.011669387109577656,mbpp_061,mbpp,none,1
-0.017497560009360313,0.0,0.2631578947368421,1.0,0.0,0.0,0.0,0.0,0.0,0.0,0.5,0.0,0.9951209425926208,3.114834180450998e-05,mbpp_061,mbpp,tool_result_drop,0
0.6941471695899963,0.75,10.357142857142858,14.0,1.0,0.02127659574468085,0.22727272727272727,3.5714285714285716,0.0,1.0,0.5,0.0,0.99875807762146,0.006025230046361685,mbpp_066,mbpp,none,1
0.7246412038803101,0.8333333333333334,17.3125,14.0,1.0,0.022556390977443608,0.17857142857142858,2.5,0.0,1.0,0.5,0.0,0.01696999929845333,0.022151663899421692,mbpp_067,mbpp,none,1
0.7223660945892334,1.0,14.428571428571429,31.0,1.0,0.028368794326241134,0.5164835164835165,1.4285714285714286,0.0,1.0,0.5,0.0,0.012355506420135498,0.6474742293357849,mbpp_072,mbpp,none,1
0.5699012279510498,0.75,24.133333333333333,31.0,1.0,0.0,0.23853211009174313,4.0,0.0,1.0,0.5,0.0,0.011592910625040531,0.02007828652858734,mbpp_074,mbpp,none,1
0.6416565775871277,0.5,12.736842105263158,21.0,1.0,0.0,0.1506849315068493,2.1052631578947367,0.0,1.0,0.5,0.0,0.20872318744659424,0.10343196243047714,mbpp_075,mbpp,none,1
0.3365737795829773,0.3333333333333333,1.7894736842105263,1.0,0.2,0.0,0.09090909090909091,0.5263157894736842,0.0,0.0,0.5,0.0,0.0062408666126430035,0.9602756500244141,mbpp_075,mbpp,over_summarization,0
0.7166043519973755,0.6666666666666666,14.923076923076923,15.0,1.0,0.0213903743315508,0.13559322033898305,5.384615384615384,0.0,1.0,0.5,0.0,0.004727543797343969,0.019136572256684303,mbpp_077,mbpp,none,1
0.762012243270874,0.5,23.444444444444443,17.0,0.8,0.014423076923076924,0.1875,4.444444444444445,0.0,1.0,0.5,0.0,0.009697447530925274,0.061864737421274185,mbpp_080,mbpp,none,1
0.6526986956596375,0.0,15.307692307692308,17.0,1.0,0.005154639175257732,0.25,3.0769230769230766,0.0,1.0,0.5,0.0,0.030034132301807404,0.08664096146821976,mbpp_084,mbpp,none,1
0.6098637580871582,0.4,15.23076923076923,15.0,1.0,0.015544041450777202,0.1,3.0769230769230766,0.0,1.0,0.5,0.0,0.007199404761195183,0.0034450283274054527,task_020,hand_easy,none,1
0.5950683951377869,0.4,4.538461538461538,4.0,0.6,0.05357142857142857,0.16666666666666666,0.7692307692307692,0.0,1.0,0.5,0.0,0.01721835881471634,0.009478185325860977,task_020,hand_easy,truncation,0
0.6884043216705322,0.2,8.461538461538462,9.0,1.0,0.0,0.030303030303030304,1.5384615384615383,0.0,1.0,0.5,0.0,0.23777255415916443,0.13353155553340912,task_020,hand_easy,entity_omission,0
0.7417011260986328,0.75,9.88888888888889,22.0,1.0,0.03488372093023256,0.14814814814814814,2.7777777777777777,0.0,1.0,0.5,0.0,0.05920896306633949,0.21664239466190338,task_023,hand_easy,none,1
0.6416406631469727,0.0,15.785714285714286,26.0,1.0,0.0,0.3582089552238806,2.857142857142857,0.0,1.0,0.5,0.0,0.9807137846946716,0.004850322846323252,mbpp_069,mbpp,none,1
0.6339579820632935,1.0,20.22222222222222,19.0,1.0,0.0,0.05454545454545454,8.88888888888889,0.0,1.0,0.5,0.0,0.030942779034376144,0.01862313784658909,mbpp_071,mbpp,none,1
0.6288623213768005,1.0,6.0,7.0,0.8,0.0,0.4117647058823529,3.333333333333333,0.0,1.0,0.5,0.0,0.030942697077989578,0.018623147159814835,mbpp_071,mbpp,truncation,0
0.7633899450302124,0.875,9.9,24.0,1.0,0.010309278350515464,0.11666666666666667,3.5,0.0,1.0,0.5,0.0,0.012751459144055843,0.35974180698394775,task_013,hand_easy,none,1
0.7977975606918335,0.75,2.95,6.0,0.8,0.03571428571428571,0.2777777777777778,1.0,0.0,1.0,0.5,0.0,0.012751459144055843,0.35974183678627014,task_013,hand_easy,truncation,0
0.7381688356399536,0.375,1.15,1.0,0.4,0.1,0.0,0.0,0.0,0.0,0.5,0.0,0.0010528573766350746,0.003077144967392087,task_013,hand_easy,tool_result_drop,0
0.5098661184310913,0.0,1.4,4.0,0.0,0.0,0.0,0.0,0.0,1.0,0.5,0.0,0.13730354607105255,0.033518191426992416,task_013,hand_easy,over_summarization,0
0.8702269196510315,0.5714285714285714,2.816326530612245,4.5,1.0,0.007407407407407408,0.24096385542168675,0.2040816326530612,0.0,0.8666666666666667,0.5,0.0,0.25747403502464294,0.26178139448165894,task_061,hand_hard,none,1
0.8388830423355103,0.42857142857142855,1.8673469387755102,2.75,0.8,0.005555555555555556,0.2727272727272727,0.1020408163265306,0.0,0.8333333333333334,0.5,0.0,0.9991725087165833,0.11115787923336029,task_061,hand_hard,entity_omission,0
0.7568472623825073,0.10714285714285714,0.19387755102040816,0.25,0.4,0.0,0.0,0.0,0.0,0.5,0.5,0.0,0.9947702288627625,0.3284702003002167,task_061,hand_hard,over_summarization,0
0.8094841241836548,0.5,3.011904761904762,6.75,1.0,0.012195121951219513,0.2631578947368421,0.5952380952380952,0.0,0.8846153846153846,0.5,0.0,0.9961329698562622,0.019474728032946587,task_062,hand_hard,none,1
0.12051389366388321,0.09090909090909091,0.47619047619047616,0.5,0.4,0.0,0.0,0.11904761904761904,0.0,0.0,0.5,0.0,0.9947847723960876,0.15109102427959442,task_062,hand_hard,tool_result_drop,0
0.6000577807426453,0.0,0.15476190476190477,0.25,0.0,0.0,0.0,0.0,0.0,1.0,0.5,0.0,0.08329380303621292,0.15213489532470703,task_062,hand_hard,over_summarization,0
0.8442147374153137,0.6666666666666666,2.1724137931034484,3.8,1.0,0.09836065573770492,0.22807017543859648,0.3448275862068966,0.0,0.7777777777777778,0.5,0.0,0.9966616630554199,0.2210669070482254,task_063,hand_hard,none,1
0.6874905824661255,0.3333333333333333,0.6436781609195402,0.6,0.6,0.05660377358490566,0.058823529411764705,0.1149425287356322,0.0,0.5,0.5,0.0,0.9988251328468323,0.20621274411678314,task_063,hand_hard,truncation,0
0.595858633518219,0.1111111111111111,0.3563218390804598,0.4,0.4,0.0,0.0,0.1149425287356322,0.0,0.0,0.5,0.0,0.996589183807373,0.00479443883523345,task_063,hand_hard,tool_result_drop,0
0.6803148984909058,0.18518518518518517,0.367816091954023,0.2,0.4,0.27586206896551724,0.2,0.1149425287356322,0.0,0.6666666666666666,0.5,0.0,0.7324279546737671,0.005565640050917864,task_063,hand_hard,over_summarization,0
0.800940752029419,0.5714285714285714,4.275,6.333333333333333,0.8,0.0,0.1346153846153846,1.25,0.0,1.0,0.5,0.0,0.04825134575366974,0.17653855681419373,task_064,hand_easy,none,1
0.7549540996551514,0.5,1.275,0.6666666666666666,0.6,0.0,0.125,0.25,0.0,1.0,0.5,0.0,0.07050667703151703,0.09019496291875839,task_064,hand_easy,truncation,0
0.7873975038528442,0.5,2.425,4.0,0.6,0.0,0.23333333333333334,0.5,0.0,1.0,0.5,0.0,0.944807767868042,0.11705361306667328,task_064,hand_easy,entity_omission,0
0.7230859398841858,0.42857142857142855,1.0,0.6666666666666666,0.4,0.0,0.0,0.25,0.0,0.0,0.5,0.0,0.11645025759935379,0.06105785071849823,task_064,hand_easy,tool_result_drop,0
0.432529091835022,0.21428571428571427,1.025,1.6666666666666667,0.4,0.0,0.07692307692307693,0.25,0.0,1.0,0.5,0.0,0.963058590888977,0.2547403573989868,task_064,hand_easy,over_summarization,0
0.8498596549034119,0.6296296296296297,2.8505747126436782,6.0,1.0,0.00819672131147541,0.2,0.574712643678161,0.0,0.7,0.5,0.0,0.01174195297062397,0.21417081356048584,task_065,hand_hard,none,1
0.8293420076370239,0.3333333333333333,0.9655172413793104,1.6666666666666667,0.6,0.012345679012345678,0.0,0.2298850574712644,0.0,0.0,0.5,0.0,0.012238893657922745,0.11293888092041016,task_065,hand_hard,tool_result_drop,0
0.5877755880355835,0.14814814814814814,0.28735632183908044,0.3333333333333333,0.4,0.045454545454545456,0.125,0.1149425287356322,0.0,0.5,0.5,0.0,0.01174195297062397,0.33708009123802185,task_065,hand_hard,over_summarization,0
0.7204006910324097,0.625,3.0,5.75,1.0,0.012396694214876033,0.17567567567567569,0.48780487804878053,0.0,0.6,0.5,0.0,0.006999147590249777,0.2403394877910614,task_066,hand_hard,none,1
0.7084872126579285,0.3333333333333333,0.8902439024390244,1.75,0.4,0.0,0.09090909090909091,0.12195121951219513,0.0,0.5714285714285714,0.5,0.0,0.006999127566814423,0.2403394877910614,task_066,hand_hard,truncation,0
0.49950549006462097,0.041666666666666664,0.36585365853658536,0.5,0.4,0.0,0.0,0.12195121951219513,0.0,0.0,0.5,0.0,0.03380652144551277,0.07605688273906708,task_066,hand_hard,tool_result_drop,0
0.49987268447875977,0.5,0.43902439024390244,0.25,0.4,0.06060606060606061,0.18181818181818182,0.12195121951219513,0.0,0.0,0.5,0.0,0.9878227114677429,0.002098447410389781,task_066,hand_hard,over_summarization,0
0.8270594477653503,0.6666666666666666,5.966666666666667,6.333333333333333,1.0,0.022857142857142857,0.2962962962962963,1.3333333333333333,0.0,0.9285714285714286,0.5,0.0,0.06608594954013824,0.04984644800424576,task_067,hand_easy,none,1
0.6039102077484131,0.3333333333333333,1.1333333333333333,0.6666666666666666,0.4,0.03225806451612903,0.0,0.3333333333333333,0.0,0.0,0.5,0.0,0.5062656998634338,0.057976290583610535,task_067,hand_easy,tool_result_drop,0
0.4408853054046631,0.16666666666666666,0.5666666666666667,0.3333333333333333,0.6,0.07142857142857142,0.16666666666666666,0.3333333333333333,0.0,1.0,0.5,0.0,0.006501347292214632,0.006434070412069559,task_067,hand_easy,over_summarization,0
0.8118280172348022,0.6875,2.7333333333333334,4.0,0.8,0.05785123966942149,0.013513513513513514,0.2222222222222222,0.0,1.0,0.5,0.0,0.9941587448120117,0.11281834542751312,task_068,hand_hard,none,1
0.7599647641181946,0.34375,0.8111111111111111,2.2,0.6,0.0,0.18181818181818182,0.1111111111111111,0.0,1.0,0.5,0.0,0.9941587448120117,0.11281833052635193,task_068,hand_hard,truncation,0
0.5663943290710449,0.0625,0.32222222222222224,0.4,0.4,0.0,0.0,0.1111111111111111,0.0,0.0,0.5,0.0,0.02541135996580124,0.005499782506376505,task_068,hand_hard,tool_result_drop,0
0.46860241889953613,0.0625,0.2777777777777778,0.2,0.2,0.0,0.0,0.0,0.0,0.0,0.5,0.0,0.8833067417144775,0.006057698745280504,task_068,hand_hard,over_summarization,0
0.8513696193695068,0.68,3.7346938775510203,9.5,1.0,0.01928374655647383,0.19090909090909092,0.5102040816326531,0.0,0.9166666666666666,0.5,0.0,0.6606833338737488,0.05811934173107147,task_069,hand_hard,none,1
0.8558900952339172,0.4,1.1122448979591837,2.5,0.6,0.05660377358490566,0.30303030303030304,0.3061224489795918,0.0,0.8571428571428571,0.5,0.0,0.6606833338737488,0.058119311928749084,task_069,hand_hard,truncation,0
0.674522876739502,0.2,0.5918367346938775,0.75,0.4,0.01818181818181818,0.0,0.1020408163265306,0.0,0.0,0.5,0.0,0.6606833338737488,0.06565085798501968,task_069,hand_hard,tool_result_drop,0
0.6930661797523499,0.28,0.41836734693877553,0.25,0.4,0.0,0.07692307692307693,0.0,0.0,0.5,0.5,0.0,0.8809257745742798,0.33206069469451904,task_069,hand_hard,over_summarization,0
0.8054960370063782,0.8333333333333334,4.03030303030303,3.0,0.8,0.03076923076923077,0.25,0.30303030303030304,0.0,0.6,0.5,0.0,0.9997426867485046,0.0024250021670013666,task_070,hand_easy,none,1
0.6875083446502686,0.5833333333333334,1.1818181818181819,0.25,0.4,0.05555555555555555,0.08333333333333333,0.0,0.0,0.0,0.5,0.0,0.05158711224794388,0.015565108507871628,task_070,hand_easy,truncation,0
0.31699898838996887,0.16666666666666666,0.6666666666666666,0.25,0.2,0.10526315789473684,0.0,0.30303030303030304,0.0,0.0,0.5,0.0,0.005407551769167185,0.0029709087684750557,task_070,hand_easy,tool_result_drop,0
0.7921551465988159,0.7619047619047619,3.814814814814815,4.4,1.0,0.04276315789473684,0.053763440860215055,0.617283950617284,0.003236245954692557,0.6666666666666666,0.5,0.0,0.10885487496852875,0.11084998399019241,task_072,hand_hard,none,1
0.7543016672134399,0.2857142857142857,1.1358024691358024,1.0,0.8,0.07954545454545454,0.0,0.1234567901234568,0.010869565217391304,0.0,0.5,0.0,0.10885440558195114,0.11084997653961182,task_072,hand_hard,truncation,0
0.6007364988327026,0.19047619047619047,0.7283950617283951,0.6,0.4,0.07272727272727272,0.0,0.2469135802469136,0.01694915254237288,0.0,0.5,0.0,0.11831337958574295,0.12108002603054047,task_072,hand_hard,tool_result_drop,0
0.6230427622795105,0.23809523809523808,0.32098765432098764,0.2,0.2,0.21739130434782608,0.125,0.1234567901234568,0.0,0.0,0.5,0.0,0.0062585994601249695,0.0035463180392980576,task_072,hand_hard,over_summarization,0
0.598526656627655,0.45454545454545453,5.257142857142857,14.5,1.0,0.03314917127071823,0.16071428571428573,2.0,0.0,1.0,0.5,0.0,0.9722869396209717,0.007247110363095999,task_073,hand_easy,none,1
0.6856124401092529,0.18181818181818182,0.9428571428571428,1.0,0.4,0.0,0.0,0.2857142857142857,0.0,0.0,0.5,0.0,0.028272494673728943,0.05358099937438965,task_073,hand_easy,tool_result_drop,0
0.8235472440719604,0.8095238095238095,3.6417910447761193,3.5,1.0,0.024896265560165973,0.12162162162162163,0.29850746268656714,0.004098360655737705,0.7142857142857143,0.5,0.0,0.9929062128067017,0.0392354317009449,task_074,hand_hard,none,1
0.7973072528839111,0.42857142857142855,1.0895522388059702,0.5,0.8,0.04285714285714286,0.045454545454545456,0.0,0.0136986301369863,1.0,0.5,0.0,0.036515768617391586,0.28623780608177185,task_074,hand_hard,truncation,0
0.653501570224762,0.23809523809523808,0.6417910447761194,0.5,0.4,0.025,0.0,0.14925373134328357,0.023255813953488372,0.0,0.5,0.0,0.03898148611187935,0.018682057037949562,task_074,hand_hard,tool_result_drop,0
0.6185204386711121,0.0,0.373134328358209,0.25,0.0,0.0,0.0,0.0,0.0,1.0,0.5,0.0,0.3564019799232483,0.06659567356109619,task_074,hand_hard,over_summarization,0
0.78401780128479,0.5454545454545454,4.909090909090909,4.0,1.0,0.025157232704402517,0.14285714285714285,1.5151515151515151,0.0,0.5714285714285714,0.5,0.0,0.43211185932159424,0.03686365857720375,task_076,hand_easy,none,1
0.5336877107620239,0.09090909090909091,0.7878787878787878,0.3333333333333333,0.0,0.0,0.0,0.30303030303030304,0.0,0.5,0.5,0.0,0.9997122883796692,2.2789665308664553e-05,task_076,hand_easy,over_summarization,0
0.7777904272079468,0.6521739130434783,3.541176470588235,5.0,0.8,0.013422818791946308,0.0989010989010989,1.1764705882352942,0.0033222591362126247,0.7,0.5,0.0,0.9870478510856628,0.15911556780338287,task_077,hand_hard,none,1
0.3283706605434418,0.13043478260869565,0.4235294117647059,0.2857142857142857,0.4,0.0,0.0,0.11764705882352941,0.027777777777777776,0.0,0.5,0.0,0.9977239966392517,0.012877363711595535,task_077,hand_hard,tool_result_drop,0
0.8828930258750916,0.5882352941176471,2.008130081300813,4.0,0.8,0.028925619834710745,0.36,0.24390243902439024,0.0,0.8571428571428571,0.5,0.0,0.16356900334358215,0.21195898950099945,task_078,hand_hard,none,1
0.8122886419296265,0.3235294117647059,0.6016260162601627,0.5,0.4,0.0,0.21739130434782608,0.0,0.0,1.0,0.5,0.0,0.16356900334358215,0.21195898950099945,task_078,hand_hard,truncation,0
0.7653728723526001,0.08823529411764706,0.3821138211382114,0.3333333333333333,0.4,0.0,0.0,0.08130081300813008,0.0,0.0,0.5,0.0,0.012439924292266369,0.01036103442311287,task_078,hand_hard,tool_result_drop,0
0.6113430857658386,0.17647058823529413,0.1951219512195122,0.16666666666666666,0.2,0.09523809523809523,0.25,0.0,0.0,0.6666666666666666,0.5,0.0,0.09913472086191177,0.007841043174266815,task_078,hand_hard,over_summarization,0
0.8074687719345093,0.5,4.076923076923077,3.3333333333333335,1.0,0.019230769230769232,0.125,1.0256410256410258,0.0,0.7777777777777778,0.5,0.0,0.11390051990747452,0.18994034826755524,task_079,hand_easy,none,1
0.7609832286834717,0.25,1.205128205128205,0.6666666666666666,0.6,0.0,0.13333333333333333,0.0,0.0,0.5,0.5,0.0,0.02092648297548294,0.008005469106137753,task_079,hand_easy,truncation,0
-0.07052986323833466,0.0,0.1282051282051282,0.3333333333333333,0.0,0.0,0.0,0.0,0.0,0.0,0.5,0.0,0.999474823474884,0.004141028970479965,task_079,hand_easy,tool_result_drop,0
0.8409576416015625,0.5135135135135135,2.6194029850746268,5.285714285714286,1.0,0.01729106628242075,0.19811320754716982,0.29850746268656714,0.002849002849002849,0.8125,0.5,0.0,0.9949259757995605,0.0069546690210700035,task_080,hand_hard,none,1
0.8218574523925781,0.32432432432432434,0.7835820895522388,1.5714285714285714,1.0,0.029411764705882353,0.15625,0.14925373134328357,0.0,0.8888888888888888,0.5,0.0,0.9949259757995605,0.006954665761440992,task_080,hand_hard,truncation,0
0.8625791072845459,0.3783783783783784,2.044776119402985,4.428571428571429,0.6,0.011111111111111112,0.1566265060240964,0.22388059701492538,0.0036496350364963502,0.8571428571428571,0.5,0.0,0.9672948122024536,0.003416904015466571,task_080,hand_hard,entity_omission,0
0.42784643173217773,0.05405405405405406,0.20149253731343283,0.2857142857142857,0.4,0.0,0.0,0.07462686567164178,0.0,0.0,0.5,0.0,0.2492094188928604,0.016958989202976227,task_080,hand_hard,tool_result_drop,0
0.702862024307251,0.08108108108108109,0.2537313432835821,0.14285714285714285,0.2,0.0,0.0,0.0,0.029411764705882353,0.0,0.5,0.0,0.015517020598053932,0.0076253763400018215,task_080,hand_hard,over_summarization,0
0.8183993697166443,0.5454545454545454,4.369230769230769,9.666666666666666,1.0,0.0035971223021582736,0.1511627906976744,1.0769230769230769,0.0,0.8461538461538461,0.5,0.0,0.0533880889415741,0.0702139362692833,task_081,hand_hard,none,1
0.6299576759338379,0.13636363636363635,0.6461538461538462,0.6666666666666666,0.4,0.0,0.0,0.15384615384615385,0.0,0.0,0.5,0.0,0.21982285380363464,0.014395001344382763,task_081,hand_hard,tool_result_drop,0
0.8275549411773682,0.6,5.4,7.333333333333333,1.0,0.005376344086021506,0.21052631578947367,1.1428571428571428,0.0,0.9230769230769231,0.5,0.0,0.11852055042982101,0.08498069643974304,task_082,hand_easy,none,1
0.8922310471534729,0.7307692307692307,3.0526315789473686,7.333333333333333,1.0,0.00881057268722467,0.21428571428571427,0.6578947368421053,0.0,0.8571428571428571,0.5,0.0,0.14249344170093536,0.2851264774799347,task_083,hand_hard,none,1
0.8963260054588318,0.5384615384615384,0.9078947368421053,1.3333333333333333,0.4,0.0,0.047619047619047616,0.13157894736842105,0.0,1.0,0.5,0.0,0.14249344170093536,0.2851265072822571,task_083,hand_hard,truncation,0
0.602704644203186,0.15384615384615385,0.34210526315789475,0.3333333333333333,0.4,0.043478260869565216,0.25,0.0,0.0,0.0,0.5,0.0,0.03690728917717934,0.7296732068061829,task_083,hand_hard,over_summarization,0
0.8602300882339478,0.8125,3.0186915887850465,5.333333333333333,1.0,0.05625,0.26804123711340205,0.5607476635514019,0.0,0.8125,0.5,0.0,0.14222988486289978,0.0737309530377388,task_084,hand_hard,none,1
0.8365412950515747,0.40625,0.897196261682243,1.5,0.6,0.021505376344086023,0.10344827586206896,0.1869158878504673,0.0,0.8,0.5,0.0,0.14222988486289978,0.0737309530377388,task_084,hand_hard,truncation,0
0.6021122932434082,0.0625,0.5514018691588785,0.5,0.6,0.03571428571428571,0.0,0.1869158878504673,0.0,0.0,0.5,0.0,0.47959160804748535,0.08637125045061111,task_084,hand_hard,tool_result_drop,0
0.6430890560150146,0.08333333333333333,4.6,4.5,1.0,0.0,0.14285714285714285,1.4285714285714286,0.0,1.0,0.5,0.0,0.9994851350784302,0.01759871281683445,he_030,humaneval,none,1
0.6065160036087036,0.2,4.34375,8.5,1.0,0.0,0.3333333333333333,1.25,0.0,1.0,0.5,0.0,0.9931265115737915,0.07642719894647598,he_031,humaneval,none,1
0.41071760654449463,0.2,0.34375,0.5,0.2,0.0,0.5,0.0,0.0,1.0,0.5,0.0,0.9782813787460327,0.010252377018332481,he_031,humaneval,over_summarization,0
0.6630579233169556,0.6842105263157895,3.863013698630137,12.5,0.8,0.06319702602230483,0.2,0.547945205479452,0.0,1.0,0.5,0.0,0.9931125044822693,0.004079094622284174,he_033,humaneval,none,1
0.5326124429702759,0.3333333333333333,5.260869565217392,12.0,1.0,0.0,0.1891891891891892,0.4347826086956522,0.0,1.0,0.5,0.0,0.2658084034919739,0.14294393360614777,he_034,humaneval,none,1
0.6626906394958496,0.1,3.4583333333333335,2.5,1.0,0.0,0.08,0.8333333333333334,0.0,1.0,0.5,0.0,0.8663149476051331,0.1485881507396698,he_035,humaneval,none,1
0.7471553683280945,0.9,7.766666666666667,13.5,0.8,0.008733624454148471,0.3142857142857143,1.0,0.004291845493562232,1.0,0.5,0.0,0.9871188402175903,0.06624850630760193,he_036,humaneval,none,1
0.486592173576355,0.3,1.3,1.0,0.2,0.0,0.0,0.3333333333333333,0.0,0.0,0.5,0.0,0.2851397693157196,0.08140360563993454,he_036,humaneval,tool_result_drop,0
0.5335531830787659,0.5,1.0,1.5,0.2,0.0,0.4444444444444444,0.0,0.0,1.0,0.5,0.0,0.6165056228637695,0.03690606355667114,he_036,humaneval,over_summarization,0
0.6670626401901245,0.5333333333333333,4.0344827586206895,13.0,1.0,0.0,0.18309859154929578,0.6896551724137931,0.0,1.0,0.5,0.0,0.07523144036531448,0.18800538778305054,he_037,humaneval,none,1
0.7640334367752075,0.9,8.321428571428571,6.5,0.6,0.004347826086956522,0.08571428571428572,1.4285714285714286,0.004291845493562232,1.0,0.5,0.0,0.9732917547225952,0.19800817966461182,he_039,humaneval,none,1
0.7418243885040283,0.5,2.7857142857142856,4.0,0.6,0.0,0.041666666666666664,0.35714285714285715,0.0,1.0,0.5,0.0,0.7205008864402771,0.32506877183914185,he_039,humaneval,entity_omission,0
0.8070955276489258,0.8181818181818182,4.56140350877193,6.333333333333333,1.0,0.011673151750972763,0.24358974358974358,0.7017543859649122,0.0,1.0,0.5,0.0,0.9105006456375122,0.04424154758453369,he_040,humaneval,none,1
0.3808111846446991,0.09090909090909091,0.631578947368421,0.3333333333333333,0.4,0.0,0.18181818181818182,0.0,0.0,1.0,0.5,0.0,0.009240403771400452,0.015095728449523449,he_040,humaneval,over_summarization,0
0.5618372559547424,0.8461538461538461,5.0606060606060606,4.5,1.0,0.049079754601226995,0.45098039215686275,1.2121212121212122,0.0,1.0,0.5,0.0,0.9585949778556824,0.012212150730192661,he_042,humaneval,none,1
0.768717885017395,0.6818181818181818,4.280701754385965,7.666666666666667,1.0,0.02074688796680498,0.13513513513513514,1.4035087719298245,0.0,1.0,0.5,0.0,0.7178751826286316,0.01544503215700388,he_043,humaneval,none,1
0.7369933128356934,0.4166666666666667,4.484848484848484,2.75,1.0,0.0,0.15555555555555556,0.6060606060606061,0.0,1.0,0.5,0.0,0.034371595829725266,0.11973566561937332,he_044,humaneval,none,1
0.6524823904037476,0.3333333333333333,7.3125,2.6666666666666665,1.0,0.008771929824561403,0.2777777777777778,1.25,0.0,1.0,0.5,0.0,0.8945997357368469,0.07454786449670792,he_045,humaneval,none,1
0.8143777847290039,0.5238095238095238,3.9846153846153847,3.5,1.0,0.015873015873015872,0.3717948717948718,0.3076923076923077,0.0,1.0,0.5,0.0,0.9984332919120789,0.011492248624563217,he_046,humaneval,none,1
0.7522528171539307,0.14285714285714285,0.8615384615384616,0.75,0.4,0.018867924528301886,0.0,0.15384615384615385,0.0,0.0,0.5,0.0,0.9984332919120789,0.007274135947227478,he_046,humaneval,tool_result_drop,0
0.4265960454940796,0.047619047619047616,0.46153846153846156,0.25,0.2,0.0,0.1111111111111111,0.15384615384615385,0.0,1.0,0.5,0.0,0.9641883969306946,0.005968754645437002,he_046,humaneval,over_summarization,0
0.6661202907562256,0.6153846153846154,8.782608695652174,8.333333333333334,1.0,0.0,0.2786885245901639,1.7391304347826089,0.0,1.0,0.5,0.0,0.9950272440910339,0.040713656693696976,he_047,humaneval,none,1
0.7146341800689697,0.8333333333333334,5.947368421052632,8.0,1.0,0.01834862385321101,0.23529411764705882,1.0526315789473684,0.0,1.0,0.5,0.0,0.943198025226593,0.07694049924612045,he_048,humaneval,none,1
0.6789778470993042,0.3333333333333333,3.7142857142857144,4.0,0.6,0.0,0.09375,1.4285714285714286,0.0,1.0,0.5,0.0,0.607914388179779,0.05471717193722725,he_049,humaneval,none,1
0.7397201061248779,0.5,6.4,12.0,1.0,0.0,0.10344827586206896,1.6666666666666667,0.0,1.0,0.5,0.0,0.9860696792602539,0.2012820988893509,he_051,humaneval,none,1
0.7135234475135803,0.1111111111111111,6.222222222222222,4.0,1.0,0.0,0.17647058823529413,1.4814814814814814,0.0,1.0,0.5,0.0,0.7216050624847412,0.013613120652735233,he_052,humaneval,none,1
0.5046423673629761,0.5555555555555556,7.0,15.0,0.8,0.0,0.13333333333333333,1.4285714285714286,0.0,1.0,0.5,0.0,0.9983420372009277,0.004302554298192263,he_053,humaneval,none,1
0.6970014572143555,0.7,5.78125,8.0,1.0,0.0,0.14285714285714285,0.625,0.0,1.0,0.5,0.0,0.3312017023563385,0.2135278433561325,he_054,humaneval,none,1
0.622442364692688,0.7142857142857143,14.0,4.5,1.0,0.0,0.07272727272727272,1.5384615384615383,0.0,1.0,0.5,0.0,0.008385535329580307,0.33417031168937683,he_055,humaneval,none,1
0.7278966307640076,0.8,6.516129032258065,5.333333333333333,1.0,0.02512562814070352,0.26229508196721313,1.2903225806451613,0.0,1.0,0.5,0.0,0.9994831085205078,0.022640492767095566,he_056,humaneval,none,1
0.6845417618751526,0.8333333333333334,8.857142857142858,9.5,1.0,0.0,0.26666666666666666,1.7857142857142858,0.0,1.0,0.5,0.0,0.7664844393730164,0.1565323919057846,he_057,humaneval,none,1
0.6921645402908325,0.9333333333333333,5.2,8.0,1.0,0.05027932960893855,0.16363636363636364,1.4285714285714286,0.0,1.0,0.5,0.0,0.9996331930160522,0.007112441584467888,he_058,humaneval,none,1
0.6827002763748169,0.5714285714285714,8.5,6.333333333333333,0.8,0.010869565217391304,0.17543859649122806,1.3636363636363635,0.0,1.0,0.5,0.0,0.9908725619316101,0.08011312782764435,he_059,humaneval,none,1
0.6870731115341187,0.8333333333333334,5.0,2.0,0.8,0.0,0.10256410256410256,1.5384615384615383,0.0,1.0,0.5,0.0,0.044120002537965775,0.014962454326450825,he_060,humaneval,none,1
0.6757699251174927,1.0,6.096774193548387,4.333333333333333,1.0,0.005494505494505495,0.3333333333333333,1.2903225806451613,0.0,1.0,0.5,0.0,0.9979968667030334,0.05954074114561081,he_061,humaneval,none,1
0.6970045566558838,0.5,3.107142857142857,1.6666666666666667,1.0,0.023809523809523808,0.05660377358490566,0.35714285714285715,0.0,1.0,0.5,0.0,0.10746180266141891,0.07296700030565262,he_063,humaneval,none,1
0.6586461067199707,0.0,0.6428571428571429,0.6666666666666666,0.4,0.06060606060606061,0.0,0.35714285714285715,0.0,0.0,0.5,0.0,0.2774263024330139,0.17187108099460602,he_063,humaneval,tool_result_drop,0
0.7849166989326477,0.8333333333333334,6.0,7.666666666666667,0.8,0.008888888888888889,0.2753623188405797,0.2631578947368421,0.0,1.0,0.5,0.0,0.9874482750892639,0.057187873870134354,he_065,humaneval,none,1
0.7065005898475647,0.5,1.7894736842105263,1.0,0.8,0.03076923076923077,0.09523809523809523,0.2631578947368421,0.0,1.0,0.5,0.0,0.9890133142471313,0.06482258439064026,he_065,humaneval,truncation,0
0.6052089333534241,0.4166666666666667,1.105263157894737,0.6666666666666666,0.6,0.05128205128205128,0.0,0.2631578947368421,0.0,0.0,0.5,0.0,0.9736019372940063,0.05720045045018196,he_065,humaneval,tool_result_drop,0
0.42128318548202515,0.08333333333333333,0.7368421052631579,0.3333333333333333,0.0,0.0,0.1111111111111111,0.0,0.0,1.0,0.5,0.0,0.009961865842342377,0.0030333467293530703,he_065,humaneval,over_summarization,0
0.706618070602417,0.3888888888888889,4.075,11.5,1.0,0.012738853503184714,0.22448979591836735,0.75,0.0,1.0,0.5,0.0,0.8275536298751831,0.17432089149951935,he_066,humaneval,none,1
0.7560453414916992,0.5945945945945946,2.392,7.0,1.0,0.04452054794520548,0.1111111111111111,0.16,0.0,1.0,0.5,0.0,0.6944602727890015,0.1765974760055542,he_067,humaneval,none,1
0.5892704725265503,0.24324324324324326,0.76,1.3333333333333333,0.4,0.03333333333333333,0.0,0.08,0.0,0.0,0.5,0.0,0.3693189024925232,0.3150048553943634,he_067,humaneval,tool_result_drop,0
0.413352370262146,0.10810810810810811,0.328,1.0,0.4,0.0,0.0,0.0,0.0,0.0,0.5,0.0,0.9868074059486389,0.00914531946182251,he_067,humaneval,over_summarization,0
0.8260126709938049,0.4090909090909091,1.5511363636363635,3.6,1.0,0.0037313432835820895,0.2926829268292683,0.17045454545454544,0.0,1.0,0.5,0.0,0.9948816299438477,0.033735647797584534,he_068,humaneval,none,1
0.6761549115180969,0.11363636363636363,0.30113636363636365,0.2,0.8,0.0,0.0,0.056818181818181816,0.0,0.0,0.5,0.0,0.019882678985595703,0.10037142038345337,he_068,humaneval,tool_result_drop,0
0.6921157836914062,0.09090909090909091,0.125,0.3,0.2,0.0,0.0,0.0,0.0,0.0,0.5,0.0,0.8674346208572388,0.1958426833152771,he_068,humaneval,over_summarization,0
0.7181046009063721,0.6071428571428571,2.216867469879518,4.6,1.0,0.027624309392265192,0.19642857142857142,0.36144578313253006,0.0,1.0,0.5,0.0,0.9965773224830627,0.011262179352343082,he_069,humaneval,none,1
0.7772940397262573,0.32142857142857145,0.4939759036144578,0.2,0.2,0.13157894736842105,0.0,0.0,0.0,0.0,0.5,0.0,0.9945817589759827,0.008728902786970139,he_069,humaneval,over_summarization,0
0.7290729880332947,0.7647058823529411,3.7115384615384617,6.0,1.0,0.005714285714285714,0.1206896551724138,0.5769230769230769,0.0,1.0,0.5,0.0,0.981246292591095,0.03535477817058563,he_070,humaneval,none,1
0.3879033625125885,0.058823529411764705,0.5192307692307693,0.3333333333333333,0.2,0.0,0.1111111111111111,0.0,0.0,0.0,0.5,0.0,0.13552546501159668,0.08715393394231796,he_070,humaneval,over_summarization,0
0.7434870004653931,0.7391304347826086,3.5,3.2,1.0,0.04205607476635514,0.24242424242424243,0.8064516129032258,0.0,1.0,0.5,0.0,0.03760428726673126,0.05481024086475372,he_071,humaneval,none,1
0.6690371036529541,0.43478260869565216,1.0483870967741935,0.6,0.6,0.08064516129032258,0.15,0.16129032258064516,0.0,1.0,0.5,0.0,0.03760428726673126,0.019384147599339485,he_071,humaneval,truncation,0
0.5574121475219727,0.21739130434782608,0.5967741935483871,0.4,0.4,0.029411764705882353,0.0,0.16129032258064516,0.0,0.0,0.5,0.0,0.048342250287532806,0.027002034708857536,he_071,humaneval,tool_result_drop,0
0.6180126667022705,0.43478260869565216,0.7903225806451613,0.2,0.2,0.10869565217391304,0.2,0.0,0.0,1.0,0.5,0.0,0.00898045301437378,0.12626346945762634,he_071,humaneval,over_summarization,0
0.7594146132469177,0.43478260869565216,1.9736842105263157,4.0,0.8,0.00904977375565611,0.35294117647058826,0.43859649122807015,0.0,1.0,0.5,0.0,0.9974418878555298,0.007010859902948141,he_072,humaneval,none,1
0.4098019301891327,0.08695652173913043,0.32456140350877194,0.16666666666666666,0.4,0.0,0.08333333333333333,0.08771929824561403,0.0,0.0,0.5,0.0,0.0005302199278958142,0.005254189949482679,he_072,humaneval,tool_result_drop,0
0.739064633846283,0.13043478260869565,0.35964912280701755,0.5,0.2,0.0,0.0,0.08771929824561403,0.0,1.0,0.5,0.0,0.9974418878555298,0.009641993790864944,he_072,humaneval,over_summarization,0
0.7250763177871704,0.6190476190476191,3.420289855072464,6.0,0.8,0.004291845493562232,0.19718309859154928,1.0144927536231882,0.00423728813559322,1.0,0.5,0.0,0.997046172618866,0.11555632203817368,he_073,humaneval,none,1
0.7147418856620789,0.3333333333333333,2.397590361445783,6.333333333333333,1.0,0.005319148936170213,0.15,0.36144578313253006,0.0,1.0,0.5,0.0,0.9783545136451721,0.03144332394003868,he_074,humaneval,none,1
0.6435189843177795,0.2222222222222222,0.7108433734939759,1.3333333333333333,0.4,0.017857142857142856,0.16666666666666666,0.12048192771084336,0.0,1.0,0.5,0.0,0.9783545136451721,0.03144326061010361,he_074,humaneval,truncation,0
0.7852205038070679,0.2222222222222222,1.8795180722891567,5.0,1.0,0.0,0.1702127659574468,0.36144578313253006,0.0,1.0,0.5,0.0,0.9783545136451721,0.13500015437602997,he_074,humaneval,entity_omission,0
0.5131282806396484,0.2222222222222222,0.5421686746987951,0.6666666666666666,0.2,0.023809523809523808,0.0,0.12048192771084336,0.0,0.0,0.5,0.0,0.17380693554878235,0.08864131569862366,he_074,humaneval,tool_result_drop,0
0.5548409819602966,0.1111111111111111,0.1927710843373494,0.3333333333333333,0.4,0.0,0.0,0.0,0.0,0.0,0.5,0.0,0.015956902876496315,0.3205965757369995,he_074,humaneval,over_summarization,0
0.7255154848098755,0.6666666666666666,6.526315789473684,9.333333333333334,0.8,0.0,0.24,1.5789473684210527,0.0,1.0,0.5,0.0,0.40907883644104004,0.13901959359645844,he_075,humaneval,none,1
0.7010456919670105,0.42105263157894735,4.6,11.5,1.0,0.007518796992481203,0.3132530120481928,1.0,0.0,1.0,0.5,0.0,0.22725443542003632,0.2405327707529068,he_076,humaneval,none,1
0.6459313631057739,0.25,3.857142857142857,6.0,1.0,0.0,0.12280701754385964,1.0204081632653061,0.0,1.0,0.5,0.0,0.9930282235145569,0.05652840808033943,he_077,humaneval,none,1
0.7656714916229248,0.3,2.2125,2.1666666666666665,1.0,0.0,0.16666666666666666,0.375,0.0,1.0,0.5,0.0,0.04424664005637169,0.009043757803738117,he_079,humaneval,none,1
0.5833910703659058,0.15,0.65,0.3333333333333333,0.2,0.0,0.0,0.125,0.0,0.0,0.5,0.0,0.311816543340683,0.036687057465314865,he_079,humaneval,tool_result_drop,0
0.41584116220474243,0.1,0.375,0.16666666666666666,0.2,0.0,0.0,0.125,0.0,0.0,0.5,0.0,0.034746043384075165,0.017578067258000374,he_079,humaneval,over_summarization,0
0.7674921154975891,0.4375,3.732142857142857,9.666666666666666,0.6,0.014705882352941176,0.3492063492063492,0.5357142857142857,0.0,1.0,0.5,0.0,0.9594569802284241,0.22163496911525726,he_080,humaneval,none,1
0.2852606773376465,0.0,0.26785714285714285,0.3333333333333333,0.0,0.0,0.0,0.0,0.0,0.0,0.5,0.0,0.24863125383853912,0.0027663251385092735,he_080,humaneval,tool_result_drop,0
0.4028005599975586,0.0625,0.5714285714285714,1.0,0.2,0.0,0.2,0.0,0.0,1.0,0.5,0.0,0.07705222815275192,0.045527294278144836,he_080,humaneval,over_summarization,0
0.6623038053512573,0.4888888888888889,1.7661290322580645,1.75,1.0,0.018518518518518517,0.3484848484848485,0.24193548387096772,0.0,1.0,0.5,0.0,0.3109098970890045,0.01636127382516861,he_081,humaneval,none,1
0.6499522924423218,0.28888888888888886,0.5241935483870968,0.3,0.4,0.0,0.8,0.0,0.0,1.0,0.5,0.0,0.3109062612056732,0.01636127196252346,he_081,humaneval,truncation,0
0.6713806390762329,0.24444444444444444,0.7661290322580645,0.35,0.6,0.0,0.034482758620689655,0.16129032258064516,0.0,0.0,0.5,0.0,0.4358583688735962,0.010284163989126682,he_081,humaneval,tool_result_drop,0
0.7477691769599915,0.2,0.22580645161290322,0.05,0.2,0.0,0.0,0.0,0.0,0.0,0.5,0.0,0.0221880916506052,0.0045291162095963955,he_081,humaneval,over_summarization,0
0.754494845867157,0.3,5.176470588235294,19.0,1.0,0.01744186046511628,0.3018867924528302,0.8823529411764706,0.0,1.0,0.5,0.0,0.5613883137702942,0.6549261808395386,he_082,humaneval,none,1
0.6623661518096924,0.5,16.0,23.0,0.8,0.022950819672131147,0.3465346534653465,1.4285714285714286,0.0,1.0,0.5,0.0,0.018430428579449654,0.3309512436389923,he_083,humaneval,none,1
0.67137211561203,0.7,8.130434782608695,7.0,1.0,0.01092896174863388,0.2807017543859649,1.7391304347826089,0.0,1.0,0.5,0.0,0.9937673807144165,0.004626560490578413,he_085,humaneval,none,1
0.3372516334056854,0.3,1.7826086956521738,0.3333333333333333,0.8,0.05263157894736842,0.0,0.4347826086956522,0.0,0.0,0.5,0.0,0.06810818612575531,0.016168879345059395,he_085,humaneval,tool_result_drop,0
0.3750484585762024,0.0,0.782608695652174,0.3333333333333333,0.0,0.0,0.0,0.0,0.0,1.0,0.5,0.0,0.394028902053833,0.030834004282951355,he_085,humaneval,over_summarization,0
0.7829952239990234,0.7391304347826086,3.8472222222222223,5.0,0.8,0.021897810218978103,0.07142857142857142,0.5555555555555556,0.0,1.0,0.5,0.0,0.5013410449028015,0.19913852214813232,he_086,humaneval,none,1
0.7210433483123779,0.4473684210526316,2.455357142857143,4.833333333333333,0.8,0.022222222222222223,0.1566265060240964,0.26785714285714285,0.0,1.0,0.5,0.0,0.9981098175048828,0.1290006935596466,he_087,humaneval,none,1
0.625815749168396,0.23684210526315788,0.7321428571428571,1.0,0.6,0.0,0.08,0.17857142857142858,0.0,1.0,0.5,0.0,0.9981098175048828,0.12900057435035706,he_087,humaneval,truncation,0
0.48890870809555054,0.13157894736842105,0.5714285714285714,0.5,0.4,0.0,0.0,0.17857142857142858,0.0,0.0,0.5,0.0,0.998572587966919,0.14665211737155914,he_087,humaneval,tool_result_drop,0
0.580613911151886,0.07894736842105263,0.2767857142857143,0.16666666666666666,0.2,0.0,0.0,0.0,0.0,1.0,0.5,0.0,0.2074097841978073,0.42318248748779297,he_087,humaneval,over_summarization,0
0.7258667945861816,0.6521739130434783,2.4591836734693877,9.0,0.8,0.008695652173913044,0.2465753424657534,0.3061224489795918,0.0,1.0,0.5,0.0,0.9990444779396057,0.22884957492351532,he_088,humaneval,none,1
0.6463428735733032,0.391304347826087,0.7346938775510204,2.0,0.8,0.014492753623188406,0.18181818181818182,0.0,0.0,1.0,0.5,0.0,0.9990444779396057,0.22884957492351532,he_088,humaneval,truncation,0
0.5079696178436279,0.17391304347826086,0.47959183673469385,1.0,0.6,0.022727272727272728,0.0,0.1020408163265306,0.0,0.0,0.5,0.0,0.9990444779396057,0.30624672770500183,he_088,humaneval,tool_result_drop,0
0.4944911599159241,0.17391304347826086,0.1836734693877551,0.3333333333333333,0.2,0.0,0.5,0.0,0.0,1.0,0.5,0.0,0.9828125834465027,0.11130183190107346,he_088,humaneval,over_summarization,0
0.7287617921829224,0.42857142857142855,5.8545454545454545,8.666666666666666,1.0,0.0,0.12371134020618557,1.2727272727272727,0.003105590062111801,1.0,0.5,0.0,0.20758798718452454,0.03909376263618469,he_089,humaneval,none,1
0.6515542268753052,0.21428571428571427,0.8181818181818182,2.0,0.4,0.0,0.14285714285714285,0.18181818181818182,0.022222222222222223,0.0,0.5,0.0,0.806946873664856,0.03565993160009384,he_089,humaneval,tool_result_drop,0
0.6997811794281006,0.6666666666666666,3.7755102040816326,3.25,1.0,0.01098901098901099,0.32142857142857145,0.2040816326530612,0.0,1.0,0.5,0.0,0.5483221411705017,0.031307756900787354,he_090,humaneval,none,1
0.7415387630462646,0.5555555555555556,5.178571428571429,4.111111111111111,1.0,0.017482517482517484,0.12643678160919541,0.8928571428571429,0.0,1.0,0.5,0.0,0.8158096075057983,0.49798911809921265,he_091,humaneval,none,1
0.2395893633365631,0.16666666666666666,0.375,0.1111111111111111,0.2,0.0,0.0,0.0,0.0,0.0,0.5,0.0,0.061252132058143616,0.8621694445610046,he_091,humaneval,over_summarization,0
0.748798131942749,0.47368421052631576,4.945454545454545,3.8333333333333335,0.8,0.03745318352059925,0.2926829268292683,0.9090909090909091,0.0,1.0,0.5,0.0,0.6179097294807434,0.029470540583133698,he_092,humaneval,none,1
0.5863125324249268,0.15789473684210525,1.018181818181818,1.0,0.4,0.0,0.058823529411764705,0.18181818181818182,0.0,1.0,0.5,0.0,0.9997673630714417,0.009754201397299767,he_092,humaneval,over_summarization,0
0.7752053737640381,0.75,6.175438596491228,8.0,0.6,0.02359882005899705,0.1509433962264151,0.5263157894736842,0.0,1.0,0.5,0.0,0.8267423510551453,0.042159274220466614,he_093,humaneval,none,1
0.43810856342315674,0.2,0.9122807017543859,2.0,0.4,0.0,0.1875,0.17543859649122806,0.0,0.0,0.5,0.0,0.8267423510551453,0.011249189265072346,he_093,humaneval,tool_result_drop,0
0.710458517074585,0.45,0.8070175438596491,0.3333333333333333,0.2,0.18604651162790697,0.0,0.0,0.0,0.0,0.5,0.0,0.011050989851355553,0.09141043573617935,he_093,humaneval,over_summarization,0
0.6635079383850098,0.47058823529411764,2.8181818181818183,6.0,1.0,0.0,0.10606060606060606,0.5194805194805194,0.0,1.0,0.5,0.0,0.8412966728210449,0.044530708342790604,he_094,humaneval,none,1
0.6505463123321533,0.21428571428571427,4.092307692307692,4.857142857142857,1.0,0.0,0.25,0.9230769230769231,0.0,1.0,0.5,0.0,0.9832347631454468,0.10611707717180252,he_095,humaneval,none,1
0.42707568407058716,0.07142857142857142,0.5230769230769231,0.2857142857142857,0.4,0.0,0.0,0.15384615384615385,0.0,0.0,0.5,0.0,0.024013705551624298,0.019482873380184174,he_095,humaneval,tool_result_drop,0
0.6549727320671082,0.0,0.4,0.14285714285714285,0.4,0.0,0.375,0.15384615384615385,0.0,1.0,0.5,0.0,0.9767357707023621,0.6341924667358398,he_095,humaneval,over_summarization,0
0.7026480436325073,0.45,4.355555555555555,7.5,1.0,0.031746031746031744,0.2711864406779661,1.3333333333333333,0.0,1.0,0.5,0.0,0.20648294687271118,0.06810653954744339,he_096,humaneval,none,1
0.6824820637702942,0.7368421052631579,4.682926829268292,1.8333333333333333,1.0,0.0,0.3448275862068966,0.48780487804878053,0.0,1.0,0.5,0.0,0.9880555272102356,0.0065010916441679,he_097,humaneval,none,1
0.7903651595115662,0.75,8.625,10.5,1.0,0.00980392156862745,0.1746031746031746,0.4166666666666667,0.00966183574879227,1.0,0.5,0.0,0.6113693118095398,0.06477043032646179,he_098,humaneval,none,1
0.735621452331543,0.5,2.962025316455696,5.142857142857143,1.0,0.02654867256637168,0.28169014084507044,0.5063291139240506,0.0,1.0,0.5,0.0,0.9954020977020264,0.003804221749305725,he_099,humaneval,none,1
0.6893900632858276,0.45454545454545453,0.8860759493670886,1.4285714285714286,0.8,0.08955223880597014,0.47619047619047616,0.37974683544303794,0.0,1.0,0.5,0.0,0.9954020977020264,0.0038042229134589434,he_099,humaneval,truncation,0
0.640899121761322,0.36363636363636365,0.5822784810126582,0.7142857142857143,0.6,0.13953488372093023,0.14285714285714285,0.12658227848101264,0.0,0.0,0.5,0.0,0.9979442954063416,0.0040183300152421,he_099,humaneval,tool_result_drop,0
0.7918477058410645,0.6086956521739131,2.3625,2.5,0.8,0.0273224043715847,0.14035087719298245,0.125,0.0,1.0,0.5,0.0,0.985206663608551,0.20898154377937317,he_100,humaneval,none,1
0.673362135887146,0.391304347826087,0.7,0.6666666666666666,0.2,0.09433962264150944,0.11764705882352941,0.0,0.0,1.0,0.5,0.0,0.9852067828178406,0.20898154377937317,he_100,humaneval,truncation,0
0.6271617412567139,0.391304347826087,0.4375,0.16666666666666666,0.2,0.15625,0.0,0.0,0.0,0.0,0.5,0.0,0.03303564712405205,0.32775044441223145,he_100,humaneval,tool_result_drop,0
0.8786534070968628,0.391304347826087,0.4375,0.16666666666666666,0.2,0.15625,0.09090909090909091,0.0,0.0,1.0,0.5,0.0,0.06438975036144257,0.2898467481136322,he_100,humaneval,over_summarization,0
0.6803058981895447,0.42857142857142855,3.381818181818182,5.666666666666667,1.0,0.01639344262295082,0.125,1.0909090909090908,0.0,1.0,0.5,0.0,0.06833234429359436,0.19882823526859283,he_101,humaneval,none,1
0.7556342482566833,0.8095238095238095,4.384615384615385,6.25,0.8,0.010676156583629894,0.47674418604651164,0.7692307692307693,0.0,1.0,0.5,0.0,0.9895025491714478,0.04518594965338707,he_103,humaneval,none,1
0.5180490016937256,0.2857142857142857,0.7230769230769231,0.5,0.2,0.0,0.0,0.15384615384615385,0.0,0.0,0.5,0.0,0.0635034441947937,0.012523417361080647,he_103,humaneval,tool_result_drop,0
0.745966911315918,0.14285714285714285,0.2,0.25,0.2,0.0,0.75,0.0,0.0,1.0,0.5,0.0,0.5028206706047058,0.11428400129079819,he_103,humaneval,over_summarization,0
0.7457093596458435,0.3684210526315789,5.113636363636363,5.75,1.0,0.009009009009009009,0.16176470588235295,1.3636363636363635,0.0,1.0,0.5,0.0,0.9933450222015381,0.029354188591241837,he_104,humaneval,none,1
0.6216704249382019,0.7,2.255813953488372,16.0,1.0,0.007017543859649123,0.2727272727272727,0.23255813953488372,0.0,1.0,0.5,0.0,0.9898470044136047,0.06803928315639496,he_105,humaneval,none,1
0.5539343357086182,0.2,0.6744186046511628,5.0,0.8,0.023809523809523808,0.2222222222222222,0.07751937984496124,0.0,1.0,0.5,0.0,0.9898470044136047,0.06803928315639496,he_105,humaneval,truncation,0
0.2625105679035187,0.075,0.3333333333333333,1.0,0.2,0.0,0.0,0.07751937984496124,0.0,0.0,0.5,0.0,0.20583844184875488,0.11297257244586945,he_105,humaneval,tool_result_drop,0
0.5722760558128357,0.125,0.24031007751937986,1.5,0.6,0.03571428571428571,0.3,0.0,0.0,1.0,0.5,0.0,0.9983636736869812,0.032885465770959854,he_105,humaneval,over_summarization,0
0.5590943098068237,0.7727272727272727,3.2151898734177213,3.6,1.0,0.024793388429752067,0.14285714285714285,0.37974683544303794,0.0,1.0,0.5,0.0,0.9545716047286987,0.26679766178131104,he_106,humaneval,none,1
0.5957761406898499,0.45454545454545453,0.9620253164556962,0.6,0.8,0.0547945205479452,0.08695652173913043,0.0,0.0,1.0,0.5,0.0,0.9545716047286987,0.29502204060554504,he_106,humaneval,truncation,0
-0.010628849267959595,0.045454545454545456,0.10126582278481013,0.2,0.0,0.0,0.0,0.0,0.0,0.0,0.5,0.0,0.1349155306816101,0.02412923239171505,he_106,humaneval,tool_result_drop,0
0.48054152727127075,0.3181818181818182,0.27848101265822783,0.2,0.2,0.10526315789473684,0.42857142857142855,0.0,0.0,0.0,0.5,0.0,0.35531875491142273,0.22826135158538818,he_106,humaneval,over_summarization,0
0.7995970845222473,0.6521739130434783,3.8225806451612905,4.2,0.8,0.008547008547008548,0.1388888888888889,0.48387096774193544,0.0,1.0,0.5,0.0,0.4305671751499176,0.14602944254875183,he_108,humaneval,none,1
0.6514710783958435,0.13043478260869565,0.7741935483870968,0.4,0.4,0.044444444444444446,0.0,0.16129032258064516,0.0,0.0,0.5,0.0,0.054171618074178696,0.10491260141134262,he_108,humaneval,tool_result_drop,0
0.6325582265853882,0.17391304347826086,0.5161290322580645,0.2,0.4,0.06896551724137931,0.1,0.0,0.0,1.0,0.5,0.0,0.02660667523741722,0.16648490726947784,he_108,humaneval,over_summarization,0
0.8021833896636963,0.32558139534883723,1.1043956043956045,1.6923076923076923,1.0,0.015228426395939087,0.29508196721311475,0.38461538461538464,0.0,1.0,0.5,0.0,0.99978107213974,0.012324167415499687,he_109,humaneval,none,1
0.72041916847229,0.4642857142857143,1.8818181818181818,2.8,1.0,0.01,0.19047619047619047,0.2727272727272727,0.014492753623188406,1.0,0.5,0.0,0.8541486263275146,0.09461254626512527,he_110,humaneval,none,1
0.45725345611572266,0.07142857142857142,0.39090909090909093,0.6,0.6,0.0,0.07692307692307693,0.09090909090909091,0.023255813953488372,0.0,0.5,0.0,0.47761422395706177,0.01820431649684906,he_110,humaneval,tool_result_drop,0
0.6722901463508606,0.21428571428571427,0.2545454545454545,0.2,0.4,0.0,0.2222222222222222,0.0,0.03571428571428571,1.0,0.5,0.0,0.6345463395118713,0.02112150378525257,he_110,humaneval,over_summarization,0
0.7816433906555176,0.5416666666666666,3.210526315789474,12.0,1.0,0.0,0.12162162162162163,0.9210526315789475,0.0,1.0,0.5,0.0,0.8347519040107727,0.13471172749996185,he_111,humaneval,none,1
0.7649952173233032,0.7083333333333334,3.2346938775510203,6.75,1.0,0.01607717041800643,0.20833333333333334,0.3061224489795918,0.0,1.0,0.5,0.0,0.021307142451405525,0.17325133085250854,he_112,humaneval,none,1
0.5398489832878113,0.3333333333333333,0.47959183673469385,0.5,0.4,0.0,0.0,0.1020408163265306,0.0,0.0,0.5,0.0,0.22740811109542847,0.024880198761820793,he_112,humaneval,tool_result_drop,0
0.742814302444458,0.5757575757575758,2.3333333333333335,2.375,0.8,0.02127659574468085,0.2361111111111111,0.09803921568627452,0.0,1.0,0.5,0.0,0.23286686837673187,0.25533685088157654,he_107,humaneval,none,1
0.6392550468444824,0.7307692307692307,3.4105263157894736,5.0,1.0,0.06535947712418301,0.1836734693877551,0.3157894736842105,0.0,1.0,0.5,0.0,0.04773396626114845,0.017144592478871346,he_113,humaneval,none,1
0.6498203277587891,0.3076923076923077,1.0210526315789474,1.1428571428571428,0.8,0.010638297872340425,0.4666666666666667,0.10526315789473684,0.0,1.0,0.5,0.0,0.04773396626114845,0.017144594341516495,he_113,humaneval,truncation,0
0.5047404766082764,0.23076923076923078,0.7052631578947368,0.2857142857142857,0.6,0.015625,0.0,0.10526315789473684,0.0,0.0,0.5,0.0,0.9444794058799744,0.009239530190825462,he_113,humaneval,tool_result_drop,0
0.440204918384552,0.15384615384615385,0.2736842105263158,0.14285714285714285,0.2,0.043478260869565216,0.0,0.0,0.0,1.0,0.5,0.0,0.8656812310218811,0.05028495192527771,he_113,humaneval,over_summarization,0
0.7493685483932495,0.6153846153846154,6.166666666666667,8.5,1.0,0.005494505494505495,0.14285714285714285,1.3333333333333333,0.0,1.0,0.5,0.0,0.9723020792007446,0.005794648081064224,he_114,humaneval,none,1
0.873619556427002,0.5777777777777777,3.3120567375886525,5.5,1.0,0.09133489461358314,0.2198581560283688,0.14184397163120568,0.0021413276231263384,1.0,0.5,0.0,0.9700367450714111,0.025175441056489944,he_115,humaneval,none,1
0.7030353546142578,0.08888888888888889,0.2553191489361702,0.25,0.6,0.0,0.0,0.07092198581560284,0.0,0.0,0.5,0.0,0.9700367450714111,0.18789495527744293,he_115,humaneval,tool_result_drop,0
0.5146539211273193,0.06666666666666667,0.1276595744680851,0.125,0.2,0.0,0.16666666666666666,0.0,0.0,1.0,0.5,0.0,0.02163105085492134,0.026912033557891846,he_115,humaneval,over_summarization,0
0.8013435006141663,0.48,2.613861386138614,6.75,1.0,0.01937984496124031,0.1375,0.6930693069306931,0.0,1.0,0.5,0.0,0.95994633436203,0.14614413678646088,he_117,humaneval,none,1
0.8242928385734558,0.625,3.04040404040404,4.166666666666667,1.0,0.0,0.2087912087912088,0.30303030303030304,0.0,1.0,0.5,0.0,0.9954116940498352,0.11889132112264633,he_119,humaneval,none,1
0.6003162264823914,0.2916666666666667,0.5151515151515151,0.3333333333333333,0.4,0.0,0.0,0.10101010101010101,0.0,0.0,0.5,0.0,0.02587226778268814,0.018086299300193787,he_119,humaneval,tool_result_drop,0
0.7901298999786377,0.2916666666666667,0.3333333333333333,0.16666666666666666,0.2,0.0,0.0,0.0,0.0,0.0,0.5,0.0,0.023066112771630287,0.00462344940751791,he_119,humaneval,over_summarization,0
0.7658526301383972,0.4827586206896552,1.9811320754716981,3.142857142857143,1.0,0.004830917874396135,0.07936507936507936,0.5660377358490566,0.0,1.0,0.5,0.0,0.8924552202224731,0.11451319605112076,he_120,humaneval,none,1
0.8180086016654968,0.10344827586206896,0.2830188679245283,0.14285714285714285,0.4,0.037037037037037035,0.1111111111111111,0.09433962264150944,0.0,1.0,0.5,0.0,0.10058096796274185,0.07697310298681259,he_120,humaneval,over_summarization,0
0.6930744051933289,0.5263157894736842,4.871794871794871,7.5,1.0,0.010752688172043012,0.19298245614035087,0.25641025641025644,0.0,1.0,0.5,0.0,0.9995299577713013,0.021285593509674072,he_121,humaneval,none,1
0.7961529493331909,0.5428571428571428,2.1884057971014492,2.3,0.8,0.07482993197278912,0.17582417582417584,0.2898550724637681,0.0033112582781456954,1.0,0.5,0.0,0.9937703013420105,0.10263843089342117,he_123,humaneval,none,1
0.7423903942108154,0.35135135135135137,2.082089552238806,2.909090909090909,1.0,0.025362318840579712,0.19047619047619047,0.5223880597014925,0.0,1.0,0.5,0.0,0.9978703260421753,0.12644612789154053,he_124,humaneval,none,1
0.6174259185791016,0.0,0.29850746268656714,0.18181818181818182,0.6,0.0,0.0,0.07462686567164178,0.0,0.0,0.5,0.0,0.0030981209129095078,0.242855504155159,he_124,humaneval,tool_result_drop,0
0.5567083358764648,0.1891891891891892,0.31343283582089554,0.09090909090909091,0.2,0.1794871794871795,0.23076923076923078,0.07462686567164178,0.0,0.0,0.5,0.0,0.043894946575164795,0.00984673760831356,he_124,humaneval,over_summarization,0
0.7704335451126099,0.4583333333333333,4.641791044776119,5.5,1.0,0.0,0.23404255319148937,0.14925373134328357,0.0,1.0,0.5,0.0,0.9852504134178162,0.31114059686660767,he_125,humaneval,none,1
0.6526200175285339,0.16666666666666666,1.3880597014925373,1.1666666666666667,0.8,0.0,0.07142857142857142,0.0,0.0,1.0,0.5,0.0,0.9852504134178162,0.31114059686660767,he_125,humaneval,truncation,0
0.24908478558063507,0.041666666666666664,0.6567164179104478,0.3333333333333333,0.4,0.0,0.0,0.14925373134328357,0.0,0.0,0.5,0.0,0.99326491355896,0.0718589797616005,he_125,humaneval,tool_result_drop,0
0.5402063727378845,0.125,0.40298507462686567,0.16666666666666666,0.2,0.0,0.3333333333333333,0.0,0.0,1.0,0.5,0.0,0.06259424239397049,0.3600272834300995,he_125,humaneval,over_summarization,0
0.7999458909034729,0.4444444444444444,1.6631578947368422,5.75,1.0,0.006493506493506494,0.375,0.42105263157894735,0.0,1.0,0.5,0.0,0.9230533242225647,0.10698182880878448,he_126,humaneval,none,1
0.43745946884155273,0.16666666666666666,0.15789473684210525,0.25,0.4,0.0,0.6,0.0,0.0,1.0,0.5,0.0,0.05473489314317703,0.010800890624523163,he_126,humaneval,over_summarization,0
0.7892811298370361,0.85,5.0508474576271185,9.333333333333334,1.0,0.0,0.34444444444444444,0.3389830508474576,0.0,1.0,0.5,0.0,0.24895264208316803,0.23697155714035034,he_128,humaneval,none,1
0.6870814561843872,0.6,1.5084745762711864,2.0,1.0,0.0,0.25925925925925924,0.1694915254237288,0.0,1.0,0.5,0.0,0.24895264208316803,0.23697155714035034,he_128,humaneval,truncation,0
0.4408315420150757,0.2,0.711864406779661,0.6666666666666666,0.2,0.0,0.0,0.1694915254237288,0.0,0.0,0.5,0.0,0.4162585139274597,0.05563710629940033,he_128,humaneval,tool_result_drop,0
0.6857816576957703,0.2,0.288135593220339,0.3333333333333333,0.2,0.0,0.0,0.0,0.0,0.0,0.5,0.0,0.018859751522541046,0.3327731490135193,he_128,humaneval,over_summarization,0
0.7247850298881531,0.5833333333333334,4.170731707317073,5.0,1.0,0.04780876494023904,0.2727272727272727,0.4878048780487805,0.0,1.0,0.5,0.0,0.21749520301818848,0.3412332236766815,he_130,humaneval,none,1
0.6774057745933533,0.3611111111111111,2.6910569105691056,4.5,1.0,0.027777777777777776,0.32,0.3252032520325203,0.0,1.0,0.5,0.0,0.21749520301818848,0.3449898362159729,he_130,humaneval,entity_omission,0
0.5914654731750488,0.19444444444444445,0.45528455284552843,0.3333333333333333,0.8,0.0,0.0,0.08130081300813008,0.0,0.0,0.5,0.0,0.15202389657497406,0.055242251604795456,he_130,humaneval,tool_result_drop,0
0.5938512086868286,0.4166666666666667,0.5203252032520326,0.16666666666666666,0.2,0.22950819672131148,0.45,0.0,0.0,1.0,0.5,0.0,0.6063860654830933,0.2540668547153473,he_130,humaneval,over_summarization,0
0.6848484873771667,0.6470588235294118,5.275862068965517,12.0,1.0,0.032490974729241874,0.2826086956521739,0.3448275862068966,0.0,1.0,0.5,0.0,0.997488260269165,0.011422907933592796,he_134,humaneval,none,1
0.6016347408294678,0.4117647058823529,0.7586206896551724,1.0,0.4,0.1951219512195122,0.07142857142857142,0.0,0.0,0.0,0.5,0.0,0.32900112867355347,0.17779318988323212,he_134,humaneval,tool_result_drop,0
0.747989296913147,0.11764705882352941,0.5172413793103449,1.0,0.4,0.0,0.2222222222222222,0.0,0.0,1.0,0.5,0.0,0.9908146262168884,0.12026217579841614,he_134,humaneval,over_summarization,0
0.7314654588699341,0.6666666666666666,3.1379310344827585,6.666666666666667,1.0,0.0,0.3090909090909091,1.206896551724138,0.0,1.0,0.5,0.0,0.2197113037109375,0.11557544767856598,he_136,humaneval,none,1
0.49579745531082153,0.1111111111111111,0.5517241379310345,0.3333333333333333,0.6,0.0,0.0,0.1724137931034483,0.0,0.0,0.5,0.0,0.0031449701637029648,0.006805341225117445,he_136,humaneval,tool_result_drop,0
0.8125103712081909,0.16666666666666666,0.5172413793103449,0.3333333333333333,0.6,0.0,0.1111111111111111,0.1724137931034483,0.0,1.0,0.5,0.0,0.01090931799262762,0.008052431978285313,he_136,humaneval,over_summarization,0
0.6227635741233826,0.4090909090909091,3.746031746031746,5.166666666666667,1.0,0.017316017316017316,0.28169014084507044,0.4761904761904762,0.0,1.0,0.5,0.0,0.026040928438305855,0.21901383996009827,he_137,humaneval,none,1
0.648455023765564,0.3181818181818182,1.1111111111111112,0.8333333333333334,0.8,0.06060606060606061,0.09523809523809523,0.0,0.0,1.0,0.5,0.0,0.026040928438305855,0.21901383996009827,he_137,humaneval,truncation,0
0.5890870690345764,0.3181818181818182,1.126984126984127,0.8333333333333334,0.8,0.05970149253731343,0.045454545454545456,0.15873015873015872,0.0,0.0,0.5,0.0,0.1572793573141098,0.17183873057365417,he_137,humaneval,tool_result_drop,0
0.5731350183486938,0.09090909090909091,0.4603174603174603,0.6666666666666666,0.4,0.0,1.0,0.15873015873015872,0.0,1.0,0.5,0.0,0.5526923537254333,0.00891662947833538,he_137,humaneval,over_summarization,0
0.6650190353393555,0.5714285714285714,10.071428571428571,25.0,0.8,0.011406844106463879,0.27058823529411763,1.7857142857142858,0.0070921985815602835,1.0,0.5,0.0,0.01646064966917038,0.022617623209953308,he_138,humaneval,none,1
0.7911065816879272,0.5882352941176471,4.2,17.0,0.8,0.005376344086021506,0.21052631578947367,0.4444444444444444,0.0,1.0,0.5,0.0,0.11748959869146347,0.5275711417198181,he_140,humaneval,none,1
0.751265287399292,0.35294117647058826,1.2444444444444445,7.0,0.2,0.018867924528301886,0.17647058823529413,0.2222222222222222,0.0,1.0,0.5,0.0,0.11748959869146347,0.5275711417198181,he_140,humaneval,truncation,0
0.6306300163269043,0.058823529411764705,1.0444444444444445,1.0,0.4,0.0,0.0,0.2222222222222222,0.0,0.0,0.5,0.0,0.023042086511850357,0.1358020305633545,he_140,humaneval,tool_result_drop,0
0.7403914928436279,0.4117647058823529,0.8222222222222222,1.0,0.2,0.0,0.4166666666666667,0.2222222222222222,0.0,1.0,0.5,0.0,0.02951394021511078,0.9230624437332153,he_140,humaneval,over_summarization,0
0.7590099573135376,0.2692307692307692,2.090909090909091,6.857142857142857,1.0,0.004,0.2894736842105263,0.4132231404958678,0.0,1.0,0.5,0.0,0.4106798470020294,0.12209226191043854,he_141,humaneval,none,1
0.7084203362464905,0.19230769230769232,0.6198347107438017,1.1428571428571428,0.6,0.0,0.21739130434782608,0.24793388429752067,0.0,1.0,0.5,0.0,0.4106798470020294,0.12209224700927734,he_141,humaneval,truncation,0
0.49971893429756165,0.11538461538461539,0.18181818181818182,0.14285714285714285,0.4,0.0,0.0,0.0,0.0,0.0,0.5,0.0,0.0030131745152175426,0.3106191158294678,he_141,humaneval,tool_result_drop,0
0.3606269061565399,0.038461538461538464,0.17355371900826447,0.14285714285714285,0.4,0.05555555555555555,0.5714285714285714,0.08264462809917356,0.0,1.0,0.5,0.0,0.04984669014811516,0.09698066860437393,he_141,humaneval,over_summarization,0
0.7605695128440857,0.5,2.898876404494382,15.0,0.8,0.007905138339920948,0.21794871794871795,0.449438202247191,0.003875968992248062,1.0,0.5,0.0,0.9182156324386597,0.2578321397304535,he_143,humaneval,none,1
0.7404518723487854,0.875,5.157894736842105,16.0,1.0,0.035842293906810034,0.16853932584269662,1.2280701754385965,0.0,1.0,0.5,0.0,0.9236876368522644,0.41964104771614075,he_146,humaneval,none,1
0.33568164706230164,0.08333333333333333,0.43859649122807015,0.5,0.4,0.0,0.0,0.17543859649122806,0.0,0.0,0.5,0.0,0.043441057205200195,0.07795898616313934,he_146,humaneval,over_summarization,0
0.8423569202423096,0.7368421052631579,3.019230769230769,5.6,1.0,0.038834951456310676,0.15789473684210525,0.4807692307692307,0.0031847133757961785,1.0,0.5,0.0,0.7367509603500366,0.007948378100991249,he_148,humaneval,none,1
0.761012077331543,0.34210526315789475,0.5961538461538461,0.6,0.4,0.1864406779661017,0.0,0.09615384615384615,0.016129032258064516,0.0,0.5,0.0,0.9869345426559448,0.07826752960681915,he_148,humaneval,tool_result_drop,0
0.7274525165557861,0.5806451612903226,2.1487603305785123,4.833333333333333,0.8,0.03501945525291829,0.21794871794871795,0.49586776859504134,0.0,1.0,0.5,0.0,0.8497897982597351,0.004923129919916391,he_149,humaneval,none,1
0.578543484210968,0.25806451612903225,0.6446280991735537,1.3333333333333333,0.6,0.0,0.041666666666666664,0.08264462809917356,0.0,1.0,0.5,0.0,0.8497897982597351,0.004923129919916391,he_149,humaneval,truncation,0
0.1709376871585846,0.1935483870967742,0.19834710743801653,0.3333333333333333,0.4,0.0,0.0,0.08264462809917356,0.0,0.0,0.5,0.0,0.9187412261962891,0.021893272176384926,he_149,humaneval,tool_result_drop,0
0.47419726848602295,0.2903225806451613,0.2644628099173554,0.5,0.2,0.20689655172413793,0.2,0.08264462809917356,0.0,1.0,0.5,0.0,0.9803950190544128,0.07984431833028793,he_149,humaneval,over_summarization,0
0.731357991695404,0.8125,4.049180327868853,8.333333333333334,0.8,0.04938271604938271,0.32,0.49180327868852464,0.0,1.0,0.5,0.0,0.8176419138908386,0.02995290979743004,he_151,humaneval,none,1
0.7684751749038696,0.5625,0.9016393442622951,0.3333333333333333,0.6,0.19230769230769232,0.6470588235294118,0.1639344262295082,0.0,1.0,0.5,0.0,0.8176419138908386,0.06788916140794754,he_151,humaneval,over_summarization,0
0.7175850868225098,0.5454545454545454,2.353982300884956,3.5714285714285716,1.0,0.026717557251908396,0.2,0.44247787610619466,0.0,1.0,0.5,0.0,0.7675120830535889,0.07664838433265686,he_152,humaneval,none,1
0.5803093314170837,0.15151515151515152,0.1592920353982301,0.14285714285714285,0.2,0.4,0.0,0.0,0.0,0.0,0.5,0.0,0.04530580714344978,0.0003330382751300931,he_152,humaneval,over_summarization,0
0.6540406942367554,0.5434782608695652,2.7549668874172184,2.9,1.0,0.010126582278481013,0.152,0.3973509933774835,0.0,1.0,0.5,0.0,0.6148123741149902,0.3058338463306427,he_153,humaneval,none,1
0.4042972922325134,0.17391304347826086,0.5562913907284768,0.2,0.4,0.0,0.2692307692307692,0.0,0.0,1.0,0.5,0.0,0.7848869562149048,0.15022088587284088,he_153,humaneval,over_summarization,0
0.8312720060348511,0.26666666666666666,4.681818181818182,7.0,1.0,0.009852216748768473,0.1774193548387097,0.22727272727272727,0.0,1.0,0.5,0.0,0.6688785552978516,0.5183385014533997,he_154,humaneval,none,1
0.49594706296920776,0.13333333333333333,1.1363636363636365,1.0,0.6,0.0425531914893617,0.0,0.22727272727272727,0.0,0.0,0.5,0.0,0.24254031479358673,0.2888750433921814,he_154,humaneval,tool_result_drop,0
0.794765830039978,0.6363636363636364,8.4,7.0,1.0,0.01951219512195122,0.20634920634920634,2.4,0.0,1.0,0.5,0.0,0.22871996462345123,0.18516117334365845,he_155,humaneval,none,1
0.8082316517829895,0.7272727272727273,3.5,3.8,0.8,0.02631578947368421,0.13559322033898305,0.35714285714285715,0.0,1.0,0.5,0.0,0.03918617591261864,0.1818866729736328,he_158,humaneval,none,1
0.6782955527305603,0.22727272727272727,1.0357142857142858,0.8,0.6,0.01818181818181818,0.1111111111111111,0.17857142857142858,0.0,1.0,0.5,0.0,0.056045323610305786,0.010770518332719803,he_158,humaneval,truncation,0
0.6061244010925293,0.22727272727272727,0.6785714285714286,0.4,0.4,0.02857142857142857,0.0,0.17857142857142858,0.0,0.0,0.5,0.0,0.09478442370891571,0.15797646343708038,he_158,humaneval,tool_result_drop,0
0.7867181301116943,0.22727272727272727,0.44642857142857145,0.2,0.4,0.045454545454545456,0.0,0.0,0.0,0.0,0.5,0.0,0.0005604666075669229,0.0016492219874635339,he_158,humaneval,over_summarization,0
0.755156397819519,0.6153846153846154,1.5512820512820513,3.6,0.4,0.00423728813559322,0.4383561643835616,0.12820512820512822,0.0,1.0,0.5,0.0,0.6736590266227722,0.277254581451416,he_159,humaneval,none,1
0.6831903457641602,0.23076923076923078,0.46153846153846156,1.0,0.4,0.0,0.13636363636363635,0.06410256410256411,0.0,1.0,0.5,0.0,0.6736590266227722,0.277254581451416,he_159,humaneval,truncation,0
0.6630725860595703,0.1794871794871795,0.33974358974358976,0.6,0.4,0.0,0.0625,0.06410256410256411,0.0,0.0,0.5,0.0,0.6736590266227722,0.16484791040420532,he_159,humaneval,tool_result_drop,0
0.6121066808700562,0.05128205128205128,0.1346153846153846,0.2,0.4,0.0,0.0,0.0,0.0,1.0,0.5,0.0,0.017092987895011902,0.9189134240150452,he_159,humaneval,over_summarization,0
0.6985557079315186,0.3888888888888889,2.6746031746031744,3.0,1.0,0.009146341463414634,0.13725490196078433,0.39682539682539686,0.0,1.0,0.5,0.0,0.21185940504074097,0.0642431452870369,he_160,humaneval,none,1
0.5833967924118042,0.19444444444444445,0.5238095238095238,0.16666666666666666,0.2,0.047619047619047616,0.55,0.07936507936507936,0.0,1.0,0.5,0.0,0.918253481388092,0.022680826485157013,he_160,humaneval,over_summarization,0
0.7019866108894348,0.5333333333333333,4.7924528301886795,5.0,1.0,0.004048582995951417,0.19480519480519481,0.5660377358490566,0.0,1.0,0.5,0.0,0.894106924533844,0.22721467912197113,he_161,humaneval,none,1
0.5604748129844666,0.26666666666666666,1.4339622641509433,1.2,0.6,0.0136986301369863,0.08695652173913043,0.0,0.0,1.0,0.5,0.0,0.894106924533844,0.22721467912197113,he_161,humaneval,truncation,0
0.374873548746109,0.13333333333333333,0.8490566037735849,0.4,0.4,0.0,0.0,0.18867924528301888,0.0,0.0,0.5,0.0,0.08400019258260727,0.01661793328821659,he_161,humaneval,tool_result_drop,0
0.5949003100395203,0.26666666666666666,0.8301886792452831,0.8,0.2,0.024390243902439025,0.0,0.0,0.0,1.0,0.5,0.0,0.894106924533844,0.5248568654060364,he_161,humaneval,over_summarization,0
0.7238277196884155,0.375,5.739130434782608,8.0,1.0,0.0,0.225,0.8695652173913044,0.0,1.0,0.5,0.0,0.3097851276397705,0.2706354260444641,he_162,humaneval,none,1
0.6641330718994141,0.125,1.6956521739130435,1.0,0.6,0.0,0.16666666666666666,0.4347826086956522,0.0,1.0,0.5,0.0,0.09217336773872375,0.05440710112452507,he_162,humaneval,truncation,0
0.5659841299057007,0.0,1.2608695652173914,0.6666666666666666,0.4,0.0,0.0,0.4347826086956522,0.0,0.0,0.5,0.0,0.10669370740652084,0.02627057395875454,he_162,humaneval,tool_result_drop,0
0.67103111743927,0.0,0.5652173913043478,0.3333333333333333,0.2,0.0,0.0,0.0,0.0,0.0,0.5,0.0,0.03131333738565445,0.32333827018737793,he_162,humaneval,over_summarization,0
0.689328670501709,0.6666666666666666,13.0,18.0,1.0,0.02857142857142857,0.18604651162790697,2.727272727272727,0.0,1.0,0.5,0.0,0.014787748456001282,0.018575066700577736,mbpp_062,mbpp,none,1
0.6696027517318726,0.6666666666666666,12.090909090909092,16.0,1.0,0.03076923076923077,0.2,1.8181818181818181,0.0,1.0,0.5,0.0,0.014787808060646057,0.0185751523822546,mbpp_062,mbpp,entity_omission,0
0.7008974552154541,0.0,20.11111111111111,13.0,0.8,0.0,0.23636363636363636,2.2222222222222223,0.0,1.0,0.5,0.0,0.008919856511056423,0.003198448568582535,mbpp_086,mbpp,none,1
0.5589879751205444,1.0,28.363636363636363,29.0,1.0,0.009771986970684038,0.19148936170212766,5.454545454545454,0.0,1.0,0.5,0.0,0.035900864750146866,0.002828044118359685,mbpp_089,mbpp,none,1
0.4347829520702362,0.0,3.4545454545454546,3.0,0.2,0.0,0.16666666666666666,0.9090909090909091,0.0,1.0,0.5,0.0,0.06651728600263596,0.009504945948719978,mbpp_089,mbpp,over_summarization,0
0.6958476305007935,0.8888888888888888,9.047619047619047,17.0,1.0,0.03208556149732621,0.19298245614035087,1.9047619047619047,0.0,1.0,0.5,0.0,0.004750272259116173,0.05608923360705376,mbpp_094,mbpp,none,1
-0.020174946635961533,0.0,0.23809523809523808,1.0,0.0,0.0,0.0,0.0,0.0,0.0,0.5,0.0,0.004018619190901518,0.0015608937246724963,mbpp_094,mbpp,tool_result_drop,0
0.7536004781723022,0.8,8.588235294117647,15.0,1.0,0.027972027972027972,0.13636363636363635,2.3529411764705883,0.0,1.0,0.5,0.0,0.5774239301681519,0.28446945548057556,mbpp_095,mbpp,none,1
0.6493486762046814,0.8,9.578947368421053,22.0,1.0,0.0111731843575419,0.3090909090909091,2.6315789473684212,0.0,1.0,0.5,0.0,0.011323872022330761,0.022355064749717712,mbpp_098,mbpp,none,1
0.7230058908462524,0.6666666666666666,8.047619047619047,20.0,1.0,0.018072289156626505,0.3137254901960784,2.380952380952381,0.0,1.0,0.5,0.0,0.024125346913933754,0.03437391668558121,mbpp_099,mbpp,none,1
0.6323434710502625,0.6,15.235294117647058,26.0,1.0,0.003952569169960474,0.14102564102564102,1.7647058823529411,0.0,1.0,0.5,0.0,0.09860816597938538,0.06069250404834747,mbpp_100,mbpp,none,1
0.3461909890174866,0.0,1.5294117647058822,1.0,0.0,0.0,0.125,0.0,0.0,1.0,0.5,0.0,0.9254239201545715,0.0011515861842781305,mbpp_100,mbpp,over_summarization,0
0.7257645130157471,0.8,13.666666666666666,15.0,1.0,0.01,0.11290322580645161,4.0,0.0,1.0,0.5,0.0,0.0008381629013456404,0.33090683817863464,mbpp_104,mbpp,none,1
0.7307538986206055,0.8,4.066666666666666,3.0,0.6,0.03571428571428571,0.05263157894736842,0.6666666666666666,0.0,1.0,0.5,0.0,0.0006946248468011618,0.3322932720184326,mbpp_104,mbpp,truncation,0
0.6531956195831299,0.8,2.8,2.0,0.4,0.05128205128205128,0.0,0.6666666666666666,0.0,0.0,0.5,0.0,0.028507893905043602,0.00818685069680214,mbpp_104,mbpp,tool_result_drop,0
0.48648953437805176,0.0,19.76923076923077,31.0,1.0,0.0,0.23076923076923078,5.384615384615384,0.0,1.0,0.5,0.0,0.19182251393795013,0.08288457244634628,mbpp_113,mbpp,none,1
0.42529529333114624,0.0,1.3846153846153846,1.0,0.2,0.0,0.16666666666666666,0.7692307692307692,0.0,0.0,0.5,0.0,0.001595681649632752,0.0003010127111338079,mbpp_113,mbpp,over_summarization,0
0.6738237142562866,0.8,9.764705882352942,16.0,1.0,0.012269938650306749,0.1,2.3529411764705883,0.0,1.0,0.5,0.0,0.9969583749771118,0.31549420952796936,mbpp_118,mbpp,none,1
0.7090863585472107,0.8,14.133333333333333,20.0,1.0,0.014354066985645933,0.296875,2.6666666666666665,0.0047169811320754715,1.0,0.5,0.0,0.03941690921783447,0.025145141407847404,mbpp_126,mbpp,none,1
0.5238233804702759,0.0,2.2666666666666666,2.0,0.0,0.0,0.36363636363636365,0.0,0.029411764705882353,1.0,0.5,0.0,0.015055160969495773,0.003942341078072786,mbpp_126,mbpp,over_summarization,0
0.7418981194496155,0.8,12.105263157894736,24.0,1.0,0.004484304932735426,0.21739130434782608,1.0526315789473684,0.0,1.0,0.5,0.0,0.9980340600013733,0.004399391822516918,mbpp_131,mbpp,none,1
0.525614857673645,0.6666666666666666,13.8,21.0,1.0,0.007518796992481203,0.30952380952380953,4.0,0.0,1.0,0.5,0.0,0.012216879986226559,0.017708703875541687,mbpp_139,mbpp,none,1
0.6075281500816345,0.4,13.8,18.0,1.0,0.0,0.09523809523809523,3.3333333333333335,0.0,1.0,0.5,0.0,0.008346108719706535,0.008129749447107315,mbpp_140,mbpp,none,1
0.5643699169158936,0.6666666666666666,15.666666666666666,8.0,1.0,0.0072992700729927005,0.046511627906976744,6.666666666666666,0.0,1.0,0.5,0.0,0.9830517768859863,0.0007095178589224815,mbpp_141,mbpp,none,1
0.47771066427230835,0.6666666666666666,4.666666666666667,2.0,0.6,0.02564102564102564,0.07692307692307693,1.1111111111111112,0.0,1.0,0.5,0.0,0.00026576180243864655,0.049395762383937836,mbpp_141,mbpp,truncation,0
0.7131689786911011,0.6666666666666666,15.0,24.0,1.0,0.0037593984962406013,0.1111111111111111,2.7777777777777777,0.018518518518518517,1.0,0.5,0.0,0.02325928397476673,0.32971879839897156,mbpp_142,mbpp,none,1
0.2876626253128052,0.0,1.5,1.0,0.0,0.0,0.1111111111111111,0.5555555555555556,0.037037037037037035,1.0,0.5,0.0,0.03634234145283699,0.0007018276955932379,mbpp_142,mbpp,over_summarization,0
0.7486364245414734,1.0,10.058823529411764,18.0,1.0,0.04790419161676647,0.19230769230769232,2.9411764705882355,0.0,1.0,0.5,0.0,0.005896700080484152,0.006215339060872793,mbpp_145,mbpp,none,1
0.5803378224372864,0.25,12.4,16.0,1.0,0.00546448087431694,0.14285714285714285,2.6666666666666665,0.0,1.0,0.5,0.0,0.013178478926420212,0.018458040431141853,mbpp_161,mbpp,none,1
0.5383265614509583,0.625,9.333333333333334,10.0,1.0,0.0,0.27631578947368424,1.4814814814814814,0.007936507936507936,1.0,0.5,0.0,0.9653056263923645,0.0660659447312355,mbpp_162,mbpp,none,1
0.32933157682418823,0.375,2.5185185185185186,2.5,0.4,0.0,0.047619047619047616,0.37037037037037035,0.0,0.0,0.5,0.0,0.9969102740287781,0.033993449062108994,mbpp_162,mbpp,tool_result_drop,0
0.6679234504699707,0.42857142857142855,5.902439024390244,8.666666666666666,0.8,0.0041841004184100415,0.273972602739726,0.7317073170731708,0.0,1.0,0.5,0.0,0.0637277290225029,0.2118014544248581,mbpp_223,mbpp,none,1
0.6330258250236511,0.42857142857142855,4.2439024390243905,7.333333333333333,0.8,0.005847953216374269,0.33962264150943394,0.48780487804878053,0.0,1.0,0.5,0.0,0.0637277290225029,0.15502510964870453,mbpp_223,mbpp,entity_omission,0
0.4117576479911804,0.0,1.024390243902439,0.3333333333333333,0.4,0.0,0.15384615384615385,0.24390243902439027,0.0,1.0,0.5,0.0,0.008298445492982864,0.17679758369922638,mbpp_223,mbpp,over_summarization,0
0.6834925413131714,0.3333333333333333,19.77777777777778,27.0,0.8,0.002890173410404624,0.2616822429906542,2.7777777777777777,0.0028089887640449437,1.0,0.5,0.0,0.003122037975117564,0.007708425167948008,mbpp_228,mbpp,none,1
0.5366519689559937,0.0,2.3333333333333335,3.0,0.0,0.0,0.15384615384615385,0.5555555555555556,0.023809523809523808,0.0,0.5,0.0,0.00620877044275403,0.00667530158534646,mbpp_228,mbpp,over_summarization,0
0.7094854116439819,0.5714285714285714,6.956521739130435,14.0,1.0,0.006369426751592357,0.125,2.608695652173913,0.0,1.0,0.5,0.0,0.00856014620512724,0.33590856194496155,mbpp_230,mbpp,none,1
0.69572913646698,0.6666666666666666,9.75,20.0,1.0,0.004405286343612335,0.08450704225352113,2.5,0.0,1.0,0.5,0.0,0.014032891020178795,0.01631932146847248,mbpp_232,mbpp,none,1
0.6632951498031616,0.5,8.733333333333333,8.0,1.0,0.015625,0.175,2.0,0.0,1.0,0.5,0.0,0.8448228240013123,0.07676045596599579,mbpp_238,mbpp,none,1
0.6342916488647461,0.0,1.4,1.0,0.4,0.0,0.2857142857142857,0.0,0.0,0.0,0.5,0.0,0.014145297929644585,0.03163919970393181,mbpp_238,mbpp,over_summarization,0
0.6496179103851318,0.5714285714285714,5.545454545454546,10.0,1.0,0.017241379310344827,0.02702702702702703,2.2727272727272725,0.0,1.0,0.5,0.0,0.9992817044258118,0.2348618507385254,mbpp_250,mbpp,none,1
0.6897180080413818,0.6666666666666666,20.0,29.0,1.0,0.004672897196261682,0.19696969696969696,4.545454545454545,0.0,1.0,0.5,0.0,0.017784345895051956,0.27362069487571716,mbpp_252,mbpp,none,1
0.7432193756103516,0.5,6.303030303030303,20.0,1.0,0.009852216748768473,0.12698412698412698,1.5151515151515151,0.0,1.0,0.5,0.0,0.0011197571875527501,0.28043118119239807,mbpp_255,mbpp,none,1
0.5034578442573547,0.0,1.0303030303030303,1.0,0.2,0.0,0.0,0.30303030303030304,0.0,0.0,0.5,0.0,0.009083501063287258,0.9530410170555115,mbpp_255,mbpp,over_summarization,0
0.7043406367301941,0.6666666666666666,9.695652173913043,14.0,1.0,0.018518518518518517,0.4626865671641791,2.173913043478261,0.0,1.0,0.5,0.0,0.9985248446464539,0.0173359252512455,mbpp_256,mbpp,none,1
0.6283456683158875,0.4,8.5,15.0,1.0,0.0,0.2391304347826087,1.6666666666666665,0.006535947712418301,1.0,0.5,0.0,0.013934665359556675,0.01670168712735176,mbpp_261,mbpp,none,1
0.7569729089736938,0.7142857142857143,7.458333333333333,12.0,0.8,0.05202312138728324,0.2222222222222222,0.8333333333333334,0.0111731843575419,1.0,0.5,0.0,0.9677661657333374,0.3235161006450653,mbpp_267,mbpp,none,1
0.7469295263290405,0.75,7.214285714285714,18.0,1.0,0.02564102564102564,0.21311475409836064,0.7142857142857143,0.0049504950495049506,1.0,0.5,0.0,0.9978916049003601,0.29768267273902893,mbpp_271,mbpp,none,1
0.7176463603973389,0.8,10.1,17.0,1.0,0.021621621621621623,0.26229508196721313,1.0,0.0,1.0,0.5,0.0,0.007326379418373108,0.5587461590766907,mbpp_274,mbpp,none,1
0.6988742351531982,0.6666666666666666,12.058823529411764,16.0,1.0,0.01485148514851485,0.08064516129032258,2.9411764705882355,0.0,1.0,0.5,0.0,0.9985809326171875,0.004726951010525227,mbpp_281,mbpp,none,1
0.7304866313934326,1.0,9.892857142857142,31.0,1.0,0.051094890510948905,0.13095238095238096,1.7857142857142858,0.0,1.0,0.5,0.0,0.007858597673475742,0.2967837154865265,mbpp_283,mbpp,none,1
0.7026218771934509,0.6,5.571428571428571,7.0,1.0,0.008928571428571428,0.3055555555555556,0.9523809523809523,0.008547008547008548,1.0,0.5,0.0,0.049927935004234314,0.02943483553826809,mbpp_287,mbpp,none,1
0.750527560710907,0.5,9.057142857142857,16.0,0.8,0.006666666666666667,0.21875,1.7142857142857142,0.0,1.0,0.5,0.0,0.8687196373939514,0.011695276945829391,mbpp_291,mbpp,none,1
0.6496084928512573,1.0,9.6875,15.0,1.0,0.02,0.1702127659574468,3.75,0.0,1.0,0.5,0.0,0.01921137422323227,0.10632085800170898,mbpp_292,mbpp,none,1
0.5515064001083374,0.5,17.76923076923077,15.0,1.0,0.008968609865470852,0.2571428571428571,2.3076923076923075,0.0,1.0,0.5,0.0,0.09981611371040344,0.07607419043779373,mbpp_293,mbpp,none,1
0.5166849493980408,0.0,2.0,1.0,0.0,0.0,0.0,0.0,0.0,1.0,0.5,0.0,0.0031211290042847395,0.0011898921802639961,mbpp_293,mbpp,over_summarization,0
0.5977649092674255,0.0,22.1,19.0,1.0,0.0,0.029850746268656716,5.0,0.0,1.0,0.5,0.0,0.06979581713676453,0.005132969934493303,mbpp_297,mbpp,none,1
0.5897344350814819,0.625,6.84,18.0,1.0,0.023809523809523808,0.2692307692307692,0.8,0.0,1.0,0.5,0.0,0.9248499274253845,0.015662534162402153,mbpp_392,mbpp,none,1
0.731530487537384,0.6666666666666666,14.727272727272727,18.0,1.0,0.006329113924050633,0.16326530612244897,6.363636363636363,0.0,1.0,0.5,0.0,0.9908334612846375,0.004291029181331396,mbpp_394,mbpp,none,1
0.6375505328178406,0.2,10.647058823529411,18.0,0.8,0.0,0.09090909090909091,2.3529411764705883,0.0,1.0,0.5,0.0,0.031256526708602905,0.062215179204940796,mbpp_401,mbpp,none,1
0.5702735185623169,0.6666666666666666,9.75,22.0,1.0,0.019736842105263157,0.2127659574468085,2.5,0.0,1.0,0.5,0.0,0.9988440275192261,0.00104924151673913,task_001,hand_easy,none,1
0.5701524019241333,0.5,2.875,2.0,0.8,0.06976744186046512,0.14285714285714285,0.625,0.0,1.0,0.5,0.0,0.3997911214828491,0.035873591899871826,task_001,hand_easy,truncation,0
0.5776025056838989,0.5555555555555556,6.809523809523809,5.0,1.0,0.0,0.2441860465116279,0.9523809523809523,0.006993006993006993,1.0,0.5,0.0,0.13369527459144592,0.1839425265789032,he_062,humaneval,none,1
0.589199960231781,0.3888888888888889,2.0238095238095237,0.75,0.4,0.0,0.038461538461538464,0.23809523809523808,0.0,1.0,0.5,0.0,0.13369527459144592,0.1839425265789032,he_062,humaneval,truncation,0
0.5230029225349426,0.3888888888888889,2.6666666666666665,1.25,0.4,0.0,0.058823529411764705,0.47619047619047616,0.0,0.0,0.5,0.0,0.10867185890674591,0.18758612871170044,he_062,humaneval,tool_result_drop,0
0.7786984443664551,0.3888888888888889,0.9285714285714286,0.25,0.2,0.0,0.0,0.23809523809523808,0.0,0.0,0.5,0.0,0.09706353396177292,0.04388807341456413,he_062,humaneval,over_summarization,0
0.603141188621521,0.6666666666666666,3.4743589743589745,3.5,0.8,0.003875968992248062,0.2073170731707317,0.38461538461538464,0.0,1.0,0.5,0.0,0.9906402826309204,0.006349685601890087,he_084,humaneval,none,1
0.54775470495224,0.7619047619047619,3.1466666666666665,6.333333333333333,1.0,0.013100436681222707,0.18309859154929578,0.4,0.0,1.0,0.5,0.0,0.9480412006378174,0.09997989237308502,he_116,humaneval,none,1
0.5572939515113831,0.3333333333333333,0.9333333333333333,1.3333333333333333,1.0,0.04477611940298507,0.19047619047619047,0.13333333333333333,0.0,1.0,0.5,0.0,0.9480412006378174,0.09997989237308502,he_116,humaneval,truncation,0
0.6376712322235107,0.48,4.103448275862069,5.25,1.0,0.0,0.1527777777777778,0.5172413793103449,0.0,1.0,0.5,0.0,0.9605538249015808,0.08168742060661316,he_122,humaneval,none,1
0.7604016065597534,0.6666666666666666,6.023255813953488,5.0,0.8,0.04296875,0.10256410256410256,0.9302325581395349,0.0,1.0,0.5,0.0,0.02231436036527157,0.24110859632492065,he_139,humaneval,none,1
0.5816232562065125,0.3333333333333333,1.5813953488372092,0.6666666666666666,0.2,0.0,0.0,0.6976744186046512,0.0,0.0,0.5,0.0,0.009066952392458916,0.018644556403160095,he_139,humaneval,tool_result_drop,0
0.5467464923858643,0.4782608695652174,2.962962962962963,6.0,1.0,0.03691275167785235,0.22916666666666666,0.27777777777777773,0.009375,1.0,0.5,0.0,0.2195129543542862,0.021863790228962898,he_142,humaneval,none,1
0.6259040832519531,0.34782608695652173,0.8888888888888888,0.8,0.8,0.021505376344086023,0.27586206896551724,0.09259259259259259,0.0,1.0,0.5,0.0,0.2195129543542862,0.02186378836631775,he_142,humaneval,truncation,0
0.4764847755432129,0.21739130434782608,0.8425925925925926,0.8,0.6,0.022727272727272728,0.03571428571428571,0.18518518518518517,0.0,0.0,0.5,0.0,0.8009499311447144,0.005149913020431995,he_142,humaneval,tool_result_drop,0
0.5707461833953857,0.21739130434782608,0.2962962962962963,0.4,0.2,0.27586206896551724,0.4,0.0,0.03125,1.0,0.5,0.0,0.9977763295173645,0.1524631828069687,he_142,humaneval,over_summarization,0
0.7592298984527588,0.6428571428571429,5.611111111111111,7.5,1.0,0.0,0.29508196721311475,0.2777777777777778,0.0,1.0,0.5,0.0,0.619795024394989,0.21716152131557465,he_156,humaneval,none,1
0.5611574053764343,0.14285714285714285,0.5555555555555556,0.5,0.0,0.0,0.0,0.0,0.0,1.0,0.5,0.0,0.9969503283500671,0.0027900447603315115,he_156,humaneval,over_summarization,0
0.6163774728775024,0.6,10.38888888888889,15.0,1.0,0.0,0.10526315789473684,2.7777777777777777,0.0,1.0,0.5,0.0,0.11217743158340454,0.0072579109109938145,mbpp_012,mbpp,none,1
0.594666600227356,0.4,10.055555555555555,18.0,1.0,0.0,0.12727272727272726,2.7777777777777777,0.0,1.0,0.5,0.0,0.025052756071090698,0.010247853584587574,mbpp_088,mbpp,none,1
0.6296701431274414,0.4,9.833333333333334,17.0,1.0,0.0,0.12962962962962962,2.2222222222222223,0.0,1.0,0.5,0.0,0.9911319613456726,0.0026978645473718643,mbpp_088,mbpp,entity_omission,0
0.813207745552063,0.3333333333333333,13.2,18.0,1.0,0.010416666666666666,0.25,4.0,0.0,1.0,0.5,0.0,0.01877095177769661,0.0281155314296484,mbpp_115,mbpp,none,1
0.7824071049690247,0.3333333333333333,3.933333333333333,3.0,0.8,0.03571428571428571,0.2222222222222222,0.6666666666666666,0.0,1.0,0.5,0.0,0.07000840455293655,0.08955207467079163,mbpp_115,mbpp,truncation,0
0.6802864074707031,0.6,10.647058823529411,21.0,1.0,0.011560693641618497,0.21818181818181817,2.3529411764705883,0.0,1.0,0.5,0.0,0.9966176152229309,0.002681418089196086,mbpp_133,mbpp,none,1
0.6048970222473145,0.6,3.176470588235294,3.0,0.8,0.0392156862745098,0.29411764705882354,0.5882352941176471,0.0,1.0,0.5,0.0,0.6182301640510559,0.0038925213739275932,mbpp_133,mbpp,truncation,0
0.5972422361373901,0.5555555555555556,7.5,26.0,1.0,0.0,0.14285714285714285,2.142857142857143,0.0,1.0,0.5,0.0,0.5980505347251892,0.021590115502476692,mbpp_165,mbpp,none,1
0.09763669222593307,0.0,0.17857142857142858,1.0,0.0,0.0,0.0,0.0,0.0,0.0,0.5,0.0,0.9924417734146118,3.286349237896502e-05,mbpp_165,mbpp,tool_result_drop,0
0.7233515977859497,0.7142857142857143,14.6,19.0,1.0,0.02867383512544803,0.22727272727272727,1.0,0.0,1.0,0.5,0.0,0.03401162102818489,0.1255071461200714,mbpp_166,mbpp,none,1
0.6700071096420288,1.0,13.529411764705882,15.0,1.0,0.03636363636363636,0.21739130434782608,2.9411764705882355,0.0,1.0,0.5,0.0,0.05474713072180748,0.014701425097882748,mbpp_167,mbpp,none,1
0.6848626732826233,0.8,6.764705882352941,7.0,1.0,0.008928571428571428,0.11428571428571428,1.1764705882352942,0.0,1.0,0.5,0.0,0.9913145899772644,0.028407933190464973,mbpp_226,mbpp,none,1
0.5864953994750977,0.75,15.222222222222221,14.0,1.0,0.0,0.11904761904761904,4.444444444444445,0.0,1.0,0.5,0.0,0.9360520243644714,0.008408415131270885,mbpp_227,mbpp,none,1
0.736814558506012,0.75,8.4375,13.0,1.0,0.03937007874015748,0.2926829268292683,2.5,0.0,1.0,0.5,0.0,0.009031044319272041,0.003538476536050439,mbpp_266,mbpp,none,1
0.7227052450180054,0.75,8.0,12.0,1.0,0.041666666666666664,0.3076923076923077,2.5,0.0,1.0,0.5,0.0,0.057227518409490585,0.04253104701638222,mbpp_266,mbpp,entity_omission,0
0.5634938478469849,0.0,19.77777777777778,7.0,1.0,0.0,0.12962962962962962,3.333333333333333,0.0,1.0,0.5,0.0,0.041255172342061996,0.012816225178539753,mbpp_268,mbpp,none,1
0.6800932884216309,0.5,9.894736842105264,22.0,1.0,0.016483516483516484,0.3157894736842105,2.6315789473684212,0.0,1.0,0.5,0.0,0.05008603259921074,0.08469939231872559,mbpp_285,mbpp,none,1
0.6964007616043091,0.75,13.7,14.0,1.0,0.007462686567164179,0.11904761904761904,3.0,0.0,1.0,0.5,0.0,0.4255698323249817,0.05230821296572685,mbpp_397,mbpp,none,1
0.6710096001625061,0.75,10.6,13.0,1.0,0.009708737864077669,0.15625,2.0,0.0,1.0,0.5,0.0,0.4255698323249817,0.05230821296572685,mbpp_397,mbpp,entity_omission,0
0.7450201511383057,0.6666666666666666,8.0,12.0,1.0,0.02586206896551724,0.25,2.0,0.0,1.0,0.5,0.0,0.006292627193033695,0.006533758714795113,mbpp_406,mbpp,none,1
0.6508115530014038,0.4,12.705882352941176,19.0,1.0,0.0,0.18461538461538463,1.7647058823529411,0.0,1.0,0.5,0.0,0.0069835977628827095,0.013542802073061466,mbpp_409,mbpp,none,1
0.592635989189148,0.4,2.411764705882353,2.0,0.4,0.0,0.0,0.5882352941176471,0.0,0.0,0.5,0.0,0.029067691415548325,0.02130226232111454,mbpp_409,mbpp,tool_result_drop,0
0.27212631702423096,0.0,2.411764705882353,1.0,0.6,0.0,0.15384615384615385,0.5882352941176471,0.0,1.0,0.5,0.0,0.02143744006752968,0.02072839066386223,mbpp_409,mbpp,over_summarization,0
0.7110005617141724,0.8,11.2,14.0,1.0,0.0,0.19607843137254902,2.0,0.0,1.0,0.5,0.0,0.006298423744738102,0.28151312470436096,mbpp_422,mbpp,none,1
0.6350635886192322,0.3333333333333333,18.416666666666668,27.0,1.0,0.0,0.19402985074626866,6.666666666666667,0.0,1.0,0.5,0.0,0.06342419981956482,0.05628202483057976,mbpp_428,mbpp,none,1
0.7046967148780823,0.6666666666666666,11.5,11.0,1.0,0.007518796992481203,0.09523809523809523,3.3333333333333335,0.0,1.0,0.5,0.0,0.00408213259652257,0.3353751003742218,mbpp_436,mbpp,none,1
0.5941202044487,0.5,15.0,30.0,1.0,0.00966183574879227,0.20634920634920634,3.5714285714285716,0.0,1.0,0.5,0.0,0.016116274520754814,0.020859695971012115,mbpp_439,mbpp,none,1
0.6462323665618896,0.5,8.2,8.0,0.8,0.01680672268907563,0.16216216216216217,2.0,0.0,1.0,0.5,0.0,0.004590968135744333,0.0004879072366748005,mbpp_441,mbpp,none,1
0.610325276851654,0.0,13.636363636363637,17.0,1.0,0.0,0.1111111111111111,4.545454545454545,0.0,1.0,0.5,0.0,0.012354981154203415,0.024907303974032402,mbpp_451,mbpp,none,1
0.6671167016029358,0.75,13.142857142857142,18.0,1.0,0.0056179775280898875,0.10714285714285714,2.142857142857143,0.005434782608695652,1.0,0.5,0.0,0.9752694964408875,0.0023713090922683477,mbpp_453,mbpp,none,1
0.3912006616592407,0.25,1.7142857142857142,1.0,0.0,0.0,0.125,0.0,0.0,1.0,0.5,0.0,0.0014995604287832975,0.0011502437992021441,mbpp_453,mbpp,over_summarization,0
0.5987100601196289,0.5,15.555555555555555,13.0,1.0,0.0,0.09523809523809523,4.444444444444445,0.0,1.0,0.5,0.0,0.9768931865692139,0.0033027995377779007,mbpp_454,mbpp,none,1
0.031248223036527634,0.0,0.5555555555555556,1.0,0.0,0.0,0.0,0.0,0.0,0.0,0.5,0.0,0.9950734972953796,5.333512672223151e-05,mbpp_454,mbpp,tool_result_drop,0
0.7657167911529541,0.25,2.5555555555555554,1.0,0.0,0.0,0.0,0.0,0.0,0.0,0.5,0.0,0.002049544360488653,0.0006274504121392965,mbpp_454,mbpp,over_summarization,0
0.7368500828742981,1.0,15.636363636363637,15.0,1.0,0.005917159763313609,0.15384615384615385,3.6363636363636362,0.0,1.0,0.5,0.0,0.0038463769014924765,0.02741149812936783,mbpp_457,mbpp,none,1
0.5692762136459351,0.6666666666666666,11.8,14.0,1.0,0.018018018018018018,0.25,4.0,0.0,1.0,0.5,0.0,0.18187826871871948,0.06678718328475952,mbpp_458,mbpp,none,1
0.6585432291030884,0.3333333333333333,19.545454545454547,21.0,1.0,0.0,0.09230769230769231,5.454545454545454,0.0,1.0,0.5,0.0,0.038322754204273224,0.0019697374664247036,mbpp_459,mbpp,none,1
0.6283004879951477,1.0,16.166666666666668,15.0,1.0,0.005235602094240838,0.3389830508474576,5.0,0.0,1.0,0.5,0.0,0.010638165287673473,0.01681400276720524,mbpp_460,mbpp,none,1
0.3740178942680359,0.0,1.75,1.0,0.4,0.0,0.7142857142857143,0.8333333333333334,0.0,1.0,0.5,0.0,0.015501829795539379,0.021015234291553497,mbpp_460,mbpp,over_summarization,0
0.5620805621147156,0.0,22.23076923076923,27.0,1.0,0.0,0.20689655172413793,3.0769230769230766,0.0,1.0,0.5,0.0,0.004903811030089855,0.004653537180274725,mbpp_463,mbpp,none,1
0.7421115636825562,0.6666666666666666,18.4,27.0,1.0,0.003676470588235294,0.1686746987951807,3.3333333333333335,0.0,1.0,0.5,0.0,0.8729077577590942,0.007158881518989801,mbpp_472,mbpp,none,1
0.43468523025512695,0.0,1.2666666666666666,1.0,0.0,0.0,0.0,0.0,0.0,0.0,0.5,0.0,0.9275855422019958,0.0047781215980648994,mbpp_472,mbpp,over_summarization,0
0.8045717477798462,0.6,9.6875,10.0,1.0,0.013793103448275862,0.19148936170212766,2.5,0.0,1.0,0.5,0.0,0.06968741863965988,0.16661903262138367,mbpp_554,mbpp,none,1
0.10461882501840591,0.0,0.8125,1.0,0.0,0.0,0.0,0.0,0.0,0.0,0.5,0.0,0.0007820192258805037,0.001307141501456499,mbpp_554,mbpp,tool_result_drop,0
0.6586376428604126,0.0,14.538461538461538,19.0,1.0,0.0,0.22807017543859648,4.615384615384615,0.0,1.0,0.5,0.0,0.9835033416748047,0.0029381222557276487,mbpp_567,mbpp,none,1
0.6685025691986084,0.3333333333333333,12.636363636363637,12.0,1.0,0.0,0.16666666666666666,4.545454545454545,0.0,1.0,0.5,0.0,0.003076311433687806,0.0013598958030343056,mbpp_568,mbpp,none,1
0.6577132940292358,0.8,10.533333333333333,14.0,1.0,0.012903225806451613,0.0625,2.0,0.0,1.0,0.5,0.0,0.008802253752946854,0.006253177300095558,mbpp_569,mbpp,none,1
0.6880338191986084,0.6666666666666666,10.8,17.0,1.0,0.006369426751592357,0.24489795918367346,3.3333333333333335,0.0,1.0,0.5,0.0,0.09585648775100708,0.0018011275678873062,mbpp_576,mbpp,none,1
0.6116883754730225,0.0,24.875,11.0,1.0,0.0,0.1,5.0,0.0,1.0,0.5,0.0,0.1665734201669693,0.32320475578308105,mbpp_583,mbpp,none,1
0.49622225761413574,0.6666666666666666,10.75,14.0,1.0,0.004901960784313725,0.16923076923076924,2.0,0.0,1.0,0.5,0.0,0.034249238669872284,0.3163823187351227,mbpp_586,mbpp,none,1
0.6579850316047668,1.0,11.714285714285714,16.0,1.0,0.01875,0.24,3.5714285714285716,0.0,1.0,0.5,0.0,0.01586703583598137,0.2812485992908478,mbpp_591,mbpp,none,1
0.7158524394035339,0.6666666666666666,18.90909090909091,28.0,1.0,0.0,0.09523809523809523,3.6363636363636362,0.0,1.0,0.5,0.0,0.49293285608291626,0.001050423365086317,mbpp_593,mbpp,none,1
0.7226413488388062,0.75,17.0,30.0,1.0,0.0,0.16417910447761194,3.846153846153846,0.004524886877828055,1.0,0.5,0.0,0.03421061486005783,0.27935686707496643,mbpp_596,mbpp,none,1
0.7667030692100525,0.75,5.076923076923077,5.0,0.8,0.0,0.2,1.5384615384615383,0.0,1.0,0.5,0.0,0.03421061486005783,0.27935710549354553,mbpp_596,mbpp,truncation,0
0.6482117176055908,0.25,3.3846153846153846,3.0,0.4,0.0,0.0,1.5384615384615383,0.0,0.0,0.5,0.0,0.41972464323043823,0.030797461047768593,mbpp_596,mbpp,tool_result_drop,0
0.5880218744277954,1.0,14.285714285714286,16.0,1.0,0.030456852791878174,0.06666666666666667,1.4285714285714286,0.0,1.0,0.5,0.0,0.008465723134577274,0.007467603776603937,mbpp_602,mbpp,none,1
0.670703649520874,0.75,18.846153846153847,24.0,1.0,0.004149377593360996,0.12162162162162163,6.153846153846153,0.0,1.0,0.5,0.0,0.00821411982178688,0.17807096242904663,mbpp_604,mbpp,none,1
0.5631750822067261,0.3333333333333333,12.0,19.0,1.0,0.02027027027027027,0.3191489361702128,3.0769230769230766,0.0,1.0,0.5,0.0,0.017209330573678017,0.005381133407354355,mbpp_605,mbpp,none,1
0.6898173093795776,0.6666666666666666,16.75,16.0,1.0,0.0,0.1951219512195122,6.25,0.0,1.0,0.5,0.0,0.007666701916605234,0.0024459499400109053,mbpp_606,mbpp,none,1
0.666678786277771,0.6666666666666666,5.0,3.0,0.4,0.0,0.0,0.0,0.0,0.0,0.5,0.0,0.007374983746558428,0.007044004276394844,mbpp_606,mbpp,truncation,0
0.6428452134132385,0.5,12.45,21.0,1.0,0.0040650406504065045,0.12,3.0,0.0,1.0,0.5,0.0,0.017225006595253944,0.03666788712143898,mbpp_611,mbpp,none,1
0.6506922245025635,0.6666666666666666,21.333333333333332,15.0,1.0,0.0,0.20689655172413793,3.333333333333333,0.0,1.0,0.5,0.0,0.9214398860931396,0.0016077331965789199,mbpp_618,mbpp,none,1
0.7024497985839844,0.6666666666666666,17.333333333333332,11.0,1.0,0.0,0.19148936170212766,3.333333333333333,0.0,1.0,0.5,0.0,0.006675113458186388,0.005248481407761574,mbpp_618,mbpp,entity_omission,0
0.059900157153606415,0.0,0.5555555555555556,1.0,0.0,0.0,0.0,0.0,0.0,0.0,0.5,0.0,0.9922232031822205,6.120434409240261e-05,mbpp_618,mbpp,tool_result_drop,0
0.6703613996505737,0.25,13.0,20.0,1.0,0.010810810810810811,0.1016949152542373,3.3333333333333335,0.0,1.0,0.5,0.0,0.5795649290084839,0.344415545463562,mbpp_619,mbpp,none,1
0.7049029469490051,1.0,10.909090909090908,8.0,1.0,0.02564102564102564,0.05555555555555555,4.545454545454545,0.0,1.0,0.5,0.0,0.6812145113945007,0.3306255638599396,mbpp_624,mbpp,none,1
0.657773494720459,0.75,12.533333333333333,22.0,1.0,0.01092896174863388,0.3157894736842105,3.3333333333333335,0.0,1.0,0.5,0.0,0.008776539005339146,0.18016697466373444,mbpp_625,mbpp,none,1
0.7257930636405945,0.75,13.470588235294118,17.0,1.0,0.0365296803652968,0.13043478260869565,1.1764705882352942,0.0,1.0,0.5,0.0,0.0032264147885143757,0.004565552342683077,mbpp_627,mbpp,none,1
0.5209832787513733,0.6,11.384615384615385,21.0,1.0,0.006896551724137931,0.13333333333333333,4.615384615384615,0.0,1.0,0.5,0.0,0.15461960434913635,0.3890784680843353,mbpp_628,mbpp,none,1
0.751769483089447,1.0,13.461538461538462,19.0,1.0,0.0058823529411764705,0.1509433962264151,3.0769230769230766,0.0,1.0,0.5,0.0,0.006972671952098608,0.010342724621295929,mbpp_629,mbpp,none,1
0.6703834533691406,0.75,19.066666666666666,32.0,1.0,0.007067137809187279,0.22093023255813954,2.6666666666666665,0.0,1.0,0.5,0.0,0.003573387861251831,0.32829713821411133,mbpp_637,mbpp,none,1
0.662747859954834,0.75,13.266666666666667,27.0,1.0,0.01020408163265306,0.25,0.6666666666666666,0.0,1.0,0.5,0.0,0.003573387861251831,0.32829713821411133,mbpp_637,mbpp,entity_omission,0
0.6804250478744507,0.5,1.9333333333333333,1.0,0.6,0.07692307692307693,0.0,0.0,0.0,0.0,0.5,0.0,0.00053532695164904,0.9753167629241943,mbpp_637,mbpp,over_summarization,0
0.6848876476287842,0.7142857142857143,9.26923076923077,27.0,1.0,0.01293103448275862,0.2328767123287671,1.1538461538461537,0.0,1.0,0.5,0.0,0.99818354845047,0.002029994735494256,mbpp_639,mbpp,none,1
0.6642742156982422,0.6,10.0,6.0,1.0,0.0,0.0625,1.25,0.0,1.0,0.5,0.0,0.7102465629577637,0.005465630441904068,mbpp_720,mbpp,none,1
0.6129536032676697,0.75,8.125,9.0,1.0,0.005208333333333333,0.15254237288135594,2.5,0.0,1.0,0.5,0.0,0.19001959264278412,0.034261614084243774,mbpp_723,mbpp,none,1
0.6914730072021484,0.5555555555555556,7.03125,9.0,1.0,0.0045045045045045045,0.23529411764705882,1.25,0.0044444444444444444,1.0,0.5,0.0,0.10505268722772598,0.046957582235336304,mbpp_726,mbpp,none,1
0.6042762994766235,0.8333333333333334,12.533333333333333,27.0,1.0,0.0,0.08771929824561403,4.666666666666667,0.0,1.0,0.5,0.0,0.04743986949324608,0.15889406204223633,mbpp_732,mbpp,none,1
0.6899858117103577,0.5,7.533333333333333,20.0,1.0,0.0,0.11764705882352941,2.6666666666666665,0.0,1.0,0.5,0.0,0.08088383823633194,0.28796133399009705,mbpp_732,mbpp,entity_omission,0
0.8434609770774841,0.4838709677419355,3.262135922330097,5.0,1.0,0.018072289156626505,0.16831683168316833,0.48543689320388345,0.0,0.7692307692307693,0.5,0.0,0.34121787548065186,0.14178681373596191,task_071,hand_hard,none,1
0.8239186406135559,0.0967741935483871,0.970873786407767,1.1666666666666667,0.8,0.0,0.13333333333333333,0.1941747572815534,0.0,1.0,0.5,0.0,0.34121787548065186,0.14178681373596191,task_071,hand_hard,truncation,0
0.6023923754692078,0.03225806451612903,0.6893203883495146,0.6666666666666666,0.6,0.0,0.0,0.2912621359223301,0.0,0.0,0.5,0.0,0.9398030638694763,0.05661150440573692,task_071,hand_hard,tool_result_drop,0
0.6734441518783569,0.12903225806451613,0.3786407766990291,0.16666666666666666,0.4,0.0,0.25,0.0970873786407767,0.0,0.5,0.5,0.0,0.42371612787246704,0.049008965492248535,task_071,hand_hard,over_summarization,0
0.707882285118103,0.4666666666666667,4.396551724137931,7.333333333333333,1.0,0.024193548387096774,0.12987012987012986,1.0344827586206897,0.0,1.0,0.5,0.0,0.9915736317634583,0.08578886836767197,he_132,humaneval,none,1
0.777729868888855,0.26666666666666666,3.0689655172413794,5.333333333333333,0.8,0.005714285714285714,0.07407407407407407,0.6896551724137931,0.0,1.0,0.5,0.0,0.999186098575592,0.19137313961982727,he_132,humaneval,entity_omission,0
0.8823451995849609,0.4,0.6896551724137931,1.3333333333333333,0.4,0.16216216216216217,0.25,0.1724137931034483,0.0,1.0,0.5,0.0,0.13897907733917236,0.12816515564918518,he_132,humaneval,over_summarization,0
0.6286176443099976,0.3333333333333333,11.666666666666666,11.0,1.0,0.0072992700729927005,0.21428571428571427,3.3333333333333335,0.0,1.0,0.5,0.0,0.03814366087317467,0.31718239188194275,mbpp_105,mbpp,none,1
0.5922789573669434,0.3333333333333333,2.5833333333333335,2.0,0.4,0.03571428571428571,0.0,0.8333333333333334,0.0,0.0,0.5,0.0,0.010491540655493736,0.4828125536441803,mbpp_105,mbpp,tool_result_drop,0
0.6354995965957642,0.0,20.25,21.0,1.0,0.0,0.1643835616438356,5.0,0.0,1.0,0.5,0.0,0.5229244828224182,0.3069266974925995,mbpp_111,mbpp,none,1
0.6965959668159485,0.5,20.666666666666668,18.0,1.0,0.00546448087431694,0.23214285714285715,4.444444444444445,0.0,1.0,0.5,0.0,0.009969159960746765,0.2558813989162445,mbpp_135,mbpp,none,1
0.6413732171058655,0.8333333333333334,7.588235294117647,15.0,1.0,0.04,0.28205128205128205,1.7647058823529411,0.0,1.0,0.5,0.0,0.9963973164558411,0.007645016070455313,mbpp_171,mbpp,none,1
0.6500738263130188,0.6666666666666666,10.933333333333334,17.0,1.0,0.03125,0.24,2.6666666666666665,0.0,1.0,0.5,0.0,0.003657376626506448,0.006656957790255547,mbpp_244,mbpp,none,1
0.5501139163970947,0.3333333333333333,3.2666666666666666,2.0,0.4,0.043478260869565216,0.06666666666666667,0.6666666666666666,0.0,1.0,0.5,0.0,0.0014829777646809816,0.006569528486579657,mbpp_244,mbpp,truncation,0
0.6221088171005249,0.7777777777777778,7.285714285714286,13.0,1.0,0.0,0.17391304347826086,1.4285714285714286,0.0,1.0,0.5,0.0,0.09408511221408844,0.010044892318546772,mbpp_257,mbpp,none,1
0.7765756249427795,0.375,12.904761904761905,15.0,1.0,0.007662835249042145,0.036585365853658534,1.9047619047619047,0.0,1.0,0.5,0.0,0.0011535113444551826,0.01504245400428772,mbpp_308,mbpp,none,1
0.719249963760376,1.0,16.75,20.0,1.0,0.015151515151515152,0.06557377049180328,7.5,0.0,1.0,0.5,0.0,0.1442321091890335,0.040045369416475296,mbpp_412,mbpp,none,1
0.6558455228805542,0.5,9.411764705882353,17.0,1.0,0.025806451612903226,0.22916666666666666,1.7647058823529411,0.0,1.0,0.5,0.0,0.9819720387458801,0.24601538479328156,mbpp_424,mbpp,none,1
0.6663122177124023,0.6666666666666666,15.357142857142858,26.0,1.0,0.004784688995215311,0.24615384615384617,2.857142857142857,0.0,1.0,0.5,0.0,0.08132369816303253,0.045328158885240555,mbpp_471,mbpp,none,1
0.7750661373138428,1.0,19.666666666666668,30.0,1.0,0.00684931506849315,0.2247191011235955,2.6666666666666665,0.0,1.0,0.5,0.0,0.014676433987915516,0.011525032110512257,mbpp_558,mbpp,none,1
0.5954676866531372,0.75,8.714285714285714,13.0,1.0,0.03361344537815126,0.21621621621621623,2.142857142857143,0.0,1.0,0.5,0.0,0.5690129399299622,0.3243785798549652,mbpp_566,mbpp,none,1
0.7130006551742554,1.0,9.625,15.0,1.0,0.026490066225165563,0.19148936170212766,2.5,0.0,1.0,0.5,0.0,0.012931566685438156,0.002648058347404003,mbpp_573,mbpp,none,1
0.6339129209518433,0.25,17.923076923076923,25.0,1.0,0.0,0.15714285714285714,4.615384615384615,0.0,1.0,0.5,0.0,0.03218349441885948,0.019319187849760056,mbpp_579,mbpp,none,1
0.61091148853302,0.25,14.846153846153847,22.0,1.0,0.0,0.1206896551724138,3.846153846153846,0.0,1.0,0.5,0.0,0.5150406360626221,0.023727135732769966,mbpp_579,mbpp,entity_omission,0
0.4849984347820282,0.25,4.153846153846154,3.0,0.6,0.0,0.0,1.5384615384615383,0.0,0.0,0.5,0.0,0.09687049686908722,0.016760341823101044,mbpp_579,mbpp,tool_result_drop,0
0.6552684307098389,0.6666666666666666,11.363636363636363,22.0,1.0,0.012244897959183673,0.22666666666666666,1.3636363636363635,0.008,1.0,0.5,0.0,0.9948199391365051,0.005655007436871529,mbpp_620,mbpp,none,1
0.6274459958076477,0.75,13.133333333333333,21.0,1.0,0.015544041450777202,0.15,2.6666666666666665,0.0,1.0,0.5,0.0,0.9802472591400146,0.0037534257862716913,mbpp_725,mbpp,none,1
0.6596024632453918,0.8333333333333334,13.947368421052632,19.0,1.0,0.028455284552845527,0.175,3.1578947368421053,0.0037735849056603774,1.0,0.5,0.0,0.00674991263076663,0.0069144354201853275,mbpp_733,mbpp,none,1
0.7262654304504395,0.5,12.722222222222221,26.0,1.0,0.0,0.15942028985507245,2.7777777777777777,0.0,1.0,0.5,0.0,0.0007019810727797449,0.33266088366508484,mbpp_737,mbpp,none,1
0.7008576989173889,0.3333333333333333,27.636363636363637,5.6,1.0,0.010344827586206896,0.34782608695652173,3.6363636363636362,0.0,1.0,0.5,0.0,0.9982140064239502,0.00656105624511838,mbpp_738,mbpp,none,1
0.7340783476829529,0.3333333333333333,8.272727272727273,1.2,0.6,0.03409090909090909,0.35714285714285715,0.0,0.0,1.0,0.5,0.0,0.9982140064239502,0.00656105624511838,mbpp_738,mbpp,truncation,0
0.6931672692298889,0.25,13.4375,4.25,1.0,0.0,0.18461538461538463,3.75,0.0,1.0,0.5,0.0,0.01808629184961319,0.36581161618232727,mbpp_740,mbpp,none,1
0.6577442288398743,0.3333333333333333,17.9,11.0,1.0,0.0,0.18518518518518517,4.0,0.0,1.0,0.5,0.0,0.9939998388290405,0.01685466431081295,mbpp_742,mbpp,none,1
0.7282524108886719,0.5,15.5,6.0,1.0,0.0036496350364963502,0.20238095238095238,3.333333333333333,0.0,1.0,0.5,0.0,0.004301963374018669,0.05877779796719551,mbpp_743,mbpp,none,1
0.7262548208236694,0.0,13.666666666666666,22.0,1.0,0.0,0.1774193548387097,5.333333333333333,0.0,1.0,0.5,0.0,0.010026386007666588,0.01716197282075882,mbpp_744,mbpp,none,1
0.7411611676216125,0.75,6.633333333333334,7.333333333333333,1.0,0.010309278350515464,0.25,2.0,0.0,1.0,0.5,0.0,0.021174388006329536,0.018923461437225342,mbpp_746,mbpp,none,1
0.6507022380828857,0.5,1.9666666666666666,1.3333333333333333,0.6,0.018518518518518517,0.05555555555555555,0.6666666666666666,0.0,0.0,0.5,0.0,0.021174397319555283,0.018923405557870865,mbpp_746,mbpp,truncation,0
0.6395466327667236,0.25,1.2333333333333334,0.6666666666666666,0.4,0.0,0.0,0.6666666666666666,0.0,0.0,0.5,0.0,0.182769313454628,0.022246509790420532,mbpp_746,mbpp,tool_result_drop,0
0.7044491767883301,0.6,11.8125,32.0,1.0,0.0,0.17543859649122806,3.125,0.0,1.0,0.5,0.0,0.9162095785140991,0.01609749160706997,mbpp_748,mbpp,none,1
0.678756594657898,0.8571428571428571,7.4,2.25,1.0,0.06593406593406594,0.03571428571428571,1.2,0.0,1.0,0.5,0.0,0.04577197507023811,0.03983644023537636,mbpp_752,mbpp,none,1
0.7109400033950806,0.75,5.948717948717949,7.666666666666667,1.0,0.008771929824561403,0.22857142857142856,1.0256410256410258,0.0,1.0,0.5,0.0,0.010357899591326714,0.128137469291687,mbpp_754,mbpp,none,1
0.4475238621234894,0.08333333333333333,0.5897435897435898,0.3333333333333333,0.0,0.0,0.0,0.25641025641025644,0.0,0.0,0.5,0.0,0.002249237382784486,0.0008128960034810007,mbpp_754,mbpp,over_summarization,0
0.7404932975769043,0.5833333333333334,8.871794871794872,15.5,1.0,0.01466275659824047,0.15384615384615385,1.794871794871795,0.0,1.0,0.5,0.0,0.9976282715797424,0.16529782116413116,mbpp_758,mbpp,none,1
0.44882869720458984,0.08333333333333333,0.8205128205128205,0.5,0.2,0.0,0.0,0.25641025641025644,0.0,0.0,0.5,0.0,0.07666801661252975,0.005305633880198002,mbpp_758,mbpp,over_summarization,0
0.6629037857055664,0.6,20.333333333333332,71.0,1.0,0.01977401129943503,0.4,3.888888888888889,0.0,1.0,0.5,0.0,0.22274434566497803,0.04430336877703667,mbpp_759,mbpp,none,1
0.8071101903915405,0.75,12.555555555555555,19.0,1.0,0.013513513513513514,0.07352941176470588,2.7777777777777777,0.0,1.0,0.5,0.0,0.9914541244506836,0.0033023736905306578,mbpp_760,mbpp,none,1
0.7332274913787842,1.0,8.958333333333334,8.5,1.0,0.004761904761904762,0.27692307692307694,2.0833333333333335,0.004651162790697674,1.0,0.5,0.0,0.9875875115394592,0.0017595780082046986,mbpp_762,mbpp,none,1
0.5709617733955383,0.375,1.6666666666666667,1.5,0.4,0.0,0.25,0.4166666666666667,0.0,1.0,0.5,0.0,0.9770481586456299,0.1277996003627777,mbpp_762,mbpp,over_summarization,0
0.6750247478485107,0.75,13.538461538461538,25.0,1.0,0.005780346820809248,0.11320754716981132,2.3076923076923075,0.0,1.0,0.5,0.0,0.3079889714717865,0.31054064631462097,mbpp_764,mbpp,none,1
0.7381508946418762,0.5555555555555556,8.75,9.0,1.0,0.004166666666666667,0.04054054054054054,0.7142857142857143,0.0,1.0,0.5,0.0,0.99506676197052,0.007831907831132412,mbpp_767,mbpp,none,1
0.6857973337173462,0.5,15.357142857142858,29.0,1.0,0.0,0.18461538461538463,4.285714285714286,0.0,1.0,0.5,0.0,0.018021248281002045,0.0999600887298584,mbpp_778,mbpp,none,1
0.6448179483413696,0.45454545454545453,6.973684210526316,14.5,1.0,0.0,0.1,2.1052631578947367,0.0,1.0,0.5,0.0,0.9978455305099487,0.03795153275132179,mbpp_779,mbpp,none,1
0.6493455767631531,0.5,14.0,31.0,1.0,0.0,0.3333333333333333,1.7647058823529411,0.0,1.0,0.5,0.0,0.9619921445846558,0.008748491294682026,mbpp_784,mbpp,none,1
0.6507646441459656,0.5,13.235294117647058,28.0,1.0,0.0,0.3235294117647059,1.1764705882352942,0.0,1.0,0.5,0.0,0.9619917869567871,0.008748493157327175,mbpp_784,mbpp,entity_omission,0
0.6841048002243042,0.0,23.5,34.0,1.0,0.0,0.18309859154929578,3.0,0.0,1.0,0.5,0.0,0.008491219021379948,0.27353790402412415,mbpp_785,mbpp,none,1
0.7327991127967834,0.0,7.0,7.0,0.4,0.0,0.19047619047619047,1.0,0.0,1.0,0.5,0.0,0.008491219021379948,0.27353790402412415,mbpp_785,mbpp,truncation,0
0.6666777729988098,0.5,14.0,19.0,1.0,0.0136986301369863,0.23529411764705882,2.5,0.0,1.0,0.5,0.0,0.0053828200325369835,0.008119734935462475,mbpp_793,mbpp,none,1
0.5902438759803772,0.3333333333333333,14.176470588235293,31.0,1.0,0.0,0.1643835616438356,4.11764705882353,0.0,1.0,0.5,0.0,0.24815456569194794,0.149463951587677,mbpp_794,mbpp,none,1
0.5114585161209106,0.75,15.0,24.0,1.0,0.010526315789473684,0.2033898305084746,4.615384615384615,0.0,1.0,0.5,0.0,0.380962073802948,0.3676132261753082,mbpp_796,mbpp,none,1
0.25175970792770386,0.0,2.6153846153846154,1.0,0.4,0.0,0.18181818181818182,0.7692307692307692,0.0,1.0,0.5,0.0,0.1997137814760208,0.008989588357508183,mbpp_796,mbpp,over_summarization,0
0.6479015350341797,1.0,12.818181818181818,13.0,1.0,0.007246376811594203,0.023255813953488372,5.454545454545454,0.0,1.0,0.5,0.0,0.9567131400108337,0.01037595421075821,mbpp_798,mbpp,none,1
0.6521048545837402,0.3333333333333333,28.0,38.0,1.0,0.0,0.03571428571428571,8.0,0.0,1.0,0.5,0.0,0.005286425352096558,0.00632197642698884,mbpp_800,mbpp,none,1
0.5831297636032104,0.5,11.625,4.5,1.0,0.00546448087431694,0.125,2.5,0.0,1.0,0.5,0.0,0.39899367094039917,0.015247116796672344,mbpp_803,mbpp,none,1
0.6334817409515381,0.75,11.117647058823529,12.0,1.0,0.005434782608695652,0.17543859649122806,2.3529411764705883,0.0,1.0,0.5,0.0,0.009248263202607632,0.15646260976791382,mbpp_804,mbpp,none,1
0.6529266834259033,0.7142857142857143,9.578947368421053,17.0,1.0,0.00558659217877095,0.16363636363636364,1.5789473684210527,0.0,1.0,0.5,0.0,0.9897514581680298,0.0020623537711799145,mbpp_805,mbpp,none,1
0.25903594493865967,0.0,1.631578947368421,3.0,0.4,0.0,0.5,0.5263157894736842,0.0,1.0,0.5,0.0,0.9897514581680298,0.0015484445029869676,mbpp_805,mbpp,over_summarization,0
0.6913142204284668,1.0,29.28813559322034,34.666666666666664,1.0,0.02699309478970496,0.41040462427745666,1.5254237288135593,0.0023148148148148147,1.0,0.5,0.0,0.04940962418913841,0.17397721111774445,he_145,humaneval,none,1
0.6913142204284668,0.5714285714285714,8.779661016949152,8.333333333333334,1.0,0.014056224899598393,0.46794871794871795,0.5084745762711864,0.0,1.0,0.5,0.0,0.04940962418913841,0.17397724092006683,he_145,humaneval,truncation,0
0.45995134115219116,0.2857142857142857,1.0169491525423728,0.3333333333333333,0.4,0.0,0.1111111111111111,0.0,0.0,1.0,0.5,0.0,0.23960617184638977,0.4271678626537323,he_145,humaneval,over_summarization,0
0.7030547261238098,1.0,15.285714285714286,21.0,1.0,0.004739336492890996,0.23076923076923078,5.0,0.009345794392523364,1.0,0.5,0.0,0.007425074465572834,0.0695313960313797,mbpp_096,mbpp,none,1
0.49321988224983215,0.0,2.0,3.0,0.0,0.0,0.2222222222222222,0.0,0.03571428571428571,1.0,0.5,0.0,0.8947844505310059,0.007390596438199282,mbpp_096,mbpp,over_summarization,0
0.7437328696250916,0.8888888888888888,12.72,35.0,1.0,0.019933554817275746,0.2708333333333333,2.0,0.0031446540880503146,1.0,0.5,0.0,0.003249478293582797,0.6536009907722473,mbpp_125,mbpp,none,1
0.7260334491729736,0.8888888888888888,9.4,25.0,1.0,0.02727272727272727,0.2535211267605634,1.6,0.0,1.0,0.5,0.0,0.003249476896598935,0.6536009907722473,mbpp_125,mbpp,entity_omission,0
0.6510980129241943,0.5555555555555556,2.16,3.0,0.4,0.08,0.0,0.4,0.0,0.0,0.5,0.0,0.009169786237180233,0.3432992696762085,mbpp_125,mbpp,tool_result_drop,0
0.683785080909729,0.4444444444444444,1.24,1.0,0.0,0.0,0.4,0.0,0.0,1.0,0.5,0.0,0.019323764368891716,0.005183670204132795,mbpp_125,mbpp,over_summarization,0
0.5929509997367859,0.6666666666666666,24.9,32.0,1.0,0.00411522633744856,0.12,5.0,0.0,1.0,0.5,0.0,0.08376874774694443,0.012824900448322296,mbpp_132,mbpp,none,1
0.471900999546051,0.3333333333333333,3.0,2.0,0.4,0.0,0.0,1.0,0.0,0.0,0.5,0.0,0.04082394763827324,0.029898768290877342,mbpp_132,mbpp,tool_result_drop,0
0.7613961100578308,0.5,11.411764705882353,25.0,1.0,0.0,0.23728813559322035,2.9411764705882355,0.0,1.0,0.5,0.0,0.015157426707446575,0.3324010670185089,mbpp_222,mbpp,none,1
0.6764063239097595,0.375,5.875,12.0,1.0,0.0,0.11627906976744186,2.0833333333333335,0.0,1.0,0.5,0.0,0.00579237611964345,0.004592617973685265,mbpp_284,mbpp,none,1
0.6480388641357422,0.75,10.272727272727273,12.0,1.0,0.01818181818181818,0.23529411764705882,2.727272727272727,0.0,1.0,0.5,0.0,0.4003860354423523,0.008874621242284775,mbpp_309,mbpp,none,1
0.576594889163971,0.75,3.0,4.0,0.6,0.06666666666666667,0.3,0.0,0.0,1.0,0.5,0.0,0.4003860354423523,0.008874647319316864,mbpp_309,mbpp,truncation,0
0.07502716034650803,0.0,0.45454545454545453,1.0,0.0,0.0,0.0,0.0,0.0,0.0,0.5,0.0,0.9926605224609375,2.669974674063269e-05,mbpp_309,mbpp,tool_result_drop,0
0.6739242076873779,0.0,11.1875,16.0,1.0,0.0,0.2037037037037037,2.5,0.0,1.0,0.5,0.0,0.004357681609690189,0.6045732498168945,mbpp_470,mbpp,none,1
0.6158422827720642,0.75,14.0,27.0,1.0,0.00558659217877095,0.10909090909090909,3.0769230769230766,0.0,1.0,0.5,0.0,0.12784813344478607,0.0030594030395150185,mbpp_557,mbpp,none,1
0.6447259783744812,0.5,4.153846153846154,7.0,0.4,0.0196078431372549,0.17647058823529413,0.7692307692307692,0.0,1.0,0.5,0.0,0.1278476119041443,0.0030593955889344215,mbpp_557,mbpp,truncation,0
0.63392174243927,0.5,12.76923076923077,14.0,1.0,0.0,0.22,0.7692307692307692,0.0,1.0,0.5,0.0,0.04331526905298233,0.18812978267669678,mbpp_599,mbpp,none,1
0.07967696338891983,0.0,0.8461538461538461,1.0,0.2,0.0,0.0,0.0,0.0,0.0,0.5,0.0,0.0010360210435464978,0.0012606282252818346,mbpp_599,mbpp,tool_result_drop,0
0.6001158356666565,0.5,3.0,1.0,0.6,0.0,0.0,0.0,0.0,1.0,0.5,0.0,0.04331526905298233,0.5375778079032898,mbpp_599,mbpp,over_summarization,0
0.5694417357444763,0.0,23.0,16.0,1.0,0.0,0.05357142857142857,10.0,0.0,1.0,0.5,0.0,0.017793646082282066,0.008690235204994678,mbpp_635,mbpp,none,1
0.6414108276367188,0.4,9.421052631578947,12.0,1.0,0.029940119760479042,0.2962962962962963,1.0526315789473684,0.0,1.0,0.5,0.0,0.5082597136497498,0.002817596308887005,mbpp_731,mbpp,none,1
0.7148342728614807,0.8333333333333334,13.555555555555555,4.75,1.0,0.021645021645021644,0.0945945945945946,2.7777777777777777,0.012295081967213115,1.0,0.5,0.0,0.9976605176925659,0.005711907986551523,mbpp_734,mbpp,none,1
0.7988492250442505,0.3333333333333333,9.5,3.5,1.0,0.012422360248447204,0.11538461538461539,2.2222222222222223,0.017543859649122806,1.0,0.5,0.0,0.9976605176925659,0.029283471405506134,mbpp_734,mbpp,entity_omission,0
0.6799129247665405,0.6,17.5625,4.75,0.8,0.0036101083032490976,0.21176470588235294,1.25,0.0035587188612099642,1.0,0.5,0.0,0.0023564042057842016,0.33280590176582336,mbpp_739,mbpp,none,1
0.7241811156272888,0.42857142857142855,9.2,4.8,1.0,0.017699115044247787,0.18840579710144928,2.0,0.0,1.0,0.5,0.0,0.9479120969772339,0.3335857689380646,mbpp_745,mbpp,none,1
0.6748654842376709,0.4,13.3125,3.75,1.0,0.0048543689320388345,0.40625,1.875,0.0,1.0,0.5,0.0,0.06215360388159752,0.31087565422058105,mbpp_747,mbpp,none,1
0.7013810276985168,0.8,10.588235294117647,11.0,1.0,0.022988505747126436,0.2,2.9411764705882355,0.0,1.0,0.5,0.0,0.007234214339405298,0.9609629511833191,mbpp_766,mbpp,none,1
0.17765101790428162,0.0,0.6470588235294118,1.0,0.2,0.0,0.0,0.0,0.0,0.0,0.5,0.0,0.001175587298348546,0.0010344794718548656,mbpp_766,mbpp,tool_result_drop,0
0.6346089243888855,0.6666666666666666,20.214285714285715,8.0,1.0,0.0,0.18823529411764706,4.285714285714286,0.0,1.0,0.5,0.0,0.024066315963864326,0.002092003123834729,mbpp_771,mbpp,none,1
0.40107405185699463,0.0,1.5714285714285714,0.25,0.0,0.0,0.0,0.0,0.0,0.0,0.5,0.0,0.9972176551818848,0.00017349042173009366,mbpp_771,mbpp,over_summarization,0
0.5998774766921997,0.0,15.066666666666666,23.0,1.0,0.0,0.11764705882352941,2.6666666666666665,0.0,1.0,0.5,0.0,0.03465639054775238,0.002659819321706891,mbpp_772,mbpp,none,1
0.35225701332092285,0.0,2.066666666666667,1.0,0.2,0.0,0.0,0.6666666666666666,0.0,0.0,0.5,0.0,0.021242031827569008,0.004548733122646809,mbpp_772,mbpp,over_summarization,0
0.6390178203582764,0.3333333333333333,21.6,16.0,1.0,0.0,0.24615384615384617,4.0,0.0,1.0,0.5,0.0,0.006046846508979797,0.3143480718135834,mbpp_791,mbpp,none,1
0.6156363487243652,0.4,16.333333333333332,23.0,1.0,0.004166666666666667,0.2702702702702703,4.0,0.0,1.0,0.5,0.0,0.029922543093562126,0.34079039096832275,mbpp_801,mbpp,none,1
0.6347195506095886,0.4,4.866666666666666,5.0,0.6,0.014285714285714285,0.3181818181818182,1.3333333333333333,0.0,1.0,0.5,0.0,0.029922543093562126,0.34079042077064514,mbpp_801,mbpp,truncation,0
0.6765795350074768,0.8333333333333334,12.052631578947368,19.0,1.0,0.026905829596412557,0.10144927536231885,2.1052631578947367,0.0,1.0,0.5,0.0,0.20142951607704163,0.32982197403907776,mbpp_097,mbpp,none,1
-0.0753355622291565,0.0,0.2631578947368421,1.0,0.0,0.0,0.0,0.0,0.0,0.0,0.5,0.0,0.917467474937439,8.030984463403001e-05,mbpp_097,mbpp,tool_result_drop,0
0.5927904844284058,0.4,12.0,19.0,1.0,0.011299435028248588,0.16363636363636364,2.0,0.0,1.0,0.5,0.0,0.08055292069911957,0.03990420699119568,mbpp_101,mbpp,none,1
0.5421907305717468,0.4,3.6,3.0,0.6,0.0392156862745098,0.11764705882352941,0.6666666666666666,0.0,1.0,0.5,0.0,0.0805523470044136,0.03990398719906807,mbpp_101,mbpp,truncation,0
0.6732580661773682,0.4,10.941176470588236,16.0,1.0,0.0,0.08928571428571429,4.11764705882353,0.0,1.0,0.5,0.0,0.10331670939922333,0.32902586460113525,mbpp_172,mbpp,none,1
0.3612944483757019,0.4,4.176470588235294,3.0,0.4,0.0,0.0,0.5882352941176471,0.0,0.0,0.5,0.0,0.004609197378158569,0.16739149391651154,mbpp_172,mbpp,tool_result_drop,0
0.5415117740631104,0.8333333333333334,17.0,27.0,1.0,0.028368794326241134,0.25287356321839083,2.3529411764705883,0.0,1.0,0.5,0.0,0.1912689357995987,0.21853749454021454,mbpp_434,mbpp,none,1
0.48440438508987427,0.3333333333333333,2.823529411764706,4.0,0.4,0.044444444444444446,0.0,0.5882352941176471,0.0,0.0,0.5,0.0,0.1912689357995987,0.2583618462085724,mbpp_434,mbpp,tool_result_drop,0
0.6416085958480835,0.5,12.411764705882353,13.0,1.0,0.024390243902439025,0.09375,2.9411764705882355,0.0,1.0,0.5,0.0,0.04282381385564804,0.07885555177927017,mbpp_616,mbpp,none,1
0.7095789909362793,0.5,11.0,15.0,1.0,0.006622516556291391,0.10638297872340426,3.5714285714285716,0.0,1.0,0.5,0.0,0.0891033262014389,0.028188684955239296,mbpp_741,mbpp,none,1
0.6907551884651184,0.5,10.0,12.0,1.0,0.0072992700729927005,0.11904761904761904,2.142857142857143,0.0,1.0,0.5,0.0,0.0891033262014389,0.028188684955239296,mbpp_741,mbpp,entity_omission,0
0.6305750012397766,0.5714285714285714,10.105263157894736,20.0,1.0,0.0,0.3448275862068966,1.0526315789473684,0.0,1.0,0.5,0.0,0.0789904072880745,0.1279391348361969,mbpp_170,mbpp,none,1
0.634492039680481,0.5714285714285714,3.0,5.0,0.6,0.0,0.2222222222222222,0.5263157894736842,0.0,1.0,0.5,0.0,0.0789904072880745,0.1279391348361969,mbpp_170,mbpp,truncation,0
0.7613316178321838,0.75,17.0,31.0,1.0,0.022988505747126436,0.32926829268292684,4.375,0.0,1.0,0.5,0.0,0.06187174469232559,0.2004937082529068,mbpp_247,mbpp,none,1
0.7135341763496399,0.3333333333333333,7.3076923076923075,9.0,1.0,0.03296703296703297,0.1724137931034483,3.846153846153846,0.0,1.0,0.5,0.0,0.4106478691101074,0.028461232781410217,mbpp_435,mbpp,none,1
0.6331377029418945,0.25,9.785714285714286,14.0,1.0,0.0,0.09523809523809523,2.857142857142857,0.0,1.0,0.5,0.0,0.2020816206932068,0.004996435716748238,mbpp_456,mbpp,none,1
0.5668027997016907,0.0,2.9285714285714284,4.0,0.6,0.0,0.23076923076923078,0.0,0.0,1.0,0.5,0.0,0.2020816206932068,0.004996435716748238,mbpp_456,mbpp,truncation,0
-0.018457580357789993,0.0,0.35714285714285715,1.0,0.0,0.0,0.0,0.0,0.0,0.0,0.5,0.0,0.943023681640625,0.0003693900362122804,mbpp_456,mbpp,tool_result_drop,0
0.5946913957595825,0.75,14.2,21.0,1.0,0.010101010101010102,0.40625,0.6666666666666666,0.0,1.0,0.5,0.0,0.2531141936779022,0.1627904772758484,mbpp_577,mbpp,none,1
0.7556177973747253,0.6666666666666666,14.0,13.0,1.0,0.0,0.02127659574468085,3.6363636363636362,0.0,1.0,0.5,0.0,0.11812473833560944,0.06692598015069962,mbpp_730,mbpp,none,1
0.7733664512634277,0.3333333333333333,4.181818181818182,2.0,0.4,0.0,0.07142857142857142,0.9090909090909091,0.0,1.0,0.5,0.0,0.011425086297094822,0.011753544211387634,mbpp_730,mbpp,truncation,0
0.7667980194091797,0.75,11.0,22.0,1.0,0.006993006993006993,0.3829787234042553,2.857142857142857,0.0,1.0,0.5,0.0,0.9971869587898254,0.0028165390249341726,mbpp_806,mbpp,none,1
0.8106571435928345,0.75,3.2857142857142856,5.0,0.8,0.023255813953488372,0.42857142857142855,1.4285714285714286,0.0,1.0,0.5,0.0,0.9971869587898254,0.0028165464755147696,mbpp_806,mbpp,truncation,0
0.7939814329147339,0.75,8.571428571428571,18.0,1.0,0.008928571428571428,0.3888888888888889,2.142857142857143,0.0,1.0,0.5,0.0,0.9971869587898254,0.0028165390249341726,mbpp_806,mbpp,entity_omission,0
0.557176947593689,0.25,1.1428571428571428,3.0,0.4,0.0,0.0,0.7142857142857143,0.0,1.0,0.5,0.0,0.7520570158958435,0.003282942809164524,mbpp_806,mbpp,over_summarization,0
0.650759220123291,0.5714285714285714,5.851851851851852,13.0,1.0,0.013513513513513514,0.10416666666666667,1.8518518518518516,0.0,1.0,0.5,0.0,0.050620079040527344,0.32985958456993103,mbpp_277,mbpp,none,1
0.7843869924545288,0.42857142857142855,3.2222222222222223,8.0,0.8,0.023809523809523808,0.1111111111111111,0.37037037037037035,0.0,1.0,0.5,0.0,0.003939659334719181,0.33042728900909424,mbpp_277,mbpp,entity_omission,0
0.5801159143447876,0.2857142857142857,0.6296296296296297,1.0,0.2,0.0,0.0,0.37037037037037035,0.0,0.0,0.5,0.0,0.009963390417397022,0.0005371526931412518,mbpp_277,mbpp,over_summarization,0
0.7428469061851501,0.5,11.0,15.0,1.0,0.012345679012345678,0.14,2.0,0.0,1.0,0.5,0.0,0.9995409250259399,0.0004250196216162294,mbpp_632,mbpp,none,1
0.7052686810493469,0.5,3.2666666666666666,2.0,0.8,0.0,0.06666666666666667,0.6666666666666666,0.0,1.0,0.5,0.0,0.9953387975692749,0.0010344680631533265,mbpp_632,mbpp,truncation,0
0.7010713815689087,0.4,11.454545454545455,5.0,1.0,0.00819672131147541,0.21052631578947367,1.3636363636363635,0.0,1.0,0.5,0.0,0.016457661986351013,0.10605228692293167,mbpp_753,mbpp,none,1
0.7389248609542847,0.5,14.357142857142858,4.0,1.0,0.01015228426395939,0.11475409836065574,1.4285714285714286,0.0,1.0,0.5,0.0,0.05141308158636093,0.015022773295640945,mbpp_782,mbpp,none,1
0.7401394844055176,0.0,12.142857142857142,3.0,1.0,0.0,0.11538461538461539,1.4285714285714286,0.0,1.0,0.5,0.0,0.9698898196220398,0.08925512433052063,mbpp_782,mbpp,entity_omission,0
0.7069858908653259,0.375,10.545454545454545,10.0,1.0,0.0,0.2,3.1818181818181817,0.0,1.0,0.5,0.0,0.9928969740867615,0.32193997502326965,mbpp_799,mbpp,none,1
0.7057521343231201,0.8571428571428571,11.3,14.0,1.0,0.07174887892376682,0.1323529411764706,3.0,0.0,1.0,0.5,0.0,0.005499702412635088,0.005323005374521017,mbpp_224,mbpp,none,1
0.7034240961074829,0.8571428571428571,3.35,3.0,0.8,0.25,0.09523809523809523,0.5,0.0,1.0,0.5,0.0,0.03423454985022545,0.009624946862459183,mbpp_224,mbpp,truncation,0
0.7322081327438354,0.8333333333333334,12.4375,26.0,1.0,0.010362694300518135,0.18333333333333332,3.125,0.0,1.0,0.5,0.0,0.16484670341014862,0.010652839206159115,task_002,hand_easy,signature_rename,0
0.7439493536949158,0.8333333333333334,12.4375,23.0,1.0,0.010362694300518135,0.13333333333333333,3.75,0.0,1.0,0.5,0.0,0.16484670341014862,0.010652836412191391,task_002,hand_easy,inject_false_constraint,0
0.7439493536949158,0.8333333333333334,12.4375,20.0,1.0,0.0106951871657754,0.03333333333333333,3.125,0.0,1.0,0.5,0.0,0.16484670341014862,0.010652836412191391,task_002,hand_easy,fake_completion,0
0.685467541217804,0.8571428571428571,7.6,10.0,1.0,0.020134228187919462,0.17391304347826086,1.5,0.0,1.0,0.5,0.0,0.42966070771217346,0.2850320339202881,task_003,hand_easy,signature_rename,0
0.688464879989624,0.8571428571428571,7.6,10.0,1.0,0.020134228187919462,0.15217391304347827,2.0,0.0,1.0,0.5,0.0,0.42966070771217346,0.2773703336715698,task_003,hand_easy,inject_false_constraint,0
0.7043882608413696,0.8571428571428571,7.6,11.0,1.0,0.02097902097902098,0.021739130434782608,2.0,0.0,1.0,0.5,0.0,0.42966070771217346,0.2773703336715698,task_003,hand_easy,fake_completion,0
0.7370994687080383,0.6,16.1875,23.0,1.0,0.031746031746031744,0.05128205128205128,3.75,0.0,1.0,0.5,0.0,0.12501761317253113,0.377738356590271,task_005,hand_easy,signature_rename,0
0.7458552122116089,0.6,16.1875,22.0,1.0,0.031746031746031744,0.038461538461538464,4.375,0.0,1.0,0.5,0.0,0.12501761317253113,0.3611393868923187,task_005,hand_easy,inject_false_constraint,0
0.7458552122116089,0.6,16.1875,26.0,1.0,0.03319502074688797,0.02564102564102564,6.25,0.0,1.0,0.5,0.0,0.12501761317253113,0.3611393868923187,task_005,hand_easy,fake_completion,0
0.544713020324707,0.6666666666666666,10.5,17.0,0.8,0.007142857142857143,0.6666666666666666,0.7142857142857143,0.006802721088435374,1.0,0.5,0.0,0.3781508803367615,0.0642733946442604,task_006,hand_easy,signature_rename,0
0.5329089164733887,0.6666666666666666,10.5,15.0,0.8,0.0070921985815602835,0.4666666666666667,1.4285714285714286,0.006802721088435374,1.0,0.5,0.0,0.4389013946056366,0.05618755519390106,task_006,hand_easy,inject_false_constraint,0
0.6170483827590942,0.6666666666666666,10.5,14.0,0.8,0.0070921985815602835,0.13333333333333333,2.857142857142857,0.0,1.0,0.5,0.0,0.4389013946056366,0.05618755519390106,task_006,hand_easy,fake_completion,0
0.722179651260376,0.6666666666666666,11.642857142857142,15.0,1.0,0.0125,0.04081632653061224,1.4285714285714286,0.0,1.0,0.5,0.0,0.048749517649412155,0.018892493098974228,task_007,hand_easy,signature_rename,0
0.7267707586288452,0.6666666666666666,11.642857142857142,15.0,0.8,0.0125,0.02040816326530612,1.4285714285714286,0.0,1.0,0.5,0.0,0.048749249428510666,0.00983402505517006,task_007,hand_easy,inject_false_constraint,0
0.7199019193649292,0.6666666666666666,11.642857142857142,16.0,0.8,0.0125,0.02040816326530612,1.4285714285714286,0.0,1.0,0.5,0.0,0.048749249428510666,0.00983402505517006,task_007,hand_easy,fake_completion,0
0.6392654180526733,0.6666666666666666,10.578947368421053,12.5,1.0,0.010101010101010102,0.22950819672131148,4.2105263157894735,0.0,1.0,0.5,0.0,0.9084798097610474,0.02394714765250683,task_009,hand_easy,signature_rename,0
0.6624811291694641,0.6666666666666666,10.578947368421053,11.5,1.0,0.010101010101010102,0.14754098360655737,4.736842105263158,0.0,1.0,0.5,0.0,0.9084798097610474,0.019837595522403717,task_009,hand_easy,inject_false_constraint,0
0.6624811291694641,0.6666666666666666,10.578947368421053,11.5,1.0,0.010101010101010102,0.03278688524590164,6.315789473684211,0.0,1.0,0.5,0.0,0.9084798097610474,0.019837619736790657,task_009,hand_easy,fake_completion,0
0.7574012279510498,0.8,11.571428571428571,22.0,1.0,0.004329004329004329,0.1917808219178082,1.4285714285714286,0.0,1.0,0.5,0.0,0.0023085917346179485,0.3298357427120209,task_010,hand_easy,signature_rename,0
0.7872220873832703,0.8,11.571428571428571,22.0,1.0,0.004329004329004329,0.1917808219178082,1.9047619047619047,0.0,1.0,0.5,0.0,0.0023085917346179485,0.3298357427120209,task_010,hand_easy,inject_false_constraint,0
0.7872220873832703,0.8,11.571428571428571,22.0,1.0,0.0044444444444444444,0.0,3.333333333333333,0.0,1.0,0.5,0.0,0.0023085917346179485,0.3298357427120209,task_010,hand_easy,fake_completion,0
0.7232039570808411,0.6,10.277777777777779,25.0,1.0,0.0,0.14285714285714285,3.333333333333333,0.0,1.0,0.5,0.0,0.014428107999265194,0.09558158367872238,task_011,hand_easy,signature_rename,0
0.7356112599372864,0.6,10.277777777777779,25.0,1.0,0.0,0.125,3.888888888888889,0.0,1.0,0.5,0.0,0.014428107999265194,0.048472072929143906,task_011,hand_easy,inject_false_constraint,0
0.7356112599372864,0.6,10.277777777777779,23.0,1.0,0.0,0.017857142857142856,6.111111111111111,0.0,1.0,0.5,0.0,0.014428107999265194,0.048472072929143906,task_011,hand_easy,fake_completion,0
0.671310305595398,0.8571428571428571,9.368421052631579,19.0,1.0,0.04,0.09259259259259259,3.1578947368421053,0.0,1.0,0.5,0.0,0.9693787097930908,0.03072485886514187,task_012,hand_easy,signature_rename,0
0.6868842244148254,0.8571428571428571,9.368421052631579,17.0,1.0,0.04,0.1111111111111111,3.68421052631579,0.0,1.0,0.5,0.0,0.9693787097930908,0.011151459068059921,task_012,hand_easy,inject_false_constraint,0
0.6868842244148254,0.7142857142857143,9.368421052631579,18.0,1.0,0.043478260869565216,0.0,5.7894736842105265,0.0,1.0,0.5,0.0,0.9693787097930908,0.011151459068059921,task_012,hand_easy,fake_completion,0
0.8286006450653076,0.8571428571428571,5.833333333333333,6.0,1.0,0.0,0.11904761904761904,1.25,0.0,1.0,0.5,0.0,0.07819721847772598,0.03643554821610451,task_015,hand_easy,signature_rename,0
0.8220041394233704,0.8571428571428571,5.833333333333333,5.5,1.0,0.0,0.047619047619047616,1.6666666666666667,0.0,1.0,0.5,0.0,0.07445834577083588,0.03638825565576553,task_015,hand_easy,inject_false_constraint,0
0.7900731563568115,0.8571428571428571,5.833333333333333,5.5,0.8,0.0,0.0,2.5,0.0,1.0,0.5,0.0,0.07445834577083588,0.03638825938105583,task_015,hand_easy,fake_completion,0
0.7121279239654541,0.75,14.23076923076923,16.0,1.0,0.022099447513812154,0.16071428571428573,3.0769230769230766,0.0,1.0,0.5,0.0,0.04378011077642441,0.3115612864494324,task_017,hand_easy,signature_rename,0
0.7076399326324463,0.75,14.23076923076923,15.0,1.0,0.022099447513812154,0.16071428571428573,3.846153846153846,0.0,1.0,0.5,0.0,0.04378011077642441,0.2974098026752472,task_017,hand_easy,inject_false_constraint,0
0.7000267505645752,0.75,14.23076923076923,16.0,1.0,0.022988505747126436,0.08928571428571429,4.615384615384615,0.0,1.0,0.5,0.0,0.04378011077642441,0.2974098026752472,task_017,hand_easy,fake_completion,0
0.6994251012802124,0.7142857142857143,8.666666666666666,23.0,1.0,0.004901960784313725,0.14285714285714285,2.0833333333333335,0.0,1.0,0.5,0.0,0.03634755313396454,0.34702637791633606,task_018,hand_easy,signature_rename,0
0.7053883671760559,0.7142857142857143,8.666666666666666,21.0,1.0,0.004901960784313725,0.12698412698412698,2.5,0.0,1.0,0.5,0.0,0.014333419501781464,0.3029405474662781,task_018,hand_easy,inject_false_constraint,0
0.7053883671760559,0.7142857142857143,8.666666666666666,18.0,0.8,0.005376344086021506,0.0,3.3333333333333335,0.0,1.0,0.5,0.0,0.014333419501781464,0.3029405474662781,task_018,hand_easy,fake_completion,0
0.6618727445602417,0.8333333333333334,8.176470588235293,12.0,1.0,0.029411764705882353,0.023809523809523808,2.3529411764705883,0.0,1.0,0.5,0.0,0.07795818150043488,0.3217385709285736,task_019,hand_easy,signature_rename,0
0.6710110902786255,0.8333333333333334,8.176470588235293,12.0,1.0,0.029411764705882353,0.047619047619047616,2.9411764705882355,0.0,1.0,0.5,0.0,0.07795818150043488,0.32108715176582336,task_019,hand_easy,inject_false_constraint,0
0.6487488150596619,0.8333333333333334,8.176470588235293,13.0,1.0,0.030534351145038167,0.023809523809523808,3.5294117647058822,0.0,1.0,0.5,0.0,0.07795818150043488,0.32108715176582336,task_019,hand_easy,fake_completion,0
0.715538501739502,0.8,8.777777777777779,14.0,1.0,0.02666666666666667,0.16666666666666666,1.6666666666666665,0.0,1.0,0.5,0.0,0.06018795818090439,0.023566266521811485,task_021,hand_easy,signature_rename,0
0.7159247398376465,0.8,8.777777777777779,14.0,1.0,0.02666666666666667,0.14583333333333334,2.2222222222222223,0.0,1.0,0.5,0.0,0.06018795818090439,0.021389588713645935,task_021,hand_easy,inject_false_constraint,0
0.7058274745941162,0.8,8.777777777777779,15.0,1.0,0.02666666666666667,0.041666666666666664,2.7777777777777777,0.0,1.0,0.5,0.0,0.06018795818090439,0.021389588713645935,task_021,hand_easy,fake_completion,0
0.5956506133079529,0.8333333333333334,13.75,27.0,1.0,0.02214022140221402,0.07228915662650602,2.0,0.0036363636363636364,0.0,0.5,0.0,0.1034364253282547,0.08758056163787842,task_022,hand_easy,signature_rename,0
0.6152706146240234,0.8333333333333334,13.75,26.0,0.8,0.02214022140221402,0.07228915662650602,2.5,0.0036363636363636364,1.0,0.5,0.0,0.1034371629357338,0.08441492915153503,task_022,hand_easy,inject_false_constraint,0
0.6152706146240234,0.8333333333333334,13.75,25.0,0.8,0.024,0.04819277108433735,4.5,0.0036363636363636364,1.0,0.5,0.0,0.1034364253282547,0.08441390842199326,task_022,hand_easy,fake_completion,0
0.7423206567764282,0.75,11.56,15.5,1.0,0.02527075812274368,0.05747126436781609,2.4,0.0,1.0,0.5,0.0,0.03969450294971466,0.23140108585357666,task_024,hand_easy,signature_rename,0
0.7455294728279114,0.75,11.56,15.5,1.0,0.02527075812274368,0.05747126436781609,2.8,0.0,1.0,0.5,0.0,0.034003257751464844,0.22202962636947632,task_024,hand_easy,inject_false_constraint,0
0.7455294728279114,0.75,11.56,16.5,1.0,0.026415094339622643,0.034482758620689655,4.8,0.0,1.0,0.5,0.0,0.034003257751464844,0.22202962636947632,task_024,hand_easy,fake_completion,0
0.608199954032898,0.8333333333333334,15.428571428571429,24.0,1.0,0.02830188679245283,0.09230769230769231,2.142857142857143,0.0,1.0,0.5,0.0,0.04253457859158516,0.03427392989397049,task_026,hand_easy,signature_rename,0
0.6643925905227661,0.8333333333333334,15.428571428571429,23.0,1.0,0.02830188679245283,0.07692307692307693,2.857142857142857,0.0,1.0,0.5,0.0,0.025121968239545822,0.02253340184688568,task_026,hand_easy,inject_false_constraint,0
0.6643925905227661,0.8333333333333334,15.428571428571429,25.0,1.0,0.028985507246376812,0.0,5.0,0.0,1.0,0.5,0.0,0.025121968239545822,0.02253340184688568,task_026,hand_easy,fake_completion,0
0.6594573855400085,0.7142857142857143,11.090909090909092,26.0,1.0,0.029535864978902954,0.05405405405405406,3.1818181818181817,0.0,1.0,0.5,0.0,0.002198196714743972,0.3454859256744385,task_028,hand_easy,signature_rename,0
0.6867335438728333,0.7142857142857143,11.090909090909092,26.0,1.0,0.029535864978902954,0.06756756756756757,3.1818181818181817,0.0,1.0,0.5,0.0,0.0013846618821844459,0.32766759395599365,task_028,hand_easy,inject_false_constraint,0
0.6867335438728333,0.7142857142857143,11.090909090909092,25.0,1.0,0.0330188679245283,0.0,5.454545454545454,0.0,1.0,0.5,0.0,0.0013846618821844459,0.32766759395599365,task_028,hand_easy,fake_completion,0
0.7120096683502197,0.8,10.789473684210526,21.0,1.0,0.021164021164021163,0.41935483870967744,2.6315789473684212,0.0,1.0,0.5,0.0,0.009273734875023365,0.0032730239909142256,task_030,hand_easy,signature_rename,0
0.7281606197357178,0.8,10.789473684210526,21.0,1.0,0.020942408376963352,0.2903225806451613,3.1578947368421053,0.0,1.0,0.5,0.0,0.009716360829770565,0.0031173850875347853,task_030,hand_easy,inject_false_constraint,0
0.7113670110702515,0.8,10.789473684210526,25.0,0.8,0.021505376344086023,0.08064516129032258,5.2631578947368425,0.0,1.0,0.5,0.0,0.009716360829770565,0.0031173850875347853,task_030,hand_easy,fake_completion,0
0.7503405809402466,0.7647058823529411,6.137254901960785,14.0,0.8,0.006756756756756757,0.22340425531914893,1.3725490196078431,0.0,1.0,0.5,0.0,0.0053476314060389996,0.014497888274490833,task_031,hand_hard,signature_rename,0
0.787912130355835,0.7647058823529411,6.137254901960785,13.666666666666666,0.8,0.006734006734006734,0.14893617021276595,1.5686274509803924,0.0,0.9583333333333334,0.5,0.0,0.0038599527906626463,0.012808759696781635,task_031,hand_hard,inject_false_constraint,0
0.787912130355835,0.6470588235294118,6.137254901960785,14.333333333333334,0.8,0.006756756756756757,0.06382978723404255,2.7450980392156863,0.0,0.9411764705882353,0.5,0.0,0.0038599527906626463,0.012808759696781635,task_031,hand_hard,fake_completion,0
0.7100629806518555,0.5416666666666666,3.876923076923077,9.0,1.0,0.0,0.18421052631578946,0.6153846153846154,0.0,1.0,0.5,0.0,0.9880059361457825,0.05325179174542427,task_032,hand_hard,signature_rename,0
0.7328402996063232,0.5833333333333334,3.876923076923077,9.0,1.0,0.0,0.15789473684210525,0.7692307692307693,0.0,1.0,0.5,0.0,0.9880059361457825,0.03046996332705021,task_032,hand_hard,inject_false_constraint,0
0.7328402996063232,0.5833333333333334,3.876923076923077,8.0,1.0,0.0,0.02631578947368421,1.2307692307692308,0.0,1.0,0.5,0.0,0.9880059361457825,0.03046996332705021,task_032,hand_hard,fake_completion,0
0.8407683372497559,0.4666666666666667,6.574074074074074,8.5,1.0,0.020172910662824207,0.04672897196261682,1.4814814814814814,0.0,1.0,0.5,0.0,0.1886359602212906,0.0539599172770977,task_033,hand_hard,signature_rename,0
0.8400687575340271,0.5333333333333333,6.574074074074074,8.0,1.0,0.020172910662824207,0.037383177570093455,1.6666666666666665,0.0,1.0,0.5,0.0,0.1886359602212906,0.0539599172770977,task_033,hand_hard,inject_false_constraint,0
0.8400687575340271,0.5333333333333333,6.574074074074074,9.75,1.0,0.021538461538461538,0.028037383177570093,2.4074074074074074,0.0,1.0,0.5,0.0,0.1886359602212906,0.0539599172770977,task_033,hand_hard,fake_completion,0
0.7407612204551697,0.8,4.970588235294118,4.785714285714286,1.0,0.0125,0.35294117647058826,0.7352941176470589,0.0,0.967741935483871,0.5,0.0,0.053827591240406036,0.19185219705104828,task_034,hand_hard,signature_rename,0
0.7655420303344727,0.9,4.970588235294118,4.785714285714286,1.0,0.015625,0.3333333333333333,0.8823529411764706,0.0,0.95,0.5,0.0,0.053827591240406036,0.19104337692260742,task_034,hand_hard,inject_false_constraint,0
0.7655420303344727,0.9,4.970588235294118,4.214285714285714,1.0,0.016722408026755852,0.029411764705882353,2.058823529411765,0.0,0.9354838709677419,0.5,0.0,0.053827591240406036,0.19104352593421936,task_034,hand_hard,fake_completion,0
0.8309532403945923,0.6190476190476191,5.153846153846154,8.5,0.8,0.0,0.24752475247524752,0.9230769230769231,0.0,0.8888888888888888,0.5,0.0,0.7160268425941467,0.12915931642055511,task_035,hand_hard,signature_rename,0
0.8095626831054688,0.6666666666666666,5.153846153846154,8.0,0.8,0.0,0.21782178217821782,1.0769230769230769,0.0,1.0,0.5,0.0,0.7160268425941467,0.13038021326065063,task_035,hand_hard,inject_false_constraint,0
0.8095626831054688,0.6666666666666666,5.153846153846154,7.0,0.8,0.0,0.0297029702970297,1.8461538461538463,0.0,1.0,0.5,0.0,0.7160268425941467,0.13038021326065063,task_035,hand_hard,fake_completion,0
0.8468796014785767,0.5882352941176471,6.5476190476190474,7.75,1.0,0.0,0.13253012048192772,1.4285714285714286,0.0,0.9333333333333333,0.5,0.0,0.9437141418457031,0.17994718253612518,task_036,hand_hard,signature_rename,0
0.8527944087982178,0.6470588235294118,6.5476190476190474,7.25,0.8,0.0,0.12048192771084337,1.6666666666666665,0.0,0.9333333333333333,0.5,0.0,0.9437141418457031,0.17900070548057556,task_036,hand_hard,inject_false_constraint,0
0.8527944087982178,0.6470588235294118,6.5476190476190474,7.25,0.8,0.0,0.03614457831325301,2.857142857142857,0.0,0.9230769230769231,0.5,0.0,0.9437148571014404,0.17900077998638153,task_036,hand_hard,fake_completion,0
0.7473468780517578,0.6470588235294118,6.098360655737705,15.5,1.0,0.016260162601626018,0.16964285714285715,0.819672131147541,0.0,0.9411764705882353,0.5,0.0,0.5928707122802734,0.3374446928501129,task_037,hand_hard,signature_rename,0
0.7526280879974365,0.7058823529411765,6.098360655737705,14.0,1.0,0.016260162601626018,0.125,0.819672131147541,0.0,0.9615384615384616,0.5,0.0,0.5928751826286316,0.3372149169445038,task_037,hand_hard,inject_false_constraint,0
0.7526280879974365,0.7058823529411765,6.098360655737705,17.0,1.0,0.017142857142857144,0.05357142857142857,1.639344262295082,0.0,0.9444444444444444,0.5,0.0,0.5928751826286316,0.3372149169445038,task_037,hand_hard,fake_completion,0
0.8014441728591919,0.84,4.7164179104477615,6.75,1.0,0.038338658146964855,0.1368421052631579,0.8955223880597015,0.0,0.8571428571428571,0.5,0.0,0.024526456370949745,0.3230527639389038,task_038,hand_hard,signature_rename,0
0.8294384479522705,0.88,4.7164179104477615,6.25,1.0,0.038338658146964855,0.11578947368421053,1.044776119402985,0.0,0.8421052631578947,0.5,0.0,0.024526456370949745,0.3295518457889557,task_038,hand_hard,inject_false_constraint,0
0.8294384479522705,0.8,4.7164179104477615,7.25,1.0,0.04240282685512368,0.042105263157894736,1.3432835820895521,0.0,0.7692307692307693,0.5,0.0,0.024526456370949745,0.3295518457889557,task_038,hand_hard,fake_completion,0
0.8284451961517334,0.75,6.770833333333333,15.0,1.0,0.009404388714733543,0.20408163265306123,0.8333333333333334,0.003076923076923077,0.8333333333333334,0.5,0.0,0.18261171877384186,0.2060803771018982,task_039,hand_hard,signature_rename,0
0.8185960650444031,0.8333333333333334,6.770833333333333,14.0,1.0,0.009375,0.1836734693877551,1.0416666666666667,0.003076923076923077,0.9696969696969697,0.5,0.0,0.18261171877384186,0.20500896871089935,task_039,hand_hard,inject_false_constraint,0
0.8185960650444031,0.8333333333333334,6.770833333333333,13.5,1.0,0.010101010101010102,0.061224489795918366,1.875,0.003076923076923077,0.9615384615384616,0.5,0.0,0.18261171877384186,0.20500896871089935,task_039,hand_hard,fake_completion,0
0.7616398334503174,0.6666666666666666,3.816666666666667,8.25,1.0,0.004424778761061947,0.43478260869565216,0.6666666666666666,0.0,1.0,0.5,0.0,0.5881866812705994,0.2369130253791809,task_040,hand_hard,signature_rename,0
0.8045993447303772,0.6666666666666666,3.816666666666667,7.5,1.0,0.004424778761061947,0.391304347826087,0.8333333333333334,0.0,0.9629629629629629,0.5,0.0,0.5881866812705994,0.23518231511116028,task_040,hand_hard,inject_false_constraint,0
0.8045993447303772,0.6190476190476191,3.816666666666667,7.25,1.0,0.004694835680751174,0.10144927536231885,1.6666666666666667,0.0,0.9473684210526315,0.5,0.0,0.5881866812705994,0.23518231511116028,task_040,hand_hard,fake_completion,0
0.8101598024368286,0.7647058823529411,5.269230769230769,26.0,1.0,0.022304832713754646,0.10843373493975904,1.1538461538461537,0.0,1.0,0.5,0.0,0.013877402991056442,0.6122089624404907,task_041,hand_hard,signature_rename,0
0.7973774671554565,0.8235294117647058,5.269230769230769,24.0,0.8,0.022304832713754646,0.08433734939759036,1.346153846153846,0.0,0.875,0.5,0.0,0.009362575598061085,0.5900846123695374,task_041,hand_hard,inject_false_constraint,0
0.7973774671554565,0.7647058823529411,5.269230769230769,24.0,0.8,0.023346303501945526,0.024096385542168676,2.1153846153846154,0.0,0.8333333333333334,0.5,0.0,0.009362575598061085,0.5900846123695374,task_041,hand_hard,fake_completion,0
0.7177742719650269,0.7647058823529411,5.823529411764706,5.2,1.0,0.027491408934707903,0.08888888888888889,0.7843137254901962,0.0,1.0,0.5,0.0,0.9858843684196472,0.11761930584907532,task_042,hand_hard,signature_rename,0
0.7927992343902588,0.8235294117647058,5.823529411764706,4.6,1.0,0.027491408934707903,0.07777777777777778,0.9803921568627452,0.0,1.0,0.5,0.0,0.9858840107917786,0.10896531492471695,task_042,hand_hard,inject_false_constraint,0
0.7927992343902588,0.7647058823529411,5.823529411764706,5.2,1.0,0.02909090909090909,0.011111111111111112,2.1568627450980395,0.0,1.0,0.5,0.0,0.9858840107917786,0.10896531492471695,task_042,hand_hard,fake_completion,0
0.8093609809875488,0.5714285714285714,6.829268292682927,11.0,1.0,0.007220216606498195,0.15476190476190477,1.4634146341463417,0.0,0.9090909090909091,0.5,0.0,0.4938114285469055,0.06744392961263657,task_043,hand_hard,signature_rename,0
0.8119039535522461,0.5714285714285714,6.829268292682927,11.0,1.0,0.007220216606498195,0.11904761904761904,1.707317073170732,0.0,0.9090909090909091,0.5,0.0,0.6546927094459534,0.033597901463508606,task_043,hand_hard,inject_false_constraint,0
0.8119039535522461,0.5714285714285714,6.829268292682927,12.5,1.0,0.007722007722007722,0.05952380952380952,3.1707317073170733,0.0,0.9,0.5,0.0,0.6546927094459534,0.033597901463508606,task_043,hand_hard,fake_completion,0
0.8366780281066895,0.6842105263157895,4.234375,2.875,0.8,0.018656716417910446,0.23170731707317074,0.9375,0.0,0.9642857142857143,0.5,0.0,0.9977275729179382,0.1034729927778244,task_044,hand_hard,signature_rename,0
0.8366780281066895,0.7368421052631579,4.234375,2.875,0.8,0.018656716417910446,0.21951219512195122,1.09375,0.0,0.9259259259259259,0.5,0.0,0.9977275729179382,0.1034729927778244,task_044,hand_hard,inject_false_constraint,0
0.8366780281066895,0.7368421052631579,4.234375,3.0,0.8,0.02040816326530612,0.024390243902439025,2.03125,0.0,0.9166666666666666,0.5,0.0,0.9977275729179382,0.1034729927778244,task_044,hand_hard,fake_completion,0
0.8184637427330017,0.42857142857142855,3.557142857142857,3.0,0.8,0.0040650406504065045,0.10666666666666667,0.5714285714285714,0.0,0.7,0.5,0.0,0.9642818570137024,0.014072352088987827,task_045,hand_hard,signature_rename,0
0.8169035315513611,0.42857142857142855,3.557142857142857,3.0,0.8,0.0040650406504065045,0.12,0.5714285714285714,0.0,1.0,0.5,0.0,0.9642818570137024,0.01502882968634367,task_045,hand_hard,inject_false_constraint,0
0.8169035315513611,0.42857142857142855,3.557142857142857,3.6666666666666665,0.8,0.00425531914893617,0.06666666666666667,0.7142857142857143,0.0,1.0,0.5,0.0,0.9642818570137024,0.015028857626020908,task_045,hand_hard,fake_completion,0
0.8096847534179688,0.7692307692307693,5.319148936170213,6.666666666666667,1.0,0.01639344262295082,0.13333333333333333,1.4893617021276595,0.004,0.8888888888888888,0.5,0.0,0.926568865776062,0.10036101937294006,task_046,hand_hard,signature_rename,0
0.8054075241088867,0.7692307692307693,5.319148936170213,6.666666666666667,1.0,0.020491803278688523,0.12,1.4893617021276595,0.004,0.9047619047619048,0.5,0.0,0.8499718308448792,0.09772337973117828,task_046,hand_hard,inject_false_constraint,0
0.8054075241088867,0.6923076923076923,5.319148936170213,7.333333333333333,1.0,0.02252252252252252,0.02666666666666667,2.553191489361702,0.0,0.8888888888888888,0.5,0.0,0.8499718308448792,0.09772337973117828,task_046,hand_hard,fake_completion,0
0.8040640354156494,0.5789473684210527,4.632352941176471,4.285714285714286,1.0,0.009615384615384616,0.12631578947368421,0.4411764705882353,0.0,0.9230769230769231,0.5,0.0,0.9825406670570374,0.11072360724210739,task_047,hand_hard,signature_rename,0
0.8064913153648376,0.5789473684210527,4.632352941176471,4.0,1.0,0.009615384615384616,0.11578947368421053,0.5882352941176471,0.0,1.0,0.5,0.0,0.9825406670570374,0.11045703291893005,task_047,hand_hard,inject_false_constraint,0
0.8064913153648376,0.5263157894736842,4.632352941176471,4.285714285714286,1.0,0.01048951048951049,0.05263157894736842,1.1764705882352942,0.0,1.0,0.5,0.0,0.9825406670570374,0.11045701801776886,task_047,hand_hard,fake_completion,0
0.8136308193206787,0.6666666666666666,4.551724137931035,9.333333333333334,0.8,0.054474708171206226,0.175,0.6896551724137931,0.0,1.0,0.5,0.0,0.02538960613310337,0.27017584443092346,task_048,hand_hard,signature_rename,0
0.7964808940887451,0.6666666666666666,4.551724137931035,9.333333333333334,1.0,0.054474708171206226,0.1875,0.8620689655172414,0.0,1.0,0.5,0.0,0.025389814749360085,0.285191148519516,task_048,hand_hard,inject_false_constraint,0
0.7964808940887451,0.6666666666666666,4.551724137931035,8.0,0.8,0.05555555555555555,0.0375,1.206896551724138,0.0,1.0,0.5,0.0,0.02538960613310337,0.28519123792648315,task_048,hand_hard,fake_completion,0
0.7433960437774658,0.47368421052631576,4.555555555555555,2.5,0.6,0.006329113924050633,0.34,0.5555555555555556,0.0,1.0,0.5,0.0,0.03065369836986065,0.5296935439109802,task_050,hand_hard,signature_rename,0
0.7561995983123779,0.5263157894736842,4.555555555555555,2.5,0.6,0.006329113924050633,0.2,0.5555555555555556,0.0,1.0,0.5,0.0,0.03065369836986065,0.5279213786125183,task_050,hand_hard,inject_false_constraint,0
0.7408286333084106,0.5263157894736842,4.555555555555555,4.5,0.4,0.006622516556291391,0.02,0.5555555555555556,0.0,1.0,0.5,0.0,0.03065369836986065,0.5279213786125183,task_050,hand_hard,fake_completion,0
0.8148151636123657,0.631578947368421,6.264150943396227,8.666666666666666,1.0,0.003115264797507788,0.19,1.3207547169811322,0.0,0.8,0.5,0.0,0.47858723998069763,0.4171189069747925,task_051,hand_hard,signature_rename,0
0.8129352927207947,0.631578947368421,6.264150943396227,8.333333333333334,1.0,0.003115264797507788,0.17,1.3207547169811322,0.0,1.0,0.5,0.0,0.47858723998069763,0.4175766110420227,task_051,hand_hard,inject_false_constraint,0
0.8129352927207947,0.631578947368421,6.264150943396227,9.333333333333334,1.0,0.0034129692832764505,0.05,1.3207547169811322,0.0,1.0,0.5,0.0,0.47858723998069763,0.4175765812397003,task_051,hand_hard,fake_completion,0
0.7408024072647095,0.5625,6.782608695652174,10.333333333333334,1.0,0.006493506493506494,0.20212765957446807,0.8695652173913044,0.0,1.0,0.5,0.0,0.01781720109283924,0.11887682974338531,task_052,hand_hard,signature_rename,0
0.7281898260116577,0.625,6.782608695652174,9.666666666666666,1.0,0.006493506493506494,0.18085106382978725,1.0869565217391306,0.0,0.9230769230769231,0.5,0.0,0.03192138671875,0.12169936299324036,task_052,hand_hard,inject_false_constraint,0
0.7281898260116577,0.625,6.782608695652174,9.0,1.0,0.006622516556291391,0.0425531914893617,1.7391304347826089,0.0,0.8333333333333334,0.5,0.0,0.03192138671875,0.12169936299324036,task_052,hand_hard,fake_completion,0
0.8229790925979614,0.47058823529411764,5.660377358490566,8.333333333333334,0.8,0.006734006734006734,0.16666666666666666,1.3207547169811322,0.0,0.9375,0.5,0.0,0.9955934882164001,0.04542161896824837,task_053,hand_hard,signature_rename,0
0.8169975280761719,0.5294117647058824,5.660377358490566,7.333333333333333,0.8,0.006734006734006734,0.1111111111111111,1.509433962264151,0.0,0.9666666666666667,0.5,0.0,0.9955934882164001,0.03191439062356949,task_053,hand_hard,inject_false_constraint,0
0.8169975280761719,0.5294117647058824,5.660377358490566,7.333333333333333,0.6,0.007194244604316547,0.011111111111111112,2.452830188679245,0.0,0.9565217391304348,0.5,0.0,0.9955934882164001,0.031914398074150085,task_053,hand_hard,fake_completion,0
0.755690336227417,0.7,7.851851851851852,12.0,1.0,0.028708133971291867,0.125,2.5925925925925926,0.0,1.0,0.5,0.0,0.9994744658470154,0.08269546926021576,task_054,hand_hard,signature_rename,0
0.7768867015838623,0.7,7.851851851851852,11.5,1.0,0.028708133971291867,0.09375,2.962962962962963,0.0,1.0,0.5,0.0,0.9994744658470154,0.07553620636463165,task_054,hand_hard,inject_false_constraint,0
0.7768867015838623,0.7,7.851851851851852,13.0,1.0,0.0297029702970297,0.0,3.7037037037037033,0.0,1.0,0.5,0.0,0.9994744658470154,0.07553620636463165,task_054,hand_hard,fake_completion,0
0.8023070096969604,0.6785714285714286,4.470588235294118,5.111111111111111,1.0,0.003401360544217687,0.15217391304347827,0.4411764705882353,0.003289473684210526,1.0,0.5,0.0,0.993733823299408,0.03881645202636719,task_055,hand_hard,signature_rename,0
0.8251798748970032,0.7142857142857143,4.470588235294118,4.888888888888889,1.0,0.0033333333333333335,0.14130434782608695,0.5882352941176471,0.003289473684210526,0.9565217391304348,0.5,0.0,0.993733823299408,0.02744455449283123,task_055,hand_hard,inject_false_constraint,0
0.8251798748970032,0.7142857142857143,4.470588235294118,4.666666666666667,1.0,0.0035211267605633804,0.03260869565217391,1.0294117647058825,0.003289473684210526,0.9411764705882353,0.5,0.0,0.993733823299408,0.027444563806056976,task_055,hand_hard,fake_completion,0
0.7357650995254517,0.75,5.976190476190476,6.75,1.0,0.004032258064516129,0.14473684210526316,0.9523809523809523,0.0,0.75,0.5,0.0,0.32811182737350464,0.1567184031009674,task_056,hand_hard,signature_rename,0
0.7652554512023926,0.8333333333333334,5.976190476190476,6.5,1.0,0.004032258064516129,0.11842105263157894,1.1904761904761905,0.0,0.75,0.5,0.0,0.4033508896827698,0.17709216475486755,task_056,hand_hard,inject_false_constraint,0
0.7652554512023926,0.8333333333333334,5.976190476190476,6.5,1.0,0.004347826086956522,0.039473684210526314,1.6666666666666665,0.0,0.75,0.5,0.0,0.4033508896827698,0.17709216475486755,task_056,hand_hard,fake_completion,0
0.798552393913269,0.5625,5.25,13.0,1.0,0.0,0.0975609756097561,0.9615384615384615,0.0,1.0,0.5,0.0,0.9907646179199219,0.09099602699279785,task_057,hand_hard,signature_rename,0
0.8161043524742126,0.5625,5.25,13.0,1.0,0.0,0.12195121951219512,1.1538461538461537,0.0,0.9230769230769231,0.5,0.0,0.9934974908828735,0.08911942690610886,task_057,hand_hard,inject_false_constraint,0
0.8161043524742126,0.5625,5.25,12.5,0.8,0.0,0.0,1.923076923076923,0.0,0.8888888888888888,0.5,0.0,0.9934974908828735,0.08911942690610886,task_057,hand_hard,fake_completion,0
0.7140001058578491,0.7777777777777778,5.4,12.5,1.0,0.0913978494623656,0.40350877192982454,1.4285714285714286,0.005291005291005291,0.9375,0.5,0.0,0.2017492800951004,0.3103119730949402,task_058,hand_hard,signature_rename,0
0.6824393272399902,0.7777777777777778,5.4,12.0,1.0,0.0913978494623656,0.3157894736842105,1.7142857142857142,0.005291005291005291,1.0,0.5,0.0,0.2017492800951004,0.18458521366119385,task_058,hand_hard,inject_false_constraint,0
0.6824393272399902,0.7777777777777778,5.4,12.0,1.0,0.1,0.08771929824561403,2.5714285714285716,0.005291005291005291,1.0,0.5,0.0,0.2017492800951004,0.18458521366119385,task_058,hand_hard,fake_completion,0
0.8423819541931152,0.7142857142857143,7.113636363636363,13.0,1.0,0.029411764705882353,0.14893617021276595,1.1363636363636362,0.003194888178913738,0.75,0.5,0.0,0.7379921078681946,0.32916945219039917,task_059,hand_hard,signature_rename,0
0.830602765083313,0.7142857142857143,7.113636363636363,13.0,1.0,0.02922077922077922,0.13829787234042554,1.3636363636363635,0.003194888178913738,1.0,0.5,0.0,0.7379921078681946,0.32494744658470154,task_059,hand_hard,inject_false_constraint,0
0.830602765083313,0.7142857142857143,7.113636363636363,13.0,1.0,0.0297029702970297,0.010638297872340425,2.2727272727272725,0.0,1.0,0.5,0.0,0.7379921078681946,0.32494744658470154,task_059,hand_hard,fake_completion,0
0.7789170742034912,0.6875,4.955223880597015,6.25,0.8,0.0,0.17,0.5970149253731343,0.0,1.0,0.5,0.0,0.545741081237793,0.24232438206672668,task_060,hand_hard,signature_rename,0
0.8065565824508667,0.75,4.955223880597015,5.75,1.0,0.0,0.17,0.5970149253731343,0.0,1.0,0.5,0.0,0.545741081237793,0.24229420721530914,task_060,hand_hard,inject_false_constraint,0
0.8065565824508667,0.75,4.955223880597015,5.75,0.8,0.0,0.05,0.5970149253731343,0.0,1.0,0.5,0.0,0.545741081237793,0.24229420721530914,task_060,hand_hard,fake_completion,0
0.6714433431625366,0.7142857142857143,10.590909090909092,10.0,1.0,0.013043478260869565,0.05714285714285714,1.8181818181818181,0.004291845493562232,1.0,0.5,0.0,0.008530275896191597,0.3144451081752777,task_004,hand_easy,signature_rename,0
0.6750866174697876,0.7142857142857143,10.590909090909092,9.5,1.0,0.013043478260869565,0.07142857142857142,2.2727272727272725,0.0,1.0,0.5,0.0,0.008530275896191597,0.3137674927711487,task_004,hand_easy,inject_false_constraint,0
0.6750866174697876,0.7142857142857143,10.590909090909092,11.5,1.0,0.013824884792626729,0.014285714285714285,3.6363636363636362,0.0,1.0,0.5,0.0,0.008530275896191597,0.3137674927711487,task_004,hand_easy,fake_completion,0
0.6851892471313477,0.42857142857142855,6.4375,6.0,1.0,0.01,0.06451612903225806,1.875,0.0,1.0,0.5,0.0,0.025487205013632774,0.023241037502884865,task_014,hand_easy,signature_rename,0
0.6921017169952393,0.2857142857142857,6.4375,5.0,1.0,0.01,0.06451612903225806,2.5,0.0,1.0,0.5,0.0,0.025487210601568222,0.023212140426039696,task_014,hand_easy,inject_false_constraint,0
0.6386529207229614,0.2857142857142857,6.4375,7.0,1.0,0.01,0.0,3.125,0.0,1.0,0.5,0.0,0.025487210601568222,0.023212144151329994,task_014,hand_easy,fake_completion,0
0.6854349970817566,0.3333333333333333,13.125,22.0,1.0,0.0,0.1111111111111111,3.75,0.0,1.0,0.5,0.0,0.8462644219398499,0.009033081121742725,task_016,hand_easy,signature_rename,0
0.6868190765380859,0.3333333333333333,13.125,22.0,1.0,0.0,0.07936507936507936,4.375,0.0,1.0,0.5,0.0,0.8462644219398499,0.009033081121742725,task_016,hand_easy,inject_false_constraint,0
0.6868190765380859,0.3333333333333333,13.125,25.0,1.0,0.0,0.015873015873015872,6.25,0.0,1.0,0.5,0.0,0.8462644219398499,0.009033079259097576,task_016,hand_easy,fake_completion,0
0.6520487070083618,0.8571428571428571,14.571428571428571,18.0,1.0,0.005025125628140704,0.12903225806451613,4.285714285714286,0.0,1.0,0.5,0.0,0.9947868585586548,0.007252322975546122,task_029,hand_easy,signature_rename,0
0.6813523769378662,0.8571428571428571,14.571428571428571,18.0,1.0,0.01507537688442211,0.04838709677419355,5.0,0.0,1.0,0.5,0.0,0.9947868585586548,0.007789706811308861,task_029,hand_easy,inject_false_constraint,0
0.6813523769378662,0.8571428571428571,14.571428571428571,21.0,1.0,0.015228426395939087,0.0,5.714285714285714,0.0,1.0,0.5,0.0,0.9947868585586548,0.007789706811308861,task_029,hand_easy,fake_completion,0
0.7180906534194946,0.3076923076923077,6.242424242424242,1.2307692307692308,1.0,0.06467661691542288,0.1935483870967742,0.6060606060606061,0.0,1.0,0.5,0.0,0.2444036453962326,0.1619310975074768,he_000,humaneval,signature_rename,0
0.7315936088562012,0.3076923076923077,6.242424242424242,1.1538461538461537,1.0,0.06467661691542288,0.1935483870967742,0.9090909090909092,0.0,1.0,0.5,0.0,0.2444036453962326,0.1539832502603531,he_000,humaneval,inject_false_constraint,0
0.7213103771209717,0.3076923076923077,6.242424242424242,1.1538461538461537,1.0,0.06565656565656566,0.03225806451612903,1.8181818181818183,0.0,1.0,0.5,0.0,0.2444036453962326,0.1539832502603531,he_000,humaneval,fake_completion,0
0.8082044124603271,0.47058823529411764,2.8095238095238093,4.75,1.0,0.040229885057471264,0.14814814814814814,0.6349206349206349,0.0,1.0,0.5,0.0,0.6453777551651001,0.1507253646850586,he_001,humaneval,signature_rename,0
0.8219159841537476,0.4117647058823529,2.8095238095238093,4.25,1.0,0.034482758620689655,0.14814814814814814,0.7936507936507937,0.0,1.0,0.5,0.0,0.6453777551651001,0.15582166612148285,he_001,humaneval,inject_false_constraint,0
0.7866296172142029,0.4117647058823529,2.8095238095238093,4.5,1.0,0.03571428571428571,0.05555555555555555,1.2698412698412698,0.0,1.0,0.5,0.0,0.6453777551651001,0.15582166612148285,he_001,humaneval,fake_completion,0
0.7195731401443481,0.6363636363636364,4.0,3.8,0.8,0.0,0.15217391304347827,1.0526315789473684,0.0,1.0,0.5,0.0,0.03551137447357178,0.1694197654724121,he_002,humaneval,signature_rename,0
0.7241424322128296,0.6363636363636364,4.0,3.4,1.0,0.0,0.08695652173913043,1.3157894736842106,0.0,1.0,0.5,0.0,0.03551137447357178,0.1754775047302246,he_002,humaneval,inject_false_constraint,0
0.6909993886947632,0.6363636363636364,4.0,3.4,0.8,0.0,0.06521739130434782,1.3157894736842106,0.0,1.0,0.5,0.0,0.03551137447357178,0.1754775047302246,he_002,humaneval,fake_completion,0
0.7781766653060913,0.6842105263157895,3.4310344827586206,5.5,1.0,0.01020408163265306,0.45,0.5172413793103449,0.0,1.0,0.5,0.0,0.9557279944419861,0.1132618710398674,he_003,humaneval,signature_rename,0
0.8034347295761108,0.6842105263157895,3.4310344827586206,5.25,1.0,0.01020408163265306,0.38333333333333336,0.6896551724137931,0.0,1.0,0.5,0.0,0.9557279944419861,0.11304470896720886,he_003,humaneval,inject_false_constraint,0
0.8061903715133667,0.5789473684210527,3.4310344827586206,3.75,0.8,0.011111111111111112,0.11666666666666667,0.5172413793103449,0.0,1.0,0.5,0.0,0.9557279944419861,0.11304470896720886,he_003,humaneval,fake_completion,0
0.6781913042068481,0.26666666666666666,4.3061224489795915,3.142857142857143,1.0,0.019230769230769232,0.203125,0.8163265306122448,0.0,1.0,0.5,0.0,0.022856662049889565,0.2918095886707306,he_004,humaneval,signature_rename,0
0.6596036553382874,0.26666666666666666,4.3061224489795915,3.142857142857143,1.0,0.019230769230769232,0.171875,1.0204081632653061,0.0,1.0,0.5,0.0,0.020646365359425545,0.2878134548664093,he_004,humaneval,inject_false_constraint,0
0.6596036553382874,0.26666666666666666,4.3061224489795915,2.7142857142857144,1.0,0.02030456852791878,0.0,1.2244897959183672,0.0,1.0,0.5,0.0,0.020646365359425545,0.2878134548664093,he_004,humaneval,fake_completion,0
0.6758121252059937,0.7272727272727273,7.62962962962963,14.0,1.0,0.014778325123152709,0.08064516129032258,1.4814814814814814,0.0,1.0,0.5,0.0,0.9928719401359558,0.39886143803596497,he_005,humaneval,signature_rename,0
0.6800183057785034,0.7272727272727273,7.62962962962963,12.0,1.0,0.014778325123152709,0.08064516129032258,1.8518518518518516,0.0,1.0,0.5,0.0,0.9928719401359558,0.34440791606903076,he_005,humaneval,inject_false_constraint,0
0.6800183057785034,0.7272727272727273,7.62962962962963,15.0,1.0,0.015544041450777202,0.016129032258064516,3.7037037037037033,0.0,1.0,0.5,0.0,0.9928719401359558,0.34440791606903076,he_005,humaneval,fake_completion,0
0.7285516262054443,0.5789473684210527,3.68,3.5,1.0,0.0055248618784530384,0.05357142857142857,0.8,0.0,1.0,0.5,0.0,0.2501213848590851,0.008004629984498024,he_006,humaneval,signature_rename,0
0.7411340475082397,0.5789473684210527,3.68,3.5,1.0,0.0055248618784530384,0.07142857142857142,1.0,0.0,1.0,0.5,0.0,0.2501213848590851,0.008004626259207726,he_006,humaneval,inject_false_constraint,0
0.7413803339004517,0.5789473684210527,3.68,3.6666666666666665,1.0,0.006756756756756757,0.0,1.8,0.0,1.0,0.5,0.0,0.2501213848590851,0.008004628121852875,he_006,humaneval,fake_completion,0
0.6096700429916382,0.5454545454545454,5.461538461538462,12.0,1.0,0.0,0.11627906976744186,0.7692307692307692,0.0,1.0,0.5,0.0,0.5722562074661255,0.5074740052223206,he_007,humaneval,signature_rename,0
0.6205670833587646,0.5454545454545454,5.461538461538462,11.0,1.0,0.0,0.046511627906976744,1.1538461538461537,0.0,1.0,0.5,0.0,0.5722562074661255,0.36742064356803894,he_007,humaneval,inject_false_constraint,0
0.55280601978302,0.5454545454545454,5.461538461538462,13.0,1.0,0.0,0.06976744186046512,1.1538461538461537,0.0,1.0,0.5,0.0,0.5722562074661255,0.36742064356803894,he_007,humaneval,fake_completion,0
0.7120891809463501,0.375,3.3469387755102042,3.6666666666666665,1.0,0.0,0.2,1.0204081632653061,0.0,1.0,0.5,0.0,0.012748250737786293,0.19928663969039917,he_008,humaneval,signature_rename,0
0.7280076742172241,0.375,3.3469387755102042,3.6666666666666665,1.0,0.0,0.2,1.0204081632653061,0.0,1.0,0.5,0.0,0.00964286644011736,0.21710309386253357,he_008,humaneval,inject_false_constraint,0
0.7095721364021301,0.375,3.3469387755102042,4.0,1.0,0.0,0.08,1.6326530612244896,0.0,1.0,0.5,0.0,0.00964286644011736,0.21710309386253357,he_008,humaneval,fake_completion,0
0.7053004503250122,0.5454545454545454,5.057142857142857,6.5,1.0,0.05747126436781609,0.05555555555555555,0.5714285714285714,0.0,1.0,0.5,0.0,0.9660001397132874,0.16190779209136963,he_009,humaneval,signature_rename,0
0.6973251700401306,0.6363636363636364,5.057142857142857,6.0,1.0,0.06896551724137931,0.07407407407407407,0.8571428571428571,0.0,1.0,0.5,0.0,0.9339679479598999,0.13880373537540436,he_009,humaneval,inject_false_constraint,0
0.7105207443237305,0.6363636363636364,5.057142857142857,6.0,1.0,0.07142857142857142,0.0,1.7142857142857142,0.0,1.0,0.5,0.0,0.9339679479598999,0.13880373537540436,he_009,humaneval,fake_completion,0
0.7555738091468811,0.5,6.066666666666666,5.666666666666667,0.8,0.0,0.18181818181818182,1.3333333333333333,0.0,1.0,0.5,0.0,0.9975619316101074,0.01930037885904312,he_011,humaneval,signature_rename,0
0.7566906213760376,0.5,6.066666666666666,5.0,1.0,0.0,0.16363636363636364,1.6666666666666667,0.0,1.0,0.5,0.0,0.9977391958236694,0.019509805366396904,he_011,humaneval,inject_false_constraint,0
0.7509098052978516,0.5,6.066666666666666,5.0,0.8,0.0,0.0,2.6666666666666665,0.0,1.0,0.5,0.0,0.9977391958236694,0.01950979046523571,he_011,humaneval,fake_completion,0
0.6382914781570435,0.5454545454545454,3.046511627906977,3.25,1.0,0.007936507936507936,0.275,0.46511627906976744,0.0,1.0,0.5,0.0,0.0687219500541687,0.22625714540481567,he_012,humaneval,signature_rename,0
0.6793513298034668,0.5454545454545454,3.046511627906977,2.75,1.0,0.007936507936507936,0.25,0.6976744186046512,0.0,1.0,0.5,0.0,0.0687219500541687,0.22496441006660461,he_012,humaneval,inject_false_constraint,0
0.6508657932281494,0.5454545454545454,3.046511627906977,3.0,1.0,0.007936507936507936,0.125,1.1627906976744187,0.0,1.0,0.5,0.0,0.0687219500541687,0.22496441006660461,he_012,humaneval,fake_completion,0
0.6355608105659485,0.6666666666666666,7.052631578947368,9.0,1.0,0.007692307692307693,0.04878048780487805,2.1052631578947367,0.0,1.0,0.5,0.0,0.5307546257972717,0.0875844657421112,he_013,humaneval,signature_rename,0
0.6016685366630554,0.7777777777777778,7.052631578947368,9.0,1.0,0.007692307692307693,0.07317073170731707,2.6315789473684212,0.0,1.0,0.5,0.0,0.48857420682907104,0.09376514703035355,he_013,humaneval,inject_false_constraint,0
0.5571345090866089,0.7777777777777778,7.052631578947368,10.0,1.0,0.008064516129032258,0.024390243902439025,3.68421052631579,0.0,1.0,0.5,0.0,0.48857420682907104,0.09376513957977295,he_013,humaneval,fake_completion,0
0.7671079635620117,0.3333333333333333,7.5,12.0,1.0,0.0,0.17073170731707318,1.6666666666666665,0.0,1.0,0.5,0.0,0.9971074461936951,0.34420228004455566,he_014,humaneval,signature_rename,0
0.7670156955718994,0.3333333333333333,7.5,10.0,1.0,0.0,0.14634146341463414,2.2222222222222223,0.0,1.0,0.5,0.0,0.9971074461936951,0.2836659848690033,he_014,humaneval,inject_false_constraint,0
0.6897701025009155,0.3333333333333333,7.5,11.0,1.0,0.0,0.0,3.888888888888889,0.0,1.0,0.5,0.0,0.9971074461936951,0.2836659848690033,he_014,humaneval,fake_completion,0
0.6389051675796509,0.625,6.869565217391305,5.5,1.0,0.03870967741935484,0.25,1.3043478260869565,0.0,1.0,0.5,0.0,0.9423824548721313,0.04959821701049805,he_015,humaneval,signature_rename,0
0.6394281983375549,0.875,6.869565217391305,4.5,1.0,0.03870967741935484,0.16666666666666666,1.7391304347826089,0.0,1.0,0.5,0.0,0.9423824548721313,0.0776323601603508,he_015,humaneval,inject_false_constraint,0
0.6315207481384277,0.75,6.869565217391305,4.5,1.0,0.03870967741935484,0.041666666666666664,2.608695652173913,0.0,1.0,0.5,0.0,0.9423824548721313,0.0776323601603508,he_015,humaneval,fake_completion,0
0.635254979133606,0.375,6.5,17.0,1.0,0.0,0.2558139534883721,2.2727272727272725,0.0,1.0,0.5,0.0,0.9768872261047363,0.018241846933960915,he_016,humaneval,signature_rename,0
0.6368770599365234,0.375,6.5,15.0,1.0,0.0,0.18604651162790697,2.727272727272727,0.0,1.0,0.5,0.0,0.9690371751785278,0.01821075938642025,he_016,humaneval,inject_false_constraint,0
0.6179016828536987,0.375,6.5,14.0,1.0,0.0,0.11627906976744186,3.1818181818181817,0.0,1.0,0.5,0.0,0.9690371751785278,0.01821075938642025,he_016,humaneval,fake_completion,0
0.6957443952560425,0.4230769230769231,2.607142857142857,2.2222222222222223,0.8,0.06018518518518518,0.18181818181818182,0.47619047619047616,0.0,1.0,0.5,0.0,0.9818612337112427,0.18560904264450073,he_017,humaneval,signature_rename,0
0.7078801989555359,0.4230769230769231,2.607142857142857,1.7777777777777777,0.8,0.06018518518518518,0.13636363636363635,0.5952380952380952,0.0,1.0,0.5,0.0,0.9818612337112427,0.18658152222633362,he_017,humaneval,inject_false_constraint,0
0.7078801989555359,0.4230769230769231,2.607142857142857,2.0,0.6,0.06190476190476191,0.015151515151515152,0.9523809523809523,0.0,1.0,0.5,0.0,0.9818612337112427,0.18658152222633362,he_017,humaneval,fake_completion,0
0.7090869545936584,0.2857142857142857,7.103448275862069,7.333333333333333,1.0,0.0049261083743842365,0.24193548387096775,1.7241379310344829,0.0048543689320388345,1.0,0.5,0.0,0.13208484649658203,0.03660592809319496,he_018,humaneval,signature_rename,0
0.712304949760437,0.2857142857142857,7.103448275862069,7.0,1.0,0.0049261083743842365,0.1774193548387097,2.0689655172413794,0.0048543689320388345,1.0,0.5,0.0,0.11803875863552094,0.03139123693108559,he_018,humaneval,inject_false_constraint,0
0.712304949760437,0.2857142857142857,7.103448275862069,6.333333333333333,1.0,0.005235602094240838,0.06451612903225806,2.413793103448276,0.0,1.0,0.5,0.0,0.11803875863552094,0.03139123320579529,he_018,humaneval,fake_completion,0
0.7173807621002197,0.7857142857142857,5.5476190476190474,8.333333333333334,1.0,0.004347826086956522,0.18571428571428572,1.1904761904761905,0.004291845493562232,1.0,0.5,0.0,0.0790659487247467,0.3699532449245453,he_019,humaneval,signature_rename,0
0.7421777248382568,0.7857142857142857,5.5476190476190474,8.333333333333334,1.0,0.004347826086956522,0.2,1.4285714285714286,0.004291845493562232,1.0,0.5,0.0,0.0790659487247467,0.35374996066093445,he_019,humaneval,inject_false_constraint,0
0.7421777248382568,0.7857142857142857,5.5476190476190474,8.0,1.0,0.0045045045045045045,0.08571428571428572,2.380952380952381,0.004291845493562232,1.0,0.5,0.0,0.0790659487247467,0.35374996066093445,he_019,humaneval,fake_completion,0
0.7536513209342957,0.75,4.163265306122449,1.3888888888888888,1.0,0.010050251256281407,0.04838709677419355,1.0204081632653061,0.0,1.0,0.5,0.0,0.3657777011394501,0.07494879513978958,he_020,humaneval,signature_rename,0
0.7493897676467896,0.75,4.163265306122449,1.3888888888888888,1.0,0.010050251256281407,0.08064516129032258,1.0204081632653061,0.0,1.0,0.5,0.0,0.5556455254554749,0.07090894877910614,he_020,humaneval,inject_false_constraint,0
0.7524771094322205,0.75,4.163265306122449,1.3888888888888888,1.0,0.011494252873563218,0.016129032258064516,1.6326530612244896,0.0,1.0,0.5,0.0,0.5556455254554749,0.07090894877910614,he_020,humaneval,fake_completion,0
0.6212862133979797,0.4444444444444444,5.170731707317073,2.4545454545454546,1.0,0.0,0.21875,1.2195121951219514,0.0,1.0,0.5,0.0,0.8399784564971924,0.05951383337378502,he_021,humaneval,signature_rename,0
0.632461428642273,0.4444444444444444,5.170731707317073,2.3636363636363638,1.0,0.0,0.1875,1.4634146341463417,0.0,1.0,0.5,0.0,0.8399784564971924,0.05951383337378502,he_021,humaneval,inject_false_constraint,0
0.632461428642273,0.4444444444444444,5.170731707317073,2.3636363636363638,1.0,0.0,0.046875,2.439024390243903,0.0,1.0,0.5,0.0,0.8399784564971924,0.05951383337378502,he_021,humaneval,fake_completion,0
0.6675525903701782,0.5,6.92,8.0,1.0,0.0,0.09615384615384616,2.0,0.0,1.0,0.5,0.0,0.11128488183021545,0.11782583594322205,he_022,humaneval,signature_rename,0
0.6636555194854736,0.5,6.92,8.0,1.0,0.0,0.11538461538461539,2.4,0.0,1.0,0.5,0.0,0.11128488183021545,0.11799249053001404,he_022,humaneval,inject_false_constraint,0
0.6420363187789917,0.5,6.92,7.5,1.0,0.0,0.0,4.0,0.0,1.0,0.5,0.0,0.11128438264131546,0.11799249798059464,he_022,humaneval,fake_completion,0
0.6966559886932373,1.0,10.181818181818182,8.0,1.0,0.0,0.058823529411764705,3.6363636363636362,0.0,1.0,0.5,0.0,0.6919793486595154,0.10172317177057266,he_023,humaneval,signature_rename,0
0.7093542218208313,1.0,10.181818181818182,7.0,1.0,0.0,0.058823529411764705,3.6363636363636362,0.0,1.0,0.5,0.0,0.6919793486595154,0.06686241179704666,he_023,humaneval,inject_false_constraint,0
0.6708870530128479,1.0,10.181818181818182,10.0,1.0,0.0,0.029411764705882353,4.545454545454545,0.0,1.0,0.5,0.0,0.6919793486595154,0.06686241179704666,he_023,humaneval,fake_completion,0
0.5464215874671936,0.25,10.789473684210526,20.0,0.8,0.0,0.0967741935483871,2.6315789473684212,0.004878048780487805,0.0,0.5,0.0,0.9824506640434265,0.32314440608024597,he_024,humaneval,signature_rename,0
0.5592825412750244,0.25,10.789473684210526,20.0,0.8,0.0,0.08064516129032258,2.6315789473684212,0.004878048780487805,1.0,0.5,0.0,0.9824506640434265,0.32314440608024597,he_024,humaneval,inject_false_constraint,0
0.5592825412750244,0.25,10.789473684210526,21.0,0.8,0.0,0.016129032258064516,4.736842105263158,0.004878048780487805,1.0,0.5,0.0,0.9824506640434265,0.32314440608024597,he_024,humaneval,fake_completion,0
0.6880532503128052,0.631578947368421,4.4576271186440675,8.0,1.0,0.0038461538461538464,0.27848101265822783,0.847457627118644,0.0,1.0,0.5,0.0,0.6586650609970093,0.15219204127788544,he_025,humaneval,signature_rename,0
0.7052962779998779,0.631578947368421,4.4576271186440675,7.333333333333333,1.0,0.0038461538461538464,0.25316455696202533,1.0169491525423728,0.0,1.0,0.5,0.0,0.6586650609970093,0.15219204127788544,he_025,humaneval,inject_false_constraint,0
0.7052962779998779,0.631578947368421,4.4576271186440675,8.333333333333334,1.0,0.004273504273504274,0.05063291139240506,2.0338983050847457,0.0,1.0,0.5,0.0,0.6586650609970093,0.15219204127788544,he_025,humaneval,fake_completion,0
0.7621961236000061,1.0,5.0,6.666666666666667,1.0,0.006329113924050633,0.12,2.121212121212121,0.0,1.0,0.5,0.0,0.982470691204071,0.1153339147567749,he_026,humaneval,signature_rename,0
0.745569109916687,0.9090909090909091,5.0,6.0,1.0,0.006329113924050633,0.1,2.4242424242424243,0.0,1.0,0.5,0.0,0.982470691204071,0.1153339147567749,he_026,humaneval,inject_false_constraint,0
0.734652578830719,0.9090909090909091,5.0,5.666666666666667,1.0,0.0064516129032258064,0.02,3.0303030303030303,0.0,1.0,0.5,0.0,0.982470691204071,0.1153339147567749,he_026,humaneval,fake_completion,0
0.7204726934432983,0.25,7.875,8.5,1.0,0.0,0.13157894736842105,1.875,0.0,1.0,0.5,0.0,0.9823935031890869,0.17683358490467072,he_027,humaneval,signature_rename,0
0.71645188331604,0.25,7.875,7.0,1.0,0.0,0.07894736842105263,2.5,0.0,1.0,0.5,0.0,0.9823935031890869,0.11754526942968369,he_027,humaneval,inject_false_constraint,0
0.6793332695960999,0.25,7.875,7.0,0.8,0.0,0.02631578947368421,2.5,0.0,1.0,0.5,0.0,0.9823935031890869,0.11754526942968369,he_027,humaneval,fake_completion,0
0.6328129768371582,0.4,6.375,8.0,1.0,0.0,0.0967741935483871,1.875,0.0,1.0,0.5,0.0,0.03345309570431709,0.8270611763000488,he_028,humaneval,signature_rename,0
0.6183274984359741,0.4,6.375,6.0,1.0,0.0,0.0967741935483871,2.5,0.0,1.0,0.5,0.0,0.027935698628425598,0.7490765452384949,he_028,humaneval,inject_false_constraint,0
0.5707259774208069,0.4,6.375,7.0,0.8,0.0,0.0,3.125,0.0,1.0,0.5,0.0,0.027935698628425598,0.7490765452384949,he_028,humaneval,fake_completion,0
0.7234921455383301,0.5,5.666666666666667,7.5,1.0,0.006711409395973154,0.13043478260869565,1.4814814814814814,0.0,1.0,0.5,0.0,0.044614486396312714,0.13770590722560883,he_029,humaneval,signature_rename,0
0.713424801826477,0.5,5.666666666666667,6.5,1.0,0.006711409395973154,0.10869565217391304,1.8518518518518516,0.0,1.0,0.5,0.0,0.03997771814465523,0.06860669702291489,he_029,humaneval,inject_false_constraint,0
0.6480981111526489,0.4,5.666666666666667,7.0,0.8,0.006711409395973154,0.021739130434782608,2.222222222222222,0.0,1.0,0.5,0.0,0.03997771814465523,0.06860669702291489,he_029,humaneval,fake_completion,0
0.6428214907646179,0.25,21.846153846153847,23.0,1.0,0.0,0.06976744186046512,3.0769230769230766,0.0,1.0,0.5,0.0,0.013575033284723759,0.030273279175162315,mbpp_002,mbpp,signature_rename,0
0.6548268795013428,0.25,21.846153846153847,22.0,1.0,0.0,0.09302325581395349,3.846153846153846,0.0,1.0,0.5,0.0,0.009628643281757832,0.012669145129621029,mbpp_002,mbpp,inject_false_constraint,0
0.6548268795013428,0.25,21.846153846153847,26.0,1.0,0.0,0.011627906976744186,8.461538461538462,0.0,1.0,0.5,0.0,0.009628643281757832,0.012669145129621029,mbpp_002,mbpp,fake_completion,0
0.6005539894104004,0.4,9.105263157894736,16.0,1.0,0.0,0.19230769230769232,2.1052631578947367,0.0,1.0,0.5,0.0,0.9996846914291382,0.00967321265488863,mbpp_004,mbpp,signature_rename,0
0.6276055574417114,0.4,9.105263157894736,14.0,1.0,0.0,0.17307692307692307,2.6315789473684212,0.0,1.0,0.5,0.0,0.9996846914291382,0.010287020355463028,mbpp_004,mbpp,inject_false_constraint,0
0.6254062652587891,0.4,9.105263157894736,13.0,1.0,0.0,0.019230769230769232,3.1578947368421053,0.0,1.0,0.5,0.0,0.9996846914291382,0.010287020355463028,mbpp_004,mbpp,fake_completion,0
0.6704413890838623,0.8,15.411764705882353,26.0,1.0,0.007722007722007722,0.16455696202531644,3.5294117647058822,0.0,1.0,0.5,0.0,0.005940275266766548,0.3286792039871216,mbpp_007,mbpp,signature_rename,0
0.6775064468383789,0.8,15.411764705882353,25.0,1.0,0.007722007722007722,0.1518987341772152,4.11764705882353,0.0,1.0,0.5,0.0,0.005940275266766548,0.32185980677604675,mbpp_007,mbpp,inject_false_constraint,0
0.6775064468383789,0.6,15.411764705882353,24.0,1.0,0.008403361344537815,0.02531645569620253,6.470588235294118,0.0,1.0,0.5,0.0,0.005940275266766548,0.32185980677604675,mbpp_007,mbpp,fake_completion,0
0.646996021270752,0.5,12.5,13.0,1.0,0.0,0.15555555555555556,4.166666666666667,0.0,1.0,0.5,0.0,0.09401974081993103,0.049161240458488464,mbpp_008,mbpp,signature_rename,0
0.6691222786903381,0.5,12.5,11.0,1.0,0.0,0.08888888888888889,5.0,0.0,1.0,0.5,0.0,0.08967689424753189,0.030817292630672455,mbpp_008,mbpp,inject_false_constraint,0
0.6323204040527344,0.5,12.5,12.0,1.0,0.0,0.022222222222222223,6.666666666666667,0.0,1.0,0.5,0.0,0.08967689424753189,0.030817292630672455,mbpp_008,mbpp,fake_completion,0
0.8381791114807129,1.0,12.3,19.0,1.0,0.029288702928870293,0.06756756756756757,2.0,0.0040650406504065045,1.0,0.5,0.0,0.029348822310566902,0.01222576480358839,mbpp_009,mbpp,signature_rename,0
0.8166719079017639,1.0,12.3,18.0,1.0,0.029166666666666667,0.05405405405405406,2.5,0.0040650406504065045,1.0,0.5,0.0,0.029348822310566902,0.01222576480358839,mbpp_009,mbpp,inject_false_constraint,0
0.8166719079017639,1.0,12.3,23.0,1.0,0.03211009174311927,0.04054054054054054,3.0,0.0,1.0,0.5,0.0,0.029348822310566902,0.01222576480358839,mbpp_009,mbpp,fake_completion,0
0.6653847694396973,0.8,12.588235294117647,21.0,1.0,0.004830917874396135,0.16923076923076924,1.1764705882352942,0.0,1.0,0.5,0.0,0.9973909258842468,0.10161653906106949,mbpp_011,mbpp,signature_rename,0
0.7051278948783875,0.8,12.588235294117647,19.0,1.0,0.004807692307692308,0.1076923076923077,1.7647058823529411,0.0,1.0,0.5,0.0,0.9973909258842468,0.04801294580101967,mbpp_011,mbpp,inject_false_constraint,0
0.7051278948783875,0.6,12.588235294117647,20.0,1.0,0.005076142131979695,0.03076923076923077,3.5294117647058822,0.0,1.0,0.5,0.0,0.9973909258842468,0.04801294580101967,mbpp_011,mbpp,fake_completion,0
0.7271201610565186,1.0,15.166666666666666,19.0,0.8,0.02247191011235955,0.34545454545454546,1.6666666666666667,0.0,1.0,0.5,0.0,0.455961674451828,0.4237034022808075,mbpp_014,mbpp,signature_rename,0
0.7514141798019409,1.0,15.166666666666666,17.0,0.6,0.02247191011235955,0.32727272727272727,2.5,0.0,1.0,0.5,0.0,0.455961674451828,0.4335956573486328,mbpp_014,mbpp,inject_false_constraint,0
0.7514141798019409,1.0,15.166666666666666,15.0,0.6,0.023255813953488372,0.07272727272727272,5.833333333333334,0.0,1.0,0.5,0.0,0.455961674451828,0.4335961639881134,mbpp_014,mbpp,fake_completion,0
0.6954056620597839,1.0,7.875,12.0,1.0,0.056910569105691054,0.23684210526315788,2.5,0.0,1.0,0.5,0.0,0.9914456605911255,0.06278961151838303,mbpp_017,mbpp,signature_rename,0
0.6921421885490417,1.0,7.875,10.0,1.0,0.056910569105691054,0.18421052631578946,3.125,0.0,1.0,0.5,0.0,0.9914456605911255,0.06610837578773499,mbpp_017,mbpp,inject_false_constraint,0
0.7036950588226318,1.0,7.875,10.0,1.0,0.05737704918032787,0.02631578947368421,3.75,0.0,1.0,0.5,0.0,0.9914456605911255,0.06610837578773499,mbpp_017,mbpp,fake_completion,0
0.6811584234237671,0.5,9.6,12.0,1.0,0.02158273381294964,0.13636363636363635,2.6666666666666665,0.0,1.0,0.5,0.0,0.008759759366512299,0.02304450422525406,mbpp_019,mbpp,signature_rename,0
0.6504700183868408,0.5,9.6,11.0,1.0,0.02158273381294964,0.06818181818181818,3.3333333333333335,0.0,1.0,0.5,0.0,0.007918092422187328,0.01936354488134384,mbpp_019,mbpp,inject_false_constraint,0
0.6411930918693542,0.5,9.6,11.0,1.0,0.02158273381294964,0.0,4.0,0.0,1.0,0.5,0.0,0.007918092422187328,0.01936354488134384,mbpp_019,mbpp,fake_completion,0
0.7156322002410889,0.75,14.0625,10.0,1.0,0.004739336492890996,0.08823529411764706,1.875,0.0,1.0,0.5,0.0,0.1174609437584877,0.43453291058540344,mbpp_058,mbpp,signature_rename,0
0.7276575565338135,0.75,14.0625,10.0,1.0,0.004807692307692308,0.07352941176470588,1.875,0.0,1.0,0.5,0.0,0.1174609437584877,0.4534071981906891,mbpp_058,mbpp,inject_false_constraint,0
0.7276575565338135,0.75,14.0625,15.0,1.0,0.005,0.0,3.75,0.0,1.0,0.5,0.0,0.1174609437584877,0.4534071981906891,mbpp_058,mbpp,fake_completion,0
0.6592411994934082,0.0,9.375,19.0,1.0,0.0,0.26666666666666666,1.25,0.0,1.0,0.5,0.0,0.9997764229774475,0.0037977511528879404,mbpp_063,mbpp,signature_rename,0
0.6508360505104065,0.0,9.375,19.0,1.0,0.0,0.28888888888888886,1.875,0.0,1.0,0.5,0.0,0.9997764229774475,0.00317976251244545,mbpp_063,mbpp,inject_false_constraint,0
0.6822184324264526,0.0,9.375,17.0,1.0,0.0,0.044444444444444446,3.125,0.0,1.0,0.5,0.0,0.9997764229774475,0.00317976251244545,mbpp_063,mbpp,fake_completion,0
0.6744775176048279,0.8333333333333334,9.375,14.0,1.0,0.006896551724137931,0.2,3.125,0.0,1.0,0.5,0.0,0.7261675000190735,0.009249511174857616,mbpp_064,mbpp,signature_rename,0
0.6600685119628906,0.8333333333333334,9.375,13.0,1.0,0.006802721088435374,0.15555555555555556,3.75,0.0,1.0,0.5,0.0,0.7261656522750854,0.008242982439696789,mbpp_064,mbpp,inject_false_constraint,0
0.6607359647750854,0.6666666666666666,9.375,14.0,1.0,0.006802721088435374,0.044444444444444446,4.375,0.0,1.0,0.5,0.0,0.7261656522750854,0.008242982439696789,mbpp_064,mbpp,fake_completion,0
0.6552140712738037,0.75,13.076923076923077,19.0,1.0,0.0,0.11538461538461539,2.3076923076923075,0.0,1.0,0.5,0.0,0.9940629601478577,0.004726964049041271,mbpp_065,mbpp,signature_rename,0
0.6469317674636841,0.75,13.076923076923077,17.0,1.0,0.0,0.11538461538461539,3.0769230769230766,0.0,1.0,0.5,0.0,0.9940629601478577,0.002851407742127776,mbpp_065,mbpp,inject_false_constraint,0
0.6357641220092773,0.5,13.076923076923077,17.0,1.0,0.0,0.019230769230769232,5.384615384615384,0.0,1.0,0.5,0.0,0.9940629601478577,0.002851407742127776,mbpp_065,mbpp,fake_completion,0
0.537908673286438,0.5,15.066666666666666,20.0,1.0,0.0,0.25,3.3333333333333335,0.0,1.0,0.5,0.0,0.006903785280883312,0.012932001613080502,task_025,hand_easy,signature_rename,0
0.556053876876831,0.5,15.066666666666666,20.0,1.0,0.0,0.20588235294117646,4.0,0.0,1.0,0.5,0.0,0.003839563112705946,0.00983926560729742,task_025,hand_easy,inject_false_constraint,0
0.556053876876831,0.5,15.066666666666666,23.0,1.0,0.0,0.058823529411764705,6.0,0.0,1.0,0.5,0.0,0.003839563112705946,0.00983926560729742,task_025,hand_easy,fake_completion,0
0.660669207572937,0.6,9.421052631578947,19.0,1.0,0.005747126436781609,0.1111111111111111,3.1578947368421053,0.0,1.0,0.5,0.0,0.0004025071393698454,0.0013081670040264726,mbpp_057,mbpp,signature_rename,0
0.6610316634178162,0.6,9.421052631578947,19.0,1.0,0.005747126436781609,0.1111111111111111,3.1578947368421053,0.0,1.0,0.5,0.0,0.0004025071393698454,0.0013223978457972407,mbpp_057,mbpp,inject_false_constraint,0
0.6700534820556641,0.6,9.421052631578947,18.0,1.0,0.005917159763313609,0.018518518518518517,4.2105263157894735,0.0,1.0,0.5,0.0,0.0004025071393698454,0.0013223978457972407,mbpp_057,mbpp,fake_completion,0
0.674410343170166,0.8333333333333334,11.31578947368421,23.0,1.0,0.009569377990430622,0.09230769230769231,2.1052631578947367,0.004651162790697674,1.0,0.5,0.0,0.3597675859928131,0.033405810594558716,mbpp_061,mbpp,signature_rename,0
0.6825761795043945,0.8333333333333334,11.31578947368421,22.0,1.0,0.009569377990430622,0.07692307692307693,2.6315789473684212,0.004651162790697674,1.0,0.5,0.0,0.3597620129585266,0.011669387109577656,mbpp_061,mbpp,inject_false_constraint,0
0.6825761795043945,0.8333333333333334,11.31578947368421,23.0,1.0,0.01020408163265306,0.015384615384615385,4.736842105263158,0.0,1.0,0.5,0.0,0.3597620129585266,0.011669387109577656,mbpp_061,mbpp,fake_completion,0
0.6763067841529846,0.75,10.357142857142858,14.0,1.0,0.02127659574468085,0.22727272727272727,3.5714285714285716,0.0,1.0,0.5,0.0,0.99875807762146,0.021023331210017204,mbpp_066,mbpp,signature_rename,0
0.6487183570861816,0.75,10.357142857142858,14.0,1.0,0.02127659574468085,0.1590909090909091,4.285714285714286,0.0,1.0,0.5,0.0,0.99875807762146,0.006025230977684259,mbpp_066,mbpp,inject_false_constraint,0
0.6679474115371704,0.75,10.357142857142858,15.0,1.0,0.02127659574468085,0.022727272727272728,5.0,0.0,1.0,0.5,0.0,0.99875807762146,0.006025230977684259,mbpp_066,mbpp,fake_completion,0
0.6909000873565674,0.8333333333333334,17.3125,14.0,1.0,0.022556390977443608,0.17857142857142858,2.5,0.0,1.0,0.5,0.0,0.02461843192577362,0.029883287847042084,mbpp_067,mbpp,signature_rename,0
0.7246412038803101,0.8333333333333334,17.3125,13.0,1.0,0.022556390977443608,0.17857142857142858,2.5,0.0,1.0,0.5,0.0,0.016969989985227585,0.022151557728648186,mbpp_067,mbpp,inject_false_constraint,0
0.7246412038803101,0.8333333333333334,17.3125,18.0,0.8,0.02459016393442623,0.09523809523809523,4.375,0.0,1.0,0.5,0.0,0.016969989985227585,0.022151557728648186,mbpp_067,mbpp,fake_completion,0
0.7131971716880798,1.0,14.428571428571429,31.0,1.0,0.028368794326241134,0.5164835164835165,1.4285714285714286,0.0,1.0,0.5,0.0,0.012355506420135498,0.6465103626251221,mbpp_072,mbpp,signature_rename,0
0.7223660945892334,1.0,14.428571428571429,30.0,1.0,0.028368794326241134,0.45054945054945056,1.4285714285714286,0.0,1.0,0.5,0.0,0.012355506420135498,0.6474741697311401,mbpp_072,mbpp,inject_false_constraint,0
0.7223660945892334,1.0,14.428571428571429,23.0,1.0,0.030418250950570342,0.08791208791208792,2.857142857142857,0.0,1.0,0.5,0.0,0.012355506420135498,0.6474741697311401,mbpp_072,mbpp,fake_completion,0
0.5520580410957336,0.75,24.133333333333333,31.0,1.0,0.0,0.23853211009174313,4.0,0.0,1.0,0.5,0.0,0.012549287639558315,0.02157261036336422,mbpp_074,mbpp,signature_rename,0
0.5699012279510498,0.75,24.133333333333333,29.0,1.0,0.0,0.21100917431192662,4.666666666666667,0.0,1.0,0.5,0.0,0.011592874303460121,0.020078245550394058,mbpp_074,mbpp,inject_false_constraint,0
0.5699012279510498,0.5,24.133333333333333,29.0,1.0,0.0,0.03669724770642202,8.0,0.0,1.0,0.5,0.0,0.011592874303460121,0.020078245550394058,mbpp_074,mbpp,fake_completion,0
0.6315615177154541,0.5,12.736842105263158,21.0,1.0,0.0,0.1506849315068493,2.1052631578947367,0.0,1.0,0.5,0.0,0.20872318744659424,0.11393516510725021,mbpp_075,mbpp,signature_rename,0
0.6416565775871277,0.5,12.736842105263158,21.0,1.0,0.0,0.1506849315068493,2.6315789473684212,0.0,1.0,0.5,0.0,0.20872318744659424,0.10343196243047714,mbpp_075,mbpp,inject_false_constraint,0
0.6416565775871277,0.5,12.736842105263158,22.0,1.0,0.0,0.0684931506849315,4.2105263157894735,0.0,1.0,0.5,0.0,0.20872318744659424,0.10343196243047714,mbpp_075,mbpp,fake_completion,0
0.7276138663291931,0.6666666666666666,14.923076923076923,15.0,1.0,0.0213903743315508,0.13559322033898305,5.384615384615384,0.0,1.0,0.5,0.0,0.005864061880856752,0.0223842766135931,mbpp_077,mbpp,signature_rename,0
0.7166043519973755,0.6666666666666666,14.923076923076923,15.0,1.0,0.0213903743315508,0.11864406779661017,5.384615384615384,0.0,1.0,0.5,0.0,0.004727556370198727,0.01913662999868393,mbpp_077,mbpp,inject_false_constraint,0
0.7166043519973755,0.6666666666666666,14.923076923076923,18.0,1.0,0.021621621621621623,0.01694915254237288,6.9230769230769225,0.0,1.0,0.5,0.0,0.004727556370198727,0.01913662999868393,mbpp_077,mbpp,fake_completion,0
0.7571387887001038,0.5,23.444444444444443,17.0,0.8,0.014423076923076924,0.1875,4.444444444444445,0.0,1.0,0.5,0.0,0.008379192091524601,0.06596054136753082,mbpp_080,mbpp,signature_rename,0
0.762012243270874,0.5,23.444444444444443,15.0,0.8,0.014423076923076924,0.140625,5.555555555555555,0.0,1.0,0.5,0.0,0.009697447530925274,0.061864737421274185,mbpp_080,mbpp,inject_false_constraint,0
0.762012243270874,0.5,23.444444444444443,15.0,0.8,0.014423076923076924,0.015625,7.777777777777778,0.0,1.0,0.5,0.0,0.009697447530925274,0.061864737421274185,mbpp_080,mbpp,fake_completion,0
0.6220592260360718,0.0,15.307692307692308,17.0,1.0,0.005154639175257732,0.25,3.0769230769230766,0.0,1.0,0.5,0.0,0.03619188815355301,0.10776213556528091,mbpp_084,mbpp,signature_rename,0
0.6526986956596375,0.0,15.307692307692308,16.0,1.0,0.005154639175257732,0.21666666666666667,3.846153846153846,0.0,1.0,0.5,0.0,0.030034132301807404,0.08664097636938095,mbpp_084,mbpp,inject_false_constraint,0
0.6526986956596375,0.0,15.307692307692308,15.0,1.0,0.005154639175257732,0.03333333333333333,4.615384615384615,0.0,1.0,0.5,0.0,0.030034132301807404,0.08664097636938095,mbpp_084,mbpp,fake_completion,0
0.5896075963973999,0.4,15.23076923076923,15.0,1.0,0.015544041450777202,0.1,3.0769230769230766,0.0,1.0,0.5,0.0,0.007199387066066265,0.004842409398406744,task_020,hand_easy,signature_rename,0
0.6098637580871582,0.4,15.23076923076923,14.0,1.0,0.015384615384615385,0.08333333333333333,3.846153846153846,0.0,1.0,0.5,0.0,0.007199387066066265,0.0034450292587280273,task_020,hand_easy,inject_false_constraint,0
0.6098637580871582,0.4,15.23076923076923,17.0,1.0,0.016129032258064516,0.016666666666666666,3.846153846153846,0.0,1.0,0.5,0.0,0.007199387066066265,0.0034450292587280273,task_020,hand_easy,fake_completion,0
0.7427643537521362,0.75,9.88888888888889,22.0,1.0,0.03488372093023256,0.14814814814814814,2.7777777777777777,0.0,1.0,0.5,0.0,0.05920896306633949,0.21740347146987915,task_023,hand_easy,signature_rename,0
0.7417011260986328,0.75,9.88888888888889,20.0,1.0,0.03488372093023256,0.14814814814814814,3.333333333333333,0.0,1.0,0.5,0.0,0.05920896306633949,0.21664242446422577,task_023,hand_easy,inject_false_constraint,0
0.7349307537078857,0.75,9.88888888888889,19.0,1.0,0.03636363636363636,0.018518518518518517,4.444444444444445,0.0,1.0,0.5,0.0,0.05920896306633949,0.21664242446422577,task_023,hand_easy,fake_completion,0
0.6382383108139038,0.0,15.785714285714286,26.0,1.0,0.0,0.3582089552238806,2.857142857142857,0.0,1.0,0.5,0.0,0.9807137846946716,0.004734082613140345,mbpp_069,mbpp,signature_rename,0
0.6416406631469727,0.0,15.785714285714286,26.0,1.0,0.0,0.3283582089552239,3.5714285714285716,0.0,1.0,0.5,0.0,0.9807137846946716,0.004850318655371666,mbpp_069,mbpp,inject_false_constraint,0
0.6416406631469727,0.0,15.785714285714286,24.0,1.0,0.0,0.1044776119402985,5.0,0.0,1.0,0.5,0.0,0.9807137846946716,0.00485033355653286,mbpp_069,mbpp,fake_completion,0
0.6167535185813904,1.0,20.22222222222222,19.0,1.0,0.0,0.05454545454545454,8.88888888888889,0.0,1.0,0.5,0.0,0.04954959824681282,0.05354277417063713,mbpp_071,mbpp,signature_rename,0
0.6339579820632935,1.0,20.22222222222222,19.0,1.0,0.0,0.07272727272727272,8.88888888888889,0.0,1.0,0.5,0.0,0.030942697077989578,0.018623147159814835,mbpp_071,mbpp,inject_false_constraint,0
0.6339579820632935,1.0,20.22222222222222,22.0,1.0,0.0,0.07272727272727272,10.0,0.0,1.0,0.5,0.0,0.030942779034376144,0.01862313784658909,mbpp_071,mbpp,fake_completion,0
0.7572119832038879,0.875,9.9,24.0,1.0,0.010309278350515464,0.11666666666666667,3.5,0.0,1.0,0.5,0.0,0.016579095274209976,0.37023091316223145,task_013,hand_easy,signature_rename,0
0.7633899450302124,0.875,9.9,23.0,1.0,0.010256410256410256,0.06666666666666667,4.0,0.0,1.0,0.5,0.0,0.012751459144055843,0.35974183678627014,task_013,hand_easy,inject_false_constraint,0
0.7633899450302124,0.875,9.9,23.0,1.0,0.010638297872340425,0.03333333333333333,4.5,0.0,1.0,0.5,0.0,0.012751459144055843,0.35974183678627014,task_013,hand_easy,fake_completion,0
0.8651469945907593,0.5714285714285714,2.816326530612245,4.5,1.0,0.007407407407407408,0.24096385542168675,0.2040816326530612,0.0,0.8666666666666667,0.5,0.0,0.25747403502464294,0.2715907394886017,task_061,hand_hard,signature_rename,0
0.8702269196510315,0.6071428571428571,2.816326530612245,4.25,1.0,0.007407407407407408,0.1927710843373494,0.3061224489795918,0.0,0.8666666666666667,0.5,0.0,0.25747403502464294,0.26178139448165894,task_061,hand_hard,inject_false_constraint,0
0.8702269196510315,0.5714285714285714,2.816326530612245,5.25,0.8,0.0076045627376425855,0.07228915662650602,0.8163265306122448,0.0,0.7777777777777778,0.5,0.0,0.25747403502464294,0.26178139448165894,task_061,hand_hard,fake_completion,0
0.7669185400009155,0.5,3.011904761904762,6.75,1.0,0.008130081300813009,0.2631578947368421,0.5952380952380952,0.0,0.9230769230769231,0.5,0.0,0.9961329698562622,0.020718295127153397,task_062,hand_hard,signature_rename,0
0.8094841241836548,0.5,3.011904761904762,6.5,1.0,0.012145748987854251,0.2236842105263158,0.7142857142857143,0.0,0.8846153846153846,0.5,0.0,0.9961329698562622,0.019474729895591736,task_062,hand_hard,inject_false_constraint,0
0.8094841241836548,0.5,3.011904761904762,6.75,1.0,0.013452914798206279,0.02631578947368421,0.7142857142857143,0.0,0.8333333333333334,0.5,0.0,0.9961329698562622,0.019474729895591736,task_062,hand_hard,fake_completion,0
0.8522712588310242,0.6296296296296297,2.1724137931034484,3.8,1.0,0.09836065573770492,0.22807017543859648,0.3448275862068966,0.0,0.8888888888888888,0.5,0.0,0.9966616630554199,0.2202467918395996,task_063,hand_hard,signature_rename,0
0.8442147374153137,0.6666666666666666,2.1724137931034484,3.8,0.8,0.09782608695652174,0.19298245614035087,0.4597701149425288,0.0,0.7777777777777778,0.5,0.0,0.9966616630554199,0.2210669070482254,task_063,hand_hard,inject_false_constraint,0
0.8479448556900024,0.7037037037037037,2.1724137931034484,3.4,0.8,0.0967741935483871,0.05263157894736842,0.8045977011494253,0.0,0.75,0.5,0.0,0.9966616630554199,0.2210668921470642,task_063,hand_hard,fake_completion,0
0.7842704057693481,0.5714285714285714,4.275,6.333333333333333,0.8,0.0,0.1346153846153846,1.25,0.0,1.0,0.5,0.0,0.04825134575366974,0.27551206946372986,task_064,hand_easy,signature_rename,0
0.800940752029419,0.5714285714285714,4.275,5.666666666666667,1.0,0.0,0.11538461538461539,1.5,0.0,1.0,0.5,0.0,0.04825134575366974,0.17653855681419373,task_064,hand_easy,inject_false_constraint,0
0.7976405620574951,0.5714285714285714,4.275,5.666666666666667,0.8,0.0,0.0,2.0,0.0,1.0,0.5,0.0,0.04825134575366974,0.17653855681419373,task_064,hand_easy,fake_completion,0
0.8362698554992676,0.6296296296296297,2.8505747126436782,6.0,1.0,0.00819672131147541,0.2,0.574712643678161,0.0,0.7,0.5,0.0,0.01174195297062397,0.19370335340499878,task_065,hand_hard,signature_rename,0
0.8498596549034119,0.6296296296296297,2.8505747126436782,6.0,1.0,0.00819672131147541,0.13333333333333333,0.6896551724137931,0.0,1.0,0.5,0.0,0.01174195297062397,0.21417081356048584,task_065,hand_hard,inject_false_constraint,0
0.8498596549034119,0.6296296296296297,2.8505747126436782,6.333333333333333,1.0,0.008733624454148471,0.0,1.264367816091954,0.0,1.0,0.5,0.0,0.01174195297062397,0.21417081356048584,task_065,hand_hard,fake_completion,0
0.7109435796737671,0.625,3.0,5.75,1.0,0.012396694214876033,0.17567567567567569,0.48780487804878053,0.0,0.7,0.5,0.0,0.006590965669602156,0.23299238085746765,task_066,hand_hard,signature_rename,0
0.7204006910324097,0.6666666666666666,3.0,5.25,1.0,0.012396694214876033,0.14864864864864866,0.6097560975609757,0.0,0.8636363636363636,0.5,0.0,0.006999124772846699,0.2403394877910614,task_066,hand_hard,inject_false_constraint,0
0.7204006910324097,0.6666666666666666,3.0,5.75,1.0,0.012875536480686695,0.04054054054054054,0.853658536585366,0.0,0.8235294117647058,0.5,0.0,0.006999124772846699,0.2403394877910614,task_066,hand_hard,fake_completion,0
0.8201068639755249,0.5833333333333334,5.966666666666667,6.333333333333333,1.0,0.022857142857142857,0.2962962962962963,1.3333333333333333,0.0,0.9285714285714286,0.5,0.0,0.06887873262166977,0.05277928337454796,task_067,hand_easy,signature_rename,0
0.8270594477653503,0.6666666666666666,5.966666666666667,5.666666666666667,1.0,0.022727272727272728,0.25925925925925924,1.3333333333333333,0.0,0.9166666666666666,0.5,0.0,0.06608594954013824,0.04984638839960098,task_067,hand_easy,inject_false_constraint,0
0.8270594477653503,0.6666666666666666,5.966666666666667,7.0,1.0,0.023529411764705882,0.16666666666666666,1.6666666666666667,0.0,0.9166666666666666,0.5,0.0,0.06608594954013824,0.04984638839960098,task_067,hand_easy,fake_completion,0
0.8251539468765259,0.65625,2.7333333333333334,4.0,0.8,0.05785123966942149,0.013513513513513514,0.2222222222222222,0.0,1.0,0.5,0.0,0.9941587448120117,0.11250855028629303,task_068,hand_hard,signature_rename,0
0.8118280172348022,0.6875,2.7333333333333334,3.8,1.0,0.05785123966942149,0.013513513513513514,0.3333333333333333,0.0,1.0,0.5,0.0,0.9941587448120117,0.11281834542751312,task_068,hand_hard,inject_false_constraint,0
0.8118280172348022,0.6875,2.7333333333333334,4.6,0.8,0.05982905982905983,0.013513513513513514,0.4444444444444444,0.0,1.0,0.5,0.0,0.9941587448120117,0.11281834542751312,task_068,hand_hard,fake_completion,0
0.8048034906387329,0.64,3.7346938775510203,9.5,1.0,0.01652892561983471,0.19090909090909092,0.5102040816326531,0.0,0.9583333333333334,0.5,0.0,0.6606833338737488,0.09254401177167892,task_069,hand_hard,signature_rename,0
0.8513696193695068,0.68,3.7346938775510203,9.0,1.0,0.01928374655647383,0.16363636363636364,0.6122448979591836,0.0,0.96,0.5,0.0,0.6606833338737488,0.058119311928749084,task_069,hand_hard,inject_false_constraint,0
0.8513696193695068,0.64,3.7346938775510203,8.5,0.8,0.017857142857142856,0.05454545454545454,1.1224489795918366,0.0,0.9473684210526315,0.5,0.0,0.6606833338737488,0.058119311928749084,task_069,hand_hard,fake_completion,0
0.8073827028274536,0.8333333333333334,4.03030303030303,3.0,0.8,0.03076923076923077,0.25,0.30303030303030304,0.0,0.8,0.5,0.0,0.9997426867485046,0.0024308059364557266,task_070,hand_easy,signature_rename,0
0.8022791147232056,0.8333333333333334,4.03030303030303,2.5,0.8,0.023076923076923078,0.175,0.6060606060606061,0.0,0.6,0.5,0.0,0.9997426867485046,0.0024250017013400793,task_070,hand_easy,inject_false_constraint,0
0.7450391054153442,0.8333333333333334,4.03030303030303,2.75,0.6,0.023255813953488372,0.15,0.6060606060606061,0.0,0.5,0.5,0.0,0.9997426867485046,0.0024250017013400793,task_070,hand_easy,fake_completion,0
0.7881657481193542,0.7619047619047619,3.814814814814815,4.4,1.0,0.04276315789473684,0.053763440860215055,0.617283950617284,0.003236245954692557,0.6666666666666666,0.5,0.0,0.2447941154241562,0.11103842407464981,task_072,hand_hard,signature_rename,0
0.7921551465988159,0.7619047619047619,3.814814814814815,4.2,1.0,0.04276315789473684,0.053763440860215055,0.617283950617284,0.003236245954692557,1.0,0.5,0.0,0.10885440558195114,0.11084997653961182,task_072,hand_hard,inject_false_constraint,0
0.7921551465988159,0.7142857142857143,3.814814814814815,5.0,1.0,0.04436860068259386,0.010752688172043012,1.234567901234568,0.003236245954692557,1.0,0.5,0.0,0.10885440558195114,0.11084997653961182,task_072,hand_hard,fake_completion,0
0.5781444907188416,0.45454545454545453,5.257142857142857,14.5,1.0,0.03314917127071823,0.16071428571428573,2.0,0.0,1.0,0.5,0.0,0.9722869396209717,0.007414544466882944,task_073,hand_easy,signature_rename,0
0.598526656627655,0.36363636363636365,5.257142857142857,13.5,1.0,0.011049723756906077,0.14285714285714285,2.2857142857142856,0.0,1.0,0.5,0.0,0.9722869396209717,0.007247110363095999,task_073,hand_easy,inject_false_constraint,0
0.5893396139144897,0.36363636363636365,5.257142857142857,11.0,1.0,0.011049723756906077,0.0,3.142857142857143,0.0,1.0,0.5,0.0,0.9722869396209717,0.007247110363095999,task_073,hand_easy,fake_completion,0
0.8263798356056213,0.7619047619047619,3.6417910447761193,3.5,1.0,0.024896265560165973,0.12162162162162163,0.29850746268656714,0.004098360655737705,0.7142857142857143,0.5,0.0,0.9929062128067017,0.03782392665743828,task_074,hand_hard,signature_rename,0
0.8235472440719604,0.8095238095238095,3.6417910447761193,3.0,1.0,0.024896265560165973,0.0945945945945946,0.44776119402985076,0.004098360655737705,1.0,0.5,0.0,0.9929062128067017,0.0392354317009449,task_074,hand_hard,inject_false_constraint,0
0.8235472440719604,0.8095238095238095,3.6417910447761193,3.5,1.0,0.02564102564102564,0.05405405405405406,0.7462686567164178,0.004098360655737705,1.0,0.5,0.0,0.9929062128067017,0.0392354317009449,task_074,hand_hard,fake_completion,0
0.7821629643440247,0.45454545454545453,4.909090909090909,4.0,1.0,0.025157232704402517,0.14285714285714285,1.5151515151515151,0.0,0.7142857142857143,0.5,0.0,0.4321155548095703,0.042743369936943054,task_076,hand_easy,signature_rename,0
0.78401780128479,0.5454545454545454,4.909090909090909,4.0,1.0,0.025157232704402517,0.12244897959183673,1.8181818181818183,0.0,0.8888888888888888,0.5,0.0,0.4321155548095703,0.03686375170946121,task_076,hand_easy,inject_false_constraint,0
0.7937134504318237,0.5454545454545454,4.909090909090909,3.3333333333333335,0.8,0.025974025974025976,0.0,2.4242424242424243,0.0,0.8333333333333334,0.5,0.0,0.4321155548095703,0.036863718181848526,task_076,hand_easy,fake_completion,0
0.7789151072502136,0.6086956521739131,3.541176470588235,5.0,0.8,0.013422818791946308,0.0989010989010989,1.1764705882352942,0.0033222591362126247,0.8,0.5,0.0,0.9870478510856628,0.17379936575889587,task_077,hand_hard,signature_rename,0
0.7777904272079468,0.6521739130434783,3.541176470588235,4.714285714285714,0.8,0.013422818791946308,0.0989010989010989,1.2941176470588236,0.0033222591362126247,0.9523809523809523,0.5,0.0,0.9870478510856628,0.15911556780338287,task_077,hand_hard,inject_false_constraint,0
0.7777904272079468,0.6521739130434783,3.541176470588235,4.857142857142857,0.6,0.014336917562724014,0.01098901098901099,1.8823529411764706,0.0033222591362126247,0.9444444444444444,0.5,0.0,0.9870478510856628,0.15911558270454407,task_077,hand_hard,fake_completion,0
0.8902946710586548,0.5588235294117647,2.008130081300813,4.0,0.8,0.028925619834710745,0.36,0.24390243902439024,0.0,0.8571428571428571,0.5,0.0,0.09910399466753006,0.2124897688627243,task_078,hand_hard,signature_rename,0
0.8828930258750916,0.5882352941176471,2.008130081300813,3.5,1.0,0.028925619834710745,0.32,0.3252032520325203,0.0,1.0,0.5,0.0,0.16356900334358215,0.21195898950099945,task_078,hand_hard,inject_false_constraint,0
0.8828930258750916,0.5588235294117647,2.008130081300813,3.5,0.6,0.029787234042553193,0.08,0.4878048780487805,0.0,1.0,0.5,0.0,0.16356900334358215,0.21195898950099945,task_078,hand_hard,fake_completion,0
0.7939449548721313,0.5,4.076923076923077,3.3333333333333335,1.0,0.019230769230769232,0.125,1.0256410256410258,0.0,0.8888888888888888,0.5,0.0,0.11390051990747452,0.1994151473045349,task_079,hand_easy,signature_rename,0
0.8019167184829712,0.5833333333333334,4.076923076923077,3.3333333333333335,1.0,0.019230769230769232,0.08333333333333333,1.2820512820512822,0.0,0.75,0.5,0.0,0.11390051990747452,0.18994034826755524,task_079,hand_easy,inject_false_constraint,0
0.812433660030365,0.5,4.076923076923077,4.333333333333333,0.8,0.020134228187919462,0.0625,1.794871794871795,0.0,0.75,0.5,0.0,0.11390051990747452,0.18994034826755524,task_079,hand_easy,fake_completion,0
0.842292308807373,0.4864864864864865,2.6194029850746268,5.285714285714286,1.0,0.011527377521613832,0.19811320754716982,0.29850746268656714,0.002849002849002849,0.875,0.5,0.0,0.9949259757995605,0.01240516360849142,task_080,hand_hard,signature_rename,0
0.8409576416015625,0.5135135135135135,2.6194029850746268,5.0,1.0,0.017241379310344827,0.1792452830188679,0.3731343283582089,0.002849002849002849,0.9565217391304348,0.5,0.0,0.9949259757995605,0.006954668089747429,task_080,hand_hard,inject_false_constraint,0
0.8409576416015625,0.5135135135135135,2.6194029850746268,5.428571428571429,1.0,0.018461538461538463,0.0660377358490566,0.8208955223880596,0.0,0.95,0.5,0.0,0.9949259757995605,0.006954668089747429,task_080,hand_hard,fake_completion,0
0.8344465494155884,0.5,4.369230769230769,9.666666666666666,1.0,0.0035971223021582736,0.1511627906976744,1.0769230769230769,0.0,0.8461538461538461,0.5,0.0,0.0533880889415741,0.08065585047006607,task_081,hand_hard,signature_rename,0
0.8183993697166443,0.5454545454545454,4.369230769230769,9.0,1.0,0.0035842293906810036,0.13953488372093023,1.2307692307692308,0.0,1.0,0.5,0.0,0.0533880889415741,0.0702139288187027,task_081,hand_hard,inject_false_constraint,0
0.8183993697166443,0.5454545454545454,4.369230769230769,9.666666666666666,1.0,0.0037313432835820895,0.011627906976744186,2.0,0.0,1.0,0.5,0.0,0.0533880889415741,0.0702139288187027,task_081,hand_hard,fake_completion,0
0.8337422609329224,0.5333333333333333,5.4,7.333333333333333,1.0,0.005376344086021506,0.21052631578947367,1.1428571428571428,0.0,0.9230769230769231,0.5,0.0,0.14552238583564758,0.10807888209819794,task_082,hand_easy,signature_rename,0
0.8275549411773682,0.6,5.4,6.666666666666667,1.0,0.005376344086021506,0.15789473684210525,1.4285714285714286,0.0,1.0,0.5,0.0,0.11852037906646729,0.08498065173625946,task_082,hand_easy,inject_false_constraint,0
0.8275549411773682,0.5333333333333333,5.4,6.0,1.0,0.005555555555555556,0.07017543859649122,1.4285714285714286,0.0,1.0,0.5,0.0,0.11852055042982101,0.08498069643974304,task_082,hand_easy,fake_completion,0
0.8805880546569824,0.6923076923076923,3.0526315789473686,7.333333333333333,1.0,0.00881057268722467,0.21428571428571427,0.6578947368421053,0.0,0.8571428571428571,0.5,0.0,0.15213172137737274,0.29132741689682007,task_083,hand_hard,signature_rename,0
0.8922310471534729,0.7307692307692307,3.0526315789473686,6.0,1.0,0.00881057268722467,0.12857142857142856,0.7894736842105263,0.0,1.0,0.5,0.0,0.14249344170093536,0.2851265072822571,task_083,hand_hard,inject_false_constraint,0
0.8922310471534729,0.7307692307692307,3.0526315789473686,6.0,0.8,0.0045045045045045045,0.04285714285714286,0.7894736842105263,0.0,1.0,0.5,0.0,0.14249344170093536,0.2851265072822571,task_083,hand_hard,fake_completion,0
0.8423197269439697,0.78125,3.0186915887850465,5.333333333333333,1.0,0.05625,0.26804123711340205,0.5607476635514019,0.0,0.875,0.5,0.0,0.07631334662437439,0.10750904679298401,task_084,hand_hard,signature_rename,0
0.8602300882339478,0.8125,3.0186915887850465,4.833333333333333,1.0,0.05625,0.20618556701030927,0.6542056074766356,0.0,0.9523809523809523,0.5,0.0,0.14222988486289978,0.0737309530377388,task_084,hand_hard,inject_false_constraint,0
0.8602300882339478,0.8125,3.0186915887850465,4.5,1.0,0.06206896551724138,0.041237113402061855,1.1214953271028039,0.0,0.9230769230769231,0.5,0.0,0.14222988486289978,0.0737309530377388,task_084,hand_hard,fake_completion,0
0.6006420850753784,0.08333333333333333,4.6,4.5,1.0,0.0,0.14285714285714285,1.4285714285714286,0.0,1.0,0.5,0.0,0.9994851350784302,0.03714821860194206,he_030,humaneval,signature_rename,0
0.6345686316490173,0.08333333333333333,4.6,4.5,1.0,0.0,0.10204081632653061,1.7142857142857142,0.0,1.0,0.5,0.0,0.9994851350784302,0.017598630860447884,he_030,humaneval,inject_false_constraint,0
0.6017835736274719,0.08333333333333333,4.6,6.0,1.0,0.0,0.02040816326530612,2.0,0.0,1.0,0.5,0.0,0.9994851350784302,0.017598630860447884,he_030,humaneval,fake_completion,0
0.5974435806274414,0.2,4.34375,8.5,1.0,0.0,0.3333333333333333,1.25,0.0,1.0,0.5,0.0,0.9931265115737915,0.08241034299135208,he_031,humaneval,signature_rename,0
0.5773428678512573,0.2,4.34375,7.5,1.0,0.0,0.16666666666666666,1.5625,0.0,1.0,0.5,0.0,0.9931265115737915,0.07642720639705658,he_031,humaneval,inject_false_constraint,0
0.544815182685852,0.2,4.34375,8.5,1.0,0.0,0.07142857142857142,2.5,0.0,1.0,0.5,0.0,0.9931265115737915,0.07642720639705658,he_031,humaneval,fake_completion,0
0.6412527561187744,0.631578947368421,3.863013698630137,12.5,0.8,0.040892193308550186,0.2,0.547945205479452,0.0,1.0,0.5,0.0,0.9931125044822693,0.004746634978801012,he_033,humaneval,signature_rename,0
0.6630579233169556,0.6842105263157895,3.863013698630137,12.5,0.8,0.06319702602230483,0.2,0.684931506849315,0.0,1.0,0.5,0.0,0.9931125044822693,0.004079094622284174,he_033,humaneval,inject_false_constraint,0
0.6630579233169556,0.6842105263157895,3.863013698630137,12.5,0.6,0.06589147286821706,0.03529411764705882,1.5068493150684932,0.0,1.0,0.5,0.0,0.9931125044822693,0.004079094622284174,he_033,humaneval,fake_completion,0
0.5231927037239075,0.3333333333333333,5.260869565217392,12.0,1.0,0.0,0.1891891891891892,0.4347826086956522,0.0,1.0,0.5,0.0,0.36779215931892395,0.14020191133022308,he_034,humaneval,signature_rename,0
0.5647820234298706,0.3333333333333333,5.260869565217392,9.0,1.0,0.0,0.08108108108108109,0.8695652173913044,0.0,1.0,0.5,0.0,0.26580631732940674,0.14294391870498657,he_034,humaneval,inject_false_constraint,0
0.5037684440612793,0.1111111111111111,5.260869565217392,8.0,1.0,0.0,0.05405405405405406,0.8695652173913044,0.0,1.0,0.5,0.0,0.26580631732940674,0.14294391870498657,he_034,humaneval,fake_completion,0
0.6595308780670166,0.1,3.4583333333333335,2.5,1.0,0.0,0.08,0.8333333333333334,0.0,1.0,0.5,0.0,0.7910161018371582,0.15208561718463898,he_035,humaneval,signature_rename,0
0.6470011472702026,0.1,3.4583333333333335,2.5,1.0,0.0,0.04,1.25,0.0,1.0,0.5,0.0,0.866316020488739,0.1485881507396698,he_035,humaneval,inject_false_constraint,0
0.6115947961807251,0.1,3.4583333333333335,3.0,0.8,0.0,0.04,1.25,0.0,1.0,0.5,0.0,0.866316020488739,0.1485881507396698,he_035,humaneval,fake_completion,0
0.7331987619400024,0.9,7.766666666666667,13.5,0.8,0.008733624454148471,0.3142857142857143,1.0,0.004291845493562232,1.0,0.5,0.0,0.9871187210083008,0.06719329208135605,he_036,humaneval,signature_rename,0
0.7471553683280945,0.9,7.766666666666667,12.5,1.0,0.008733624454148471,0.3142857142857143,1.3333333333333333,0.004291845493562232,1.0,0.5,0.0,0.9871188402175903,0.06624851375818253,he_036,humaneval,inject_false_constraint,0
0.7471553683280945,0.9,7.766666666666667,12.0,0.8,0.00904977375565611,0.014285714285714285,2.6666666666666665,0.0,1.0,0.5,0.0,0.9871187210083008,0.06624851375818253,he_036,humaneval,fake_completion,0
0.6424514055252075,0.5333333333333333,4.0344827586206895,13.0,1.0,0.0,0.18309859154929578,0.6896551724137931,0.0,1.0,0.5,0.0,0.07523144036531448,0.19707666337490082,he_037,humaneval,signature_rename,0
0.6670626401901245,0.5333333333333333,4.0344827586206895,12.0,1.0,0.0,0.18309859154929578,0.8620689655172414,0.0,1.0,0.5,0.0,0.07523144036531448,0.18800537288188934,he_037,humaneval,inject_false_constraint,0
0.6670626401901245,0.5333333333333333,4.0344827586206895,11.0,0.8,0.0,0.056338028169014086,1.7241379310344829,0.0,1.0,0.5,0.0,0.07523144036531448,0.18800537288188934,he_037,humaneval,fake_completion,0
0.7389818429946899,0.9,8.321428571428571,6.5,0.6,0.004347826086956522,0.08571428571428572,1.4285714285714286,0.004291845493562232,1.0,0.5,0.0,0.9631199240684509,0.18159013986587524,he_039,humaneval,signature_rename,0
0.7640334367752075,0.9,8.321428571428571,6.5,0.8,0.004347826086956522,0.1,1.4285714285714286,0.004291845493562232,1.0,0.5,0.0,0.9732917547225952,0.1980082243680954,he_039,humaneval,inject_false_constraint,0
0.7640334367752075,0.9,8.321428571428571,8.0,0.6,0.004629629629629629,0.02857142857142857,1.7857142857142858,0.004291845493562232,1.0,0.5,0.0,0.9732917547225952,0.1980082243680954,he_039,humaneval,fake_completion,0
0.7770633697509766,0.7727272727272727,4.56140350877193,6.333333333333333,1.0,0.011673151750972763,0.24358974358974358,0.7017543859649122,0.0,1.0,0.5,0.0,0.9105006456375122,0.05681575834751129,he_040,humaneval,signature_rename,0
0.8070955276489258,0.8181818181818182,4.56140350877193,6.333333333333333,1.0,0.011673151750972763,0.23076923076923078,0.8771929824561403,0.0,1.0,0.5,0.0,0.9105006456375122,0.04424154758453369,he_040,humaneval,inject_false_constraint,0
0.8070955276489258,0.8181818181818182,4.56140350877193,7.333333333333333,1.0,0.012605042016806723,0.07692307692307693,1.5789473684210527,0.0,1.0,0.5,0.0,0.9105006456375122,0.04424154758453369,he_040,humaneval,fake_completion,0
0.5571833848953247,0.8461538461538461,5.0606060606060606,4.5,1.0,0.049079754601226995,0.45098039215686275,1.2121212121212122,0.0,1.0,0.5,0.0,0.9585949778556824,0.014096863567829132,he_042,humaneval,signature_rename,0
0.5618372559547424,0.8461538461538461,5.0606060606060606,4.0,1.0,0.049079754601226995,0.43137254901960786,1.5151515151515151,0.0,1.0,0.5,0.0,0.9585949778556824,0.01221215259283781,he_042,humaneval,inject_false_constraint,0
0.5518072843551636,0.6153846153846154,5.0606060606060606,6.0,1.0,0.024539877300613498,0.17647058823529413,2.121212121212121,0.0,1.0,0.5,0.0,0.9585949778556824,0.01221215259283781,he_042,humaneval,fake_completion,0
0.716181755065918,0.6818181818181818,4.280701754385965,7.666666666666667,1.0,0.02074688796680498,0.13513513513513514,1.4035087719298245,0.0,1.0,0.5,0.0,0.7178748250007629,0.0139243733137846,he_043,humaneval,signature_rename,0
0.768717885017395,0.6818181818181818,4.280701754385965,7.333333333333333,1.0,0.02074688796680498,0.12162162162162163,1.4035087719298245,0.0,1.0,0.5,0.0,0.7178748250007629,0.01544503215700388,he_043,humaneval,inject_false_constraint,0
0.768717885017395,0.6818181818181818,4.280701754385965,8.0,1.0,0.022222222222222223,0.013513513513513514,2.456140350877193,0.0,1.0,0.5,0.0,0.7178748250007629,0.01544503215700388,he_043,humaneval,fake_completion,0
0.7271489500999451,0.4166666666666667,4.484848484848484,2.75,1.0,0.0,0.15555555555555556,0.6060606060606061,0.0,1.0,0.5,0.0,0.053107570856809616,0.1256052851676941,he_044,humaneval,signature_rename,0
0.7407939434051514,0.3333333333333333,4.484848484848484,2.25,1.0,0.0,0.06666666666666667,0.9090909090909092,0.0,1.0,0.5,0.0,0.034371573477983475,0.11973568052053452,he_044,humaneval,inject_false_constraint,0
0.7245551347732544,0.3333333333333333,4.484848484848484,3.0,1.0,0.0,0.0,1.2121212121212122,0.0,1.0,0.5,0.0,0.034371573477983475,0.11973568052053452,he_044,humaneval,fake_completion,0
0.6610102653503418,0.3333333333333333,7.3125,2.6666666666666665,1.0,0.008771929824561403,0.2777777777777778,1.25,0.0,1.0,0.5,0.0,0.8945999145507812,0.06720439344644547,he_045,humaneval,signature_rename,0
0.6373641490936279,0.3333333333333333,7.3125,2.3333333333333335,1.0,0.008771929824561403,0.1388888888888889,1.875,0.0,1.0,0.5,0.0,0.8945999145507812,0.07454787939786911,he_045,humaneval,inject_false_constraint,0
0.6294276118278503,0.3333333333333333,7.3125,3.0,1.0,0.009259259259259259,0.0,2.5,0.0,1.0,0.5,0.0,0.8945999145507812,0.07454787939786911,he_045,humaneval,fake_completion,0
0.7704697847366333,0.2857142857142857,3.9846153846153847,3.5,1.0,0.003968253968253968,0.3717948717948718,0.3076923076923077,0.0,1.0,0.5,0.0,0.9984332919120789,0.040912926197052,he_046,humaneval,signature_rename,0
0.8143777847290039,0.5238095238095238,3.9846153846153847,3.25,1.0,0.015873015873015872,0.358974358974359,0.46153846153846156,0.0,1.0,0.5,0.0,0.9984332919120789,0.011492248624563217,he_046,humaneval,inject_false_constraint,0
0.8143777847290039,0.5238095238095238,3.9846153846153847,3.5,1.0,0.016597510373443983,0.16666666666666666,1.2307692307692308,0.0,1.0,0.5,0.0,0.9984332919120789,0.011492245830595493,he_046,humaneval,fake_completion,0
0.671420156955719,0.6153846153846154,8.782608695652174,8.333333333333334,1.0,0.0,0.2786885245901639,1.7391304347826089,0.0,1.0,0.5,0.0,0.9950272440910339,0.05870971456170082,he_047,humaneval,signature_rename,0
0.6661202907562256,0.6153846153846154,8.782608695652174,8.333333333333334,1.0,0.0,0.19672131147540983,2.173913043478261,0.0,1.0,0.5,0.0,0.9950272440910339,0.04071343317627907,he_047,humaneval,inject_false_constraint,0
0.6661202907562256,0.5384615384615384,8.782608695652174,7.333333333333333,1.0,0.0,0.01639344262295082,3.0434782608695654,0.0,1.0,0.5,0.0,0.9950272440910339,0.04071343317627907,he_047,humaneval,fake_completion,0
0.7243185043334961,0.6666666666666666,5.947368421052632,8.0,1.0,0.01834862385321101,0.23529411764705882,1.0526315789473684,0.0,1.0,0.5,0.0,0.943198025226593,0.10093645006418228,he_048,humaneval,signature_rename,0
0.7266547679901123,0.8333333333333334,5.947368421052632,7.0,1.0,0.01834862385321101,0.08823529411764706,1.5789473684210527,0.0,1.0,0.5,0.0,0.943198025226593,0.07694049924612045,he_048,humaneval,inject_false_constraint,0
0.7256304025650024,0.8333333333333334,5.947368421052632,9.0,0.8,0.01834862385321101,0.0,2.1052631578947367,0.0,1.0,0.5,0.0,0.943198025226593,0.07694049924612045,he_048,humaneval,fake_completion,0
0.6848645210266113,0.3333333333333333,3.7142857142857144,4.0,0.6,0.0,0.09375,1.4285714285714286,0.0,1.0,0.5,0.0,0.3775203227996826,0.047330260276794434,he_049,humaneval,signature_rename,0
0.7028799653053284,0.3333333333333333,3.7142857142857144,4.0,0.6,0.0,0.09375,1.4285714285714286,0.0,1.0,0.5,0.0,0.607914388179779,0.054717183113098145,he_049,humaneval,inject_false_constraint,0
0.7223051190376282,0.3333333333333333,3.7142857142857144,4.5,0.6,0.0,0.0,1.7857142857142858,0.0,1.0,0.5,0.0,0.607914388179779,0.054717183113098145,he_049,humaneval,fake_completion,0
0.7274301648139954,0.5,6.4,12.0,1.0,0.0,0.10344827586206896,1.6666666666666667,0.0,1.0,0.5,0.0,0.9860696792602539,0.2136271595954895,he_051,humaneval,signature_rename,0
0.7397201061248779,0.5,6.4,10.5,1.0,0.0,0.05172413793103448,2.0,0.0,1.0,0.5,0.0,0.9860696792602539,0.2012820988893509,he_051,humaneval,inject_false_constraint,0
0.7397201061248779,0.5,6.4,11.5,1.0,0.0,0.034482758620689655,2.6666666666666665,0.0,1.0,0.5,0.0,0.9860696792602539,0.2012820988893509,he_051,humaneval,fake_completion,0
0.7127363681793213,0.1111111111111111,6.222222222222222,4.0,1.0,0.0,0.17647058823529413,1.4814814814814814,0.0,1.0,0.5,0.0,0.7517282366752625,0.015313046984374523,he_052,humaneval,signature_rename,0
0.7008531093597412,0.1111111111111111,6.222222222222222,4.0,1.0,0.0,0.13725490196078433,1.8518518518518516,0.0,1.0,0.5,0.0,0.7216050624847412,0.013613115064799786,he_052,humaneval,inject_false_constraint,0
0.693549633026123,0.1111111111111111,6.222222222222222,5.5,1.0,0.0,0.0196078431372549,2.5925925925925926,0.0,1.0,0.5,0.0,0.7216050624847412,0.013613115064799786,he_052,humaneval,fake_completion,0
0.46185243129730225,0.5555555555555556,7.0,15.0,0.8,0.0,0.13333333333333333,1.4285714285714286,0.0,1.0,0.5,0.0,0.9983420372009277,0.021591437980532646,he_053,humaneval,signature_rename,0
0.45847761631011963,0.5555555555555556,7.0,15.0,0.8,0.0,0.16666666666666666,1.4285714285714286,0.0,1.0,0.5,0.0,0.9983420372009277,0.004302554298192263,he_053,humaneval,inject_false_constraint,0
0.482029527425766,0.5555555555555556,7.0,16.0,0.8,0.0,0.03333333333333333,2.142857142857143,0.0,1.0,0.5,0.0,0.9983420372009277,0.004302554298192263,he_053,humaneval,fake_completion,0
0.6845176219940186,0.4,5.78125,8.0,1.0,0.0,0.14285714285714285,0.625,0.0,1.0,0.5,0.0,0.3312017023563385,0.2126609832048416,he_054,humaneval,signature_rename,0
0.6970014572143555,0.7,5.78125,7.5,1.0,0.0,0.125,0.9375,0.0,1.0,0.5,0.0,0.3312017023563385,0.2135278433561325,he_054,humaneval,inject_false_constraint,0
0.6970014572143555,0.7,5.78125,8.0,0.6,0.0,0.03571428571428571,1.5625,0.0,1.0,0.5,0.0,0.3312017023563385,0.2135278433561325,he_054,humaneval,fake_completion,0
0.6447345614433289,0.5714285714285714,14.0,4.5,1.0,0.0,0.07272727272727272,1.5384615384615383,0.0,1.0,0.5,0.0,0.008385582827031612,0.33279314637184143,he_055,humaneval,signature_rename,0
0.622442364692688,0.7142857142857143,14.0,4.5,1.0,0.0,0.10909090909090909,2.3076923076923075,0.0,1.0,0.5,0.0,0.008385535329580307,0.33417031168937683,he_055,humaneval,inject_false_constraint,0
0.622442364692688,0.7142857142857143,14.0,5.5,0.8,0.0,0.01818181818181818,5.384615384615384,0.0,1.0,0.5,0.0,0.008385535329580307,0.33417031168937683,he_055,humaneval,fake_completion,0
0.7375093698501587,0.8,6.516129032258065,5.333333333333333,1.0,0.02512562814070352,0.26229508196721313,1.2903225806451613,0.0,1.0,0.5,0.0,0.9994831085205078,0.023681005463004112,he_056,humaneval,signature_rename,0
0.7278966307640076,0.8,6.516129032258065,5.333333333333333,1.0,0.02512562814070352,0.21311475409836064,1.6129032258064515,0.0,1.0,0.5,0.0,0.9994831085205078,0.022640492767095566,he_056,humaneval,inject_false_constraint,0
0.7278966307640076,0.8,6.516129032258065,6.333333333333333,1.0,0.0273224043715847,0.04918032786885246,3.225806451612903,0.0,1.0,0.5,0.0,0.9994831085205078,0.022640490904450417,he_056,humaneval,fake_completion,0
0.6084762811660767,0.6666666666666666,8.857142857142858,9.5,1.0,0.0,0.26666666666666666,1.7857142857142858,0.0,1.0,0.5,0.0,0.7762557864189148,0.16422203183174133,he_057,humaneval,signature_rename,0
0.6845417618751526,0.8333333333333334,8.857142857142858,8.5,1.0,0.0,0.2,2.142857142857143,0.0,1.0,0.5,0.0,0.7664844393730164,0.1565323919057846,he_057,humaneval,inject_false_constraint,0
0.6845417618751526,0.8333333333333334,8.857142857142858,9.5,1.0,0.0,0.09333333333333334,2.5,0.0,1.0,0.5,0.0,0.7664844393730164,0.1565323919057846,he_057,humaneval,fake_completion,0
0.6547856330871582,0.8666666666666667,5.2,8.0,1.0,0.05027932960893855,0.16363636363636364,1.4285714285714286,0.0,1.0,0.5,0.0,0.9997387528419495,0.007214108016341925,he_058,humaneval,signature_rename,0
0.6921645402908325,0.9333333333333333,5.2,7.0,1.0,0.05027932960893855,0.12727272727272726,1.7142857142857142,0.0,1.0,0.5,0.0,0.9996331930160522,0.007112441118806601,he_058,humaneval,inject_false_constraint,0
0.6887350082397461,0.9333333333333333,5.2,5.5,1.0,0.05625,0.07272727272727272,2.0,0.0,1.0,0.5,0.0,0.9996331930160522,0.007112441118806601,he_058,humaneval,fake_completion,0
0.6868273615837097,0.5714285714285714,8.5,6.333333333333333,0.8,0.010869565217391304,0.17543859649122806,1.3636363636363635,0.0,1.0,0.5,0.0,0.9908725619316101,0.0817585289478302,he_059,humaneval,signature_rename,0
0.6827002763748169,0.5714285714285714,8.5,6.0,0.8,0.010869565217391304,0.17543859649122806,1.8181818181818181,0.0,1.0,0.5,0.0,0.9908725619316101,0.08011338859796524,he_059,humaneval,inject_false_constraint,0
0.657649040222168,0.5714285714285714,8.5,5.666666666666667,0.8,0.0111731843575419,0.05263157894736842,1.3636363636363635,0.0,1.0,0.5,0.0,0.9908725619316101,0.08011338859796524,he_059,humaneval,fake_completion,0
0.6437143087387085,0.6666666666666666,5.0,2.0,0.8,0.0,0.10256410256410256,1.5384615384615383,0.0,1.0,0.5,0.0,0.044120002537965775,0.014941073954105377,he_060,humaneval,signature_rename,0
0.675300121307373,0.8333333333333334,5.0,2.0,0.8,0.0,0.02564102564102564,1.5384615384615383,0.0,1.0,0.5,0.0,0.044120002537965775,0.014962454326450825,he_060,humaneval,inject_false_constraint,0
0.6823910474777222,0.8333333333333334,5.0,3.0,0.6,0.0,0.05128205128205128,1.923076923076923,0.0,1.0,0.5,0.0,0.009096404537558556,0.008820061571896076,he_060,humaneval,fake_completion,0
0.7119813561439514,1.0,6.096774193548387,4.333333333333333,1.0,0.005494505494505495,0.3333333333333333,1.2903225806451613,0.0,1.0,0.5,0.0,0.9979968667030334,0.051863089203834534,he_061,humaneval,signature_rename,0
0.6757699251174927,1.0,6.096774193548387,4.0,1.0,0.005494505494505495,0.19298245614035087,1.6129032258064515,0.0,1.0,0.5,0.0,0.9979968667030334,0.05954074114561081,he_061,humaneval,inject_false_constraint,0
0.6757699251174927,1.0,6.096774193548387,4.666666666666667,1.0,0.0056179775280898875,0.07017543859649122,2.5806451612903225,0.0,1.0,0.5,0.0,0.9979968667030334,0.059540748596191406,he_061,humaneval,fake_completion,0
0.6751325130462646,0.3125,3.107142857142857,1.6666666666666667,1.0,0.011904761904761904,0.05660377358490566,0.35714285714285715,0.0,1.0,0.5,0.0,0.13074304163455963,0.11653253436088562,he_063,humaneval,signature_rename,0
0.6970045566558838,0.5,3.107142857142857,1.3333333333333333,1.0,0.023809523809523808,0.03773584905660377,0.5357142857142857,0.0,1.0,0.5,0.0,0.10746180266141891,0.07296700775623322,he_063,humaneval,inject_false_constraint,0
0.6970045566558838,0.5,3.107142857142857,2.3333333333333335,1.0,0.0273972602739726,0.018867924528301886,0.35714285714285715,0.0,1.0,0.5,0.0,0.9969507455825806,0.10500012338161469,he_063,humaneval,fake_completion,0
0.7533532381057739,0.75,6.0,7.666666666666667,0.8,0.008888888888888889,0.2753623188405797,0.2631578947368421,0.0,1.0,0.5,0.0,0.9874482750892639,0.06654509902000427,he_065,humaneval,signature_rename,0
0.7849166989326477,0.8333333333333334,6.0,7.0,0.8,0.008888888888888889,0.2318840579710145,0.5263157894736842,0.0,1.0,0.5,0.0,0.9874482750892639,0.057187896221876144,he_065,humaneval,inject_false_constraint,0
0.7849166989326477,0.8333333333333334,6.0,6.666666666666667,0.8,0.00909090909090909,0.08695652173913043,1.5789473684210527,0.0,1.0,0.5,0.0,0.9874482750892639,0.057187896221876144,he_065,humaneval,fake_completion,0
0.6859233379364014,0.3888888888888889,4.075,11.5,1.0,0.012738853503184714,0.22448979591836735,0.75,0.0,1.0,0.5,0.0,0.773049533367157,0.17798636853694916,he_066,humaneval,signature_rename,0
0.706618070602417,0.3888888888888889,4.075,10.5,1.0,0.012738853503184714,0.14285714285714285,1.0,0.0,1.0,0.5,0.0,0.8275536298751831,0.17432086169719696,he_066,humaneval,inject_false_constraint,0
0.7004772424697876,0.3888888888888889,4.075,9.5,1.0,0.013422818791946308,0.08163265306122448,0.75,0.0,1.0,0.5,0.0,0.8275536298751831,0.17432086169719696,he_066,humaneval,fake_completion,0
0.7208946943283081,0.5945945945945946,2.392,7.0,1.0,0.04452054794520548,0.1111111111111111,0.16,0.0,1.0,0.5,0.0,0.6944602727890015,0.20804022252559662,he_067,humaneval,signature_rename,0
0.7560453414916992,0.5945945945945946,2.392,7.0,1.0,0.04452054794520548,0.1111111111111111,0.24,0.0,1.0,0.5,0.0,0.6944602727890015,0.1765974760055542,he_067,humaneval,inject_false_constraint,0
0.7560453414916992,0.5945945945945946,2.392,5.666666666666667,0.6,0.04814814814814815,0.011111111111111112,0.32,0.0,1.0,0.5,0.0,0.6944602727890015,0.1765974760055542,he_067,humaneval,fake_completion,0
0.7936429977416992,0.4090909090909091,1.5511363636363635,3.6,1.0,0.0037313432835820895,0.2926829268292683,0.17045454545454544,0.0,1.0,0.5,0.0,0.9948816299438477,0.03429238125681877,he_068,humaneval,signature_rename,0
0.8260126709938049,0.4090909090909091,1.5511363636363635,3.4,1.0,0.0037313432835820895,0.21951219512195122,0.22727272727272727,0.0,1.0,0.5,0.0,0.9948816299438477,0.033735647797584534,he_068,humaneval,inject_false_constraint,0
0.8260126709938049,0.4090909090909091,1.5511363636363635,3.5,1.0,0.00398406374501992,0.04878048780487805,0.45454545454545453,0.0,1.0,0.5,0.0,0.9948816299438477,0.033735647797584534,he_068,humaneval,fake_completion,0
0.7072385549545288,0.6071428571428571,2.216867469879518,4.6,1.0,0.027624309392265192,0.19642857142857142,0.36144578313253006,0.0,1.0,0.5,0.0,0.9965773224830627,0.011322480626404285,he_069,humaneval,signature_rename,0
0.7181046009063721,0.6071428571428571,2.216867469879518,4.4,1.0,0.027624309392265192,0.14285714285714285,0.48192771084337344,0.0,1.0,0.5,0.0,0.9965773224830627,0.011262180283665657,he_069,humaneval,inject_false_constraint,0
0.753862202167511,0.6071428571428571,2.216867469879518,3.6,1.0,0.029411764705882353,0.05357142857142857,0.8433734939759036,0.0,1.0,0.5,0.0,0.9965773224830627,0.011262180283665657,he_069,humaneval,fake_completion,0
0.699733555316925,0.7647058823529411,3.7115384615384617,6.0,1.0,0.005714285714285714,0.1206896551724138,0.5769230769230769,0.0,1.0,0.5,0.0,0.9796704053878784,0.03520265594124794,he_070,humaneval,signature_rename,0
0.7290729880332947,0.7647058823529411,3.7115384615384617,5.333333333333333,1.0,0.0055248618784530384,0.08620689655172414,0.7692307692307692,0.0,1.0,0.5,0.0,0.981246292591095,0.03535477817058563,he_070,humaneval,inject_false_constraint,0
0.7290729880332947,0.7647058823529411,3.7115384615384617,6.666666666666667,1.0,0.005494505494505495,0.034482758620689655,1.1538461538461537,0.0,1.0,0.5,0.0,0.981246292591095,0.03535477817058563,he_070,humaneval,fake_completion,0
0.7235345840454102,0.7391304347826086,3.5,3.2,1.0,0.04205607476635514,0.24242424242424243,0.8064516129032258,0.0,1.0,0.5,0.0,0.04405854269862175,0.0643106997013092,he_071,humaneval,signature_rename,0
0.7434870004653931,0.7391304347826086,3.5,3.2,1.0,0.04205607476635514,0.19696969696969696,0.9677419354838709,0.0,1.0,0.5,0.0,0.03760424628853798,0.05481003224849701,he_071,humaneval,inject_false_constraint,0
0.7434870004653931,0.6956521739130435,3.5,3.2,1.0,0.04285714285714286,0.09090909090909091,1.2903225806451613,0.0,1.0,0.5,0.0,0.03760424628853798,0.05481003224849701,he_071,humaneval,fake_completion,0
0.7679193019866943,0.43478260869565216,1.9736842105263157,4.0,0.8,0.00904977375565611,0.35294117647058826,0.43859649122807015,0.0,1.0,0.5,0.0,0.9974418878555298,0.007010859902948141,he_072,humaneval,signature_rename,0
0.7594146132469177,0.43478260869565216,1.9736842105263157,3.8333333333333335,1.0,0.00904977375565611,0.2647058823529412,0.5263157894736842,0.0,1.0,0.5,0.0,0.9974418878555298,0.007010859902948141,he_072,humaneval,inject_false_constraint,0
0.7594146132469177,0.43478260869565216,1.9736842105263157,3.6666666666666665,0.6,0.009569377990430622,0.04411764705882353,0.7017543859649122,0.0,1.0,0.5,0.0,0.9974418878555298,0.007010859902948141,he_072,humaneval,fake_completion,0
0.7151714563369751,0.6190476190476191,3.420289855072464,6.0,0.8,0.004291845493562232,0.19718309859154928,1.0144927536231882,0.00423728813559322,1.0,0.5,0.0,0.997046172618866,0.11555632203817368,he_073,humaneval,signature_rename,0
0.7250763177871704,0.6190476190476191,3.420289855072464,6.0,0.8,0.004291845493562232,0.19718309859154928,1.0144927536231882,0.00423728813559322,1.0,0.5,0.0,0.997046172618866,0.11555632203817368,he_073,humaneval,inject_false_constraint,0
0.7250763177871704,0.6190476190476191,3.420289855072464,6.0,0.8,0.004405286343612335,0.0,1.1594202898550725,0.00423728813559322,1.0,0.5,0.0,0.997046172618866,0.11555630713701248,he_073,humaneval,fake_completion,0
0.6976505517959595,0.3333333333333333,2.397590361445783,6.333333333333333,1.0,0.005319148936170213,0.15,0.36144578313253006,0.0,1.0,0.5,0.0,0.9783545136451721,0.034678127616643906,he_074,humaneval,signature_rename,0
0.7147418856620789,0.3333333333333333,2.397590361445783,6.333333333333333,1.0,0.005319148936170213,0.15,0.48192771084337344,0.0,1.0,0.5,0.0,0.9783545136451721,0.03144326061010361,he_074,humaneval,inject_false_constraint,0
0.7114839553833008,0.3333333333333333,2.397590361445783,6.333333333333333,0.8,0.0053475935828877,0.03333333333333333,0.8433734939759036,0.0,1.0,0.5,0.0,0.9783545136451721,0.03144326061010361,he_074,humaneval,fake_completion,0
0.7285499572753906,0.6666666666666666,6.526315789473684,9.333333333333334,0.8,0.0,0.24,1.5789473684210527,0.0,1.0,0.5,0.0,0.40907883644104004,0.1390865594148636,he_075,humaneval,signature_rename,0
0.7255154848098755,0.6666666666666666,6.526315789473684,8.666666666666666,0.8,0.0,0.13333333333333333,1.842105263157895,0.0,1.0,0.5,0.0,0.40907883644104004,0.13901959359645844,he_075,humaneval,inject_false_constraint,0
0.7255154848098755,0.6666666666666666,6.526315789473684,8.666666666666666,0.8,0.0,0.04,3.1578947368421053,0.0,1.0,0.5,0.0,0.40907883644104004,0.13901959359645844,he_075,humaneval,fake_completion,0
0.6819543838500977,0.42105263157894735,4.6,11.5,1.0,0.007518796992481203,0.3132530120481928,1.0,0.0,1.0,0.5,0.0,0.23762796819210052,0.23834480345249176,he_076,humaneval,signature_rename,0
0.7010456919670105,0.42105263157894735,4.6,11.5,1.0,0.007518796992481203,0.3132530120481928,1.0,0.0,1.0,0.5,0.0,0.2272547334432602,0.2405328005552292,he_076,humaneval,inject_false_constraint,0
0.7010456919670105,0.42105263157894735,4.6,12.0,1.0,0.00796812749003984,0.04819277108433735,2.0,0.0,1.0,0.5,0.0,0.2272547334432602,0.2405328005552292,he_076,humaneval,fake_completion,0
0.666816234588623,0.25,3.857142857142857,6.0,1.0,0.0,0.12280701754385964,1.0204081632653061,0.0,1.0,0.5,0.0,0.9964970946311951,0.05123278126120567,he_077,humaneval,signature_rename,0
0.6459313631057739,0.3125,3.857142857142857,5.666666666666667,1.0,0.0,0.08771929824561403,1.2244897959183672,0.0,1.0,0.5,0.0,0.9930282235145569,0.05652841553092003,he_077,humaneval,inject_false_constraint,0
0.6411045789718628,0.1875,3.857142857142857,6.0,1.0,0.0,0.03508771929824561,1.2244897959183672,0.0,1.0,0.5,0.0,0.9930282235145569,0.05652841553092003,he_077,humaneval,fake_completion,0
0.7588819265365601,0.3,2.2125,2.1666666666666665,1.0,0.0,0.16666666666666666,0.375,0.0,1.0,0.5,0.0,0.04424668848514557,0.00998468603938818,he_079,humaneval,signature_rename,0
0.7656714916229248,0.25,2.2125,1.8333333333333333,1.0,0.0,0.12962962962962962,0.5,0.0,1.0,0.5,0.0,0.04424668848514557,0.00904376246035099,he_079,humaneval,inject_false_constraint,0
0.7691856622695923,0.25,2.2125,1.6666666666666667,0.8,0.0,0.018518518518518517,0.875,0.0,1.0,0.5,0.0,0.04424664005637169,0.009043757803738117,he_079,humaneval,fake_completion,0
0.7699812054634094,0.4375,3.732142857142857,9.666666666666666,0.6,0.014705882352941176,0.3492063492063492,0.5357142857142857,0.0,1.0,0.5,0.0,0.9594569802284241,0.17316174507141113,he_080,humaneval,signature_rename,0
0.7674921154975891,0.4375,3.732142857142857,9.0,0.8,0.014705882352941176,0.2857142857142857,0.7142857142857143,0.0,1.0,0.5,0.0,0.9594569802284241,0.22163496911525726,he_080,humaneval,inject_false_constraint,0
0.7674921154975891,0.4375,3.732142857142857,9.333333333333334,0.6,0.015306122448979591,0.1111111111111111,0.8928571428571429,0.0,1.0,0.5,0.0,0.9594569802284241,0.22163496911525726,he_080,humaneval,fake_completion,0
0.6711639165878296,0.4888888888888889,1.7661290322580645,1.75,1.0,0.018518518518518517,0.3484848484848485,0.24193548387096772,0.0,1.0,0.5,0.0,0.33336949348449707,0.018146207556128502,he_081,humaneval,signature_rename,0
0.6623038053512573,0.4888888888888889,1.7661290322580645,1.7,1.0,0.018518518518518517,0.3484848484848485,0.3225806451612903,0.0,1.0,0.5,0.0,0.3109062612056732,0.01636127196252346,he_081,humaneval,inject_false_constraint,0
0.6623038053512573,0.4888888888888889,1.7661290322580645,1.65,0.6,0.0196078431372549,0.18181818181818182,0.564516129032258,0.0,1.0,0.5,0.0,0.3109062612056732,0.01636127196252346,he_081,humaneval,fake_completion,0
0.7566298246383667,0.3,5.176470588235294,19.0,1.0,0.01744186046511628,0.3018867924528302,0.8823529411764706,0.0,1.0,0.5,0.0,0.6106652021408081,0.65396648645401,he_082,humaneval,signature_rename,0
0.754494845867157,0.3,5.176470588235294,17.0,1.0,0.01744186046511628,0.18867924528301888,1.1764705882352942,0.0,1.0,0.5,0.0,0.5613883137702942,0.6549261808395386,he_082,humaneval,inject_false_constraint,0
0.7399519681930542,0.3,5.176470588235294,17.0,1.0,0.017857142857142856,0.05660377358490566,1.7647058823529411,0.0,1.0,0.5,0.0,0.5613883137702942,0.6549261808395386,he_082,humaneval,fake_completion,0
0.6430482864379883,0.5,16.0,23.0,0.8,0.022950819672131147,0.3465346534653465,1.4285714285714286,0.0,1.0,0.5,0.0,0.018430428579449654,0.3307347595691681,he_083,humaneval,signature_rename,0
0.6623661518096924,0.5,16.0,23.0,1.0,0.022950819672131147,0.33663366336633666,1.9047619047619047,0.0,1.0,0.5,0.0,0.018430503085255623,0.3309512436389923,he_083,humaneval,inject_false_constraint,0
0.6623661518096924,0.5,16.0,27.0,0.8,0.023178807947019868,0.0594059405940594,4.761904761904762,0.0,1.0,0.5,0.0,0.018430503085255623,0.3309512436389923,he_083,humaneval,fake_completion,0
0.631808876991272,0.7,8.130434782608695,7.0,1.0,0.01092896174863388,0.2807017543859649,1.7391304347826089,0.0,1.0,0.5,0.0,0.9937673807144165,0.004626560490578413,he_085,humaneval,signature_rename,0
0.67137211561203,0.6,8.130434782608695,6.0,1.0,0.01092896174863388,0.21052631578947367,2.173913043478261,0.0,1.0,0.5,0.0,0.9937673807144165,0.004626558627933264,he_085,humaneval,inject_false_constraint,0
0.6232281923294067,0.5,8.130434782608695,5.333333333333333,1.0,0.01092896174863388,0.05263157894736842,2.608695652173913,0.0,1.0,0.5,0.0,0.9937673807144165,0.004626558627933264,he_085,humaneval,fake_completion,0
0.7412582635879517,0.6956521739130435,3.8472222222222223,5.0,0.8,0.021897810218978103,0.07142857142857142,0.5555555555555556,0.0,1.0,0.5,0.0,0.4502342641353607,0.20072264969348907,he_086,humaneval,signature_rename,0
0.7829952239990234,0.7391304347826086,3.8472222222222223,5.0,0.8,0.021897810218978103,0.09523809523809523,0.6944444444444444,0.0,1.0,0.5,0.0,0.5013410449028015,0.19913850724697113,he_086,humaneval,inject_false_constraint,0
0.7829952239990234,0.7391304347826086,3.8472222222222223,5.0,0.8,0.02247191011235955,0.023809523809523808,1.1111111111111112,0.0,1.0,0.5,0.0,0.501340925693512,0.1991385519504547,he_086,humaneval,fake_completion,0
0.6638598442077637,0.4473684210526316,2.455357142857143,4.833333333333333,0.8,0.022222222222222223,0.1566265060240964,0.26785714285714285,0.0,1.0,0.5,0.0,0.9981098175048828,0.12899662554264069,he_087,humaneval,signature_rename,0
0.7210433483123779,0.42105263157894735,2.455357142857143,4.5,0.8,0.022222222222222223,0.0963855421686747,0.35714285714285715,0.0,1.0,0.5,0.0,0.9981098175048828,0.12900057435035706,he_087,humaneval,inject_false_constraint,0
0.7210433483123779,0.39473684210526316,2.455357142857143,4.5,0.8,0.022813688212927757,0.04819277108433735,0.625,0.0,1.0,0.5,0.0,0.9981098175048828,0.12900057435035706,he_087,humaneval,fake_completion,0
0.7174033522605896,0.6521739130434783,2.4591836734693877,9.0,0.8,0.008695652173913044,0.2465753424657534,0.3061224489795918,0.0,1.0,0.5,0.0,0.9990444779396057,0.23485241830348969,he_088,humaneval,signature_rename,0
0.7258667945861816,0.6086956521739131,2.4591836734693877,8.333333333333334,0.8,0.008620689655172414,0.1917808219178082,0.4081632653061224,0.0,1.0,0.5,0.0,0.9990444779396057,0.22884957492351532,he_088,humaneval,inject_false_constraint,0
0.7258667945861816,0.5652173913043478,2.4591836734693877,7.666666666666667,0.8,0.008658008658008658,0.0410958904109589,0.9183673469387754,0.0,1.0,0.5,0.0,0.9990444779396057,0.22884957492351532,he_088,humaneval,fake_completion,0
0.7182919979095459,0.42857142857142855,5.8545454545454545,8.666666666666666,1.0,0.0,0.12371134020618557,1.2727272727272727,0.003105590062111801,1.0,0.5,0.0,0.20758798718452454,0.039093777537345886,he_089,humaneval,signature_rename,0
0.7287617921829224,0.42857142857142855,5.8545454545454545,8.333333333333334,1.0,0.0,0.12371134020618557,1.4545454545454546,0.003105590062111801,1.0,0.5,0.0,0.20758798718452454,0.03909376263618469,he_089,humaneval,inject_false_constraint,0
0.7287617921829224,0.42857142857142855,5.8545454545454545,9.0,1.0,0.0,0.07216494845360824,2.5454545454545454,0.003105590062111801,1.0,0.5,0.0,0.20758798718452454,0.039093777537345886,he_089,humaneval,fake_completion,0
0.6436910629272461,0.6190476190476191,3.7755102040816326,3.25,1.0,0.01098901098901099,0.32142857142857145,0.2040816326530612,0.0,1.0,0.5,0.0,0.5483221411705017,0.0316842757165432,he_090,humaneval,signature_rename,0
0.6997811794281006,0.6666666666666666,3.7755102040816326,2.75,1.0,0.01098901098901099,0.17857142857142858,0.4081632653061224,0.0,1.0,0.5,0.0,0.5483221411705017,0.03130774199962616,he_090,humaneval,inject_false_constraint,0
0.6997811794281006,0.6666666666666666,3.7755102040816326,3.25,1.0,0.011299435028248588,0.14285714285714285,1.0204081632653061,0.0,1.0,0.5,0.0,0.5483221411705017,0.03130774572491646,he_090,humaneval,fake_completion,0
0.6950165033340454,0.5555555555555556,5.178571428571429,4.111111111111111,1.0,0.017482517482517484,0.12643678160919541,0.8928571428571429,0.0,1.0,0.5,0.0,0.8158096075057983,0.49263137578964233,he_091,humaneval,signature_rename,0
0.7415387630462646,0.5555555555555556,5.178571428571429,3.888888888888889,1.0,0.017482517482517484,0.11494252873563218,1.0714285714285714,0.0,1.0,0.5,0.0,0.8158096075057983,0.49798911809921265,he_091,humaneval,inject_false_constraint,0
0.7415387630462646,0.5555555555555556,5.178571428571429,3.6666666666666665,1.0,0.019230769230769232,0.034482758620689655,1.6071428571428572,0.0,1.0,0.5,0.0,0.8158096075057983,0.49798890948295593,he_091,humaneval,fake_completion,0
0.6583875417709351,0.47368421052631576,4.945454545454545,3.8333333333333335,0.8,0.03745318352059925,0.2926829268292683,0.9090909090909091,0.0,1.0,0.5,0.0,0.7806379199028015,0.029561426490545273,he_092,humaneval,signature_rename,0
0.748798131942749,0.47368421052631576,4.945454545454545,3.6666666666666665,0.8,0.03745318352059925,0.21951219512195122,1.0909090909090908,0.0,1.0,0.5,0.0,0.6179099082946777,0.02947051078081131,he_092,humaneval,inject_false_constraint,0
0.748798131942749,0.47368421052631576,4.945454545454545,4.333333333333333,0.8,0.0392156862745098,0.04878048780487805,1.8181818181818181,0.0,1.0,0.5,0.0,0.6179097294807434,0.02947051264345646,he_092,humaneval,fake_completion,0
0.7060827016830444,0.65,6.175438596491228,8.0,0.6,0.02359882005899705,0.1509433962264151,0.5263157894736842,0.0,1.0,0.5,0.0,0.8267423510551453,0.040959734469652176,he_093,humaneval,signature_rename,0
0.7752053737640381,0.75,6.175438596491228,8.0,0.6,0.02359882005899705,0.14150943396226415,0.7017543859649122,0.0,1.0,0.5,0.0,0.8267423510551453,0.042159274220466614,he_093,humaneval,inject_false_constraint,0
0.7752053737640381,0.75,6.175438596491228,8.333333333333334,0.6,0.025,0.03773584905660377,1.5789473684210527,0.0,1.0,0.5,0.0,0.8267423510551453,0.042159274220466614,he_093,humaneval,fake_completion,0
0.6471365690231323,0.47058823529411764,2.8181818181818183,6.0,1.0,0.0,0.10606060606060606,0.5194805194805194,0.0,1.0,0.5,0.0,0.8307222723960876,0.044788993895053864,he_094,humaneval,signature_rename,0
0.6635079383850098,0.47058823529411764,2.8181818181818183,5.666666666666667,1.0,0.0,0.09090909090909091,0.6493506493506493,0.0,1.0,0.5,0.0,0.8412966728210449,0.044530708342790604,he_094,humaneval,inject_false_constraint,0
0.6703483462333679,0.47058823529411764,2.8181818181818183,6.333333333333333,1.0,0.0,0.06060606060606061,1.0389610389610389,0.0,1.0,0.5,0.0,0.8412966728210449,0.044530704617500305,he_094,humaneval,fake_completion,0
0.6174315214157104,0.21428571428571427,4.092307692307692,4.857142857142857,1.0,0.0,0.25,0.9230769230769231,0.0,1.0,0.5,0.0,0.9832347631454468,0.11799333989620209,he_095,humaneval,signature_rename,0
0.6505463123321533,0.2857142857142857,4.092307692307692,4.571428571428571,1.0,0.0,0.2,1.0769230769230769,0.0,1.0,0.5,0.0,0.9832348823547363,0.10611703991889954,he_095,humaneval,inject_false_constraint,0
0.6505463123321533,0.21428571428571427,4.092307692307692,4.571428571428571,1.0,0.0,0.0625,1.5384615384615385,0.0,1.0,0.5,0.0,0.9832347631454468,0.10611707717180252,he_095,humaneval,fake_completion,0
0.6877599358558655,0.35,4.355555555555555,7.5,1.0,0.031746031746031744,0.2711864406779661,1.3333333333333333,0.0,1.0,0.5,0.0,0.1323917806148529,0.12872014939785004,he_096,humaneval,signature_rename,0
0.7026480436325073,0.45,4.355555555555555,7.5,1.0,0.031746031746031744,0.2542372881355932,1.5555555555555556,0.0,1.0,0.5,0.0,0.20648294687271118,0.06810655444860458,he_096,humaneval,inject_false_constraint,0
0.7026480436325073,0.5,4.355555555555555,7.0,1.0,0.03428571428571429,0.06779661016949153,1.5555555555555556,0.0,1.0,0.5,0.0,0.20648294687271118,0.06810654699802399,he_096,humaneval,fake_completion,0
0.6513668298721313,0.5789473684210527,4.682926829268292,1.8333333333333333,1.0,0.0,0.3448275862068966,0.48780487804878053,0.0,1.0,0.5,0.0,0.9855567812919617,0.006407344713807106,he_097,humaneval,signature_rename,0
0.6824820637702942,0.7894736842105263,4.682926829268292,1.6666666666666667,1.0,0.0,0.3103448275862069,0.7317073170731708,0.0,1.0,0.5,0.0,0.9880555272102356,0.006501092575490475,he_097,humaneval,inject_false_constraint,0
0.6983681321144104,0.7894736842105263,4.682926829268292,1.8333333333333333,0.8,0.0,0.08620689655172414,1.2195121951219514,0.0,1.0,0.5,0.0,0.9880555272102356,0.006501092575490475,he_097,humaneval,fake_completion,0
0.7437055110931396,0.75,8.625,10.5,1.0,0.00980392156862745,0.1746031746031746,0.4166666666666667,0.00966183574879227,1.0,0.5,0.0,0.6113693118095398,0.09113498777151108,he_098,humaneval,signature_rename,0
0.7903651595115662,0.75,8.625,9.0,1.0,0.00980392156862745,0.15873015873015872,0.8333333333333334,0.00966183574879227,1.0,0.5,0.0,0.6113693118095398,0.06477043777704239,he_098,humaneval,inject_false_constraint,0
0.7903651595115662,0.75,8.625,10.0,1.0,0.010362694300518135,0.0,2.5,0.0,1.0,0.5,0.0,0.6113693118095398,0.06477043777704239,he_098,humaneval,fake_completion,0
0.7213453650474548,0.5,2.962025316455696,5.142857142857143,1.0,0.02654867256637168,0.28169014084507044,0.5063291139240506,0.0,1.0,0.5,0.0,0.9954020977020264,0.003804221749305725,he_099,humaneval,signature_rename,0
0.735621452331543,0.5,2.962025316455696,4.714285714285714,1.0,0.02654867256637168,0.23943661971830985,0.6329113924050632,0.0,1.0,0.5,0.0,0.9954020977020264,0.0038042229134589434,he_099,humaneval,inject_false_constraint,0
0.735621452331543,0.5,2.962025316455696,4.142857142857143,1.0,0.026785714285714284,0.04225352112676056,0.7594936708860759,0.0,1.0,0.5,0.0,0.9954020977020264,0.0038042208179831505,he_099,humaneval,fake_completion,0
0.7894075512886047,0.6086956521739131,2.3625,2.5,0.8,0.0273224043715847,0.14035087719298245,0.125,0.0,1.0,0.5,0.0,0.985206663608551,0.2089812308549881,he_100,humaneval,signature_rename,0
0.7918477058410645,0.6086956521739131,2.3625,2.3333333333333335,1.0,0.0273224043715847,0.15789473684210525,0.25,0.0,1.0,0.5,0.0,0.9852067828178406,0.2089812308549881,he_100,humaneval,inject_false_constraint,0
0.7617519497871399,0.5652173913043478,2.3625,2.5,0.6,0.02824858757062147,0.0,0.5,0.0,1.0,0.5,0.0,0.9852067828178406,0.20898154377937317,he_100,humaneval,fake_completion,0
0.6737497448921204,0.42857142857142855,3.381818181818182,5.666666666666667,1.0,0.01639344262295082,0.125,1.0909090909090908,0.0,1.0,0.5,0.0,0.06833234429359436,0.19654884934425354,he_101,humaneval,signature_rename,0
0.6803058981895447,0.42857142857142855,3.381818181818182,5.0,1.0,0.01639344262295082,0.07142857142857142,1.0909090909090908,0.0,1.0,0.5,0.0,0.06833234429359436,0.19882826507091522,he_101,humaneval,inject_false_constraint,0
0.6705182790756226,0.38095238095238093,3.381818181818182,5.0,1.0,0.016853932584269662,0.07142857142857142,1.6363636363636365,0.0,1.0,0.5,0.0,0.06833234429359436,0.19882826507091522,he_101,humaneval,fake_completion,0
0.7493319511413574,0.7619047619047619,4.384615384615385,6.25,0.8,0.010676156583629894,0.47674418604651164,0.7692307692307693,0.0,1.0,0.5,0.0,0.9945715069770813,0.04299509897828102,he_103,humaneval,signature_rename,0
0.7556342482566833,0.7619047619047619,4.384615384615385,6.0,1.0,0.010676156583629894,0.4186046511627907,0.9230769230769231,0.0,1.0,0.5,0.0,0.9895025491714478,0.04518593102693558,he_103,humaneval,inject_false_constraint,0
0.7556342482566833,0.5714285714285714,4.384615384615385,6.75,0.8,0.011673151750972763,0.10465116279069768,1.2307692307692308,0.0,1.0,0.5,0.0,0.9895025491714478,0.045185934752225876,he_103,humaneval,fake_completion,0
0.7268326878547668,0.3684210526315789,5.113636363636363,5.75,1.0,0.009009009009009009,0.16176470588235295,1.3636363636363635,0.0,1.0,0.5,0.0,0.9933450222015381,0.028810493648052216,he_104,humaneval,signature_rename,0
0.7457093596458435,0.42105263157894735,5.113636363636363,5.25,1.0,0.009009009009009009,0.1323529411764706,1.5909090909090908,0.0,1.0,0.5,0.0,0.9933450222015381,0.029354248195886612,he_104,humaneval,inject_false_constraint,0
0.7457093596458435,0.3684210526315789,5.113636363636363,6.25,1.0,0.009259259259259259,0.014705882352941176,2.5,0.0,1.0,0.5,0.0,0.9933450222015381,0.029354248195886612,he_104,humaneval,fake_completion,0
0.6096603870391846,0.7,2.255813953488372,16.0,1.0,0.007017543859649123,0.2727272727272727,0.23255813953488372,0.0,1.0,0.5,0.0,0.9898470044136047,0.07214944809675217,he_105,humaneval,signature_rename,0
0.6216704249382019,0.7,2.255813953488372,16.0,1.0,0.007017543859649123,0.2727272727272727,0.31007751937984496,0.0,1.0,0.5,0.0,0.9898470044136047,0.06803928315639496,he_105,humaneval,inject_false_constraint,0
0.6216704249382019,0.675,2.255813953488372,14.0,1.0,0.007407407407407408,0.125,0.6201550387596899,0.0,1.0,0.5,0.0,0.9898470044136047,0.06803928315639496,he_105,humaneval,fake_completion,0
0.5159639120101929,0.7272727272727273,3.2151898734177213,3.6,1.0,0.024793388429752067,0.14285714285714285,0.37974683544303794,0.0,1.0,0.5,0.0,0.9545716047286987,0.2633415460586548,he_106,humaneval,signature_rename,0
0.5590943098068237,0.7727272727272727,3.2151898734177213,3.4,1.0,0.024793388429752067,0.14285714285714285,0.5063291139240506,0.0,1.0,0.5,0.0,0.9545716047286987,0.26679766178131104,he_106,humaneval,inject_false_constraint,0
0.5590943098068237,0.7727272727272727,3.2151898734177213,3.8,1.0,0.02531645569620253,0.05194805194805195,1.0126582278481011,0.0,1.0,0.5,0.0,0.9545716047286987,0.26679766178131104,he_106,humaneval,fake_completion,0
0.8058141469955444,0.6521739130434783,3.8225806451612905,4.2,0.8,0.008547008547008548,0.1388888888888889,0.48387096774193544,0.0,1.0,0.5,0.0,0.43056604266166687,0.14648543298244476,he_108,humaneval,signature_rename,0
0.7995970845222473,0.6521739130434783,3.8225806451612905,4.2,0.8,0.008547008547008548,0.09722222222222222,0.6451612903225806,0.0,1.0,0.5,0.0,0.4305671751499176,0.14602944254875183,he_108,humaneval,inject_false_constraint,0
0.7995970845222473,0.6086956521739131,3.8225806451612905,4.0,0.8,0.00881057268722467,0.027777777777777776,1.4516129032258065,0.0,1.0,0.5,0.0,0.43056604266166687,0.1460295468568802,he_108,humaneval,fake_completion,0
0.8046352863311768,0.32558139534883723,1.1043956043956045,1.6923076923076923,1.0,0.015228426395939087,0.29508196721311475,0.38461538461538464,0.0,1.0,0.5,0.0,0.99978107213974,0.014664709568023682,he_109,humaneval,signature_rename,0
0.8021833896636963,0.32558139534883723,1.1043956043956045,1.6153846153846154,1.0,0.015228426395939087,0.19672131147540983,0.43956043956043955,0.0,1.0,0.5,0.0,0.99978107213974,0.012324165552854538,he_109,humaneval,inject_false_constraint,0
0.8021833896636963,0.32558139534883723,1.1043956043956045,1.5384615384615385,1.0,0.015706806282722512,0.03278688524590164,0.6043956043956045,0.0,1.0,0.5,0.0,0.99978107213974,0.012324165552854538,he_109,humaneval,fake_completion,0
0.6998318433761597,0.4642857142857143,1.8818181818181818,2.8,1.0,0.01,0.19047619047619047,0.2727272727272727,0.014492753623188406,1.0,0.5,0.0,0.7912237048149109,0.10606605559587479,he_110,humaneval,signature_rename,0
0.72041916847229,0.4642857142857143,1.8818181818181818,2.6,1.0,0.01,0.19047619047619047,0.36363636363636365,0.014492753623188406,1.0,0.5,0.0,0.8541486263275146,0.09461294859647751,he_110,humaneval,inject_false_constraint,0
0.72041916847229,0.42857142857142855,1.8818181818181818,3.0,1.0,0.010416666666666666,0.06349206349206349,0.18181818181818182,0.014492753623188406,1.0,0.5,0.0,0.8541486263275146,0.09461294859647751,he_110,humaneval,fake_completion,0
0.7562910318374634,0.5416666666666666,3.210526315789474,12.0,1.0,0.0,0.12162162162162163,0.9210526315789475,0.0,1.0,0.5,0.0,0.8999940752983093,0.13582010567188263,he_111,humaneval,signature_rename,0
0.7816433906555176,0.5416666666666666,3.210526315789474,12.0,1.0,0.0,0.10810810810810811,1.0526315789473684,0.0,1.0,0.5,0.0,0.8347519040107727,0.13471169769763947,he_111,humaneval,inject_false_constraint,0
0.7816433906555176,0.5416666666666666,3.210526315789474,9.666666666666666,1.0,0.0,0.013513513513513514,1.1842105263157896,0.0,1.0,0.5,0.0,0.8347519040107727,0.13471172749996185,he_111,humaneval,fake_completion,0
0.7490211725234985,0.7083333333333334,3.2346938775510203,6.75,1.0,0.01607717041800643,0.20833333333333334,0.3061224489795918,0.0,1.0,0.5,0.0,0.021307142451405525,0.17329947650432587,he_112,humaneval,signature_rename,0
0.7649952173233032,0.7083333333333334,3.2346938775510203,6.25,1.0,0.01607717041800643,0.16666666666666666,0.4081632653061224,0.0,1.0,0.5,0.0,0.021307142451405525,0.17325139045715332,he_112,humaneval,inject_false_constraint,0
0.7649952173233032,0.7083333333333334,3.2346938775510203,6.0,1.0,0.010752688172043012,0.041666666666666664,1.1224489795918366,0.0,1.0,0.5,0.0,0.021307142451405525,0.17325139045715332,he_112,humaneval,fake_completion,0
0.7256456613540649,0.5757575757575758,2.3333333333333335,2.375,0.8,0.02127659574468085,0.2361111111111111,0.09803921568627452,0.0,1.0,0.5,0.0,0.23286686837673187,0.25348567962646484,he_107,humaneval,signature_rename,0
0.742814302444458,0.6060606060606061,2.3333333333333335,2.125,0.8,0.02127659574468085,0.18055555555555555,0.19607843137254904,0.0,1.0,0.5,0.0,0.23286686837673187,0.2553369700908661,he_107,humaneval,inject_false_constraint,0
0.742814302444458,0.5757575757575758,2.3333333333333335,2.375,0.8,0.02336448598130841,0.08333333333333333,0.29411764705882354,0.0,1.0,0.5,0.0,0.23286615312099457,0.2553369104862213,he_107,humaneval,fake_completion,0
0.6593872308731079,0.7307692307692307,3.4105263157894736,5.0,1.0,0.06535947712418301,0.1836734693877551,0.3157894736842105,0.0,1.0,0.5,0.0,0.04773396626114845,0.022704459726810455,he_113,humaneval,signature_rename,0
0.6392550468444824,0.7307692307692307,3.4105263157894736,4.714285714285714,1.0,0.06493506493506493,0.16326530612244897,0.42105263157894735,0.0,1.0,0.5,0.0,0.04773396626114845,0.017144592478871346,he_113,humaneval,inject_false_constraint,0
0.6392550468444824,0.7307692307692307,3.4105263157894736,4.285714285714286,1.0,0.06802721088435375,0.07142857142857142,0.9473684210526315,0.0,1.0,0.5,0.0,0.04773419350385666,0.017144590616226196,he_113,humaneval,fake_completion,0
0.7415895462036133,0.6153846153846154,6.166666666666667,8.5,1.0,0.005494505494505495,0.14285714285714285,1.3333333333333333,0.0,1.0,0.5,0.0,0.9723020792007446,0.0056419093161821365,he_114,humaneval,signature_rename,0
0.7493685483932495,0.6153846153846154,6.166666666666667,8.0,1.0,0.005494505494505495,0.10714285714285714,1.6666666666666667,0.0,1.0,0.5,0.0,0.9723020792007446,0.005794641096144915,he_114,humaneval,inject_false_constraint,0
0.7493685483932495,0.5384615384615384,6.166666666666667,9.0,1.0,0.005494505494505495,0.03571428571428571,2.3333333333333335,0.0,1.0,0.5,0.0,0.9723020792007446,0.005794641096144915,he_114,humaneval,fake_completion,0
0.873619556427002,0.5777777777777777,3.3120567375886525,5.5,1.0,0.09133489461358314,0.2198581560283688,0.14184397163120568,0.0021413276231263384,1.0,0.5,0.0,0.9700367450714111,0.025175437331199646,he_115,humaneval,signature_rename,0
0.873619556427002,0.6,3.3120567375886525,5.0,0.8,0.09090909090909091,0.18439716312056736,0.2127659574468085,0.0021413276231263384,1.0,0.5,0.0,0.9700367450714111,0.025175437331199646,he_115,humaneval,inject_false_constraint,0
0.873619556427002,0.5777777777777777,3.3120567375886525,4.875,0.8,0.1012987012987013,0.028368794326241134,0.5673758865248227,0.0021413276231263384,1.0,0.5,0.0,0.9700367450714111,0.02517550438642502,he_115,humaneval,fake_completion,0
0.8016259670257568,0.48,2.613861386138614,6.75,1.0,0.01937984496124031,0.1375,0.6930693069306931,0.0,1.0,0.5,0.0,0.9512361288070679,0.16296528279781342,he_117,humaneval,signature_rename,0
0.8013435006141663,0.52,2.613861386138614,6.5,1.0,0.01937984496124031,0.125,0.7920792079207921,0.0,1.0,0.5,0.0,0.9599464535713196,0.14614412188529968,he_117,humaneval,inject_false_constraint,0
0.8013435006141663,0.52,2.613861386138614,7.0,1.0,0.019762845849802372,0.0875,0.9900990099009901,0.0,1.0,0.5,0.0,0.9599464535713196,0.14614416658878326,he_117,humaneval,fake_completion,0
0.7968433499336243,0.625,3.04040404040404,4.166666666666667,1.0,0.0,0.2087912087912088,0.30303030303030304,0.0,1.0,0.5,0.0,0.9954116940498352,0.11084053665399551,he_119,humaneval,signature_rename,0
0.8242928385734558,0.625,3.04040404040404,3.8333333333333335,1.0,0.0,0.14285714285714285,0.40404040404040403,0.0,1.0,0.5,0.0,0.9954116940498352,0.11889129132032394,he_119,humaneval,inject_false_constraint,0
0.8242928385734558,0.5833333333333334,3.04040404040404,4.333333333333333,1.0,0.0,0.06593406593406594,0.40404040404040403,0.0,1.0,0.5,0.0,0.9954116940498352,0.11889129132032394,he_119,humaneval,fake_completion,0
0.7291080951690674,0.4827586206896552,1.9811320754716981,3.142857142857143,1.0,0.004830917874396135,0.07936507936507936,0.5660377358490566,0.0,1.0,0.5,0.0,0.8924552202224731,0.11068183183670044,he_120,humaneval,signature_rename,0
0.7658526301383972,0.4827586206896552,1.9811320754716981,3.142857142857143,1.0,0.004830917874396135,0.09523809523809523,0.6603773584905661,0.0,1.0,0.5,0.0,0.8924552202224731,0.1145130917429924,he_120,humaneval,inject_false_constraint,0
0.7658526301383972,0.4827586206896552,1.9811320754716981,3.142857142857143,1.0,0.005,0.031746031746031744,0.9433962264150944,0.0,1.0,0.5,0.0,0.8924552202224731,0.1145130917429924,he_120,humaneval,fake_completion,0
0.6699671745300293,0.5263157894736842,4.871794871794871,7.5,1.0,0.010752688172043012,0.19298245614035087,0.25641025641025644,0.0,1.0,0.5,0.0,0.9995898604393005,0.020431721583008766,he_121,humaneval,signature_rename,0
0.6930744051933289,0.47368421052631576,4.871794871794871,6.5,1.0,0.010752688172043012,0.12280701754385964,0.5128205128205129,0.0,1.0,0.5,0.0,0.9995299577713013,0.02128559909760952,he_121,humaneval,inject_false_constraint,0
0.6815429329872131,0.42105263157894735,4.871794871794871,7.0,1.0,0.011695906432748537,0.05263157894736842,0.5128205128205129,0.0,1.0,0.5,0.0,0.9995299577713013,0.02128559909760952,he_121,humaneval,fake_completion,0
0.7733153700828552,0.5428571428571428,2.1884057971014492,2.3,0.8,0.07482993197278912,0.17582417582417584,0.2898550724637681,0.0033112582781456954,1.0,0.5,0.0,0.9937703013420105,0.10413846373558044,he_123,humaneval,signature_rename,0
0.7961529493331909,0.5428571428571428,2.1884057971014492,2.3,1.0,0.07482993197278912,0.18681318681318682,0.36231884057971014,0.0033112582781456954,1.0,0.5,0.0,0.9937703013420105,0.10263841599225998,he_123,humaneval,inject_false_constraint,0
0.7961529493331909,0.5428571428571428,2.1884057971014492,2.2,0.8,0.07665505226480836,0.054945054945054944,0.5797101449275363,0.0033112582781456954,1.0,0.5,0.0,0.9937703013420105,0.10263843089342117,he_123,humaneval,fake_completion,0
0.7267048954963684,0.35135135135135137,2.082089552238806,2.909090909090909,1.0,0.025362318840579712,0.19047619047619047,0.5223880597014925,0.0,1.0,0.5,0.0,0.9978703260421753,0.12179902195930481,he_124,humaneval,signature_rename,0
0.7423903942108154,0.35135135135135137,2.082089552238806,2.909090909090909,1.0,0.025362318840579712,0.15476190476190477,0.5970149253731343,0.0,1.0,0.5,0.0,0.9978703260421753,0.1264461874961853,he_124,humaneval,inject_false_constraint,0
0.7423903942108154,0.32432432432432434,2.082089552238806,2.8181818181818183,1.0,0.027559055118110236,0.03571428571428571,0.8208955223880596,0.0,1.0,0.5,0.0,0.9978703260421753,0.1264461874961853,he_124,humaneval,fake_completion,0
0.759043276309967,0.4583333333333333,4.641791044776119,5.5,1.0,0.0,0.23404255319148937,0.14925373134328357,0.0,1.0,0.5,0.0,0.9846627712249756,0.3077011704444885,he_125,humaneval,signature_rename,0
0.7704335451126099,0.4583333333333333,4.641791044776119,5.5,1.0,0.0,0.23404255319148937,0.29850746268656714,0.0,1.0,0.5,0.0,0.9852504134178162,0.31114059686660767,he_125,humaneval,inject_false_constraint,0
0.7704335451126099,0.4583333333333333,4.641791044776119,4.333333333333333,1.0,0.0,0.031914893617021274,1.3432835820895521,0.0,1.0,0.5,0.0,0.9852504134178162,0.31114059686660767,he_125,humaneval,fake_completion,0
0.8012256026268005,0.4444444444444444,1.6631578947368422,5.75,1.0,0.006493506493506494,0.375,0.42105263157894735,0.0,1.0,0.5,0.0,0.9230527281761169,0.10698181390762329,he_126,humaneval,signature_rename,0
0.7861466407775879,0.4444444444444444,1.6631578947368422,5.25,1.0,0.006493506493506494,0.1875,0.5263157894736842,0.0,1.0,0.5,0.0,0.9230527281761169,0.10698182880878448,he_126,humaneval,inject_false_constraint,0
0.7678950428962708,0.4444444444444444,1.6631578947368422,4.5,1.0,0.006493506493506494,0.020833333333333332,0.631578947368421,0.0,1.0,0.5,0.0,0.9230533242225647,0.10698181390762329,he_126,humaneval,fake_completion,0
0.7646254301071167,0.8,5.0508474576271185,9.333333333333334,1.0,0.0,0.34444444444444444,0.3389830508474576,0.0,1.0,0.5,0.0,0.24895264208316803,0.24195535480976105,he_128,humaneval,signature_rename,0
0.7892811298370361,0.85,5.0508474576271185,8.666666666666666,1.0,0.0,0.3111111111111111,0.3389830508474576,0.0,1.0,0.5,0.0,0.24895264208316803,0.23697155714035034,he_128,humaneval,inject_false_constraint,0
0.7892811298370361,0.8,5.0508474576271185,9.333333333333334,1.0,0.0,0.06666666666666667,1.1864406779661016,0.0,1.0,0.5,0.0,0.24895264208316803,0.23697155714035034,he_128,humaneval,fake_completion,0
0.6839067935943604,0.4444444444444444,4.170731707317073,5.0,1.0,0.0199203187250996,0.2727272727272727,0.4878048780487805,0.0,1.0,0.5,0.0,0.2994735538959503,0.3918558955192566,he_130,humaneval,signature_rename,0
0.7247850298881531,0.5833333333333334,4.170731707317073,4.5,1.0,0.04771371769383698,0.2532467532467532,0.5691056910569106,0.0,1.0,0.5,0.0,0.21749520301818848,0.3412332236766815,he_130,humaneval,inject_false_constraint,0
0.7247850298881531,0.5833333333333334,4.170731707317073,4.833333333333333,1.0,0.05217391304347826,0.045454545454545456,1.2195121951219512,0.0,1.0,0.5,0.0,0.21749520301818848,0.3412332236766815,he_130,humaneval,fake_completion,0
0.6734121441841125,0.6470588235294118,5.275862068965517,12.0,1.0,0.032490974729241874,0.2826086956521739,0.3448275862068966,0.0,1.0,0.5,0.0,0.997488260269165,0.011422906070947647,he_134,humaneval,signature_rename,0
0.6848484873771667,0.6470588235294118,5.275862068965517,12.0,1.0,0.032490974729241874,0.22826086956521738,0.5172413793103449,0.0,1.0,0.5,0.0,0.997488260269165,0.011422906070947647,he_134,humaneval,inject_false_constraint,0
0.6848484873771667,0.6470588235294118,5.275862068965517,11.666666666666666,1.0,0.03501945525291829,0.08695652173913043,0.8620689655172414,0.0,1.0,0.5,0.0,0.997488260269165,0.011422906070947647,he_134,humaneval,fake_completion,0
0.7233418226242065,0.6666666666666666,3.1379310344827585,6.666666666666667,1.0,0.0,0.3090909090909091,1.206896551724138,0.0,1.0,0.5,0.0,0.16189070045948029,0.12166629731655121,he_136,humaneval,signature_rename,0
0.7314654588699341,0.6666666666666666,3.1379310344827585,6.0,1.0,0.0,0.23636363636363636,1.3793103448275863,0.0,1.0,0.5,0.0,0.21970994770526886,0.11557546257972717,he_136,humaneval,inject_false_constraint,0
0.7231558561325073,0.5555555555555556,3.1379310344827585,6.333333333333333,1.0,0.0,0.05454545454545454,2.0689655172413794,0.0,1.0,0.5,0.0,0.21970994770526886,0.11557546257972717,he_136,humaneval,fake_completion,0
0.6259247064590454,0.4090909090909091,3.746031746031746,5.166666666666667,1.0,0.017316017316017316,0.28169014084507044,0.4761904761904762,0.0,1.0,0.5,0.0,0.026040928438305855,0.21819455921649933,he_137,humaneval,signature_rename,0
0.6227635741233826,0.4090909090909091,3.746031746031746,5.0,1.0,0.017316017316017316,0.22535211267605634,0.6349206349206349,0.0,1.0,0.5,0.0,0.026040928438305855,0.21901383996009827,he_137,humaneval,inject_false_constraint,0
0.6227635741233826,0.4090909090909091,3.746031746031746,4.666666666666667,1.0,0.01809954751131222,0.028169014084507043,1.1111111111111112,0.0,1.0,0.5,0.0,0.026040928438305855,0.21901383996009827,he_137,humaneval,fake_completion,0
0.6519192457199097,0.5714285714285714,10.071428571428571,25.0,0.8,0.011406844106463879,0.27058823529411763,1.7857142857142858,0.0070921985815602835,1.0,0.5,0.0,0.016706734895706177,0.02488621510565281,he_138,humaneval,signature_rename,0
0.6650190353393555,0.5714285714285714,10.071428571428571,25.0,1.0,0.011406844106463879,0.27058823529411763,2.142857142857143,0.0070921985815602835,1.0,0.5,0.0,0.016460631042718887,0.022617584094405174,he_138,humaneval,inject_false_constraint,0
0.6650190353393555,0.5714285714285714,10.071428571428571,23.0,0.8,0.008264462809917356,0.023529411764705882,4.642857142857143,0.0070921985815602835,1.0,0.5,0.0,0.016460631042718887,0.022617584094405174,he_138,humaneval,fake_completion,0
0.780601978302002,0.5294117647058824,4.2,17.0,0.8,0.005376344086021506,0.21052631578947367,0.4444444444444444,0.0,1.0,0.5,0.0,0.11748959869146347,0.520889937877655,he_140,humaneval,signature_rename,0
0.7911065816879272,0.5882352941176471,4.2,15.0,0.8,0.005376344086021506,0.14035087719298245,0.6666666666666666,0.0,1.0,0.5,0.0,0.11748959869146347,0.5275711417198181,he_140,humaneval,inject_false_constraint,0
0.7911065816879272,0.5882352941176471,4.2,17.0,0.8,0.005714285714285714,0.03508771929824561,1.5555555555555556,0.0,1.0,0.5,0.0,0.11748959869146347,0.5275711417198181,he_140,humaneval,fake_completion,0
0.7453315854072571,0.2692307692307692,2.090909090909091,6.857142857142857,1.0,0.004,0.2894736842105263,0.4132231404958678,0.0,1.0,0.5,0.0,0.4106798470020294,0.13617828488349915,he_141,humaneval,signature_rename,0
0.7590099573135376,0.2692307692307692,2.090909090909091,6.714285714285714,1.0,0.004,0.2236842105263158,0.49586776859504134,0.0,1.0,0.5,0.0,0.4106798470020294,0.12209221720695496,he_141,humaneval,inject_false_constraint,0
0.7590099573135376,0.2692307692307692,2.090909090909091,6.571428571428571,1.0,0.004310344827586207,0.06578947368421052,0.7438016528925621,0.0,1.0,0.5,0.0,0.4106798470020294,0.12209223210811615,he_141,humaneval,fake_completion,0
0.7531313896179199,0.5,2.898876404494382,15.0,0.8,0.007905138339920948,0.21794871794871795,0.449438202247191,0.003875968992248062,1.0,0.5,0.0,0.9182156324386597,0.23175053298473358,he_143,humaneval,signature_rename,0
0.7605695128440857,0.5,2.898876404494382,14.0,0.8,0.007905138339920948,0.19230769230769232,0.5617977528089887,0.003875968992248062,1.0,0.5,0.0,0.9182156324386597,0.2578321695327759,he_143,humaneval,inject_false_constraint,0
0.7605695128440857,0.5,2.898876404494382,12.5,0.8,0.008368200836820083,0.0,1.0112359550561798,0.003875968992248062,1.0,0.5,0.0,0.9182156324386597,0.2578321695327759,he_143,humaneval,fake_completion,0
0.6889803409576416,0.8333333333333334,5.157894736842105,16.0,1.0,0.035842293906810034,0.16853932584269662,1.2280701754385965,0.0,1.0,0.5,0.0,0.9236876368522644,0.4196408987045288,he_146,humaneval,signature_rename,0
0.7404518723487854,0.875,5.157894736842105,15.0,1.0,0.035842293906810034,0.16853932584269662,1.4035087719298245,0.0,1.0,0.5,0.0,0.9236876368522644,0.41964104771614075,he_146,humaneval,inject_false_constraint,0
0.7404518723487854,0.875,5.157894736842105,15.5,1.0,0.03690036900369004,0.0449438202247191,2.1052631578947367,0.0,1.0,0.5,0.0,0.9236876368522644,0.41964104771614075,he_146,humaneval,fake_completion,0
0.8062762022018433,0.7368421052631579,3.019230769230769,5.6,1.0,0.038834951456310676,0.15789473684210525,0.4807692307692307,0.0031847133757961785,1.0,0.5,0.0,0.7367509603500366,0.006453977897763252,he_148,humaneval,signature_rename,0
0.8423569202423096,0.7368421052631579,3.019230769230769,5.4,1.0,0.038834951456310676,0.14736842105263157,0.5769230769230769,0.0031847133757961785,1.0,0.5,0.0,0.7367509603500366,0.00794837437570095,he_148,humaneval,inject_false_constraint,0
0.8423569202423096,0.7368421052631579,3.019230769230769,6.0,1.0,0.040268456375838924,0.042105263157894736,1.0576923076923077,0.0031847133757961785,1.0,0.5,0.0,0.7367509603500366,0.007948378100991249,he_148,humaneval,fake_completion,0
0.7090582847595215,0.5806451612903226,2.1487603305785123,4.833333333333333,0.8,0.03501945525291829,0.21794871794871795,0.49586776859504134,0.0,1.0,0.5,0.0,0.8260178565979004,0.005668322090059519,he_149,humaneval,signature_rename,0
0.7274525165557861,0.5806451612903226,2.1487603305785123,4.5,0.8,0.03501945525291829,0.19230769230769232,0.49586776859504134,0.0,1.0,0.5,0.0,0.8497897982597351,0.004923129919916391,he_149,humaneval,inject_false_constraint,0
0.7274525165557861,0.5806451612903226,2.1487603305785123,4.5,0.6,0.03829787234042553,0.05128205128205128,0.9917355371900827,0.0,1.0,0.5,0.0,0.8497897982597351,0.004923129919916391,he_149,humaneval,fake_completion,0
0.7141431570053101,0.8125,4.049180327868853,8.333333333333334,0.8,0.04938271604938271,0.32,0.49180327868852464,0.0,1.0,0.5,0.0,0.8494027256965637,0.04464920237660408,he_151,humaneval,signature_rename,0
0.731357991695404,0.8125,4.049180327868853,8.0,0.8,0.04938271604938271,0.28,0.6557377049180328,0.0,1.0,0.5,0.0,0.8176419138908386,0.029952900484204292,he_151,humaneval,inject_false_constraint,0
0.731357991695404,0.8125,4.049180327868853,7.333333333333333,0.8,0.05194805194805195,0.08,1.4754098360655739,0.0,1.0,0.5,0.0,0.8176419138908386,0.029952900484204292,he_151,humaneval,fake_completion,0
0.7007305026054382,0.5454545454545454,2.353982300884956,3.5714285714285716,1.0,0.026717557251908396,0.2,0.44247787610619466,0.0,1.0,0.5,0.0,0.7675120830535889,0.0766483023762703,he_152,humaneval,signature_rename,0
0.7175850868225098,0.5454545454545454,2.353982300884956,3.2857142857142856,1.0,0.026717557251908396,0.1875,0.5309734513274336,0.0,1.0,0.5,0.0,0.7675120830535889,0.0766483023762703,he_152,humaneval,inject_false_constraint,0
0.7175850868225098,0.5454545454545454,2.353982300884956,2.857142857142857,1.0,0.027888446215139442,0.025,0.7964601769911503,0.0,1.0,0.5,0.0,0.7675120830535889,0.0766483023762703,he_152,humaneval,fake_completion,0
0.6574091911315918,0.5434782608695652,2.7549668874172184,2.9,1.0,0.010126582278481013,0.152,0.3973509933774835,0.0,1.0,0.5,0.0,0.6148123741149902,0.2988921105861664,he_153,humaneval,signature_rename,0
0.6540406942367554,0.5434782608695652,2.7549668874172184,2.6,1.0,0.010126582278481013,0.128,0.3973509933774835,0.0,1.0,0.5,0.0,0.6148123741149902,0.3058337867259979,he_153,humaneval,inject_false_constraint,0
0.6540406942367554,0.5217391304347826,2.7549668874172184,2.7,0.8,0.010810810810810811,0.016,0.728476821192053,0.0,1.0,0.5,0.0,0.6148123741149902,0.3058337867259979,he_153,humaneval,fake_completion,0
0.8017899990081787,0.26666666666666666,4.681818181818182,7.0,1.0,0.009852216748768473,0.1774193548387097,0.22727272727272727,0.0,1.0,0.5,0.0,0.6688785552978516,0.5244109630584717,he_154,humaneval,signature_rename,0
0.8312720060348511,0.26666666666666666,4.681818181818182,6.5,1.0,0.009852216748768473,0.08064516129032258,0.45454545454545453,0.0,1.0,0.5,0.0,0.6688785552978516,0.5183386206626892,he_154,humaneval,inject_false_constraint,0
0.8312720060348511,0.26666666666666666,4.681818181818182,7.0,1.0,0.010471204188481676,0.03225806451612903,0.9090909090909091,0.0,1.0,0.5,0.0,0.6688785552978516,0.5183386206626892,he_154,humaneval,fake_completion,0
0.7686025500297546,0.6363636363636364,8.4,7.0,1.0,0.01951219512195122,0.20634920634920634,2.4,0.0,1.0,0.5,0.0,0.23104847967624664,0.19480861723423004,he_155,humaneval,signature_rename,0
0.794765830039978,0.6363636363636364,8.4,6.333333333333333,1.0,0.01932367149758454,0.15873015873015872,2.8,0.0,1.0,0.5,0.0,0.22871996462345123,0.18516112864017487,he_155,humaneval,inject_false_constraint,0
0.794765830039978,0.6363636363636364,8.4,7.333333333333333,1.0,0.020512820512820513,0.015873015873015872,4.8,0.0,1.0,0.5,0.0,0.22871996462345123,0.18516115844249725,he_155,humaneval,fake_completion,0
0.8098229765892029,0.7272727272727273,3.5,3.8,0.8,0.02631578947368421,0.13559322033898305,0.35714285714285715,0.0,1.0,0.5,0.0,0.03918617591261864,0.1817394495010376,he_158,humaneval,signature_rename,0
0.8082316517829895,0.6818181818181818,3.5,3.6,1.0,0.02631578947368421,0.15254237288135594,0.35714285714285715,0.0,1.0,0.5,0.0,0.03918617591261864,0.18188664317131042,he_158,humaneval,inject_false_constraint,0
0.8082316517829895,0.6818181818181818,3.5,2.6,0.8,0.027472527472527472,0.01694915254237288,1.25,0.0,1.0,0.5,0.0,0.03918617591261864,0.18188664317131042,he_158,humaneval,fake_completion,0
0.7499218583106995,0.5897435897435898,1.5512820512820513,3.6,0.4,0.00423728813559322,0.4383561643835616,0.12820512820512822,0.0,1.0,0.5,0.0,0.6736590266227722,0.2580835521221161,he_159,humaneval,signature_rename,0
0.755156397819519,0.6153846153846154,1.5512820512820513,3.2,0.6,0.00423728813559322,0.3972602739726027,0.19230769230769232,0.0,1.0,0.5,0.0,0.6736590266227722,0.277254581451416,he_159,humaneval,inject_false_constraint,0
0.755156397819519,0.5897435897435898,1.5512820512820513,3.4,0.4,0.004291845493562232,0.1095890410958904,0.38461538461538464,0.0,1.0,0.5,0.0,0.6736590266227722,0.277254581451416,he_159,humaneval,fake_completion,0
0.6962872743606567,0.3888888888888889,2.6746031746031744,3.0,1.0,0.009146341463414634,0.13725490196078433,0.39682539682539686,0.0,1.0,0.5,0.0,0.21185940504074097,0.0640244111418724,he_160,humaneval,signature_rename,0
0.6985557079315186,0.3611111111111111,2.6746031746031744,2.8333333333333335,1.0,0.009146341463414634,0.11764705882352941,0.39682539682539686,0.0,1.0,0.5,0.0,0.21185940504074097,0.06424304842948914,he_160,humaneval,inject_false_constraint,0
0.6985557079315186,0.3333333333333333,2.6746031746031744,3.5,0.8,0.00964630225080386,0.0196078431372549,0.6349206349206349,0.0,1.0,0.5,0.0,0.21185940504074097,0.06424304842948914,he_160,humaneval,fake_completion,0
0.652883768081665,0.5333333333333333,4.7924528301886795,5.0,1.0,0.004048582995951417,0.19480519480519481,0.5660377358490566,0.0,1.0,0.5,0.0,0.894106924533844,0.22757869958877563,he_161,humaneval,signature_rename,0
0.7019866108894348,0.5333333333333333,4.7924528301886795,4.8,1.0,0.004048582995951417,0.18181818181818182,0.7547169811320755,0.0,1.0,0.5,0.0,0.894106924533844,0.22721467912197113,he_161,humaneval,inject_false_constraint,0
0.7019866108894348,0.6,4.7924528301886795,4.0,1.0,0.004329004329004329,0.012987012987012988,1.1320754716981132,0.0,1.0,0.5,0.0,0.894106924533844,0.22721467912197113,he_161,humaneval,fake_completion,0
0.7273986339569092,0.375,5.739130434782608,8.0,1.0,0.0,0.225,0.8695652173913044,0.0,1.0,0.5,0.0,0.3097851276397705,0.2928672134876251,he_162,humaneval,signature_rename,0
0.7066187262535095,0.375,5.739130434782608,7.0,1.0,0.0,0.15,1.3043478260869565,0.0,1.0,0.5,0.0,0.3097851276397705,0.2706354558467865,he_162,humaneval,inject_false_constraint,0
0.7126694917678833,0.375,5.739130434782608,6.0,1.0,0.0,0.075,1.3043478260869565,0.0,1.0,0.5,0.0,0.3097851276397705,0.2706354558467865,he_162,humaneval,fake_completion,0
0.6821603775024414,0.6666666666666666,13.0,18.0,1.0,0.02857142857142857,0.18604651162790697,2.727272727272727,0.0,1.0,0.5,0.0,0.014787808060646057,0.019949408248066902,mbpp_062,mbpp,signature_rename,0
0.6680887341499329,0.6666666666666666,13.0,16.0,1.0,0.02857142857142857,0.18604651162790697,3.6363636363636362,0.0,1.0,0.5,0.0,0.014787808060646057,0.018575148656964302,mbpp_062,mbpp,inject_false_constraint,0
0.6600627899169922,0.6666666666666666,13.0,14.0,0.8,0.02857142857142857,0.0,4.545454545454545,0.0,1.0,0.5,0.0,0.014787808060646057,0.018575148656964302,mbpp_062,mbpp,fake_completion,0
0.6887044310569763,0.0,20.11111111111111,13.0,0.8,0.0,0.23636363636363636,2.2222222222222223,0.0,1.0,0.5,0.0,0.008919856511056423,0.0030590191017836332,mbpp_086,mbpp,signature_rename,0
0.7008974552154541,0.0,20.11111111111111,11.0,0.8,0.0,0.18181818181818182,3.333333333333333,0.0,1.0,0.5,0.0,0.00891989003866911,0.0031984522938728333,mbpp_086,mbpp,inject_false_constraint,0
0.6973987817764282,0.0,20.11111111111111,10.0,0.8,0.0,0.03636363636363636,3.333333333333333,0.0,1.0,0.5,0.0,0.00891989003866911,0.0031984522938728333,mbpp_086,mbpp,fake_completion,0
0.5589879751205444,1.0,28.363636363636363,29.0,1.0,0.009771986970684038,0.19148936170212766,5.454545454545454,0.0,1.0,0.5,0.0,0.035900864750146866,0.002828044118359685,mbpp_089,mbpp,signature_rename,0
0.5589879751205444,1.0,28.363636363636363,27.0,1.0,0.009771986970684038,0.1595744680851064,5.454545454545454,0.0,1.0,0.5,0.0,0.035900864750146866,0.002828044816851616,mbpp_089,mbpp,inject_false_constraint,0
0.5589879751205444,1.0,28.363636363636363,26.0,1.0,0.01048951048951049,0.031914893617021274,9.09090909090909,0.0,1.0,0.5,0.0,0.035900864750146866,0.002828044118359685,mbpp_089,mbpp,fake_completion,0
0.6663987636566162,0.8888888888888888,9.047619047619047,17.0,1.0,0.03208556149732621,0.19298245614035087,1.9047619047619047,0.0,1.0,0.5,0.0,0.004750272259116173,0.05608932301402092,mbpp_094,mbpp,signature_rename,0
0.6958476305007935,0.8888888888888888,9.047619047619047,17.0,1.0,0.03208556149732621,0.19298245614035087,2.380952380952381,0.0,1.0,0.5,0.0,0.0047502839006483555,0.05608932301402092,mbpp_094,mbpp,inject_false_constraint,0
0.6958476305007935,0.8888888888888888,9.047619047619047,18.0,1.0,0.027777777777777776,0.07017543859649122,2.857142857142857,0.0,1.0,0.5,0.0,0.0047502839006483555,0.05608932301402092,mbpp_094,mbpp,fake_completion,0
0.7327650785446167,0.8,8.588235294117647,15.0,1.0,0.027972027972027972,0.13636363636363635,2.3529411764705883,0.0,1.0,0.5,0.0,0.5774239301681519,0.28445181250572205,mbpp_095,mbpp,signature_rename,0
0.7485808730125427,0.8,8.588235294117647,15.0,1.0,0.027972027972027972,0.18181818181818182,2.3529411764705883,0.0,1.0,0.5,0.0,0.5774239301681519,0.28446945548057556,mbpp_095,mbpp,inject_false_constraint,0
0.7053906917572021,0.8,8.588235294117647,15.0,1.0,0.021897810218978103,0.09090909090909091,2.9411764705882355,0.0,1.0,0.5,0.0,0.5774308443069458,0.28446945548057556,mbpp_095,mbpp,fake_completion,0
0.6481306552886963,0.8,9.578947368421053,22.0,1.0,0.0111731843575419,0.3090909090909091,2.6315789473684212,0.0,1.0,0.5,0.0,0.011323872022330761,0.03248067572712898,mbpp_098,mbpp,signature_rename,0
0.6493486762046814,0.8,9.578947368421053,18.0,1.0,0.0111731843575419,0.23636363636363636,3.1578947368421053,0.0,1.0,0.5,0.0,0.011323872022330761,0.022355064749717712,mbpp_098,mbpp,inject_false_constraint,0
0.6391873359680176,0.8,9.578947368421053,15.0,0.8,0.0111731843575419,0.01818181818181818,4.2105263157894735,0.0,1.0,0.5,0.0,0.011323872022330761,0.022355064749717712,mbpp_098,mbpp,fake_completion,0
0.7299467325210571,0.6666666666666666,8.047619047619047,20.0,1.0,0.018072289156626505,0.3137254901960784,2.380952380952381,0.0,1.0,0.5,0.0,0.043868184089660645,0.06651180982589722,mbpp_099,mbpp,signature_rename,0
0.7230058908462524,0.6666666666666666,8.047619047619047,18.0,1.0,0.018072289156626505,0.27450980392156865,2.857142857142857,0.0,1.0,0.5,0.0,0.024125346913933754,0.03437391668558121,mbpp_099,mbpp,inject_false_constraint,0
0.7186172008514404,0.6666666666666666,8.047619047619047,16.0,1.0,0.018633540372670808,0.0392156862745098,4.285714285714286,0.0,1.0,0.5,0.0,0.024125318974256516,0.03437373414635658,mbpp_099,mbpp,fake_completion,0
0.6278969645500183,0.6,15.235294117647058,26.0,1.0,0.003952569169960474,0.14102564102564102,1.7647058823529411,0.0,1.0,0.5,0.0,0.09860816597938538,0.06024393439292908,mbpp_100,mbpp,signature_rename,0
0.6323434710502625,0.6,15.235294117647058,24.0,1.0,0.003952569169960474,0.14102564102564102,2.3529411764705883,0.0,1.0,0.5,0.0,0.09860816597938538,0.060692500323057175,mbpp_100,mbpp,inject_false_constraint,0
0.6323434710502625,0.6,15.235294117647058,30.0,1.0,0.004132231404958678,0.07692307692307693,6.470588235294118,0.0,1.0,0.5,0.0,0.09860816597938538,0.060692500323057175,mbpp_100,mbpp,fake_completion,0
0.7272754907608032,0.8,13.666666666666666,15.0,1.0,0.01,0.11290322580645161,4.0,0.0,1.0,0.5,0.0,0.0008381629013456404,0.3318946659564972,mbpp_104,mbpp,signature_rename,0
0.7257645130157471,0.8,13.666666666666666,13.0,1.0,0.01,0.0967741935483871,4.666666666666667,0.0,1.0,0.5,0.0,0.0008381629013456404,0.33090683817863464,mbpp_104,mbpp,inject_false_constraint,0
0.7257645130157471,0.8,13.666666666666666,13.0,0.8,0.010309278350515464,0.0,6.666666666666667,0.0,1.0,0.5,0.0,0.0008381629013456404,0.33090683817863464,mbpp_104,mbpp,fake_completion,0
0.4853120744228363,0.0,19.76923076923077,31.0,1.0,0.0,0.23076923076923078,5.384615384615384,0.0,1.0,0.5,0.0,0.19182251393795013,0.08192399144172668,mbpp_113,mbpp,signature_rename,0
0.48648953437805176,0.0,19.76923076923077,31.0,1.0,0.0,0.23076923076923078,5.384615384615384,0.0,1.0,0.5,0.0,0.19182251393795013,0.08288456499576569,mbpp_113,mbpp,inject_false_constraint,0
0.48648953437805176,0.0,19.76923076923077,31.0,1.0,0.0,0.0641025641025641,7.692307692307692,0.0,1.0,0.5,0.0,0.19182251393795013,0.08288456499576569,mbpp_113,mbpp,fake_completion,0
0.6544530391693115,0.8,9.764705882352942,16.0,1.0,0.012269938650306749,0.1,2.3529411764705883,0.0,1.0,0.5,0.0,0.9969583749771118,0.3155685365200043,mbpp_118,mbpp,signature_rename,0
0.6738237142562866,0.8,9.764705882352942,15.0,1.0,0.012269938650306749,0.08,2.9411764705882355,0.0,1.0,0.5,0.0,0.9969583749771118,0.31549420952796936,mbpp_118,mbpp,inject_false_constraint,0
0.6819323897361755,0.8,9.764705882352942,15.0,0.8,0.012269938650306749,0.04,4.11764705882353,0.0,1.0,0.5,0.0,0.9969583749771118,0.31549420952796936,mbpp_118,mbpp,fake_completion,0
0.6819959282875061,0.8,14.133333333333333,20.0,1.0,0.014354066985645933,0.296875,2.6666666666666665,0.0047169811320754715,1.0,0.5,0.0,0.03941690921783447,0.02514461986720562,mbpp_126,mbpp,signature_rename,0
0.7090863585472107,0.8,14.133333333333333,18.0,1.0,0.014354066985645933,0.234375,3.3333333333333335,0.0047169811320754715,1.0,0.5,0.0,0.03941690921783447,0.025145141407847404,mbpp_126,mbpp,inject_false_constraint,0
0.7090863585472107,0.8,14.133333333333333,21.0,1.0,0.015,0.0625,5.333333333333333,0.0,1.0,0.5,0.0,0.03941690921783447,0.025145141407847404,mbpp_126,mbpp,fake_completion,0
0.6988397836685181,0.8,12.105263157894736,24.0,1.0,0.004484304932735426,0.21739130434782608,1.0526315789473684,0.0,1.0,0.5,0.0,0.9974302649497986,0.004422178026288748,mbpp_131,mbpp,signature_rename,0
0.7418981194496155,0.8,12.105263157894736,24.0,1.0,0.004484304932735426,0.2028985507246377,1.5789473684210527,0.0,1.0,0.5,0.0,0.9980340600013733,0.004399391822516918,mbpp_131,mbpp,inject_false_constraint,0
0.7418981194496155,0.8,12.105263157894736,22.0,1.0,0.004545454545454545,0.057971014492753624,3.68421052631579,0.0,1.0,0.5,0.0,0.9980340600013733,0.004399391356855631,mbpp_131,mbpp,fake_completion,0
0.4995216131210327,0.6666666666666666,13.8,21.0,1.0,0.007518796992481203,0.30952380952380953,4.0,0.0,1.0,0.5,0.0,0.016574513167142868,0.023958638310432434,mbpp_139,mbpp,signature_rename,0
0.5303866863250732,0.6666666666666666,13.8,19.0,0.8,0.007518796992481203,0.2857142857142857,5.0,0.0,1.0,0.5,0.0,0.012216874398291111,0.017708702012896538,mbpp_139,mbpp,inject_false_constraint,0
0.5339462161064148,0.6666666666666666,13.8,16.0,0.8,0.007518796992481203,0.07142857142857142,6.0,0.0,1.0,0.5,0.0,0.012216874398291111,0.017708702012896538,mbpp_139,mbpp,fake_completion,0
0.5910261273384094,0.4,13.8,18.0,1.0,0.0,0.09523809523809523,3.3333333333333335,0.0,1.0,0.5,0.0,0.017000781372189522,0.020327411592006683,mbpp_140,mbpp,signature_rename,0
0.6075281500816345,0.4,13.8,16.0,1.0,0.0,0.06349206349206349,4.0,0.0,1.0,0.5,0.0,0.008346108719706535,0.00812975037842989,mbpp_140,mbpp,inject_false_constraint,0
0.6075281500816345,0.4,13.8,18.0,0.8,0.0,0.015873015873015872,6.0,0.0,1.0,0.5,0.0,0.008346108719706535,0.00812975037842989,mbpp_140,mbpp,fake_completion,0
0.5690051913261414,0.6666666666666666,15.666666666666666,8.0,1.0,0.0072992700729927005,0.046511627906976744,6.666666666666666,0.0,1.0,0.5,0.0,0.9830517768859863,0.000732392247300595,mbpp_141,mbpp,signature_rename,0
0.5857186317443848,0.6666666666666666,15.666666666666666,7.0,1.0,0.0072992700729927005,0.06976744186046512,6.666666666666666,0.0,1.0,0.5,0.0,0.9830517768859863,0.0007095178589224815,mbpp_141,mbpp,inject_false_constraint,0
0.5670874118804932,0.6666666666666666,15.666666666666666,10.0,0.8,0.007575757575757576,0.0,8.88888888888889,0.0,1.0,0.5,0.0,0.9830517768859863,0.0007095178589224815,mbpp_141,mbpp,fake_completion,0
0.7159866094589233,0.6666666666666666,15.0,24.0,1.0,0.0037593984962406013,0.1111111111111111,2.7777777777777777,0.018518518518518517,1.0,0.5,0.0,0.02325928397476673,0.32971879839897156,mbpp_142,mbpp,signature_rename,0
0.7131689786911011,0.6666666666666666,15.0,24.0,1.0,0.0037593984962406013,0.12345679012345678,3.333333333333333,0.018518518518518517,1.0,0.5,0.0,0.02325928397476673,0.32971879839897156,mbpp_142,mbpp,inject_false_constraint,0
0.7131689786911011,0.6666666666666666,15.0,26.0,1.0,0.004166666666666667,0.024691358024691357,5.555555555555555,0.018518518518518517,1.0,0.5,0.0,0.02325928397476673,0.32971879839897156,mbpp_142,mbpp,fake_completion,0
0.7184779644012451,1.0,10.058823529411764,18.0,1.0,0.04790419161676647,0.19230769230769232,2.9411764705882355,0.0,1.0,0.5,0.0,0.0074790301732718945,0.009701404720544815,mbpp_145,mbpp,signature_rename,0
0.7486364245414734,1.0,10.058823529411764,16.0,1.0,0.04790419161676647,0.17307692307692307,3.5294117647058822,0.0,1.0,0.5,0.0,0.005896700080484152,0.006215339992195368,mbpp_145,mbpp,inject_false_constraint,0
0.7372491359710693,1.0,10.058823529411764,17.0,1.0,0.04790419161676647,0.057692307692307696,4.705882352941177,0.0,1.0,0.5,0.0,0.005896700080484152,0.006215339992195368,mbpp_145,mbpp,fake_completion,0
0.5849640965461731,0.25,12.4,16.0,1.0,0.00546448087431694,0.14285714285714285,2.6666666666666665,0.0,1.0,0.5,0.0,0.02372158318758011,0.04363806173205376,mbpp_161,mbpp,signature_rename,0
0.5803378224372864,0.25,12.4,16.0,1.0,0.00546448087431694,0.14285714285714285,3.3333333333333335,0.0,1.0,0.5,0.0,0.013178437948226929,0.018458006903529167,mbpp_161,mbpp,inject_false_constraint,0
0.5803378224372864,0.25,12.4,15.0,1.0,0.005681818181818182,0.05357142857142857,4.0,0.0,1.0,0.5,0.0,0.013178437948226929,0.018458006903529167,mbpp_161,mbpp,fake_completion,0
0.49482858180999756,0.625,9.333333333333334,10.0,1.0,0.0,0.27631578947368424,1.4814814814814814,0.007936507936507936,1.0,0.5,0.0,0.9653056263923645,0.0660659447312355,mbpp_162,mbpp,signature_rename,0
0.5383265614509583,0.625,9.333333333333334,10.0,1.0,0.0,0.21052631578947367,1.4814814814814814,0.007936507936507936,1.0,0.5,0.0,0.9653056263923645,0.06606591492891312,mbpp_162,mbpp,inject_false_constraint,0
0.5383265614509583,0.625,9.333333333333334,9.5,1.0,0.0,0.07894736842105263,2.5925925925925926,0.0,1.0,0.5,0.0,0.9653056263923645,0.06606591492891312,mbpp_162,mbpp,fake_completion,0
0.6679234504699707,0.42857142857142855,5.902439024390244,8.333333333333334,0.8,0.0041841004184100415,0.2328767123287671,0.9756097560975611,0.0,1.0,0.5,0.0,0.0637277290225029,0.2118014544248581,mbpp_223,mbpp,inject_false_constraint,0
0.6679234504699707,0.42857142857142855,5.902439024390244,8.0,0.8,0.004347826086956522,0.0273972602739726,1.707317073170732,0.0,1.0,0.5,0.0,0.0637277290225029,0.2118014544248581,mbpp_223,mbpp,fake_completion,0
0.6709340810775757,0.3333333333333333,19.77777777777778,27.0,0.8,0.002890173410404624,0.2616822429906542,2.7777777777777777,0.0028089887640449437,1.0,0.5,0.0,0.003122037975117564,0.007257899735122919,mbpp_228,mbpp,signature_rename,0
0.6834925413131714,0.3333333333333333,19.77777777777778,26.0,1.0,0.002890173410404624,0.27102803738317754,2.7777777777777777,0.0028089887640449437,1.0,0.5,0.0,0.003122037975117564,0.007708427030593157,mbpp_228,mbpp,inject_false_constraint,0
0.6834925413131714,0.3333333333333333,19.77777777777778,28.0,0.6,0.003115264797507788,0.08411214953271028,2.7777777777777777,0.0028089887640449437,1.0,0.5,0.0,0.003122037975117564,0.0077084265649318695,mbpp_228,mbpp,fake_completion,0
0.6930360794067383,0.5714285714285714,6.956521739130435,14.0,1.0,0.006369426751592357,0.125,2.608695652173913,0.0,1.0,0.5,0.0,0.01697729527950287,0.353471040725708,mbpp_230,mbpp,signature_rename,0
0.7094854116439819,0.5714285714285714,6.956521739130435,13.0,1.0,0.006369426751592357,0.125,3.0434782608695654,0.0,1.0,0.5,0.0,0.00856014620512724,0.33590856194496155,mbpp_230,mbpp,inject_false_constraint,0
0.6756564974784851,0.5714285714285714,6.956521739130435,15.0,0.8,0.007042253521126761,0.0,4.347826086956522,0.0,1.0,0.5,0.0,0.00856014620512724,0.33590856194496155,mbpp_230,mbpp,fake_completion,0
0.6916788816452026,0.6666666666666666,9.75,20.0,1.0,0.004405286343612335,0.08450704225352113,2.5,0.0,1.0,0.5,0.0,0.04505669325590134,0.07132474333047867,mbpp_232,mbpp,signature_rename,0
0.69572913646698,0.6666666666666666,9.75,20.0,1.0,0.0043859649122807015,0.056338028169014086,2.916666666666667,0.0,1.0,0.5,0.0,0.014032891020178795,0.01631932146847248,mbpp_232,mbpp,inject_false_constraint,0
0.69572913646698,0.6666666666666666,9.75,22.0,1.0,0.004694835680751174,0.04225352112676056,2.916666666666667,0.0,1.0,0.5,0.0,0.014032891020178795,0.01631932146847248,mbpp_232,mbpp,fake_completion,0
0.6632885932922363,0.5,8.733333333333333,8.0,1.0,0.015625,0.175,2.0,0.0,1.0,0.5,0.0,0.8448228240013123,0.09107314795255661,mbpp_238,mbpp,signature_rename,0
0.6357559561729431,0.5,8.733333333333333,8.0,1.0,0.015625,0.1,2.6666666666666665,0.0,1.0,0.5,0.0,0.8448228240013123,0.07676045596599579,mbpp_238,mbpp,inject_false_constraint,0
0.6510649919509888,0.5,8.733333333333333,10.0,1.0,0.015625,0.025,4.0,0.0,1.0,0.5,0.0,0.8448228240013123,0.07676045596599579,mbpp_238,mbpp,fake_completion,0
0.6186362504959106,0.5714285714285714,5.545454545454546,10.0,1.0,0.017241379310344827,0.02702702702702703,2.2727272727272725,0.0,1.0,0.5,0.0,0.9993239641189575,0.23485995829105377,mbpp_250,mbpp,signature_rename,0
0.6557000875473022,0.5714285714285714,5.545454545454546,9.0,1.0,0.017241379310344827,0.02702702702702703,1.8181818181818181,0.0,1.0,0.5,0.0,0.9992817044258118,0.23486220836639404,mbpp_250,mbpp,inject_false_constraint,0
0.6447529792785645,0.5714285714285714,5.545454545454546,11.0,0.8,0.01834862385321101,0.0,1.8181818181818181,0.0,1.0,0.5,0.0,0.9992817044258118,0.23486220836639404,mbpp_250,mbpp,fake_completion,0
0.6750755310058594,0.6666666666666666,20.0,29.0,1.0,0.004672897196261682,0.19696969696969696,4.545454545454545,0.0,1.0,0.5,0.0,0.017784345895051956,0.2736966907978058,mbpp_252,mbpp,signature_rename,0
0.6897180080413818,0.6666666666666666,20.0,29.0,1.0,0.004672897196261682,0.18181818181818182,5.454545454545454,0.0,1.0,0.5,0.0,0.017784345895051956,0.27362069487571716,mbpp_252,mbpp,inject_false_constraint,0
0.6897180080413818,0.6666666666666666,20.0,27.0,0.8,0.0049261083743842365,0.0,9.09090909090909,0.0,1.0,0.5,0.0,0.017784345895051956,0.27362069487571716,mbpp_252,mbpp,fake_completion,0
0.7354322671890259,0.5,6.303030303030303,20.0,1.0,0.009852216748768473,0.12698412698412698,1.5151515151515151,0.0,1.0,0.5,0.0,0.001825451385229826,0.28161484003067017,mbpp_255,mbpp,signature_rename,0
0.7432193756103516,0.5,6.303030303030303,19.0,1.0,0.009852216748768473,0.12698412698412698,1.8181818181818183,0.0,1.0,0.5,0.0,0.0011197571875527501,0.2804317772388458,mbpp_255,mbpp,inject_false_constraint,0
0.7432193756103516,0.5,6.303030303030303,15.0,0.8,0.010309278350515464,0.0,2.4242424242424243,0.0,1.0,0.5,0.0,0.0011197571875527501,0.2804317772388458,mbpp_255,mbpp,fake_completion,0
0.676808774471283,0.6666666666666666,9.695652173913043,14.0,1.0,0.018518518518518517,0.4626865671641791,2.173913043478261,0.0,1.0,0.5,0.0,0.9985248446464539,0.014889728277921677,mbpp_256,mbpp,signature_rename,0
0.7043406367301941,0.6666666666666666,9.695652173913043,14.0,1.0,0.018518518518518517,0.43283582089552236,2.608695652173913,0.0,1.0,0.5,0.0,0.9985248446464539,0.0173359252512455,mbpp_256,mbpp,inject_false_constraint,0
0.7043406367301941,0.6666666666666666,9.695652173913043,16.0,1.0,0.018867924528301886,0.08955223880597014,3.4782608695652177,0.0,1.0,0.5,0.0,0.9985248446464539,0.0173359252512455,mbpp_256,mbpp,fake_completion,0
0.6373314261436462,0.4,8.5,15.0,1.0,0.0,0.2391304347826087,1.6666666666666665,0.006535947712418301,1.0,0.5,0.0,0.024553654715418816,0.034896451979875565,mbpp_261,mbpp,signature_rename,0
0.6283456683158875,0.4,8.5,13.0,1.0,0.0,0.17391304347826086,2.2222222222222223,0.006535947712418301,1.0,0.5,0.0,0.013934665359556675,0.01670168712735176,mbpp_261,mbpp,inject_false_constraint,0
0.6132951974868774,0.4,8.5,12.0,1.0,0.0,0.06521739130434782,2.7777777777777777,0.006535947712418301,1.0,0.5,0.0,0.013934665359556675,0.01670168712735176,mbpp_261,mbpp,fake_completion,0
0.7449425458908081,0.7142857142857143,7.458333333333333,12.0,0.8,0.05202312138728324,0.2222222222222222,0.8333333333333334,0.0111731843575419,1.0,0.5,0.0,0.9703302383422852,0.3236147165298462,mbpp_267,mbpp,signature_rename,0
0.7569729089736938,0.7142857142857143,7.458333333333333,10.0,1.0,0.05202312138728324,0.12962962962962962,1.25,0.00558659217877095,1.0,0.5,0.0,0.9677661657333374,0.3235161006450653,mbpp_267,mbpp,inject_false_constraint,0
0.721351146697998,0.7142857142857143,7.458333333333333,13.0,0.8,0.05389221556886228,0.05555555555555555,1.25,0.0,1.0,0.5,0.0,0.9677661657333374,0.3235161006450653,mbpp_267,mbpp,fake_completion,0
0.7452290058135986,0.75,7.214285714285714,18.0,1.0,0.02564102564102564,0.21311475409836064,0.7142857142857143,0.0049504950495049506,1.0,0.5,0.0,0.9978806972503662,0.29771795868873596,mbpp_271,mbpp,signature_rename,0
0.7469295263290405,0.75,7.214285714285714,18.0,1.0,0.02564102564102564,0.16393442622950818,1.0714285714285714,0.0,1.0,0.5,0.0,0.9978916049003601,0.2976827323436737,mbpp_271,mbpp,inject_false_constraint,0
0.7469295263290405,0.75,7.214285714285714,14.0,0.8,0.028409090909090908,0.06557377049180328,1.0714285714285714,0.0,1.0,0.5,0.0,0.9978916049003601,0.2976827323436737,mbpp_271,mbpp,fake_completion,0
0.7008748054504395,0.8,10.1,17.0,1.0,0.021621621621621623,0.26229508196721313,1.0,0.0,1.0,0.5,0.0,0.007326379418373108,0.6152660250663757,mbpp_274,mbpp,signature_rename,0
0.7176463603973389,0.8,10.1,17.0,1.0,0.021621621621621623,0.22950819672131148,1.5,0.0,1.0,0.5,0.0,0.007326379418373108,0.5587463974952698,mbpp_274,mbpp,inject_false_constraint,0
0.7176463603973389,0.8,10.1,15.0,0.8,0.0223463687150838,0.01639344262295082,2.0,0.0,1.0,0.5,0.0,0.007326379418373108,0.5587463974952698,mbpp_274,mbpp,fake_completion,0
0.6849948167800903,0.6666666666666666,12.058823529411764,16.0,1.0,0.01485148514851485,0.08064516129032258,2.9411764705882355,0.0,1.0,0.5,0.0,0.9985809326171875,0.005059055518358946,mbpp_281,mbpp,signature_rename,0
0.6988742351531982,0.6666666666666666,12.058823529411764,15.0,1.0,0.01485148514851485,0.11290322580645161,3.5294117647058822,0.0,1.0,0.5,0.0,0.9985809326171875,0.004726951010525227,mbpp_281,mbpp,inject_false_constraint,0
0.6988742351531982,0.6666666666666666,12.058823529411764,19.0,1.0,0.015544041450777202,0.03225806451612903,4.705882352941177,0.0,1.0,0.5,0.0,0.9985809326171875,0.004726951010525227,mbpp_281,mbpp,fake_completion,0
0.7091370224952698,1.0,9.892857142857142,31.0,1.0,0.051094890510948905,0.13095238095238096,1.7857142857142858,0.0,1.0,0.5,0.0,0.01383832935243845,0.3044683039188385,mbpp_283,mbpp,signature_rename,0
0.7304866313934326,1.0,9.892857142857142,29.0,1.0,0.051094890510948905,0.07142857142857142,2.142857142857143,0.0,1.0,0.5,0.0,0.007858593948185444,0.2967837154865265,mbpp_283,mbpp,inject_false_constraint,0
0.7304866313934326,1.0,9.892857142857142,29.0,1.0,0.05223880597014925,0.023809523809523808,3.928571428571429,0.0,1.0,0.5,0.0,0.007858593948185444,0.2967837154865265,mbpp_283,mbpp,fake_completion,0
0.7056905031204224,0.6,5.571428571428571,7.0,1.0,0.008928571428571428,0.3055555555555556,0.9523809523809523,0.008547008547008548,1.0,0.5,0.0,0.049927935004234314,0.030150465667247772,mbpp_287,mbpp,signature_rename,0
0.729214072227478,0.6,5.571428571428571,7.0,1.0,0.008928571428571428,0.25,1.4285714285714286,0.008547008547008548,1.0,0.5,0.0,0.049927935004234314,0.02943493239581585,mbpp_287,mbpp,inject_false_constraint,0
0.7247592210769653,0.6,5.571428571428571,9.0,1.0,0.008928571428571428,0.05555555555555555,1.4285714285714286,0.0,1.0,0.5,0.0,0.049927935004234314,0.02943493239581585,mbpp_287,mbpp,fake_completion,0
0.7261965870857239,0.5,9.057142857142857,16.0,0.8,0.006666666666666667,0.21875,1.7142857142857142,0.0,1.0,0.5,0.0,0.9004629254341125,0.011024531908333302,mbpp_291,mbpp,signature_rename,0
0.750527560710907,0.5,9.057142857142857,15.0,0.8,0.006666666666666667,0.20833333333333334,1.7142857142857142,0.0,1.0,0.5,0.0,0.8687196373939514,0.011695273220539093,mbpp_291,mbpp,inject_false_constraint,0
0.750527560710907,0.5,9.057142857142857,19.0,0.8,0.0035971223021582736,0.041666666666666664,3.142857142857143,0.0,1.0,0.5,0.0,0.8687196373939514,0.011695273220539093,mbpp_291,mbpp,fake_completion,0
0.6123325824737549,1.0,9.6875,15.0,1.0,0.02,0.1702127659574468,3.75,0.0,1.0,0.5,0.0,0.025606360286474228,0.11385975033044815,mbpp_292,mbpp,signature_rename,0
0.6496084928512573,1.0,9.6875,13.0,1.0,0.02,0.1276595744680851,3.75,0.0,1.0,0.5,0.0,0.01921137422323227,0.10632085800170898,mbpp_292,mbpp,inject_false_constraint,0
0.6165227293968201,1.0,9.6875,15.0,1.0,0.019736842105263157,0.0425531914893617,5.0,0.0,1.0,0.5,0.0,0.01921137422323227,0.10632085800170898,mbpp_292,mbpp,fake_completion,0
0.5532670021057129,0.5,17.76923076923077,15.0,1.0,0.008968609865470852,0.2571428571428571,2.3076923076923075,0.0,1.0,0.5,0.0,0.09981658309698105,0.027390649542212486,mbpp_293,mbpp,signature_rename,0
0.5515064001083374,0.5,17.76923076923077,13.0,0.8,0.008968609865470852,0.22857142857142856,2.3076923076923075,0.0,1.0,0.5,0.0,0.09981658309698105,0.07607363164424896,mbpp_293,mbpp,inject_false_constraint,0
0.5515064001083374,0.5,17.76923076923077,15.0,0.8,0.0091324200913242,0.014285714285714285,3.846153846153846,0.0,1.0,0.5,0.0,0.09981658309698105,0.07607363164424896,mbpp_293,mbpp,fake_completion,0
0.5862038731575012,0.0,22.1,19.0,1.0,0.0,0.029850746268656716,5.0,0.0,1.0,0.5,0.0,0.06979581713676453,0.005295243114233017,mbpp_297,mbpp,signature_rename,0
0.5977649092674255,0.0,22.1,18.0,1.0,0.0,0.029850746268656716,6.0,0.0,1.0,0.5,0.0,0.06979581713676453,0.005132970865815878,mbpp_297,mbpp,inject_false_constraint,0
0.5977649092674255,0.0,22.1,21.0,1.0,0.0,0.0,11.0,0.0,1.0,0.5,0.0,0.06979581713676453,0.005132970865815878,mbpp_297,mbpp,fake_completion,0
0.5794479846954346,0.625,6.84,18.0,1.0,0.023809523809523808,0.2692307692307692,0.8,0.0,1.0,0.5,0.0,0.9248499274253845,0.017319882288575172,mbpp_392,mbpp,signature_rename,0
0.5897344350814819,0.625,6.84,18.0,1.0,0.023809523809523808,0.28846153846153844,1.2,0.0,1.0,0.5,0.0,0.9248499274253845,0.015662530437111855,mbpp_392,mbpp,inject_false_constraint,0
0.5897344350814819,0.625,6.84,18.0,1.0,0.024539877300613498,0.057692307692307696,2.8,0.0,1.0,0.5,0.0,0.9248499274253845,0.015662530437111855,mbpp_392,mbpp,fake_completion,0
0.7192432284355164,0.6666666666666666,14.727272727272727,18.0,1.0,0.006329113924050633,0.16326530612244897,6.363636363636363,0.0,1.0,0.5,0.0,0.9908334612846375,0.0039328522980213165,mbpp_394,mbpp,signature_rename,0
0.731530487537384,0.6666666666666666,14.727272727272727,18.0,1.0,0.006329113924050633,0.1836734693877551,7.2727272727272725,0.0,1.0,0.5,0.0,0.9908334612846375,0.004291017074137926,mbpp_394,mbpp,inject_false_constraint,0
0.731530487537384,0.6666666666666666,14.727272727272727,18.0,1.0,0.006993006993006993,0.061224489795918366,6.363636363636363,0.0,1.0,0.5,0.0,0.9908334612846375,0.004291017074137926,mbpp_394,mbpp,fake_completion,0
0.6538645029067993,0.2,10.647058823529411,18.0,0.8,0.0,0.09090909090909091,2.3529411764705883,0.0,1.0,0.5,0.0,0.045118529349565506,0.09217668324708939,mbpp_401,mbpp,signature_rename,0
0.6375505328178406,0.2,10.647058823529411,18.0,0.8,0.0,0.09090909090909091,2.9411764705882355,0.0,1.0,0.5,0.0,0.03125660493969917,0.062215257436037064,mbpp_401,mbpp,inject_false_constraint,0
0.6375505328178406,0.2,10.647058823529411,18.0,0.6,0.0,0.03636363636363636,3.5294117647058822,0.0,1.0,0.5,0.0,0.031256526708602905,0.06221519038081169,mbpp_401,mbpp,fake_completion,0
0.5691843032836914,0.6666666666666666,9.75,22.0,1.0,0.019736842105263157,0.2127659574468085,2.5,0.0,1.0,0.5,0.0,0.9988440275192261,0.0010944318491965532,task_001,hand_easy,signature_rename,0
0.5702735185623169,0.6666666666666666,9.75,22.0,1.0,0.019736842105263157,0.19148936170212766,3.125,0.0,1.0,0.5,0.0,0.9988440275192261,0.0010492419824004173,task_001,hand_easy,inject_false_constraint,0
0.5925760269165039,0.6666666666666666,9.75,21.0,1.0,0.02054794520547945,0.0425531914893617,3.75,0.0,1.0,0.5,0.0,0.9988440275192261,0.0010492419824004173,task_001,hand_easy,fake_completion,0
0.5394810438156128,0.5555555555555556,6.809523809523809,5.0,1.0,0.0,0.2441860465116279,0.9523809523809523,0.006993006993006993,1.0,0.5,0.0,0.26235753297805786,0.15515922009944916,he_062,humaneval,signature_rename,0
0.5776025056838989,0.5555555555555556,6.809523809523809,5.0,1.0,0.0,0.19767441860465115,1.1904761904761905,0.0,1.0,0.5,0.0,0.13369527459144592,0.1839425265789032,he_062,humaneval,inject_false_constraint,0
0.5776025056838989,0.5,6.809523809523809,4.75,0.8,0.0,0.05813953488372093,1.6666666666666665,0.0,1.0,0.5,0.0,0.13369527459144592,0.1839425265789032,he_062,humaneval,fake_completion,0
0.5861518383026123,0.6666666666666666,3.4743589743589745,3.5,0.8,0.003875968992248062,0.2073170731707317,0.38461538461538464,0.0,1.0,0.5,0.0,0.9899988770484924,0.006934312637895346,he_084,humaneval,signature_rename,0
0.603141188621521,0.6666666666666666,3.4743589743589745,3.1666666666666665,1.0,0.003875968992248062,0.1951219512195122,0.5128205128205129,0.0,1.0,0.5,0.0,0.9906402826309204,0.006349682342261076,he_084,humaneval,inject_false_constraint,0
0.603141188621521,0.625,3.4743589743589745,2.8333333333333335,0.8,0.0,0.07317073170731707,0.6410256410256411,0.0,1.0,0.5,0.0,0.9906402826309204,0.006349682807922363,he_084,humaneval,fake_completion,0
0.5773406624794006,0.6666666666666666,3.1466666666666665,6.333333333333333,1.0,0.013100436681222707,0.18309859154929578,0.4,0.0,1.0,0.5,0.0,0.9480405449867249,0.10098966211080551,he_116,humaneval,signature_rename,0
0.54775470495224,0.7619047619047619,3.1466666666666665,6.333333333333333,1.0,0.013100436681222707,0.15492957746478872,0.5333333333333333,0.0,1.0,0.5,0.0,0.9480412006378174,0.09997989237308502,he_116,humaneval,inject_false_constraint,0
0.54775470495224,0.7142857142857143,3.1466666666666665,6.0,1.0,0.013574660633484163,0.028169014084507043,0.8,0.0,1.0,0.5,0.0,0.9480412006378174,0.09997989237308502,he_116,humaneval,fake_completion,0
0.5982571840286255,0.48,4.103448275862069,5.25,1.0,0.0,0.1527777777777778,0.5172413793103449,0.0,1.0,0.5,0.0,0.972863495349884,0.08128593116998672,he_122,humaneval,signature_rename,0
0.6376712322235107,0.52,4.103448275862069,4.75,0.8,0.0,0.125,0.6896551724137931,0.0,1.0,0.5,0.0,0.960553765296936,0.08168753981590271,he_122,humaneval,inject_false_constraint,0
0.6376712322235107,0.48,4.103448275862069,5.0,0.8,0.0,0.05555555555555555,0.8620689655172414,0.0,1.0,0.5,0.0,0.960553765296936,0.08168753981590271,he_122,humaneval,fake_completion,0
0.7410799860954285,0.6666666666666666,6.023255813953488,5.0,0.8,0.04296875,0.10256410256410256,0.9302325581395349,0.0,1.0,0.5,0.0,0.08633915334939957,0.24503576755523682,he_139,humaneval,signature_rename,0
0.7604016065597534,0.6666666666666666,6.023255813953488,4.666666666666667,0.8,0.04296875,0.07692307692307693,1.1627906976744187,0.0,1.0,0.5,0.0,0.022314507514238358,0.24110864102840424,he_139,humaneval,inject_false_constraint,0
0.7604016065597534,0.6666666666666666,6.023255813953488,5.0,0.8,0.04564315352697095,0.038461538461538464,2.0930232558139537,0.0,1.0,0.5,0.0,0.022314507514238358,0.24110865592956543,he_139,humaneval,fake_completion,0
0.5065081119537354,0.4782608695652174,2.962962962962963,6.0,1.0,0.03691275167785235,0.22916666666666666,0.27777777777777773,0.009375,1.0,0.5,0.0,0.2195129543542862,0.019208841025829315,he_142,humaneval,signature_rename,0
0.5467464923858643,0.4782608695652174,2.962962962962963,5.6,1.0,0.03691275167785235,0.21875,0.37037037037037035,0.009375,1.0,0.5,0.0,0.2195129543542862,0.02186378836631775,he_142,humaneval,inject_false_constraint,0
0.5467464923858643,0.4782608695652174,2.962962962962963,6.0,1.0,0.03985507246376811,0.020833333333333332,0.8333333333333333,0.003125,1.0,0.5,0.0,0.2195129543542862,0.02186378836631775,he_142,humaneval,fake_completion,0
0.7484251260757446,0.6428571428571429,5.611111111111111,7.5,1.0,0.0,0.29508196721311475,0.2777777777777778,0.0,1.0,0.5,0.0,0.619795024394989,0.21689318120479584,he_156,humaneval,signature_rename,0
0.7592298984527588,0.6428571428571429,5.611111111111111,7.0,1.0,0.0,0.29508196721311475,0.5555555555555556,0.0,1.0,0.5,0.0,0.619795024394989,0.21716152131557465,he_156,humaneval,inject_false_constraint,0
0.7592298984527588,0.6428571428571429,5.611111111111111,7.5,1.0,0.0,0.08196721311475409,1.3888888888888888,0.0,1.0,0.5,0.0,0.619795024394989,0.21716152131557465,he_156,humaneval,fake_completion,0
0.6096372604370117,0.6,10.38888888888889,15.0,1.0,0.0,0.10526315789473684,2.7777777777777777,0.0,1.0,0.5,0.0,0.11217743158340454,0.0072579109109938145,mbpp_012,mbpp,signature_rename,0
0.6163774728775024,0.6,10.38888888888889,15.0,1.0,0.0,0.12280701754385964,3.333333333333333,0.0,1.0,0.5,0.0,0.11217743158340454,0.007257913704961538,mbpp_012,mbpp,inject_false_constraint,0
0.621235191822052,0.6,10.38888888888889,15.0,1.0,0.0,0.0,5.0,0.0,1.0,0.5,0.0,0.11217743158340454,0.0072579109109938145,mbpp_012,mbpp,fake_completion,0
0.5802465677261353,0.4,10.055555555555555,18.0,1.0,0.0,0.12727272727272726,2.7777777777777777,0.0,1.0,0.5,0.0,0.025052620097994804,0.013534818775951862,mbpp_088,mbpp,signature_rename,0
0.594666600227356,0.4,10.055555555555555,17.0,1.0,0.0,0.07272727272727272,2.7777777777777777,0.0,1.0,0.5,0.0,0.025052756071090698,0.010247853584587574,mbpp_088,mbpp,inject_false_constraint,0
0.6160814762115479,0.4,10.055555555555555,16.0,1.0,0.0,0.01818181818181818,3.888888888888889,0.0,1.0,0.5,0.0,0.025052756071090698,0.010247853584587574,mbpp_088,mbpp,fake_completion,0
0.8113917112350464,0.3333333333333333,13.2,18.0,1.0,0.010256410256410256,0.25,4.0,0.0,1.0,0.5,0.0,0.029279084876179695,0.0441618375480175,mbpp_115,mbpp,signature_rename,0
0.813207745552063,0.3333333333333333,13.2,18.0,1.0,0.010256410256410256,0.25,4.666666666666667,0.0,1.0,0.5,0.0,0.01877095177769661,0.02811553329229355,mbpp_115,mbpp,inject_false_constraint,0
0.813207745552063,0.3333333333333333,13.2,18.0,1.0,0.010810810810810811,0.016666666666666666,7.333333333333333,0.0,1.0,0.5,0.0,0.01877095177769661,0.02811553329229355,mbpp_115,mbpp,fake_completion,0
0.6770408153533936,0.6,10.647058823529411,21.0,1.0,0.011560693641618497,0.21818181818181817,2.3529411764705883,0.0,1.0,0.5,0.0,0.9966176152229309,0.0014751803828403354,mbpp_133,mbpp,signature_rename,0
0.6802864074707031,0.6,10.647058823529411,19.0,1.0,0.011560693641618497,0.2,2.9411764705882355,0.0,1.0,0.5,0.0,0.9966176152229309,0.0026814069133251905,mbpp_133,mbpp,inject_false_constraint,0
0.6726575493812561,0.6,10.647058823529411,18.0,1.0,0.011904761904761904,0.03636363636363636,3.5294117647058822,0.0,1.0,0.5,0.0,0.9966176152229309,0.0026814069133251905,mbpp_133,mbpp,fake_completion,0
0.6042895913124084,0.5555555555555556,7.5,26.0,1.0,0.0,0.14285714285714285,2.142857142857143,0.0,1.0,0.5,0.0,0.5980505347251892,0.021590115502476692,mbpp_165,mbpp,signature_rename,0
0.5972422361373901,0.5555555555555556,7.5,25.0,1.0,0.0,0.14285714285714285,2.5,0.0,1.0,0.5,0.0,0.5980507135391235,0.021590115502476692,mbpp_165,mbpp,inject_false_constraint,0
0.5972422361373901,0.5555555555555556,7.5,23.0,1.0,0.0,0.031746031746031744,2.857142857142857,0.0,1.0,0.5,0.0,0.5980505347251892,0.021590115502476692,mbpp_165,mbpp,fake_completion,0
0.7173042297363281,0.7142857142857143,14.6,19.0,1.0,0.02867383512544803,0.22727272727272727,1.0,0.0,1.0,0.5,0.0,0.0348367877304554,0.14174556732177734,mbpp_166,mbpp,signature_rename,0
0.7233515977859497,0.7142857142857143,14.6,19.0,1.0,0.02867383512544803,0.22727272727272727,1.5,0.0,1.0,0.5,0.0,0.03401157259941101,0.12550686299800873,mbpp_166,mbpp,inject_false_constraint,0
0.7233515977859497,0.7142857142857143,14.6,18.0,1.0,0.029411764705882353,0.06818181818181818,3.5,0.0,1.0,0.5,0.0,0.03401162102818489,0.1255071461200714,mbpp_166,mbpp,fake_completion,0
0.6614482402801514,1.0,13.529411764705882,15.0,1.0,0.03636363636363636,0.21739130434782608,2.9411764705882355,0.0,1.0,0.5,0.0,0.05474713072180748,0.019944466650485992,mbpp_167,mbpp,signature_rename,0
0.6700071096420288,1.0,13.529411764705882,15.0,1.0,0.03636363636363636,0.17391304347826086,2.9411764705882355,0.0,1.0,0.5,0.0,0.05474713072180748,0.014701425097882748,mbpp_167,mbpp,inject_false_constraint,0
0.6700071096420288,1.0,13.529411764705882,17.0,1.0,0.038834951456310676,0.014492753623188406,5.294117647058823,0.0,1.0,0.5,0.0,0.05474713072180748,0.014701425097882748,mbpp_167,mbpp,fake_completion,0
0.6702737808227539,0.8,6.764705882352941,7.0,1.0,0.008928571428571428,0.11428571428571428,1.1764705882352942,0.0,1.0,0.5,0.0,0.9913145899772644,0.1279507279396057,mbpp_226,mbpp,signature_rename,0
0.6633223295211792,0.8,6.764705882352941,6.0,1.0,0.008928571428571428,0.17142857142857143,1.7647058823529411,0.0,1.0,0.5,0.0,0.9913145899772644,0.02840776927769184,mbpp_226,mbpp,inject_false_constraint,0
0.6786496639251709,0.8,6.764705882352941,9.0,1.0,0.008928571428571428,0.02857142857142857,1.7647058823529411,0.0,1.0,0.5,0.0,0.9913145899772644,0.02840776927769184,mbpp_226,mbpp,fake_completion,0
0.5704808235168457,0.75,15.222222222222221,14.0,1.0,0.0,0.11904761904761904,4.444444444444445,0.0,1.0,0.5,0.0,0.9360522031784058,0.009845935739576817,mbpp_227,mbpp,signature_rename,0
0.5761935710906982,0.75,15.222222222222221,14.0,1.0,0.0,0.14285714285714285,5.555555555555555,0.0,1.0,0.5,0.0,0.9360520243644714,0.008408374153077602,mbpp_227,mbpp,inject_false_constraint,0
0.6130868196487427,0.75,15.222222222222221,16.0,1.0,0.0,0.047619047619047616,5.555555555555555,0.0,1.0,0.5,0.0,0.9360520243644714,0.008408374153077602,mbpp_227,mbpp,fake_completion,0
0.7232071757316589,0.75,8.4375,13.0,1.0,0.03937007874015748,0.2926829268292683,2.5,0.0,1.0,0.5,0.0,0.009031044319272041,0.003538476536050439,mbpp_266,mbpp,signature_rename,0
0.738225519657135,0.75,8.4375,11.0,1.0,0.03937007874015748,0.1951219512195122,3.125,0.0,1.0,0.5,0.0,0.009031044319272041,0.003538476536050439,mbpp_266,mbpp,inject_false_constraint,0
0.7349753379821777,0.75,8.4375,11.0,0.8,0.0390625,0.024390243902439025,3.75,0.0,1.0,0.5,0.0,0.009031044319272041,0.003538476536050439,mbpp_266,mbpp,fake_completion,0
0.5632773637771606,0.0,19.77777777777778,7.0,1.0,0.0,0.12962962962962962,3.333333333333333,0.0,1.0,0.5,0.0,0.041255172342061996,0.012902974151074886,mbpp_268,mbpp,signature_rename,0
0.5634938478469849,0.0,19.77777777777778,7.0,1.0,0.0,0.12962962962962962,3.333333333333333,0.0,1.0,0.5,0.0,0.041255172342061996,0.012816225178539753,mbpp_268,mbpp,inject_false_constraint,0
0.5704174637794495,0.0,19.77777777777778,10.0,0.8,0.0,0.05555555555555555,3.333333333333333,0.0,1.0,0.5,0.0,0.041255172342061996,0.012816225178539753,mbpp_268,mbpp,fake_completion,0
0.6533291339874268,0.5,9.894736842105264,22.0,1.0,0.016483516483516484,0.3157894736842105,2.6315789473684212,0.0,1.0,0.5,0.0,0.05008603259921074,0.11125846952199936,mbpp_285,mbpp,signature_rename,0
0.6800932884216309,0.5,9.894736842105264,22.0,1.0,0.016483516483516484,0.2807017543859649,3.1578947368421053,0.0,1.0,0.5,0.0,0.05008603259921074,0.08469939231872559,mbpp_285,mbpp,inject_false_constraint,0
0.6800932884216309,0.5,9.894736842105264,20.0,1.0,0.016483516483516484,0.05263157894736842,4.2105263157894735,0.0,1.0,0.5,0.0,0.05008603259921074,0.08469939231872559,mbpp_285,mbpp,fake_completion,0
0.6845348477363586,0.75,13.7,14.0,1.0,0.007462686567164179,0.11904761904761904,3.0,0.0,1.0,0.5,0.0,0.4255698323249817,0.07741990685462952,mbpp_397,mbpp,signature_rename,0
0.6893405914306641,0.75,13.7,14.0,1.0,0.007462686567164179,0.11904761904761904,3.0,0.0,1.0,0.5,0.0,0.4255698323249817,0.05230821296572685,mbpp_397,mbpp,inject_false_constraint,0
0.6269939541816711,0.75,13.7,16.0,1.0,0.007462686567164179,0.09523809523809523,4.0,0.0,1.0,0.5,0.0,0.4255698323249817,0.05230821296572685,mbpp_397,mbpp,fake_completion,0
0.7255810499191284,0.6666666666666666,8.0,12.0,1.0,0.02586206896551724,0.25,2.0,0.0,1.0,0.5,0.0,0.007053668610751629,0.0069608441554009914,mbpp_406,mbpp,signature_rename,0
0.7192760705947876,0.6666666666666666,8.0,10.0,1.0,0.02586206896551724,0.19444444444444445,2.6666666666666665,0.0,1.0,0.5,0.0,0.006292627193033695,0.006533738225698471,mbpp_406,mbpp,inject_false_constraint,0
0.7301790118217468,0.6666666666666666,8.0,13.0,1.0,0.02586206896551724,0.1111111111111111,3.3333333333333335,0.0,1.0,0.5,0.0,0.006292627193033695,0.006533738225698471,mbpp_406,mbpp,fake_completion,0
0.6396353244781494,0.4,12.705882352941176,19.0,1.0,0.0,0.18461538461538463,1.7647058823529411,0.0,1.0,0.5,0.0,0.0048175593838095665,0.0076275779865682125,mbpp_409,mbpp,signature_rename,0
0.6508115530014038,0.4,12.705882352941176,17.0,1.0,0.0,0.13846153846153847,2.3529411764705883,0.0,1.0,0.5,0.0,0.0069835977628827095,0.013542801141738892,mbpp_409,mbpp,inject_false_constraint,0
0.6508115530014038,0.4,12.705882352941176,17.0,1.0,0.0,0.1076923076923077,2.3529411764705883,0.0,1.0,0.5,0.0,0.0069835977628827095,0.013542801141738892,mbpp_409,mbpp,fake_completion,0
0.6824398040771484,0.8,11.2,14.0,1.0,0.0,0.19607843137254902,2.0,0.0,1.0,0.5,0.0,0.006298420950770378,0.28170889616012573,mbpp_422,mbpp,signature_rename,0
0.7110005617141724,0.8,11.2,13.0,1.0,0.0,0.1568627450980392,2.6666666666666665,0.0,1.0,0.5,0.0,0.006298420950770378,0.2815130054950714,mbpp_422,mbpp,inject_false_constraint,0
0.684869647026062,0.8,11.2,17.0,1.0,0.0,0.0392156862745098,3.3333333333333335,0.0,1.0,0.5,0.0,0.006298420950770378,0.2815130054950714,mbpp_422,mbpp,fake_completion,0
0.6329958438873291,0.3333333333333333,18.416666666666668,27.0,1.0,0.0,0.19402985074626866,6.666666666666667,0.0,1.0,0.5,0.0,0.06342439353466034,0.05621838569641113,mbpp_428,mbpp,signature_rename,0
0.6350635886192322,0.3333333333333333,18.416666666666668,24.0,1.0,0.0,0.16417910447761194,7.5,0.0,1.0,0.5,0.0,0.06342439353466034,0.05628206208348274,mbpp_428,mbpp,inject_false_constraint,0
0.6350635886192322,0.3333333333333333,18.416666666666668,26.0,1.0,0.0,0.07462686567164178,7.5,0.0,1.0,0.5,0.0,0.06342439353466034,0.05628206208348274,mbpp_428,mbpp,fake_completion,0
0.6965606212615967,0.6666666666666666,11.5,11.0,1.0,0.007518796992481203,0.09523809523809523,3.3333333333333335,0.0,1.0,0.5,0.0,0.0050713662058115005,0.33844050765037537,mbpp_436,mbpp,signature_rename,0
0.6952619552612305,0.6666666666666666,11.5,11.0,1.0,0.007518796992481203,0.023809523809523808,4.166666666666667,0.0,1.0,0.5,0.0,0.004082120954990387,0.3353751003742218,mbpp_436,mbpp,inject_false_constraint,0
0.7191952466964722,0.6666666666666666,11.5,12.0,0.8,0.007874015748031496,0.0,5.0,0.0,1.0,0.5,0.0,0.004082120954990387,0.3353751003742218,mbpp_436,mbpp,fake_completion,0
0.5711969137191772,0.5,15.0,30.0,1.0,0.00966183574879227,0.20634920634920634,3.5714285714285716,0.0,1.0,0.5,0.0,0.023945465683937073,0.03009733371436596,mbpp_439,mbpp,signature_rename,0
0.5941202044487,0.5,15.0,28.0,1.0,0.00966183574879227,0.15873015873015872,4.285714285714286,0.0,1.0,0.5,0.0,0.016116274520754814,0.020859695971012115,mbpp_439,mbpp,inject_false_constraint,0
0.5941202044487,0.5,15.0,25.0,0.6,0.009950248756218905,0.031746031746031744,5.714285714285714,0.0,1.0,0.5,0.0,0.016116274520754814,0.020859695971012115,mbpp_439,mbpp,fake_completion,0
0.6495912075042725,0.5,8.2,8.0,0.8,0.01680672268907563,0.16216216216216217,2.0,0.0,1.0,0.5,0.0,0.004590968135744333,0.0004814051790162921,mbpp_441,mbpp,signature_rename,0
0.6600493788719177,0.5,8.2,7.0,0.8,0.01680672268907563,0.21621621621621623,2.0,0.0,1.0,0.5,0.0,0.004590968135744333,0.0004879072366748005,mbpp_441,mbpp,inject_false_constraint,0
0.6409833431243896,0.5,8.2,9.0,0.8,0.017543859649122806,0.08108108108108109,4.0,0.0,1.0,0.5,0.0,0.004590968135744333,0.0004879072366748005,mbpp_441,mbpp,fake_completion,0
0.5934408903121948,0.0,13.636363636363637,17.0,1.0,0.0,0.1111111111111111,4.545454545454545,0.0,1.0,0.5,0.0,0.01830831915140152,0.054124802350997925,mbpp_451,mbpp,signature_rename,0
0.610325276851654,0.0,13.636363636363637,15.0,1.0,0.0,0.08888888888888889,4.545454545454545,0.0,1.0,0.5,0.0,0.012354975566267967,0.024907303974032402,mbpp_451,mbpp,inject_false_constraint,0
0.5946565866470337,0.0,13.636363636363637,15.0,1.0,0.0,0.06666666666666667,6.363636363636363,0.0,1.0,0.5,0.0,0.012354975566267967,0.024907303974032402,mbpp_451,mbpp,fake_completion,0
0.6436010599136353,0.75,13.142857142857142,18.0,1.0,0.0056179775280898875,0.10714285714285714,2.142857142857143,0.005434782608695652,1.0,0.5,0.0,0.9752694964408875,0.00247361627407372,mbpp_453,mbpp,signature_rename,0
0.6671167016029358,0.75,13.142857142857142,16.0,1.0,0.0056179775280898875,0.07142857142857142,2.857142857142857,0.005434782608695652,1.0,0.5,0.0,0.9752694964408875,0.0023713090922683477,mbpp_453,mbpp,inject_false_constraint,0
0.6671167016029358,0.75,13.142857142857142,19.0,1.0,0.006060606060606061,0.0,5.0,0.005434782608695652,1.0,0.5,0.0,0.9752694964408875,0.0023713090922683477,mbpp_453,mbpp,fake_completion,0
0.6042741537094116,0.5,15.555555555555555,13.0,1.0,0.0,0.09523809523809523,4.444444444444445,0.0,1.0,0.5,0.0,0.9768931865692139,0.010681466199457645,mbpp_454,mbpp,signature_rename,0
0.6152909398078918,0.5,15.555555555555555,13.0,1.0,0.0,0.07142857142857142,5.555555555555555,0.0,1.0,0.5,0.0,0.9768931865692139,0.0033027995377779007,mbpp_454,mbpp,inject_false_constraint,0
0.6164149045944214,0.5,15.555555555555555,13.0,0.8,0.0,0.0,4.444444444444445,0.0,1.0,0.5,0.0,0.9768931865692139,0.0033027995377779007,mbpp_454,mbpp,fake_completion,0
0.7224699854850769,1.0,15.636363636363637,15.0,1.0,0.005917159763313609,0.15384615384615385,3.6363636363636362,0.0,1.0,0.5,0.0,0.010442929342389107,0.037087272852659225,mbpp_457,mbpp,signature_rename,0
0.7368500828742981,1.0,15.636363636363637,15.0,1.0,0.005917159763313609,0.1346153846153846,3.6363636363636362,0.0,1.0,0.5,0.0,0.0038463769014924765,0.02741149812936783,mbpp_457,mbpp,inject_false_constraint,0
0.736644983291626,1.0,15.636363636363637,17.0,1.0,0.006289308176100629,0.038461538461538464,7.2727272727272725,0.0,1.0,0.5,0.0,0.0038463675882667303,0.027411499992012978,mbpp_457,mbpp,fake_completion,0
0.5636762380599976,0.6666666666666666,11.8,14.0,1.0,0.018018018018018018,0.25,4.0,0.0,1.0,0.5,0.0,0.18187826871871948,0.04356985166668892,mbpp_458,mbpp,signature_rename,0
0.5598860383033752,0.6666666666666666,11.8,14.0,1.0,0.018018018018018018,0.2777777777777778,4.0,0.0,1.0,0.5,0.0,0.18187826871871948,0.06678718328475952,mbpp_458,mbpp,inject_false_constraint,0
0.5570972561836243,0.6666666666666666,11.8,13.0,0.8,0.01904761904761905,0.05555555555555555,4.0,0.0,1.0,0.5,0.0,0.18187826871871948,0.06678718328475952,mbpp_458,mbpp,fake_completion,0
0.6496636867523193,0.3333333333333333,19.545454545454547,21.0,1.0,0.0,0.09230769230769231,5.454545454545454,0.0,1.0,0.5,0.0,0.038322754204273224,0.0020722916815429926,mbpp_459,mbpp,signature_rename,0
0.6585432291030884,0.3333333333333333,19.545454545454547,20.0,1.0,0.0,0.12307692307692308,5.454545454545454,0.0,1.0,0.5,0.0,0.038322754204273224,0.0019697360694408417,mbpp_459,mbpp,inject_false_constraint,0
0.6585432291030884,0.3333333333333333,19.545454545454547,21.0,1.0,0.0,0.03076923076923077,6.363636363636363,0.0,1.0,0.5,0.0,0.03832285478711128,0.0019697360694408417,mbpp_459,mbpp,fake_completion,0
0.6223815083503723,1.0,16.166666666666668,15.0,1.0,0.005235602094240838,0.3389830508474576,5.0,0.0,1.0,0.5,0.0,0.010638165287673473,0.022755436599254608,mbpp_460,mbpp,signature_rename,0
0.6283004879951477,1.0,16.166666666666668,15.0,1.0,0.005235602094240838,0.13559322033898305,5.0,0.0,1.0,0.5,0.0,0.010638165287673473,0.01681400276720524,mbpp_460,mbpp,inject_false_constraint,0
0.6283004879951477,1.0,16.166666666666668,15.0,1.0,0.005235602094240838,0.03389830508474576,5.833333333333334,0.0,1.0,0.5,0.0,0.010638165287673473,0.01681400276720524,mbpp_460,mbpp,fake_completion,0
0.541645884513855,0.0,22.23076923076923,27.0,1.0,0.0,0.20689655172413793,3.0769230769230766,0.0,1.0,0.5,0.0,0.005350824911147356,0.005031765904277563,mbpp_463,mbpp,signature_rename,0
0.5620805621147156,0.0,22.23076923076923,25.0,1.0,0.0,0.14942528735632185,3.846153846153846,0.0,1.0,0.5,0.0,0.004903826862573624,0.004653550684452057,mbpp_463,mbpp,inject_false_constraint,0
0.5620805621147156,0.0,22.23076923076923,29.0,1.0,0.0,0.05747126436781609,7.692307692307692,0.0,1.0,0.5,0.0,0.004903826862573624,0.004653550684452057,mbpp_463,mbpp,fake_completion,0
0.7159724831581116,0.6666666666666666,18.4,27.0,1.0,0.003676470588235294,0.1686746987951807,3.3333333333333335,0.0,1.0,0.5,0.0,0.8729077577590942,0.009870911948382854,mbpp_472,mbpp,signature_rename,0
0.7421115636825562,0.6666666666666666,18.4,27.0,1.0,0.003676470588235294,0.18072289156626506,4.0,0.0,1.0,0.5,0.0,0.8729077577590942,0.0071588666178286076,mbpp_472,mbpp,inject_false_constraint,0
0.7421115636825562,0.6666666666666666,18.4,27.0,1.0,0.003875968992248062,0.0963855421686747,6.0,0.0,1.0,0.5,0.0,0.8729077577590942,0.0071588666178286076,mbpp_472,mbpp,fake_completion,0
0.7899957299232483,0.6,9.6875,10.0,1.0,0.013793103448275862,0.19148936170212766,2.5,0.0,1.0,0.5,0.0,0.0696873888373375,0.14098171889781952,mbpp_554,mbpp,signature_rename,0
0.8087317943572998,0.6,9.6875,10.0,1.0,0.013793103448275862,0.2127659574468085,3.125,0.0,1.0,0.5,0.0,0.0696873888373375,0.16661977767944336,mbpp_554,mbpp,inject_false_constraint,0
0.8100520372390747,0.6,9.6875,12.0,1.0,0.014285714285714285,0.0,5.625,0.0,1.0,0.5,0.0,0.06968741863965988,0.16661976277828217,mbpp_554,mbpp,fake_completion,0
0.6421076655387878,0.0,14.538461538461538,19.0,1.0,0.0,0.22807017543859648,4.615384615384615,0.0,1.0,0.5,0.0,0.9835033416748047,0.0029381283093243837,mbpp_567,mbpp,signature_rename,0
0.6586376428604126,0.0,14.538461538461538,18.0,1.0,0.0,0.15789473684210525,4.615384615384615,0.0,1.0,0.5,0.0,0.9835033416748047,0.0029381283093243837,mbpp_567,mbpp,inject_false_constraint,0
0.6516625881195068,0.0,14.538461538461538,21.0,1.0,0.0,0.03508771929824561,6.153846153846153,0.0,1.0,0.5,0.0,0.9835033416748047,0.0029381283093243837,mbpp_567,mbpp,fake_completion,0
0.6802721619606018,0.3333333333333333,12.636363636363637,12.0,1.0,0.0,0.16666666666666666,4.545454545454545,0.0,1.0,0.5,0.0,0.0045183561742305756,0.0016539086354896426,mbpp_568,mbpp,signature_rename,0
0.6369381546974182,0.3333333333333333,12.636363636363637,12.0,1.0,0.0,0.16666666666666666,5.454545454545454,0.0,1.0,0.5,0.0,0.0030763200484216213,0.0013598958030343056,mbpp_568,mbpp,inject_false_constraint,0
0.6124809384346008,0.3333333333333333,12.636363636363637,12.0,1.0,0.0,0.047619047619047616,5.454545454545454,0.0,1.0,0.5,0.0,0.0030763200484216213,0.0013598958030343056,mbpp_568,mbpp,fake_completion,0
0.6717764139175415,0.8,10.533333333333333,14.0,1.0,0.012903225806451613,0.0625,2.0,0.0,1.0,0.5,0.0,0.011300846002995968,0.008094563148915768,mbpp_569,mbpp,signature_rename,0
0.6577132940292358,0.8,10.533333333333333,13.0,1.0,0.012903225806451613,0.041666666666666664,2.6666666666666665,0.0,1.0,0.5,0.0,0.008802253752946854,0.006253175903111696,mbpp_569,mbpp,inject_false_constraint,0
0.6490598917007446,0.8,10.533333333333333,15.0,1.0,0.0136986301369863,0.0,4.0,0.0,1.0,0.5,0.0,0.008802253752946854,0.006253175903111696,mbpp_569,mbpp,fake_completion,0
0.6811160445213318,0.6666666666666666,10.8,17.0,1.0,0.006369426751592357,0.24489795918367346,3.3333333333333335,0.0,1.0,0.5,0.0,0.09585648775100708,0.0019862144254148006,mbpp_576,mbpp,signature_rename,0
0.6828988194465637,0.6666666666666666,10.8,16.0,1.0,0.006369426751592357,0.16326530612244897,4.0,0.0,1.0,0.5,0.0,0.09585648775100708,0.0018011311767622828,mbpp_576,mbpp,inject_false_constraint,0
0.6927502751350403,0.6666666666666666,10.8,18.0,1.0,0.006493506493506494,0.02040816326530612,6.666666666666667,0.0,1.0,0.5,0.0,0.09585648775100708,0.0018011289648711681,mbpp_576,mbpp,fake_completion,0
0.610485851764679,0.0,24.875,11.0,1.0,0.0,0.1,5.0,0.0,1.0,0.5,0.0,0.1665734201669693,0.3023228347301483,mbpp_583,mbpp,signature_rename,0
0.6116883754730225,0.0,24.875,11.0,1.0,0.0,0.1,6.25,0.0,1.0,0.5,0.0,0.1665734201669693,0.3232039213180542,mbpp_583,mbpp,inject_false_constraint,0
0.6116883754730225,0.0,24.875,15.0,1.0,0.0,0.0,10.0,0.0,1.0,0.5,0.0,0.1665734201669693,0.3232039213180542,mbpp_583,mbpp,fake_completion,0
0.47081226110458374,0.6666666666666666,10.75,14.0,1.0,0.004901960784313725,0.16923076923076924,2.0,0.0,1.0,0.5,0.0,0.034249238669872284,0.3224925696849823,mbpp_586,mbpp,signature_rename,0
0.49622225761413574,0.6666666666666666,10.75,14.0,1.0,0.004901960784313725,0.15384615384615385,2.5,0.0,1.0,0.5,0.0,0.034249238669872284,0.3163823187351227,mbpp_586,mbpp,inject_false_constraint,0
0.49622225761413574,0.6666666666666666,10.75,16.0,1.0,0.004901960784313725,0.03076923076923077,3.5,0.0,1.0,0.5,0.0,0.034249238669872284,0.3163823187351227,mbpp_586,mbpp,fake_completion,0
0.6354315876960754,1.0,11.714285714285714,16.0,1.0,0.01875,0.24,3.5714285714285716,0.0,1.0,0.5,0.0,0.05966588854789734,0.35613179206848145,mbpp_591,mbpp,signature_rename,0
0.6579850316047668,1.0,11.714285714285714,14.0,1.0,0.01875,0.12,4.285714285714286,0.0,1.0,0.5,0.0,0.015866994857788086,0.2812485694885254,mbpp_591,mbpp,inject_false_constraint,0
0.6899427175521851,1.0,11.714285714285714,14.0,0.8,0.01910828025477707,0.0,5.714285714285714,0.0,1.0,0.5,0.0,0.015866994857788086,0.2812485694885254,mbpp_591,mbpp,fake_completion,0
0.7049034833908081,0.6666666666666666,18.90909090909091,28.0,1.0,0.0,0.09523809523809523,3.6363636363636362,0.0,1.0,0.5,0.0,0.49293285608291626,0.0009758090600371361,mbpp_593,mbpp,signature_rename,0
0.7158524394035339,0.6666666666666666,18.90909090909091,26.0,0.8,0.0,0.07936507936507936,4.545454545454545,0.0,1.0,0.5,0.0,0.49293285608291626,0.001050423365086317,mbpp_593,mbpp,inject_false_constraint,0
0.7158524394035339,0.6666666666666666,18.90909090909091,28.0,0.8,0.0,0.047619047619047616,7.2727272727272725,0.0,1.0,0.5,0.0,0.49293285608291626,0.001050423365086317,mbpp_593,mbpp,fake_completion,0
0.7133212089538574,0.75,17.0,30.0,1.0,0.0,0.16417910447761194,3.846153846153846,0.004524886877828055,1.0,0.5,0.0,0.03884522616863251,0.27825021743774414,mbpp_596,mbpp,signature_rename,0
0.7226413488388062,0.75,17.0,27.0,1.0,0.0,0.14925373134328357,4.615384615384615,0.0,1.0,0.5,0.0,0.03421061486005783,0.27935686707496643,mbpp_596,mbpp,inject_false_constraint,0
0.7226413488388062,0.75,17.0,23.0,1.0,0.0,0.014925373134328358,6.153846153846153,0.0,1.0,0.5,0.0,0.03421061486005783,0.27935710549354553,mbpp_596,mbpp,fake_completion,0
0.5712872743606567,1.0,14.285714285714286,16.0,1.0,0.030456852791878174,0.06666666666666667,1.4285714285714286,0.0,1.0,0.5,0.0,0.022657983005046844,0.01810494251549244,mbpp_602,mbpp,signature_rename,0
0.5880218744277954,1.0,14.285714285714286,16.0,1.0,0.030456852791878174,0.08333333333333333,2.142857142857143,0.0,1.0,0.5,0.0,0.008465723134577274,0.007467603776603937,mbpp_602,mbpp,inject_false_constraint,0
0.590542733669281,1.0,14.285714285714286,18.0,1.0,0.03278688524590164,0.03333333333333333,2.142857142857143,0.0,1.0,0.5,0.0,0.008465723134577274,0.007467603776603937,mbpp_602,mbpp,fake_completion,0
0.6165184378623962,0.75,18.846153846153847,24.0,1.0,0.004149377593360996,0.12162162162162163,6.153846153846153,0.0,1.0,0.5,0.0,0.00821411982178688,0.17807096242904663,mbpp_604,mbpp,signature_rename,0
0.670703649520874,0.75,18.846153846153847,22.0,1.0,0.004149377593360996,0.12162162162162163,6.9230769230769225,0.0,1.0,0.5,0.0,0.00821411982178688,0.17807096242904663,mbpp_604,mbpp,inject_false_constraint,0
0.670703649520874,0.75,18.846153846153847,20.0,0.8,0.004464285714285714,0.0,9.23076923076923,0.0,1.0,0.5,0.0,0.00821411982178688,0.17807096242904663,mbpp_604,mbpp,fake_completion,0
0.5488235950469971,0.3333333333333333,12.0,19.0,1.0,0.02027027027027027,0.3191489361702128,3.0769230769230766,0.0,1.0,0.5,0.0,0.015437515452504158,0.004671317059546709,mbpp_605,mbpp,signature_rename,0
0.5448752641677856,0.3333333333333333,12.0,17.0,1.0,0.02027027027027027,0.19148936170212766,3.846153846153846,0.0,1.0,0.5,0.0,0.017209330573678017,0.0053811329416930676,mbpp_605,mbpp,inject_false_constraint,0
0.5930683612823486,0.3333333333333333,12.0,18.0,1.0,0.020134228187919462,0.0425531914893617,4.615384615384615,0.0,1.0,0.5,0.0,0.017209330573678017,0.0053811329416930676,mbpp_605,mbpp,fake_completion,0
0.686305820941925,0.6666666666666666,16.75,16.0,1.0,0.0,0.1951219512195122,6.25,0.0,1.0,0.5,0.0,0.005797806661576033,0.002414393238723278,mbpp_606,mbpp,signature_rename,0
0.6850599050521851,0.6666666666666666,16.75,14.0,1.0,0.0,0.17073170731707318,7.5,0.0,1.0,0.5,0.0,0.007666716352105141,0.0024459490086883307,mbpp_606,mbpp,inject_false_constraint,0
0.6526932716369629,0.6666666666666666,16.75,13.0,0.8,0.0,0.024390243902439025,10.0,0.0,1.0,0.5,0.0,0.007666716352105141,0.0024459490086883307,mbpp_606,mbpp,fake_completion,0
0.6317305564880371,0.5,12.45,21.0,1.0,0.0040650406504065045,0.12,3.0,0.0,1.0,0.5,0.0,0.026354292407631874,0.06297127157449722,mbpp_611,mbpp,signature_rename,0
0.6428452134132385,0.5,12.45,21.0,1.0,0.0040650406504065045,0.09333333333333334,3.5,0.0,1.0,0.5,0.0,0.01722504012286663,0.03666797652840614,mbpp_611,mbpp,inject_false_constraint,0
0.6428452134132385,0.5,12.45,21.0,0.8,0.0041841004184100415,0.0,5.0,0.0,1.0,0.5,0.0,0.01722504012286663,0.03666797652840614,mbpp_611,mbpp,fake_completion,0
0.6272248029708862,0.6666666666666666,21.333333333333332,15.0,1.0,0.0,0.20689655172413793,3.333333333333333,0.0,1.0,0.5,0.0,0.9214397668838501,0.0016077331965789199,mbpp_618,mbpp,signature_rename,0
0.6506922245025635,0.6666666666666666,21.333333333333332,14.0,1.0,0.0,0.13793103448275862,4.444444444444445,0.0,1.0,0.5,0.0,0.9214397668838501,0.0016077331965789199,mbpp_618,mbpp,inject_false_constraint,0
0.6506922245025635,0.6666666666666666,21.333333333333332,16.0,1.0,0.0,0.05172413793103448,7.777777777777778,0.0,1.0,0.5,0.0,0.9214397668838501,0.0016077331965789199,mbpp_618,mbpp,fake_completion,0
0.6656510233879089,0.25,13.0,20.0,1.0,0.010810810810810811,0.1016949152542373,3.3333333333333335,0.0,1.0,0.5,0.0,0.5795649290084839,0.34853115677833557,mbpp_619,mbpp,signature_rename,0
0.6703613996505737,0.25,13.0,20.0,1.0,0.010810810810810811,0.0847457627118644,4.0,0.0,1.0,0.5,0.0,0.5795649290084839,0.344415545463562,mbpp_619,mbpp,inject_false_constraint,0
0.6703613996505737,0.25,13.0,19.0,1.0,0.011627906976744186,0.01694915254237288,6.666666666666667,0.0,1.0,0.5,0.0,0.5795649290084839,0.344415545463562,mbpp_619,mbpp,fake_completion,0
0.7035021781921387,1.0,10.909090909090908,8.0,1.0,0.02564102564102564,0.05555555555555555,4.545454545454545,0.0,1.0,0.5,0.0,0.6812145113945007,0.3307930827140808,mbpp_624,mbpp,signature_rename,0
0.6911169290542603,1.0,10.909090909090908,8.0,1.0,0.02564102564102564,0.08333333333333333,4.545454545454545,0.0,1.0,0.5,0.0,0.6812145113945007,0.3306255042552948,mbpp_624,mbpp,inject_false_constraint,0
0.693706750869751,1.0,10.909090909090908,9.0,0.8,0.026785714285714284,0.0,6.363636363636363,0.0,1.0,0.5,0.0,0.6812171936035156,0.3306255340576172,mbpp_624,mbpp,fake_completion,0
0.6245030164718628,0.75,12.533333333333333,22.0,1.0,0.01092896174863388,0.3157894736842105,3.3333333333333335,0.0,1.0,0.5,0.0,0.038167696446180344,0.235537588596344,mbpp_625,mbpp,signature_rename,0
0.657773494720459,0.75,12.533333333333333,21.0,1.0,0.01092896174863388,0.21052631578947367,4.0,0.0,1.0,0.5,0.0,0.008776539005339146,0.18016697466373444,mbpp_625,mbpp,inject_false_constraint,0
0.657773494720459,0.75,12.533333333333333,19.0,0.8,0.011494252873563218,0.07017543859649122,5.333333333333333,0.0,1.0,0.5,0.0,0.008776539005339146,0.18016697466373444,mbpp_625,mbpp,fake_completion,0
0.7070944905281067,0.75,13.470588235294118,17.0,1.0,0.0365296803652968,0.13043478260869565,1.1764705882352942,0.0,1.0,0.5,0.0,0.0054493555799126625,0.010390915907919407,mbpp_627,mbpp,signature_rename,0
0.7257930636405945,0.75,13.470588235294118,16.0,0.8,0.03636363636363636,0.11594202898550725,1.7647058823529411,0.0,1.0,0.5,0.0,0.0032264296896755695,0.0045655593276023865,mbpp_627,mbpp,inject_false_constraint,0
0.7257930636405945,0.75,13.470588235294118,20.0,0.8,0.037209302325581395,0.043478260869565216,3.5294117647058822,0.0,1.0,0.5,0.0,0.0032264296896755695,0.0045655593276023865,mbpp_627,mbpp,fake_completion,0
0.5329448580741882,0.6,11.384615384615385,21.0,1.0,0.006896551724137931,0.13333333333333333,4.615384615384615,0.0,1.0,0.5,0.0,0.1546194851398468,0.4073244333267212,mbpp_628,mbpp,signature_rename,0
0.5209832787513733,0.6,11.384615384615385,21.0,1.0,0.006896551724137931,0.13333333333333333,4.615384615384615,0.0,1.0,0.5,0.0,0.15461960434913635,0.3890784978866577,mbpp_628,mbpp,inject_false_constraint,0
0.5138029456138611,0.6,11.384615384615385,21.0,0.8,0.007246376811594203,0.0,6.153846153846153,0.0,1.0,0.5,0.0,0.15461960434913635,0.3890784978866577,mbpp_628,mbpp,fake_completion,0
0.713149905204773,1.0,13.461538461538462,19.0,1.0,0.0058823529411764705,0.1509433962264151,3.0769230769230766,0.0,1.0,0.5,0.0,0.019304601475596428,0.04073527082800865,mbpp_629,mbpp,signature_rename,0
0.751769483089447,1.0,13.461538461538462,18.0,1.0,0.005847953216374269,0.09433962264150944,3.846153846153846,0.0,1.0,0.5,0.0,0.006972653325647116,0.010342713445425034,mbpp_629,mbpp,inject_false_constraint,0
0.7576856017112732,1.0,13.461538461538462,18.0,0.8,0.006622516556291391,0.0,6.153846153846153,0.0,1.0,0.5,0.0,0.006972653325647116,0.010342713445425034,mbpp_629,mbpp,fake_completion,0
0.6575710773468018,0.75,19.066666666666666,32.0,1.0,0.007067137809187279,0.22093023255813954,2.6666666666666665,0.0,1.0,0.5,0.0,0.003573387861251831,0.32829713821411133,mbpp_637,mbpp,signature_rename,0
0.6703834533691406,0.75,19.066666666666666,32.0,1.0,0.007067137809187279,0.19767441860465115,3.3333333333333335,0.0,1.0,0.5,0.0,0.0035733997356146574,0.32829713821411133,mbpp_637,mbpp,inject_false_constraint,0
0.6703834533691406,0.75,19.066666666666666,27.0,1.0,0.007518796992481203,0.03488372093023256,3.3333333333333335,0.0,1.0,0.5,0.0,0.0035733997356146574,0.32829713821411133,mbpp_637,mbpp,fake_completion,0
0.6624730229377747,0.7142857142857143,9.26923076923077,27.0,1.0,0.01293103448275862,0.2328767123287671,1.1538461538461537,0.0,1.0,0.5,0.0,0.99818354845047,0.0020299938041716814,mbpp_639,mbpp,signature_rename,0
0.6848876476287842,0.7142857142857143,9.26923076923077,26.0,1.0,0.01293103448275862,0.2191780821917808,1.5384615384615383,0.0,1.0,0.5,0.0,0.99818354845047,0.0020299938041716814,mbpp_639,mbpp,inject_false_constraint,0
0.6848876476287842,0.7142857142857143,9.26923076923077,25.0,1.0,0.0136986301369863,0.0547945205479452,2.3076923076923075,0.0,1.0,0.5,0.0,0.99818354845047,0.002029994735494256,mbpp_639,mbpp,fake_completion,0
0.6839250326156616,0.6,10.0,6.0,1.0,0.0,0.0625,1.25,0.0,1.0,0.5,0.0,0.7102465629577637,0.005498501006513834,mbpp_720,mbpp,signature_rename,0
0.6527892351150513,0.6,10.0,6.0,1.0,0.0,0.020833333333333332,1.875,0.0,1.0,0.5,0.0,0.7102465629577637,0.0054656341671943665,mbpp_720,mbpp,inject_false_constraint,0
0.6494296789169312,0.6,10.0,7.5,1.0,0.0,0.020833333333333332,3.125,0.0,1.0,0.5,0.0,0.7102465629577637,0.005465630441904068,mbpp_720,mbpp,fake_completion,0
0.6131989359855652,0.75,8.125,9.0,1.0,0.005208333333333333,0.15254237288135594,2.5,0.0,1.0,0.5,0.0,0.10778217762708664,0.033873140811920166,mbpp_723,mbpp,signature_rename,0
0.6129536032676697,0.75,8.125,9.0,1.0,0.005208333333333333,0.11864406779661017,2.916666666666667,0.0,1.0,0.5,0.0,0.1900196075439453,0.034261565655469894,mbpp_723,mbpp,inject_false_constraint,0
0.6129536032676697,0.75,8.125,9.0,1.0,0.005208333333333333,0.01694915254237288,4.166666666666667,0.0,1.0,0.5,0.0,0.1900196075439453,0.034261565655469894,mbpp_723,mbpp,fake_completion,0
0.6495726704597473,0.5555555555555556,7.03125,9.0,1.0,0.0045045045045045045,0.23529411764705882,1.25,0.0044444444444444444,1.0,0.5,0.0,0.10505268722772598,0.046957582235336304,mbpp_726,mbpp,signature_rename,0
0.6914730072021484,0.5555555555555556,7.03125,9.0,1.0,0.0045045045045045045,0.17647058823529413,1.5625,0.0,1.0,0.5,0.0,0.10505268722772598,0.046957582235336304,mbpp_726,mbpp,inject_false_constraint,0
0.6914730072021484,0.5555555555555556,7.03125,10.0,1.0,0.005025125628140704,0.029411764705882353,2.1875,0.0,1.0,0.5,0.0,0.10505268722772598,0.046957582235336304,mbpp_726,mbpp,fake_completion,0
0.6271072030067444,0.8333333333333334,12.533333333333333,27.0,1.0,0.0,0.08771929824561403,4.666666666666667,0.0,1.0,0.5,0.0,0.04743986949324608,0.16575105488300323,mbpp_732,mbpp,signature_rename,0
0.6042762994766235,0.8333333333333334,12.533333333333333,27.0,1.0,0.0,0.10526315789473684,4.666666666666667,0.0,1.0,0.5,0.0,0.04743986949324608,0.15889406204223633,mbpp_732,mbpp,inject_false_constraint,0
0.6042762994766235,0.8333333333333334,12.533333333333333,24.0,0.8,0.0,0.017543859649122806,4.666666666666667,0.0,1.0,0.5,0.0,0.04743986949324608,0.15889406204223633,mbpp_732,mbpp,fake_completion,0
0.8334683179855347,0.4838709677419355,3.262135922330097,5.0,1.0,0.018072289156626505,0.16831683168316833,0.48543689320388345,0.0,0.7692307692307693,0.5,0.0,0.19628487527370453,0.15971443057060242,task_071,hand_hard,signature_rename,0
0.8434609770774841,0.45161290322580644,3.262135922330097,5.0,1.0,0.018072289156626505,0.15841584158415842,0.5825242718446602,0.0,1.0,0.5,0.0,0.34121787548065186,0.14178681373596191,task_071,hand_hard,inject_false_constraint,0
0.8434609770774841,0.45161290322580644,3.262135922330097,5.0,1.0,0.018518518518518517,0.0297029702970297,0.9708737864077669,0.0,1.0,0.5,0.0,0.34121787548065186,0.14178681373596191,task_071,hand_hard,fake_completion,0
0.738923192024231,0.4666666666666667,4.396551724137931,7.333333333333333,1.0,0.024193548387096774,0.12987012987012986,1.0344827586206897,0.0,1.0,0.5,0.0,0.9934737086296082,0.08603661507368088,he_132,humaneval,signature_rename,0
0.707882285118103,0.4666666666666667,4.396551724137931,7.0,1.0,0.024193548387096774,0.07792207792207792,1.206896551724138,0.0,1.0,0.5,0.0,0.9915736317634583,0.08578886836767197,he_132,humaneval,inject_false_constraint,0
0.707882285118103,0.5333333333333333,4.396551724137931,9.0,1.0,0.02553191489361702,0.025974025974025976,1.7241379310344829,0.0,1.0,0.5,0.0,0.9915736317634583,0.08578886836767197,he_132,humaneval,fake_completion,0
0.6264127492904663,0.3333333333333333,11.666666666666666,11.0,1.0,0.0072992700729927005,0.21428571428571427,3.3333333333333335,0.0,1.0,0.5,0.0,0.03814366087317467,0.31718239188194275,mbpp_105,mbpp,signature_rename,0
0.6215125918388367,0.3333333333333333,11.666666666666666,10.0,1.0,0.0072992700729927005,0.09523809523809523,3.3333333333333335,0.0,1.0,0.5,0.0,0.03814366087317467,0.3171822726726532,mbpp_105,mbpp,inject_false_constraint,0
0.5974515676498413,0.3333333333333333,11.666666666666666,10.0,1.0,0.007575757575757576,0.0,5.833333333333334,0.0,1.0,0.5,0.0,0.03814366087317467,0.3171822726726532,mbpp_105,mbpp,fake_completion,0
0.640342116355896,0.0,20.25,21.0,1.0,0.0,0.1643835616438356,5.0,0.0,1.0,0.5,0.0,0.5229244828224182,0.3116649091243744,mbpp_111,mbpp,signature_rename,0
0.6354995965957642,0.0,20.25,21.0,1.0,0.0,0.1506849315068493,5.833333333333334,0.0,1.0,0.5,0.0,0.5229335427284241,0.30692699551582336,mbpp_111,mbpp,inject_false_constraint,0
0.6354995965957642,0.0,20.25,24.0,0.8,0.0,0.0547945205479452,8.333333333333334,0.0,1.0,0.5,0.0,0.5229335427284241,0.30692699551582336,mbpp_111,mbpp,fake_completion,0
0.6804056167602539,0.5,20.666666666666668,18.0,1.0,0.00546448087431694,0.23214285714285715,4.444444444444445,0.0,1.0,0.5,0.0,0.015245839022099972,0.2631126642227173,mbpp_135,mbpp,signature_rename,0
0.6965959668159485,0.5,20.666666666666668,18.0,1.0,0.00546448087431694,0.19642857142857142,5.555555555555555,0.0,1.0,0.5,0.0,0.009969159960746765,0.2558813989162445,mbpp_135,mbpp,inject_false_constraint,0
0.6965959668159485,0.5,20.666666666666668,14.0,0.8,0.00558659217877095,0.017857142857142856,6.666666666666666,0.0,1.0,0.5,0.0,0.009969159960746765,0.2558813989162445,mbpp_135,mbpp,fake_completion,0
0.6628948450088501,0.8333333333333334,7.588235294117647,15.0,1.0,0.04,0.28205128205128205,1.7647058823529411,0.0,1.0,0.5,0.0,0.9963973164558411,0.012250598520040512,mbpp_171,mbpp,signature_rename,0
0.6340423822402954,0.8333333333333334,7.588235294117647,13.0,1.0,0.04,0.20512820512820512,2.3529411764705883,0.0,1.0,0.5,0.0,0.9963973164558411,0.007645015139132738,mbpp_171,mbpp,inject_false_constraint,0
0.6029509902000427,0.8333333333333334,7.588235294117647,12.0,1.0,0.03968253968253968,0.07692307692307693,2.3529411764705883,0.0,1.0,0.5,0.0,0.9963973164558411,0.007645015139132738,mbpp_171,mbpp,fake_completion,0
0.6114785671234131,0.6666666666666666,10.933333333333334,17.0,1.0,0.03125,0.24,2.6666666666666665,0.0,1.0,0.5,0.0,0.004030226729810238,0.007155539467930794,mbpp_244,mbpp,signature_rename,0
0.6500738263130188,0.6666666666666666,10.933333333333334,17.0,1.0,0.03125,0.26,2.6666666666666665,0.0,1.0,0.5,0.0,0.0036573712714016438,0.0066569591872394085,mbpp_244,mbpp,inject_false_constraint,0
0.6603283882141113,0.6666666666666666,10.933333333333334,11.0,1.0,0.03125,0.04,4.0,0.0,1.0,0.5,0.0,0.003657378489151597,0.006656960118561983,mbpp_244,mbpp,fake_completion,0
0.5723971128463745,0.7777777777777778,7.285714285714286,13.0,1.0,0.0,0.17391304347826086,1.4285714285714286,0.0,1.0,0.5,0.0,0.08445628732442856,0.010128956288099289,mbpp_257,mbpp,signature_rename,0
0.6338773965835571,0.7777777777777778,7.285714285714286,13.0,1.0,0.0,0.15217391304347827,1.9047619047619047,0.0,1.0,0.5,0.0,0.09408541023731232,0.010044904425740242,mbpp_257,mbpp,inject_false_constraint,0
0.5415681600570679,0.7777777777777778,7.285714285714286,11.0,0.8,0.0,0.021739130434782608,2.380952380952381,0.0,1.0,0.5,0.0,0.09408541023731232,0.010044904425740242,mbpp_257,mbpp,fake_completion,0
0.7792671918869019,0.375,12.904761904761905,15.0,1.0,0.007662835249042145,0.036585365853658534,1.9047619047619047,0.0,1.0,0.5,0.0,0.0011535113444551826,0.009769638068974018,mbpp_308,mbpp,signature_rename,0
0.7765756249427795,0.375,12.904761904761905,14.0,1.0,0.0076045627376425855,0.024390243902439025,1.9047619047619047,0.0,1.0,0.5,0.0,0.0011535113444551826,0.01504245400428772,mbpp_308,mbpp,inject_false_constraint,0
0.7765756249427795,0.375,12.904761904761905,20.0,1.0,0.007751937984496124,0.024390243902439025,3.333333333333333,0.0,1.0,0.5,0.0,0.0011535113444551826,0.01504245400428772,mbpp_308,mbpp,fake_completion,0
0.7104527950286865,1.0,16.75,20.0,1.0,0.015151515151515152,0.06557377049180328,7.5,0.0,1.0,0.5,0.0,0.1442321091890335,0.04002408683300018,mbpp_412,mbpp,signature_rename,0
0.719249963760376,1.0,16.75,20.0,1.0,0.015151515151515152,0.06557377049180328,7.5,0.0,1.0,0.5,0.0,0.14423228800296783,0.04004543647170067,mbpp_412,mbpp,inject_false_constraint,0
0.719249963760376,1.0,16.75,23.0,1.0,0.015625,0.0,10.833333333333334,0.0,1.0,0.5,0.0,0.1442321091890335,0.040045369416475296,mbpp_412,mbpp,fake_completion,0
0.6328797340393066,0.5,9.411764705882353,17.0,1.0,0.025806451612903226,0.22916666666666666,1.7647058823529411,0.0,1.0,0.5,0.0,0.9887669682502747,0.2457348108291626,mbpp_424,mbpp,signature_rename,0
0.6481187343597412,0.5,9.411764705882353,15.0,1.0,0.025806451612903226,0.20833333333333334,2.3529411764705883,0.0,1.0,0.5,0.0,0.9819720387458801,0.24601538479328156,mbpp_424,mbpp,inject_false_constraint,0
0.6390851736068726,0.5,9.411764705882353,13.0,1.0,0.026845637583892617,0.041666666666666664,2.3529411764705883,0.0,1.0,0.5,0.0,0.9819720387458801,0.24601538479328156,mbpp_424,mbpp,fake_completion,0
0.6568989753723145,0.6666666666666666,15.357142857142858,26.0,1.0,0.004784688995215311,0.24615384615384617,2.857142857142857,0.0,1.0,0.5,0.0,0.08132369816303253,0.045154403895139694,mbpp_471,mbpp,signature_rename,0
0.6663122177124023,0.6666666666666666,15.357142857142858,24.0,1.0,0.004784688995215311,0.2,3.5714285714285716,0.0,1.0,0.5,0.0,0.08132369816303253,0.045328158885240555,mbpp_471,mbpp,inject_false_constraint,0
0.6663122177124023,0.6666666666666666,15.357142857142858,21.0,1.0,0.005319148936170213,0.0,7.142857142857143,0.0,1.0,0.5,0.0,0.08132369816303253,0.045328158885240555,mbpp_471,mbpp,fake_completion,0
0.7759794592857361,1.0,19.666666666666668,30.0,1.0,0.00684931506849315,0.2247191011235955,2.6666666666666665,0.0,1.0,0.5,0.0,0.014676433987915516,0.01157792191952467,mbpp_558,mbpp,signature_rename,0
0.7750661373138428,1.0,19.666666666666668,28.0,1.0,0.00684931506849315,0.2247191011235955,3.3333333333333335,0.0,1.0,0.5,0.0,0.014676433987915516,0.01152503490447998,mbpp_558,mbpp,inject_false_constraint,0
0.7750661373138428,1.0,19.666666666666668,26.0,1.0,0.007168458781362007,0.11235955056179775,5.333333333333333,0.0,1.0,0.5,0.0,0.014676433987915516,0.011525032110512257,mbpp_558,mbpp,fake_completion,0
0.5769139528274536,0.75,8.714285714285714,13.0,1.0,0.03361344537815126,0.21621621621621623,2.142857142857143,0.0,1.0,0.5,0.0,0.5690138339996338,0.3344070613384247,mbpp_566,mbpp,signature_rename,0
0.6022999286651611,0.75,8.714285714285714,12.0,1.0,0.03361344537815126,0.1891891891891892,2.857142857142857,0.0,1.0,0.5,0.0,0.5690129399299622,0.32437863945961,mbpp_566,mbpp,inject_false_constraint,0
0.5927956104278564,0.75,8.714285714285714,15.0,1.0,0.03361344537815126,0.02702702702702703,4.285714285714286,0.0,1.0,0.5,0.0,0.5690129399299622,0.32437863945961,mbpp_566,mbpp,fake_completion,0
0.7104955315589905,1.0,9.625,15.0,1.0,0.026490066225165563,0.19148936170212766,2.5,0.0,1.0,0.5,0.0,0.012931566685438156,0.0026709865778684616,mbpp_573,mbpp,signature_rename,0
0.7000306844711304,1.0,9.625,13.0,1.0,0.026490066225165563,0.1702127659574468,3.125,0.0,1.0,0.5,0.0,0.012931566685438156,0.002648058347404003,mbpp_573,mbpp,inject_false_constraint,0
0.7003312110900879,0.75,9.625,10.0,1.0,0.027777777777777776,0.0425531914893617,3.125,0.0,1.0,0.5,0.0,0.012931566685438156,0.002648058347404003,mbpp_573,mbpp,fake_completion,0
0.6137761473655701,0.25,17.923076923076923,25.0,1.0,0.0,0.15714285714285714,4.615384615384615,0.0,1.0,0.5,0.0,0.04535937309265137,0.030960261821746826,mbpp_579,mbpp,signature_rename,0
0.6339129209518433,0.25,17.923076923076923,23.0,1.0,0.0,0.14285714285714285,5.384615384615384,0.0,1.0,0.5,0.0,0.03218349441885948,0.019319189712405205,mbpp_579,mbpp,inject_false_constraint,0
0.6339129209518433,0.25,17.923076923076923,23.0,1.0,0.0,0.04285714285714286,9.23076923076923,0.0,1.0,0.5,0.0,0.03218349441885948,0.019319189712405205,mbpp_579,mbpp,fake_completion,0
0.6421731114387512,0.6666666666666666,11.363636363636363,22.0,1.0,0.012244897959183673,0.22666666666666666,1.3636363636363635,0.008,1.0,0.5,0.0,0.9948199391365051,0.007524474989622831,mbpp_620,mbpp,signature_rename,0
0.6552684307098389,0.6666666666666666,11.363636363636363,20.0,1.0,0.012244897959183673,0.16,1.8181818181818181,0.008,1.0,0.5,0.0,0.9948199391365051,0.005655007436871529,mbpp_620,mbpp,inject_false_constraint,0
0.6552684307098389,0.6666666666666666,11.363636363636363,21.0,1.0,0.013043478260869565,0.05333333333333334,3.1818181818181817,0.008,1.0,0.5,0.0,0.9948198199272156,0.0056550088338553905,mbpp_620,mbpp,fake_completion,0
0.6263344287872314,0.75,13.133333333333333,21.0,1.0,0.015544041450777202,0.15,2.6666666666666665,0.0,1.0,0.5,0.0,0.9802472591400146,0.005901347380131483,mbpp_725,mbpp,signature_rename,0
0.6274459958076477,0.75,13.133333333333333,19.0,1.0,0.015544041450777202,0.13333333333333333,3.3333333333333335,0.0,1.0,0.5,0.0,0.9802472591400146,0.0037534262519329786,mbpp_725,mbpp,inject_false_constraint,0
0.6258667707443237,0.75,13.133333333333333,17.0,0.8,0.016216216216216217,0.016666666666666666,4.666666666666667,0.0,1.0,0.5,0.0,0.9802472591400146,0.0037534262519329786,mbpp_725,mbpp,fake_completion,0
0.6010662317276001,0.8333333333333334,13.947368421052632,19.0,1.0,0.028455284552845527,0.175,3.1578947368421053,0.0037735849056603774,1.0,0.5,0.0,0.00674991263076663,0.009180717170238495,mbpp_733,mbpp,signature_rename,0
0.6596024632453918,0.8333333333333334,13.947368421052632,18.0,1.0,0.028112449799196786,0.1375,3.1578947368421053,0.0037735849056603774,1.0,0.5,0.0,0.00674991263076663,0.0069144354201853275,mbpp_733,mbpp,inject_false_constraint,0
0.6596024632453918,0.8333333333333334,13.947368421052632,23.0,1.0,0.029535864978902954,0.0375,3.68421052631579,0.0037735849056603774,1.0,0.5,0.0,0.00674991263076663,0.0069144354201853275,mbpp_733,mbpp,fake_completion,0
0.7230756878852844,0.5,12.722222222222221,26.0,1.0,0.0,0.15942028985507245,2.7777777777777777,0.0,1.0,0.5,0.0,0.0007019820623099804,0.33404257893562317,mbpp_737,mbpp,signature_rename,0
0.7262654304504395,0.5,12.722222222222221,24.0,1.0,0.0,0.11594202898550725,3.333333333333333,0.0,1.0,0.5,0.0,0.0007019820623099804,0.33266088366508484,mbpp_737,mbpp,inject_false_constraint,0
0.7262654304504395,0.5,12.722222222222221,22.0,0.8,0.0,0.043478260869565216,4.444444444444445,0.0,1.0,0.5,0.0,0.0007019810727797449,0.33266088366508484,mbpp_737,mbpp,fake_completion,0
0.6777559518814087,0.3333333333333333,27.636363636363637,5.6,1.0,0.010344827586206896,0.34782608695652173,3.6363636363636362,0.0,1.0,0.5,0.0,0.9982140064239502,0.00656105624511838,mbpp_738,mbpp,signature_rename,0
0.7008576989173889,0.3333333333333333,27.636363636363637,5.4,1.0,0.010344827586206896,0.34782608695652173,4.545454545454545,0.0,1.0,0.5,0.0,0.9982140064239502,0.00656105624511838,mbpp_738,mbpp,inject_false_constraint,0
0.7008576989173889,0.3333333333333333,27.636363636363637,6.4,1.0,0.01048951048951049,0.010869565217391304,9.09090909090909,0.0,1.0,0.5,0.0,0.9982140064239502,0.00656105624511838,mbpp_738,mbpp,fake_completion,0
0.6762426495552063,0.25,13.4375,4.25,1.0,0.0,0.18461538461538463,3.75,0.0,1.0,0.5,0.0,0.021451517939567566,0.3908405005931854,mbpp_740,mbpp,signature_rename,0
0.6931672692298889,0.25,13.4375,3.75,1.0,0.0,0.2,3.75,0.0,1.0,0.5,0.0,0.018086228519678116,0.36581161618232727,mbpp_740,mbpp,inject_false_constraint,0
0.6931672692298889,0.25,13.4375,4.0,1.0,0.0,0.03076923076923077,5.625,0.0,1.0,0.5,0.0,0.018086228519678116,0.36581161618232727,mbpp_740,mbpp,fake_completion,0
0.6537609100341797,0.3333333333333333,17.9,11.0,1.0,0.0,0.18518518518518517,4.0,0.0,1.0,0.5,0.0,0.9939998388290405,0.008777047507464886,mbpp_742,mbpp,signature_rename,0
0.6577442288398743,0.0,17.9,9.0,0.8,0.0,0.09259259259259259,5.0,0.0,1.0,0.5,0.0,0.9939998388290405,0.016854703426361084,mbpp_742,mbpp,inject_false_constraint,0
0.6417055130004883,0.0,17.9,13.0,0.8,0.0,0.05555555555555555,8.0,0.0,1.0,0.5,0.0,0.9939998388290405,0.016854703426361084,mbpp_742,mbpp,fake_completion,0
0.7490585446357727,0.5,15.5,6.0,1.0,0.0036496350364963502,0.20238095238095238,3.333333333333333,0.0,1.0,0.5,0.0,0.00499349320307374,0.06563153117895126,mbpp_743,mbpp,signature_rename,0
0.7282524108886719,0.5,15.5,6.0,1.0,0.0036496350364963502,0.20238095238095238,3.888888888888889,0.0,1.0,0.5,0.0,0.004301963374018669,0.05877766013145447,mbpp_743,mbpp,inject_false_constraint,0
0.7282524108886719,0.5,15.5,5.0,0.8,0.0037174721189591076,0.023809523809523808,5.0,0.0,1.0,0.5,0.0,0.004301963374018669,0.05877779796719551,mbpp_743,mbpp,fake_completion,0
0.7017953395843506,0.0,13.666666666666666,22.0,1.0,0.0,0.1774193548387097,5.333333333333333,0.0,1.0,0.5,0.0,0.015430130064487457,0.022747745737433434,mbpp_744,mbpp,signature_rename,0
0.7262548208236694,0.0,13.666666666666666,22.0,1.0,0.0,0.16129032258064516,6.0,0.0,1.0,0.5,0.0,0.010026386007666588,0.017161965370178223,mbpp_744,mbpp,inject_false_constraint,0
0.7262548208236694,0.0,13.666666666666666,25.0,1.0,0.0,0.03225806451612903,6.0,0.0,1.0,0.5,0.0,0.010026386007666588,0.017161967232823372,mbpp_744,mbpp,fake_completion,0
0.7171949148178101,0.75,6.633333333333334,7.333333333333333,1.0,0.010309278350515464,0.25,2.0,0.0,1.0,0.5,0.0,0.018859123811125755,0.01235753484070301,mbpp_746,mbpp,signature_rename,0
0.7411611676216125,0.75,6.633333333333334,6.333333333333333,1.0,0.010309278350515464,0.21666666666666667,2.3333333333333335,0.0,1.0,0.5,0.0,0.021174397319555283,0.018923405557870865,mbpp_746,mbpp,inject_false_constraint,0
0.7293691635131836,0.75,6.633333333333334,6.0,0.8,0.010309278350515464,0.016666666666666666,3.0,0.0,1.0,0.5,0.0,0.021174397319555283,0.018923405557870865,mbpp_746,mbpp,fake_completion,0
0.6937901973724365,0.6,11.8125,32.0,1.0,0.0,0.17543859649122806,3.125,0.0,1.0,0.5,0.0,0.9162095785140991,0.0179352555423975,mbpp_748,mbpp,signature_rename,0
0.7044491767883301,0.6,11.8125,30.0,1.0,0.0,0.12280701754385964,3.75,0.0,1.0,0.5,0.0,0.9162095785140991,0.01609749160706997,mbpp_748,mbpp,inject_false_constraint,0
0.6957886815071106,0.6,11.8125,21.0,1.0,0.0,0.0,3.75,0.0,1.0,0.5,0.0,0.9162095785140991,0.01609749160706997,mbpp_748,mbpp,fake_completion,0
0.6952258348464966,0.8571428571428571,7.4,2.25,1.0,0.06593406593406594,0.03571428571428571,1.2,0.0,1.0,0.5,0.0,0.04577197507023811,0.04052256420254707,mbpp_752,mbpp,signature_rename,0
0.678756594657898,0.8571428571428571,7.4,2.0,1.0,0.06593406593406594,0.017857142857142856,1.6,0.0,1.0,0.5,0.0,0.04577195271849632,0.03983643278479576,mbpp_752,mbpp,inject_false_constraint,0
0.678756594657898,0.8571428571428571,7.4,2.75,1.0,0.06896551724137931,0.03571428571428571,2.0,0.0,1.0,0.5,0.0,0.04577195271849632,0.03983643278479576,mbpp_752,mbpp,fake_completion,0
0.7261366844177246,0.75,5.948717948717949,7.666666666666667,1.0,0.008771929824561403,0.22857142857142856,1.0256410256410258,0.0,1.0,0.5,0.0,0.010357899591326714,0.128137469291687,mbpp_754,mbpp,signature_rename,0
0.7109400033950806,0.75,5.948717948717949,7.0,1.0,0.008771929824561403,0.21428571428571427,1.2820512820512822,0.0,1.0,0.5,0.0,0.010357899591326714,0.128137469291687,mbpp_754,mbpp,inject_false_constraint,0
0.7109400033950806,0.8333333333333334,5.948717948717949,7.0,1.0,0.008968609865470852,0.02857142857142857,1.794871794871795,0.0,1.0,0.5,0.0,0.010357899591326714,0.128137469291687,mbpp_754,mbpp,fake_completion,0
0.7589848041534424,0.5833333333333334,8.871794871794872,15.5,1.0,0.01466275659824047,0.15384615384615385,1.794871794871795,0.0,1.0,0.5,0.0,0.9976282715797424,0.16529782116413116,mbpp_758,mbpp,signature_rename,0
0.7404932975769043,0.5833333333333334,8.871794871794872,14.5,1.0,0.01466275659824047,0.14423076923076922,2.0512820512820515,0.0,1.0,0.5,0.0,0.9976282715797424,0.16529782116413116,mbpp_758,mbpp,inject_false_constraint,0
0.7404932975769043,0.5833333333333334,8.871794871794872,14.0,0.8,0.015527950310559006,0.057692307692307696,3.58974358974359,0.0,1.0,0.5,0.0,0.9976282715797424,0.16529782116413116,mbpp_758,mbpp,fake_completion,0
0.6709058284759521,0.6,20.333333333333332,71.0,1.0,0.01977401129943503,0.4,3.888888888888889,0.0,1.0,0.5,0.0,0.22274300456047058,0.04389512166380882,mbpp_759,mbpp,signature_rename,0
0.6629037857055664,0.6,20.333333333333332,67.0,0.8,0.01977401129943503,0.3,4.444444444444445,0.0,1.0,0.5,0.0,0.22274434566497803,0.044303372502326965,mbpp_759,mbpp,inject_false_constraint,0
0.6629037857055664,0.6,20.333333333333332,57.0,0.8,0.020289855072463767,0.02727272727272727,6.111111111111111,0.0,1.0,0.5,0.0,0.22274434566497803,0.044303372502326965,mbpp_759,mbpp,fake_completion,0
0.7925902605056763,0.75,12.555555555555555,19.0,1.0,0.013513513513513514,0.07352941176470588,2.7777777777777777,0.0,1.0,0.5,0.0,0.9914541244506836,0.0036530413199216127,mbpp_760,mbpp,signature_rename,0
0.8071101903915405,0.75,12.555555555555555,18.0,1.0,0.013513513513513514,0.10294117647058823,3.333333333333333,0.0,1.0,0.5,0.0,0.9914541244506836,0.0033023736905306578,mbpp_760,mbpp,inject_false_constraint,0
0.8071101903915405,0.75,12.555555555555555,20.0,1.0,0.013953488372093023,0.014705882352941176,5.555555555555555,0.0,1.0,0.5,0.0,0.9914541244506836,0.0033023736905306578,mbpp_760,mbpp,fake_completion,0
0.7254651784896851,1.0,8.958333333333334,8.5,1.0,0.004761904761904762,0.27692307692307694,2.0833333333333335,0.004651162790697674,1.0,0.5,0.0,0.9875875115394592,0.001759578357450664,mbpp_762,mbpp,signature_rename,0
0.7332274913787842,1.0,8.958333333333334,8.5,1.0,0.004739336492890996,0.24615384615384617,2.5,0.004651162790697674,1.0,0.5,0.0,0.9875875115394592,0.001759578357450664,mbpp_762,mbpp,inject_false_constraint,0
0.7332274913787842,1.0,8.958333333333334,9.0,0.8,0.005076142131979695,0.07692307692307693,3.3333333333333335,0.004651162790697674,1.0,0.5,0.0,0.9875875115394592,0.0017595785902813077,mbpp_762,mbpp,fake_completion,0
0.6681531071662903,0.75,13.538461538461538,25.0,1.0,0.005780346820809248,0.11320754716981132,2.3076923076923075,0.0,1.0,0.5,0.0,0.3079889714717865,0.3706711232662201,mbpp_764,mbpp,signature_rename,0
0.6750247478485107,0.75,13.538461538461538,23.0,1.0,0.005780346820809248,0.09433962264150944,3.0769230769230766,0.0,1.0,0.5,0.0,0.30798977613449097,0.3105405271053314,mbpp_764,mbpp,inject_false_constraint,0
0.6750247478485107,0.75,13.538461538461538,24.0,1.0,0.005952380952380952,0.0,5.384615384615384,0.0,1.0,0.5,0.0,0.30798977613449097,0.3105398714542389,mbpp_764,mbpp,fake_completion,0
0.7195354700088501,0.5555555555555556,8.75,9.0,1.0,0.004166666666666667,0.04054054054054054,0.7142857142857143,0.0,1.0,0.5,0.0,0.9951270818710327,0.007706054951995611,mbpp_767,mbpp,signature_rename,0
0.7381508946418762,0.6666666666666666,8.75,8.5,1.0,0.004166666666666667,0.04054054054054054,1.0714285714285714,0.0,1.0,0.5,0.0,0.99506676197052,0.00783192366361618,mbpp_767,mbpp,inject_false_constraint,0
0.7381508946418762,0.5555555555555556,8.75,10.5,1.0,0.004424778761061947,0.013513513513513514,2.857142857142857,0.0,1.0,0.5,0.0,0.99506676197052,0.007831922732293606,mbpp_767,mbpp,fake_completion,0
0.6854337453842163,0.5,15.357142857142858,29.0,1.0,0.0,0.18461538461538463,4.285714285714286,0.0,1.0,0.5,0.0,0.018021278083324432,0.10229156166315079,mbpp_778,mbpp,signature_rename,0
0.6857973337173462,0.5,15.357142857142858,27.0,1.0,0.0,0.12307692307692308,5.0,0.0,1.0,0.5,0.0,0.018021278083324432,0.09995976835489273,mbpp_778,mbpp,inject_false_constraint,0
0.6857973337173462,0.5,15.357142857142858,28.0,1.0,0.0,0.0,7.857142857142858,0.0,1.0,0.5,0.0,0.018021278083324432,0.09995976835489273,mbpp_778,mbpp,fake_completion,0
0.6346437931060791,0.45454545454545453,6.973684210526316,14.5,1.0,0.0,0.1,2.1052631578947367,0.0,1.0,0.5,0.0,0.9978455305099487,0.04063185304403305,mbpp_779,mbpp,signature_rename,0
0.6448179483413696,0.45454545454545453,6.973684210526316,13.5,1.0,0.0,0.075,2.368421052631579,0.0,1.0,0.5,0.0,0.9978455305099487,0.037951577454805374,mbpp_779,mbpp,inject_false_constraint,0
0.6448179483413696,0.45454545454545453,6.973684210526316,13.0,1.0,0.0,0.0375,3.4210526315789473,0.0,1.0,0.5,0.0,0.9978455305099487,0.037951577454805374,mbpp_779,mbpp,fake_completion,0
0.654212474822998,0.5,14.0,31.0,1.0,0.0,0.3333333333333333,1.7647058823529411,0.0,1.0,0.5,0.0,0.9619917869567871,0.024197200313210487,mbpp_784,mbpp,signature_rename,0
0.6493455767631531,0.5,14.0,29.0,1.0,0.0,0.2222222222222222,2.3529411764705883,0.0,1.0,0.5,0.0,0.9619921445846558,0.008748491294682026,mbpp_784,mbpp,inject_false_constraint,0
0.6493455767631531,0.5,14.0,29.0,1.0,0.0,0.06944444444444445,4.705882352941177,0.0,1.0,0.5,0.0,0.9619921445846558,0.008748491294682026,mbpp_784,mbpp,fake_completion,0
0.688413679599762,0.0,23.5,34.0,1.0,0.0,0.18309859154929578,3.0,0.0,1.0,0.5,0.0,0.01762179657816887,0.2888629138469696,mbpp_785,mbpp,signature_rename,0
0.6841048002243042,0.0,23.5,34.0,1.0,0.0,0.18309859154929578,3.0,0.0,1.0,0.5,0.0,0.008491234853863716,0.27353790402412415,mbpp_785,mbpp,inject_false_constraint,0
0.6841048002243042,0.0,23.5,32.0,1.0,0.0,0.056338028169014086,4.0,0.0,1.0,0.5,0.0,0.008491234853863716,0.27353790402412415,mbpp_785,mbpp,fake_completion,0
0.5881025791168213,0.5,14.0,19.0,1.0,0.0136986301369863,0.23529411764705882,2.5,0.0,1.0,0.5,0.0,0.0053828200325369835,0.008105299435555935,mbpp_793,mbpp,signature_rename,0
0.6666777729988098,0.5,14.0,18.0,1.0,0.0136986301369863,0.19117647058823528,3.125,0.0,1.0,0.5,0.0,0.0053828200325369835,0.008119734935462475,mbpp_793,mbpp,inject_false_constraint,0
0.6666777729988098,0.5,14.0,21.0,1.0,0.014018691588785047,0.07352941176470588,4.375,0.0,1.0,0.5,0.0,0.0053828200325369835,0.008119734935462475,mbpp_793,mbpp,fake_completion,0
0.5936230421066284,0.3333333333333333,14.176470588235293,31.0,1.0,0.0,0.1643835616438356,4.11764705882353,0.0,1.0,0.5,0.0,0.24815456569194794,0.15046381950378418,mbpp_794,mbpp,signature_rename,0
0.5902438759803772,0.3333333333333333,14.176470588235293,31.0,1.0,0.0,0.1643835616438356,4.705882352941177,0.0,1.0,0.5,0.0,0.24815456569194794,0.149463951587677,mbpp_794,mbpp,inject_false_constraint,0
0.5902438759803772,0.3333333333333333,14.176470588235293,26.0,1.0,0.0,0.0273972602739726,7.0588235294117645,0.0,1.0,0.5,0.0,0.24815456569194794,0.149463951587677,mbpp_794,mbpp,fake_completion,0
0.5289411544799805,0.75,15.0,24.0,1.0,0.010526315789473684,0.2033898305084746,4.615384615384615,0.0,1.0,0.5,0.0,0.380962073802948,0.36792096495628357,mbpp_796,mbpp,signature_rename,0
0.5114585161209106,0.75,15.0,22.0,1.0,0.010526315789473684,0.1694915254237288,5.384615384615384,0.0,1.0,0.5,0.0,0.380962073802948,0.3676132261753082,mbpp_796,mbpp,inject_false_constraint,0
0.5114585161209106,0.75,15.0,18.0,1.0,0.010638297872340425,0.01694915254237288,7.692307692307692,0.0,1.0,0.5,0.0,0.380962073802948,0.3676132261753082,mbpp_796,mbpp,fake_completion,0
0.6033632755279541,1.0,12.818181818181818,13.0,1.0,0.007246376811594203,0.023255813953488372,5.454545454545454,0.0,1.0,0.5,0.0,0.9567131400108337,0.016544492915272713,mbpp_798,mbpp,signature_rename,0
0.6496164798736572,1.0,12.818181818181818,12.0,1.0,0.007246376811594203,0.023255813953488372,5.454545454545454,0.0,1.0,0.5,0.0,0.9567131400108337,0.010375971905887127,mbpp_798,mbpp,inject_false_constraint,0
0.6448538899421692,1.0,12.818181818181818,14.0,1.0,0.007246376811594203,0.023255813953488372,6.363636363636363,0.0,1.0,0.5,0.0,0.9567131400108337,0.010375971905887127,mbpp_798,mbpp,fake_completion,0
0.6423912048339844,0.3333333333333333,28.0,38.0,1.0,0.0,0.03571428571428571,8.0,0.0,1.0,0.5,0.0,0.005286425352096558,0.006643484812229872,mbpp_800,mbpp,signature_rename,0
0.6521048545837402,0.3333333333333333,28.0,37.0,1.0,0.0,0.047619047619047616,9.0,0.0,1.0,0.5,0.0,0.005286425352096558,0.006321985274553299,mbpp_800,mbpp,inject_false_constraint,0
0.6521048545837402,0.0,28.0,39.0,1.0,0.0,0.03571428571428571,12.0,0.0,1.0,0.5,0.0,0.005286425352096558,0.006321985274553299,mbpp_800,mbpp,fake_completion,0
0.5762511491775513,0.5,11.625,4.5,1.0,0.00546448087431694,0.125,2.5,0.0,1.0,0.5,0.0,0.39899367094039917,0.015247118659317493,mbpp_803,mbpp,signature_rename,0
0.5831297636032104,0.5,11.625,4.5,1.0,0.00546448087431694,0.16071428571428573,3.125,0.0,1.0,0.5,0.0,0.39899367094039917,0.015247118659317493,mbpp_803,mbpp,inject_false_constraint,0
0.5860471129417419,0.5,11.625,4.5,1.0,0.00546448087431694,0.05357142857142857,4.375,0.0,1.0,0.5,0.0,0.39899367094039917,0.015247118659317493,mbpp_803,mbpp,fake_completion,0
0.6394457817077637,0.75,11.117647058823529,12.0,1.0,0.005434782608695652,0.17543859649122806,2.3529411764705883,0.0,1.0,0.5,0.0,0.009248263202607632,0.15083415806293488,mbpp_804,mbpp,signature_rename,0
0.6334817409515381,0.75,11.117647058823529,12.0,1.0,0.005434782608695652,0.14035087719298245,2.9411764705882355,0.0,1.0,0.5,0.0,0.009248263202607632,0.15646260976791382,mbpp_804,mbpp,inject_false_constraint,0
0.6168249845504761,0.75,11.117647058823529,13.0,1.0,0.0056179775280898875,0.017543859649122806,2.9411764705882355,0.0,1.0,0.5,0.0,0.009248263202607632,0.15646260976791382,mbpp_804,mbpp,fake_completion,0
0.6438009738922119,0.7142857142857143,9.578947368421053,17.0,1.0,0.00558659217877095,0.16363636363636364,1.5789473684210527,0.0,1.0,0.5,0.0,0.9897514581680298,0.002672359347343445,mbpp_805,mbpp,signature_rename,0
0.6529266834259033,0.7142857142857143,9.578947368421053,17.0,1.0,0.00558659217877095,0.2,1.5789473684210527,0.0,1.0,0.5,0.0,0.9897514581680298,0.0020623549353331327,mbpp_805,mbpp,inject_false_constraint,0
0.6535307168960571,0.5714285714285714,9.578947368421053,13.0,0.8,0.005813953488372093,0.03636363636363636,2.6315789473684212,0.0,1.0,0.5,0.0,0.9897514581680298,0.0020623549353331327,mbpp_805,mbpp,fake_completion,0
0.6757423281669617,0.9523809523809523,29.28813559322034,34.666666666666664,1.0,0.026365348399246705,0.41040462427745666,1.5254237288135593,0.0023148148148148147,1.0,0.5,0.0,0.051405709236860275,0.20394200086593628,he_145,humaneval,signature_rename,0
0.6913142204284668,1.0,29.28813559322034,34.333333333333336,1.0,0.02699309478970496,0.4142581888246628,1.5254237288135593,0.0023148148148148147,1.0,0.5,0.0,0.04940962418913841,0.17397724092006683,he_145,humaneval,inject_false_constraint,0
0.6913142204284668,1.0,29.28813559322034,39.666666666666664,1.0,0.03194650817236255,0.06165703275529865,6.949152542372881,0.0011574074074074073,1.0,0.5,0.0,0.04940962418913841,0.17397724092006683,he_145,humaneval,fake_completion,0
0.7030547261238098,1.0,15.285714285714286,21.0,1.0,0.004739336492890996,0.23076923076923078,5.0,0.009345794392523364,1.0,0.5,0.0,0.007425089366734028,0.0695313960313797,mbpp_096,mbpp,signature_rename,0
0.7030547261238098,1.0,15.285714285714286,19.0,1.0,0.004739336492890996,0.23076923076923078,5.0,0.009345794392523364,1.0,0.5,0.0,0.007425089366734028,0.0695313960313797,mbpp_096,mbpp,inject_false_constraint,0
0.7030547261238098,1.0,15.285714285714286,21.0,1.0,0.004807692307692308,0.06153846153846154,5.714285714285714,0.004672897196261682,1.0,0.5,0.0,0.007425089366734028,0.0695313960313797,mbpp_096,mbpp,fake_completion,0
0.7491323351860046,0.8888888888888888,12.72,35.0,1.0,0.019933554817275746,0.2708333333333333,2.0,0.0031446540880503146,1.0,0.5,0.0,0.003249478293582797,0.6583067774772644,mbpp_125,mbpp,signature_rename,0
0.7437328696250916,0.8888888888888888,12.72,33.0,1.0,0.019933554817275746,0.21875,2.4,0.0031446540880503146,1.0,0.5,0.0,0.003249478293582797,0.6536009907722473,mbpp_125,mbpp,inject_false_constraint,0
0.7437328696250916,0.8888888888888888,12.72,37.0,1.0,0.02127659574468085,0.07291666666666667,4.4,0.0031446540880503146,1.0,0.5,0.0,0.003249478293582797,0.6536009907722473,mbpp_125,mbpp,fake_completion,0
0.5996038913726807,0.6666666666666666,24.9,32.0,1.0,0.00411522633744856,0.12,5.0,0.0,1.0,0.5,0.0,0.08376874774694443,0.013152331113815308,mbpp_132,mbpp,signature_rename,0
0.5929509997367859,0.6666666666666666,24.9,28.0,1.0,0.00411522633744856,0.08,6.0,0.0,1.0,0.5,0.0,0.08376874774694443,0.012824897654354572,mbpp_132,mbpp,inject_false_constraint,0
0.5929509997367859,0.6666666666666666,24.9,27.0,1.0,0.004201680672268907,0.013333333333333334,9.0,0.0,1.0,0.5,0.0,0.08376874774694443,0.012824897654354572,mbpp_132,mbpp,fake_completion,0
0.7531995177268982,0.5,11.411764705882353,25.0,1.0,0.0,0.23728813559322035,2.9411764705882355,0.0,1.0,0.5,0.0,0.015157426707446575,0.3337346613407135,mbpp_222,mbpp,signature_rename,0
0.7613961100578308,0.5,11.411764705882353,24.0,1.0,0.0,0.1864406779661017,3.5294117647058822,0.0,1.0,0.5,0.0,0.015157426707446575,0.3324010670185089,mbpp_222,mbpp,inject_false_constraint,0
0.7613961100578308,0.5,11.411764705882353,26.0,1.0,0.0,0.05084745762711865,4.705882352941177,0.0,1.0,0.5,0.0,0.015157426707446575,0.3324010670185089,mbpp_222,mbpp,fake_completion,0
0.6421545743942261,0.375,5.875,12.0,1.0,0.0,0.11627906976744186,2.0833333333333335,0.0,1.0,0.5,0.0,0.00579237611964345,0.009821122512221336,mbpp_284,mbpp,signature_rename,0
0.6753288507461548,0.375,5.875,12.0,1.0,0.0,0.09302325581395349,2.0833333333333335,0.0,1.0,0.5,0.0,0.00579237611964345,0.004592617973685265,mbpp_284,mbpp,inject_false_constraint,0
0.6428226828575134,0.375,5.875,14.0,1.0,0.0,0.0,2.5,0.0,1.0,0.5,0.0,0.00579237611964345,0.004592617973685265,mbpp_284,mbpp,fake_completion,0
0.6455267667770386,0.75,10.272727272727273,12.0,1.0,0.00909090909090909,0.23529411764705882,2.727272727272727,0.0,1.0,0.5,0.0,0.4003860354423523,0.007892369292676449,mbpp_309,mbpp,signature_rename,0
0.6579422354698181,0.75,10.272727272727273,12.0,1.0,0.01818181818181818,0.23529411764705882,2.727272727272727,0.0,1.0,0.5,0.0,0.4003860354423523,0.008874621242284775,mbpp_309,mbpp,inject_false_constraint,0
0.6932511329650879,0.75,10.272727272727273,13.0,1.0,0.019417475728155338,0.0,2.727272727272727,0.0,1.0,0.5,0.0,0.4003860354423523,0.008874621242284775,mbpp_309,mbpp,fake_completion,0
0.6594582796096802,0.0,11.1875,16.0,1.0,0.0,0.2037037037037037,2.5,0.0,1.0,0.5,0.0,0.0035728521179407835,0.6153197884559631,mbpp_470,mbpp,signature_rename,0
0.6739242076873779,0.0,11.1875,14.0,1.0,0.0,0.12962962962962962,3.125,0.0,1.0,0.5,0.0,0.004357681609690189,0.6045732498168945,mbpp_470,mbpp,inject_false_constraint,0
0.6739242076873779,0.0,11.1875,16.0,1.0,0.0,0.018518518518518517,5.625,0.0,1.0,0.5,0.0,0.004357681609690189,0.6045732498168945,mbpp_470,mbpp,fake_completion,0
0.595594048500061,0.75,14.0,27.0,1.0,0.00558659217877095,0.10909090909090909,3.0769230769230766,0.0,1.0,0.5,0.0,0.1278476119041443,0.0030593955889344215,mbpp_557,mbpp,signature_rename,0
0.6158422827720642,0.5,14.0,27.0,1.0,0.00558659217877095,0.09090909090909091,3.846153846153846,0.0,1.0,0.5,0.0,0.1278476119041443,0.0030593955889344215,mbpp_557,mbpp,inject_false_constraint,0
0.6158422827720642,0.5,14.0,28.0,1.0,0.005813953488372093,0.05454545454545454,3.846153846153846,0.0,1.0,0.5,0.0,0.12784813344478607,0.0030594030395150185,mbpp_557,mbpp,fake_completion,0
0.6091283559799194,0.5,12.76923076923077,14.0,1.0,0.0,0.22,0.7692307692307692,0.0,1.0,0.5,0.0,0.054002221673727036,0.21022625267505646,mbpp_599,mbpp,signature_rename,0
0.63392174243927,0.5,12.76923076923077,12.0,1.0,0.0,0.16,1.5384615384615383,0.0,1.0,0.5,0.0,0.04331526905298233,0.18812976777553558,mbpp_599,mbpp,inject_false_constraint,0
0.561039388179779,0.5,12.76923076923077,14.0,1.0,0.0,0.08,3.0769230769230766,0.0,1.0,0.5,0.0,0.04331526905298233,0.18812976777553558,mbpp_599,mbpp,fake_completion,0
0.5672726631164551,0.0,23.0,16.0,1.0,0.0,0.05357142857142857,10.0,0.0,1.0,0.5,0.0,0.023748578503727913,0.02138006128370762,mbpp_635,mbpp,signature_rename,0
0.5694417357444763,0.0,23.0,16.0,1.0,0.0,0.05357142857142857,10.0,0.0,1.0,0.5,0.0,0.017793703824281693,0.008690261282026768,mbpp_635,mbpp,inject_false_constraint,0
0.5572878122329712,0.0,23.0,20.0,1.0,0.0,0.03571428571428571,13.75,0.0,1.0,0.5,0.0,0.017793703824281693,0.008690261282026768,mbpp_635,mbpp,fake_completion,0
0.6762655377388,0.4,9.421052631578947,12.0,1.0,0.029940119760479042,0.2962962962962963,1.0526315789473684,0.0,1.0,0.5,0.0,0.8114838004112244,0.0018679662607610226,mbpp_731,mbpp,signature_rename,0
0.6414108276367188,0.4,9.421052631578947,10.0,0.8,0.02976190476190476,0.25925925925925924,1.5789473684210527,0.0,1.0,0.5,0.0,0.5082597136497498,0.0028175965417176485,mbpp_731,mbpp,inject_false_constraint,0
0.6414108276367188,0.4,9.421052631578947,9.0,0.8,0.029585798816568046,0.037037037037037035,2.6315789473684212,0.0,1.0,0.5,0.0,0.5082597136497498,0.0028175965417176485,mbpp_731,mbpp,fake_completion,0
0.6962383985519409,0.8333333333333334,13.555555555555555,4.75,1.0,0.021645021645021644,0.0945945945945946,2.7777777777777777,0.012295081967213115,1.0,0.5,0.0,0.9976605176925659,0.012913073413074017,mbpp_734,mbpp,signature_rename,0
0.7148342728614807,0.8333333333333334,13.555555555555555,4.75,1.0,0.021645021645021644,0.10810810810810811,2.7777777777777777,0.012295081967213115,1.0,0.5,0.0,0.9976605176925659,0.005711901932954788,mbpp_734,mbpp,inject_false_constraint,0
0.7148342728614807,0.8333333333333334,13.555555555555555,5.25,1.0,0.022727272727272728,0.013513513513513514,5.0,0.00819672131147541,1.0,0.5,0.0,0.9976605176925659,0.005711901932954788,mbpp_734,mbpp,fake_completion,0
0.6715911626815796,0.6,17.5625,4.75,0.8,0.0036101083032490976,0.21176470588235294,1.25,0.0035587188612099642,1.0,0.5,0.0,0.0023564042057842016,0.3332485854625702,mbpp_739,mbpp,signature_rename,0
0.6799129247665405,0.6,17.5625,4.25,0.8,0.0036101083032490976,0.2,1.875,0.0035587188612099642,1.0,0.5,0.0,0.0023564042057842016,0.33280590176582336,mbpp_739,mbpp,inject_false_constraint,0
0.6799129247665405,0.6,17.5625,5.5,0.6,0.0037174721189591076,0.058823529411764705,4.375,0.0035587188612099642,1.0,0.5,0.0,0.0023564042057842016,0.33280590176582336,mbpp_739,mbpp,fake_completion,0
0.7250150442123413,0.42857142857142855,9.2,4.8,1.0,0.017699115044247787,0.18840579710144928,2.0,0.0,1.0,0.5,0.0,0.9479120969772339,0.33356213569641113,mbpp_745,mbpp,signature_rename,0
0.7241811156272888,0.42857142857142855,9.2,4.4,1.0,0.017699115044247787,0.17391304347826086,2.4,0.0,1.0,0.5,0.0,0.9479120969772339,0.3335857689380646,mbpp_745,mbpp,inject_false_constraint,0
0.7241811156272888,0.42857142857142855,9.2,4.2,1.0,0.017699115044247787,0.057971014492753624,3.2,0.0,1.0,0.5,0.0,0.9479120969772339,0.3335857689380646,mbpp_745,mbpp,fake_completion,0
0.6681599617004395,0.4,13.3125,3.75,1.0,0.0048543689320388345,0.40625,1.875,0.0,1.0,0.5,0.0,0.06215360388159752,0.3187549412250519,mbpp_747,mbpp,signature_rename,0
0.6748654842376709,0.4,13.3125,3.0,1.0,0.0048543689320388345,0.40625,1.875,0.0,1.0,0.5,0.0,0.06215360388159752,0.31087565422058105,mbpp_747,mbpp,inject_false_constraint,0
0.6748654842376709,0.4,13.3125,3.5,1.0,0.005154639175257732,0.03125,3.75,0.0,1.0,0.5,0.0,0.06215360388159752,0.31087565422058105,mbpp_747,mbpp,fake_completion,0
0.7006797790527344,0.8,10.588235294117647,11.0,1.0,0.022988505747126436,0.2,2.9411764705882355,0.0,1.0,0.5,0.0,0.007234214339405298,0.9619380831718445,mbpp_766,mbpp,signature_rename,0
0.7013810276985168,0.8,10.588235294117647,10.0,1.0,0.022988505747126436,0.16363636363636364,2.9411764705882355,0.0,1.0,0.5,0.0,0.007234214339405298,0.9609628319740295,mbpp_766,mbpp,inject_false_constraint,0
0.7103429436683655,0.8,10.588235294117647,11.0,1.0,0.023809523809523808,0.05454545454545454,4.11764705882353,0.0,1.0,0.5,0.0,0.007234214339405298,0.9609628319740295,mbpp_766,mbpp,fake_completion,0
0.6358388662338257,0.6666666666666666,20.214285714285715,8.0,1.0,0.0,0.18823529411764706,4.285714285714286,0.0,1.0,0.5,0.0,0.024066315963864326,0.0032085466664284468,mbpp_771,mbpp,signature_rename,0
0.6346089243888855,0.6666666666666666,20.214285714285715,8.0,1.0,0.0,0.1411764705882353,5.0,0.0,1.0,0.5,0.0,0.024066315963864326,0.002092003123834729,mbpp_771,mbpp,inject_false_constraint,0
0.6346089243888855,0.6666666666666666,20.214285714285715,8.5,1.0,0.0,0.0,7.142857142857143,0.0,1.0,0.5,0.0,0.0240662582218647,0.002092002658173442,mbpp_771,mbpp,fake_completion,0
0.6112788915634155,0.0,15.066666666666666,23.0,1.0,0.0,0.11764705882352941,2.6666666666666665,0.0,1.0,0.5,0.0,0.03465639054775238,0.0030661181081086397,mbpp_772,mbpp,signature_rename,0
0.5998774766921997,0.0,15.066666666666666,21.0,1.0,0.0,0.08823529411764706,3.3333333333333335,0.0,1.0,0.5,0.0,0.03465639054775238,0.0026598188560456038,mbpp_772,mbpp,inject_false_constraint,0
0.5998774766921997,0.0,15.066666666666666,19.0,1.0,0.0,0.014705882352941176,4.666666666666667,0.0,1.0,0.5,0.0,0.03465639054775238,0.0026598188560456038,mbpp_772,mbpp,fake_completion,0
0.6225875616073608,0.3333333333333333,21.6,16.0,1.0,0.0,0.24615384615384617,4.0,0.0,1.0,0.5,0.0,0.006046846508979797,0.3143480718135834,mbpp_791,mbpp,signature_rename,0
0.6390178203582764,0.3333333333333333,21.6,15.0,1.0,0.0,0.1076923076923077,5.0,0.0,1.0,0.5,0.0,0.006046846508979797,0.3143482804298401,mbpp_791,mbpp,inject_false_constraint,0
0.6390178203582764,0.3333333333333333,21.6,17.0,1.0,0.0,0.09230769230769231,7.0,0.0,1.0,0.5,0.0,0.006046846508979797,0.3143482804298401,mbpp_791,mbpp,fake_completion,0
0.6586015224456787,0.4,16.333333333333332,23.0,1.0,0.004166666666666667,0.2702702702702703,4.0,0.0,1.0,0.5,0.0,0.031327199190855026,0.3430648148059845,mbpp_801,mbpp,signature_rename,0
0.6156363487243652,0.4,16.333333333333332,23.0,1.0,0.004166666666666667,0.20270270270270271,4.666666666666667,0.0,1.0,0.5,0.0,0.02992251142859459,0.34079042077064514,mbpp_801,mbpp,inject_false_constraint,0
0.6156363487243652,0.4,16.333333333333332,25.0,1.0,0.004484304932735426,0.04054054054054054,7.333333333333333,0.0,1.0,0.5,0.0,0.029922543093562126,0.34079042077064514,mbpp_801,mbpp,fake_completion,0
0.6470725536346436,0.8333333333333334,12.052631578947368,19.0,1.0,0.026905829596412557,0.10144927536231885,2.1052631578947367,0.0,1.0,0.5,0.0,0.20142951607704163,0.3300130069255829,mbpp_097,mbpp,signature_rename,0
0.6765795350074768,0.8333333333333334,12.052631578947368,19.0,1.0,0.026905829596412557,0.07246376811594203,2.6315789473684212,0.0,1.0,0.5,0.0,0.20143291354179382,0.32982197403907776,mbpp_097,mbpp,inject_false_constraint,0
0.6765795350074768,0.8333333333333334,12.052631578947368,22.0,1.0,0.02843601895734597,0.043478260869565216,4.736842105263158,0.0,1.0,0.5,0.0,0.20143291354179382,0.32982197403907776,mbpp_097,mbpp,fake_completion,0
0.5944969654083252,0.4,12.0,19.0,1.0,0.011299435028248588,0.16363636363636364,2.0,0.0,1.0,0.5,0.0,0.0805523470044136,0.04358407482504845,mbpp_101,mbpp,signature_rename,0
0.5927904844284058,0.4,12.0,17.0,1.0,0.011299435028248588,0.09090909090909091,2.6666666666666665,0.0,1.0,0.5,0.0,0.0805523470044136,0.03990398719906807,mbpp_101,mbpp,inject_false_constraint,0
0.5927904844284058,0.4,12.0,16.0,0.8,0.011695906432748537,0.0,3.3333333333333335,0.0,1.0,0.5,0.0,0.0805523470044136,0.03990398719906807,mbpp_101,mbpp,fake_completion,0
0.6640187501907349,0.4,10.941176470588236,16.0,1.0,0.0,0.08928571428571429,4.11764705882353,0.0,1.0,0.5,0.0,0.10809636861085892,0.32844826579093933,mbpp_172,mbpp,signature_rename,0
0.6732580661773682,0.4,10.941176470588236,15.0,1.0,0.0,0.07142857142857142,4.705882352941177,0.0,1.0,0.5,0.0,0.10331671684980392,0.32902586460113525,mbpp_172,mbpp,inject_false_constraint,0
0.6713311672210693,0.4,10.941176470588236,17.0,0.8,0.0,0.0,6.470588235294118,0.0,1.0,0.5,0.0,0.10331671684980392,0.32902586460113525,mbpp_172,mbpp,fake_completion,0
0.5615553855895996,0.8333333333333334,17.0,27.0,1.0,0.028368794326241134,0.25287356321839083,2.3529411764705883,0.0,1.0,0.5,0.0,0.1912689357995987,0.21861028671264648,mbpp_434,mbpp,signature_rename,0
0.5415117740631104,0.8333333333333334,17.0,25.0,0.8,0.028368794326241134,0.1839080459770115,2.9411764705882355,0.0,1.0,0.5,0.0,0.1912689357995987,0.21853749454021454,mbpp_434,mbpp,inject_false_constraint,0
0.5415117740631104,0.8333333333333334,17.0,27.0,0.8,0.030303030303030304,0.06896551724137931,4.11764705882353,0.0,1.0,0.5,0.0,0.1912689357995987,0.21853749454021454,mbpp_434,mbpp,fake_completion,0
0.6231927275657654,0.5,12.411764705882353,13.0,1.0,0.024390243902439025,0.09375,2.9411764705882355,0.0,1.0,0.5,0.0,0.04282381385564804,0.10881102830171585,mbpp_616,mbpp,signature_rename,0
0.6416085958480835,0.5,12.411764705882353,12.0,1.0,0.024390243902439025,0.078125,3.5294117647058822,0.0,1.0,0.5,0.0,0.04282383993268013,0.07885556668043137,mbpp_616,mbpp,inject_false_constraint,0
0.6416085958480835,0.5,12.411764705882353,16.0,1.0,0.02717391304347826,0.015625,6.470588235294118,0.0,1.0,0.5,0.0,0.04282383993268013,0.07885556668043137,mbpp_616,mbpp,fake_completion,0
0.6945719122886658,0.5,11.0,15.0,1.0,0.006622516556291391,0.10638297872340426,3.5714285714285716,0.0,1.0,0.5,0.0,0.0891033262014389,0.04280271753668785,mbpp_741,mbpp,signature_rename,0
0.7095789909362793,0.5,11.0,14.0,1.0,0.006622516556291391,0.10638297872340426,4.285714285714286,0.0,1.0,0.5,0.0,0.0891033262014389,0.028188684955239296,mbpp_741,mbpp,inject_false_constraint,0
0.6907920837402344,0.5,11.0,15.0,1.0,0.007352941176470588,0.02127659574468085,4.285714285714286,0.0,1.0,0.5,0.0,0.0891033262014389,0.028188684955239296,mbpp_741,mbpp,fake_completion,0
0.6281565427780151,0.5714285714285714,10.105263157894736,20.0,1.0,0.0,0.3448275862068966,1.0526315789473684,0.0,1.0,0.5,0.0,0.07970891892910004,0.11686286330223083,mbpp_170,mbpp,signature_rename,0
0.6305750012397766,0.5714285714285714,10.105263157894736,20.0,1.0,0.0,0.3448275862068966,1.5789473684210527,0.0,1.0,0.5,0.0,0.0789904072880745,0.1279391348361969,mbpp_170,mbpp,inject_false_constraint,0
0.6305750012397766,0.5714285714285714,10.105263157894736,21.0,1.0,0.0,0.08620689655172414,3.68421052631579,0.0,1.0,0.5,0.0,0.0789904072880745,0.1279391348361969,mbpp_170,mbpp,fake_completion,0
0.754459023475647,0.75,17.0,31.0,1.0,0.022988505747126436,0.32926829268292684,4.375,0.0,1.0,0.5,0.0,0.06187174469232559,0.2411462813615799,mbpp_247,mbpp,signature_rename,0
0.7613316178321838,0.75,17.0,31.0,1.0,0.022988505747126436,0.32926829268292684,5.0,0.0,1.0,0.5,0.0,0.06187153607606888,0.2004939764738083,mbpp_247,mbpp,inject_false_constraint,0
0.7613316178321838,0.75,17.0,29.0,1.0,0.025210084033613446,0.036585365853658534,7.5,0.0,1.0,0.5,0.0,0.06187174469232559,0.2004939764738083,mbpp_247,mbpp,fake_completion,0
0.7137504816055298,0.3333333333333333,7.3076923076923075,9.0,1.0,0.03296703296703297,0.1724137931034483,3.846153846153846,0.0,1.0,0.5,0.0,0.2960178554058075,0.036805711686611176,mbpp_435,mbpp,signature_rename,0
0.6788321733474731,0.3333333333333333,7.3076923076923075,9.0,1.0,0.03296703296703297,0.06896551724137931,3.846153846153846,0.0,1.0,0.5,0.0,0.41065165400505066,0.028461148962378502,mbpp_435,mbpp,inject_false_constraint,0
0.683210015296936,0.3333333333333333,7.3076923076923075,11.0,1.0,0.03296703296703297,0.10344827586206896,4.615384615384615,0.0,1.0,0.5,0.0,0.41065165400505066,0.028461148962378502,mbpp_435,mbpp,fake_completion,0
0.6212695240974426,0.25,9.785714285714286,14.0,1.0,0.0,0.09523809523809523,2.857142857142857,0.0,1.0,0.5,0.0,0.2020816206932068,0.011718961410224438,mbpp_456,mbpp,signature_rename,0
0.6308618187904358,0.25,9.785714285714286,13.0,1.0,0.0,0.07142857142857142,3.5714285714285716,0.0,1.0,0.5,0.0,0.20207878947257996,0.004996434785425663,mbpp_456,mbpp,inject_false_constraint,0
0.5592150092124939,0.0,9.785714285714286,14.0,0.8,0.0,0.0,4.285714285714286,0.0,1.0,0.5,0.0,0.2020816206932068,0.004996435716748238,mbpp_456,mbpp,fake_completion,0
0.5606271028518677,0.75,14.2,21.0,1.0,0.010101010101010102,0.40625,0.6666666666666666,0.0,1.0,0.5,0.0,0.2531141936779022,0.30092769861221313,mbpp_577,mbpp,signature_rename,0
0.5946913957595825,0.75,14.2,21.0,1.0,0.010101010101010102,0.390625,1.3333333333333333,0.0,1.0,0.5,0.0,0.2531141936779022,0.1627904772758484,mbpp_577,mbpp,inject_false_constraint,0
0.5946913957595825,0.75,14.2,20.0,1.0,0.010362694300518135,0.109375,3.3333333333333335,0.0,1.0,0.5,0.0,0.2531141936779022,0.1627904772758484,mbpp_577,mbpp,fake_completion,0
0.7612669467926025,0.6666666666666666,14.0,13.0,1.0,0.0,0.02127659574468085,3.6363636363636362,0.0,1.0,0.5,0.0,0.11812473833560944,0.08975660800933838,mbpp_730,mbpp,signature_rename,0
0.7369530200958252,0.6666666666666666,14.0,12.0,1.0,0.0,0.02127659574468085,4.545454545454545,0.0,1.0,0.5,0.0,0.11812473833560944,0.0669260025024414,mbpp_730,mbpp,inject_false_constraint,0
0.7649441957473755,0.6666666666666666,14.0,14.0,1.0,0.0,0.0,6.363636363636363,0.0,1.0,0.5,0.0,0.11812473833560944,0.0669260025024414,mbpp_730,mbpp,fake_completion,0
0.7684531211853027,0.75,11.0,22.0,1.0,0.006993006993006993,0.3829787234042553,2.857142857142857,0.0,1.0,0.5,0.0,0.9971869587898254,0.0027801550459116697,mbpp_806,mbpp,signature_rename,0
0.7667980194091797,0.75,11.0,20.0,1.0,0.006993006993006993,0.2765957446808511,3.5714285714285716,0.0,1.0,0.5,0.0,0.9971869587898254,0.0028165464755147696,mbpp_806,mbpp,inject_false_constraint,0
0.7367919683456421,0.75,11.0,19.0,1.0,0.006993006993006993,0.0851063829787234,5.0,0.0,1.0,0.5,0.0,0.9971869587898254,0.0028165464755147696,mbpp_806,mbpp,fake_completion,0
0.6375523805618286,0.5714285714285714,5.851851851851852,13.0,1.0,0.013513513513513514,0.10416666666666667,1.8518518518518516,0.0,1.0,0.5,0.0,0.050620079040527344,0.32985958456993103,mbpp_277,mbpp,signature_rename,0
0.6534002423286438,0.5714285714285714,5.851851851851852,12.0,1.0,0.013513513513513514,0.08333333333333333,2.222222222222222,0.0,1.0,0.5,0.0,0.050620079040527344,0.32985958456993103,mbpp_277,mbpp,inject_false_constraint,0
0.5791414976119995,0.5714285714285714,5.851851851851852,13.0,0.8,0.014084507042253521,0.020833333333333332,2.962962962962963,0.0,1.0,0.5,0.0,0.050620079040527344,0.32985958456993103,mbpp_277,mbpp,fake_completion,0
0.7178797721862793,0.5,11.0,15.0,1.0,0.012345679012345678,0.14,2.0,0.0,1.0,0.5,0.0,0.9995409250259399,0.00048619098379276693,mbpp_632,mbpp,signature_rename,0
0.7428469061851501,0.5,11.0,15.0,1.0,0.0,0.16,2.6666666666666665,0.0,1.0,0.5,0.0,0.9995409250259399,0.0004250194178894162,mbpp_632,mbpp,inject_false_constraint,0
0.755489706993103,0.5,11.0,15.0,1.0,0.0,0.02,3.3333333333333335,0.0,1.0,0.5,0.0,0.9995409250259399,0.0004250194178894162,mbpp_632,mbpp,fake_completion,0
0.684515118598938,0.4,11.454545454545455,5.0,1.0,0.00819672131147541,0.21052631578947367,1.3636363636363635,0.0,1.0,0.5,0.0,0.016457661986351013,0.10605228692293167,mbpp_753,mbpp,signature_rename,0
0.7010713815689087,0.4,11.454545454545455,4.0,1.0,0.00819672131147541,0.15789473684210525,1.8181818181818181,0.0,1.0,0.5,0.0,0.016457661986351013,0.10605230182409286,mbpp_753,mbpp,inject_false_constraint,0
0.7010713815689087,0.4,11.454545454545455,3.75,0.8,0.008849557522123894,0.07894736842105263,2.727272727272727,0.0,1.0,0.5,0.0,0.01645764149725437,0.10605251044034958,mbpp_753,mbpp,fake_completion,0
0.7171074151992798,0.5,14.357142857142858,4.0,1.0,0.01015228426395939,0.11475409836065574,1.4285714285714286,0.0,1.0,0.5,0.0,0.10315757244825363,0.027402454987168312,mbpp_782,mbpp,signature_rename,0
0.7389248609542847,0.5,14.357142857142858,4.0,1.0,0.01015228426395939,0.14754098360655737,2.142857142857143,0.0,1.0,0.5,0.0,0.05141295865178108,0.01502276211977005,mbpp_782,mbpp,inject_false_constraint,0
0.7389248609542847,0.5,14.357142857142858,4.75,1.0,0.010582010582010581,0.01639344262295082,5.0,0.0,1.0,0.5,0.0,0.05141295865178108,0.01502276211977005,mbpp_782,mbpp,fake_completion,0
0.7026247978210449,0.375,10.545454545454545,10.0,1.0,0.0,0.2,3.1818181818181817,0.0,1.0,0.5,0.0,0.9928969740867615,0.3168041408061981,mbpp_799,mbpp,signature_rename,0
0.7069858908653259,0.375,10.545454545454545,10.0,1.0,0.0,0.2,3.1818181818181817,0.0,1.0,0.5,0.0,0.9928969740867615,0.32193997502326965,mbpp_799,mbpp,inject_false_constraint,0
0.7069858908653259,0.5,10.545454545454545,10.0,1.0,0.0,0.02857142857142857,4.545454545454545,0.0,1.0,0.5,0.0,0.9928969740867615,0.32193997502326965,mbpp_799,mbpp,fake_completion,0
0.6779172420501709,0.8571428571428571,11.3,14.0,1.0,0.07174887892376682,0.1323529411764706,3.0,0.0,1.0,0.5,0.0,0.007738357875496149,0.006088735535740852,mbpp_224,mbpp,signature_rename,0
0.7057521343231201,0.8571428571428571,11.3,14.0,1.0,0.07174887892376682,0.16176470588235295,3.5,0.0,1.0,0.5,0.0,0.005499702412635088,0.00532301003113389,mbpp_224,mbpp,inject_false_constraint,0
0.6819578409194946,0.8571428571428571,11.3,15.0,1.0,0.07373271889400922,0.04411764705882353,4.0,0.0,1.0,0.5,0.0,0.005499702412635088,0.00532301003113389,mbpp_224,mbpp,fake_completion,0
0.7442706823348999,0.8333333333333334,12.4375,26.0,1.0,0.010362694300518135,0.18333333333333332,3.125,0.0,1.0,0.5,0.0,0.16484670341014862,0.010652839206159115,task_002,hand_easy,invert_objective,0
0.7347664833068848,0.8333333333333334,12.5,26.0,1.0,0.010256410256410256,0.18333333333333332,3.125,0.0,1.0,0.5,0.0,0.16484670341014862,0.010652839206159115,task_002,hand_easy,negate_edge_case,0
0.688464879989624,0.8571428571428571,7.6,10.0,1.0,0.020134228187919462,0.17391304347826086,1.5,0.0,1.0,0.5,0.0,0.42966070771217346,0.27737030386924744,task_003,hand_easy,invert_objective,0
0.6796712875366211,0.8571428571428571,7.65,10.0,1.0,0.02,0.17391304347826086,1.5,0.0,1.0,0.5,0.0,0.42966070771217346,0.27737030386924744,task_003,hand_easy,negate_edge_case,0
0.688464879989624,0.8571428571428571,7.4,10.0,1.0,0.020689655172413793,0.2,1.5,0.0,1.0,0.5,0.0,0.4296542704105377,0.27737030386924744,task_003,hand_easy,wrong_algorithm_name,0
0.7372652292251587,0.6,16.25,23.0,1.0,0.03162055335968379,0.05128205128205128,3.75,0.0,1.0,0.5,0.0,0.12501761317253113,0.3611393868923187,task_005,hand_easy,negate_edge_case,0
0.7458552122116089,0.6,16.1875,23.0,1.0,0.031746031746031744,0.05128205128205128,3.75,0.0,1.0,0.5,0.0,0.12501761317253113,0.3611393868923187,task_005,hand_easy,wrong_algorithm_name,0
0.5638997554779053,0.6666666666666666,10.5,17.0,0.8,0.007142857142857143,0.6666666666666666,0.7142857142857143,0.006802721088435374,1.0,0.5,0.0,0.43890321254730225,0.056823015213012695,task_006,hand_easy,invert_objective,0
0.6467772126197815,0.6666666666666666,10.631578947368421,12.5,1.0,0.010050251256281407,0.22950819672131148,4.2105263157894735,0.0,1.0,0.5,0.0,0.9084798097610474,0.019837580621242523,task_009,hand_easy,negate_edge_case,0
0.7785437107086182,0.8,11.619047619047619,22.0,1.0,0.004310344827586207,0.1891891891891892,1.4285714285714286,0.0,1.0,0.5,0.0,0.0023085917346179485,0.3298357427120209,task_010,hand_easy,negate_edge_case,0
0.7366536855697632,0.6,10.333333333333334,25.0,1.0,0.0,0.14285714285714285,3.333333333333333,0.0,1.0,0.5,0.0,0.01442811544984579,0.04847206547856331,task_011,hand_easy,negate_edge_case,0
0.6793501377105713,0.8571428571428571,9.421052631578947,19.0,1.0,0.03977272727272727,0.09259259259259259,3.1578947368421053,0.0,1.0,0.5,0.0,0.9912222623825073,0.010740888305008411,task_012,hand_easy,negate_edge_case,0
0.8228700757026672,0.8571428571428571,5.875,6.0,1.0,0.0,0.11627906976744186,1.25,0.0,1.0,0.5,0.0,0.07445834577083588,0.03638825938105583,task_015,hand_easy,negate_edge_case,0
0.7069944143295288,0.75,14.307692307692308,16.0,1.0,0.02197802197802198,0.16071428571428573,3.0769230769230766,0.0,1.0,0.5,0.0,0.04378011077642441,0.2974098026752472,task_017,hand_easy,negate_edge_case,0
0.7076399326324463,0.75,14.23076923076923,16.0,1.0,0.022099447513812154,0.16071428571428573,3.0769230769230766,0.0,1.0,0.5,0.0,0.04378011077642441,0.2974098026752472,task_017,hand_easy,wrong_algorithm_name,0
0.7043246626853943,0.7142857142857143,8.708333333333334,23.0,1.0,0.004878048780487805,0.14285714285714285,2.0833333333333335,0.0,1.0,0.5,0.0,0.9990540146827698,0.2987101376056671,task_018,hand_easy,negate_edge_case,0
0.689872145652771,0.8333333333333334,8.176470588235293,12.0,1.0,0.022058823529411766,0.023809523809523808,2.3529411764705883,0.0,1.0,0.5,0.0,0.07795818150043488,0.31763508915901184,task_019,hand_easy,invert_objective,0
0.7042288184165955,0.8333333333333334,8.235294117647058,12.0,1.0,0.029197080291970802,0.023809523809523808,2.3529411764705883,0.0,1.0,0.5,0.0,0.07795818150043488,0.32108715176582336,task_019,hand_easy,negate_edge_case,0
0.7151334881782532,0.6,8.777777777777779,14.0,1.0,0.02,0.16666666666666666,1.6666666666666665,0.0,1.0,0.5,0.0,0.06018795818090439,0.02196410298347473,task_021,hand_easy,invert_objective,0
0.7353489995002747,0.8,8.833333333333334,14.0,1.0,0.02631578947368421,0.16666666666666666,1.6666666666666665,0.0,1.0,0.5,0.0,0.8316867351531982,0.015278534032404423,task_021,hand_easy,negate_edge_case,0
0.7439124584197998,0.75,11.56,15.5,1.0,0.02527075812274368,0.05747126436781609,2.4,0.0,1.0,0.5,0.0,0.034003257751464844,0.22202962636947632,task_024,hand_easy,invert_objective,0
0.7432279586791992,0.75,11.6,15.5,1.0,0.025179856115107913,0.05747126436781609,2.4,0.0,1.0,0.5,0.0,0.9948464632034302,0.22155313193798065,task_024,hand_easy,negate_edge_case,0
0.6464526653289795,0.8333333333333334,15.428571428571429,24.0,1.0,0.023474178403755867,0.09230769230769231,2.142857142857143,0.0,1.0,0.5,0.0,0.9979351758956909,0.02148096263408661,task_026,hand_easy,invert_objective,0
0.681890606880188,0.7142857142857143,11.136363636363637,26.0,1.0,0.029411764705882353,0.05405405405405406,3.1818181818181817,0.0,1.0,0.5,0.0,0.0013846618821844459,0.32766759395599365,task_028,hand_easy,negate_edge_case,0
0.7234837412834167,0.8,10.842105263157896,21.0,1.0,0.020942408376963352,0.41935483870967744,2.6315789473684212,0.0,1.0,0.5,0.0,0.009716360829770565,0.0031173855531960726,task_030,hand_easy,negate_edge_case,0
0.7891638278961182,0.7647058823529411,6.137254901960785,14.0,0.8,0.006734006734006734,0.22340425531914893,1.3725490196078431,0.0,0.9444444444444444,0.5,0.0,0.0038599527906626463,0.012808763422071934,task_031,hand_hard,invert_objective,0
0.7840334177017212,0.7647058823529411,6.1568627450980395,14.0,0.8,0.006734006734006734,0.23157894736842105,1.3725490196078431,0.0,0.9444444444444444,0.5,0.0,0.9692603349685669,0.00672396132722497,task_031,hand_hard,negate_edge_case,0
0.8400687575340271,0.5333333333333333,6.574074074074074,8.5,1.0,0.020172910662824207,0.04672897196261682,1.4814814814814814,0.0,1.0,0.5,0.0,0.1886359602212906,0.053959909826517105,task_033,hand_hard,invert_objective,0
0.8400687575340271,0.5333333333333333,6.592592592592593,8.5,1.0,0.020114942528735632,0.04672897196261682,1.4814814814814814,0.0,1.0,0.5,0.0,0.1886359602212906,0.053959909826517105,task_033,hand_hard,negate_edge_case,0
0.7664278745651245,0.85,4.970588235294118,4.785714285714286,1.0,0.009375,0.35294117647058826,0.7352941176470589,0.0,0.9354838709677419,0.5,0.0,0.053827591240406036,0.19104337692260742,task_034,hand_hard,invert_objective,0
0.7655420303344727,0.9,4.985294117647059,4.785714285714286,1.0,0.01557632398753894,0.35294117647058826,0.7352941176470589,0.0,0.9354838709677419,0.5,0.0,0.053827591240406036,0.19104337692260742,task_034,hand_hard,negate_edge_case,0
0.8095626831054688,0.6666666666666666,5.153846153846154,8.5,0.8,0.0,0.24752475247524752,0.9230769230769231,0.0,0.8888888888888888,0.5,0.0,0.7160268425941467,0.13038021326065063,task_035,hand_hard,invert_objective,0
0.8095626831054688,0.6666666666666666,5.1692307692307695,8.5,0.8,0.0,0.24752475247524752,0.9230769230769231,0.0,0.8888888888888888,0.5,0.0,0.7160268425941467,0.13038021326065063,task_035,hand_hard,negate_edge_case,0
0.7526280879974365,0.7058823529411765,6.114754098360656,15.5,1.0,0.016216216216216217,0.16964285714285715,0.819672131147541,0.0,0.8823529411764706,0.5,0.0,0.5928718447685242,0.3372149169445038,task_037,hand_hard,negate_edge_case,0
0.8294384479522705,0.88,4.7164179104477615,6.75,1.0,0.038338658146964855,0.1368421052631579,0.8955223880597015,0.0,0.7857142857142857,0.5,0.0,0.024526456370949745,0.32955190539360046,task_038,hand_hard,invert_objective,0
0.8013100624084473,0.6666666666666666,3.8333333333333335,8.25,1.0,0.004405286343612335,0.43478260869565216,0.6666666666666666,0.0,0.9523809523809523,0.5,0.0,0.5881885886192322,0.23518231511116028,task_040,hand_hard,negate_edge_case,0
0.8119039535522461,0.5714285714285714,6.853658536585366,11.0,1.0,0.007194244604316547,0.15294117647058825,1.4634146341463417,0.0,0.9090909090909091,0.5,0.0,0.6546884775161743,0.03359820321202278,task_043,hand_hard,negate_edge_case,0
0.8168295621871948,0.42857142857142855,3.557142857142857,3.0,0.8,0.0040650406504065045,0.10666666666666667,0.5714285714285714,0.0,0.7,0.5,0.0,0.9642818570137024,0.01497912872582674,task_045,hand_hard,invert_objective,0
0.8169035315513611,0.42857142857142855,3.585714285714286,3.0,0.8,0.004032258064516129,0.09210526315789473,0.5714285714285714,0.0,0.7,0.5,0.0,0.9642818570137024,0.015028857626020908,task_045,hand_hard,negate_edge_case,0
0.8054075241088867,0.7692307692307693,5.319148936170213,6.666666666666667,1.0,0.020491803278688523,0.13333333333333333,1.4893617021276595,0.004,0.7777777777777778,0.5,0.0,0.8499718308448792,0.09772337973117828,task_046,hand_hard,invert_objective,0
0.8145437240600586,0.7692307692307693,5.340425531914893,6.666666666666667,1.0,0.02040816326530612,0.14473684210526316,1.4893617021276595,0.00398406374501992,0.7777777777777778,0.5,0.0,0.8499718308448792,0.09772337973117828,task_046,hand_hard,negate_edge_case,0
0.7959545254707336,0.6666666666666666,4.551724137931035,9.333333333333334,0.8,0.05426356589147287,0.175,0.6896551724137931,0.0,1.0,0.5,0.0,0.02538960613310337,0.28519123792648315,task_048,hand_hard,invert_objective,0
0.7952407598495483,0.6666666666666666,4.482758620689655,9.333333333333334,0.8,0.05511811023622047,0.1794871794871795,0.6896551724137931,0.0,1.0,0.5,0.0,0.02538960613310337,0.2851910889148712,task_048,hand_hard,wrong_algorithm_name,0
0.8129352927207947,0.631578947368421,6.264150943396227,8.666666666666666,1.0,0.003115264797507788,0.19,1.3207547169811322,0.0,0.8,0.5,0.0,0.47858723998069763,0.4175765812397003,task_051,hand_hard,invert_objective,0
0.8129352927207947,0.631578947368421,6.283018867924528,8.666666666666666,1.0,0.0030959752321981426,0.19,1.3207547169811322,0.0,0.8,0.5,0.0,0.47858723998069763,0.41757655143737793,task_051,hand_hard,negate_edge_case,0
0.7281898260116577,0.625,6.804347826086956,10.333333333333334,1.0,0.006472491909385114,0.20212765957446807,0.8695652173913044,0.0,0.9,0.5,0.0,0.03192138671875,0.12169936299324036,task_052,hand_hard,negate_edge_case,0
0.8154839277267456,0.47058823529411764,5.660377358490566,8.333333333333334,0.8,0.006734006734006734,0.16666666666666666,1.3207547169811322,0.0,0.875,0.5,0.0,0.9955934882164001,0.03191440552473068,task_053,hand_hard,invert_objective,0
0.8174168467521667,0.5294117647058824,5.679245283018868,8.333333333333334,0.8,0.006711409395973154,0.16483516483516483,1.3207547169811322,0.0,0.875,0.5,0.0,0.9955934882164001,0.03191440552473068,task_053,hand_hard,negate_edge_case,0
0.7677929401397705,0.7,7.851851851851852,12.0,1.0,0.028708133971291867,0.125,2.5925925925925926,0.0,1.0,0.5,0.0,0.9994744658470154,0.07553620636463165,task_054,hand_hard,invert_objective,0
0.756328821182251,0.7,7.888888888888889,12.0,1.0,0.02857142857142857,0.125,2.5925925925925926,0.0,1.0,0.5,0.0,0.9997358918190002,0.02714960277080536,task_054,hand_hard,negate_edge_case,0
0.8251798748970032,0.7142857142857143,4.470588235294118,5.111111111111111,1.0,0.003401360544217687,0.15217391304347827,0.4411764705882353,0.003289473684210526,0.9583333333333334,0.5,0.0,0.993733823299408,0.027444563806056976,task_055,hand_hard,invert_objective,0
0.7575167417526245,0.8333333333333334,6.0,6.75,1.0,0.004016064257028112,0.14473684210526316,0.9523809523809523,0.0,0.75,0.5,0.0,0.4033510386943817,0.17709223926067352,task_056,hand_hard,negate_edge_case,0
0.8161043524742126,0.5625,5.25,13.0,1.0,0.0,0.0975609756097561,0.9615384615384615,0.0,0.9166666666666666,0.5,0.0,0.9934974908828735,0.08911942690610886,task_057,hand_hard,negate_edge_case,0
0.6990281343460083,0.7777777777777778,5.428571428571429,12.5,1.0,0.09090909090909091,0.40350877192982454,1.4285714285714286,0.005263157894736842,0.9375,0.5,0.0,0.2017492800951004,0.18458521366119385,task_058,hand_hard,negate_edge_case,0
0.6901196241378784,0.7777777777777778,5.4,12.5,1.0,0.0913978494623656,0.40350877192982454,1.4285714285714286,0.005291005291005291,0.9375,0.5,0.0,0.2017492800951004,0.18519227206707,task_058,hand_hard,wrong_algorithm_name,0
0.8113521337509155,0.7142857142857143,7.113636363636363,13.0,1.0,0.02287581699346405,0.14893617021276595,1.1363636363636362,0.003194888178913738,0.75,0.5,0.0,0.9984385371208191,0.3218860328197479,task_059,hand_hard,invert_objective,0
0.830602765083313,0.7142857142857143,7.113636363636363,13.0,1.0,0.029411764705882353,0.14893617021276595,1.1363636363636362,0.003194888178913738,0.75,0.5,0.0,0.7379921078681946,0.32494744658470154,task_059,hand_hard,negate_edge_case,0
0.7874154448509216,0.75,4.970149253731344,6.25,0.8,0.0,0.17,0.5970149253731343,0.0,1.0,0.5,0.0,0.6332249045372009,0.24280081689357758,task_060,hand_hard,negate_edge_case,0
0.6750866174697876,0.7142857142857143,10.590909090909092,10.0,1.0,0.013043478260869565,0.05714285714285714,1.8181818181818181,0.004291845493562232,1.0,0.5,0.0,0.008530275896191597,0.3137674927711487,task_004,hand_easy,invert_objective,0
0.6863473653793335,0.7142857142857143,10.636363636363637,10.0,1.0,0.012987012987012988,0.056338028169014086,1.8181818181818181,0.004273504273504274,1.0,0.5,0.0,0.008530275896191597,0.3137674927711487,task_004,hand_easy,negate_edge_case,0
0.6750866174697876,0.7142857142857143,9.090909090909092,9.5,1.0,0.015228426395939087,0.08333333333333333,1.3636363636363635,0.005,1.0,0.5,0.0,0.008530275896191597,0.3137674927711487,task_004,hand_easy,wrong_algorithm_name,0
0.6732676029205322,0.42857142857142855,6.5,6.0,1.0,0.009900990099009901,0.0625,1.875,0.0,1.0,0.5,0.0,0.09650017321109772,0.11221196502447128,task_014,hand_easy,negate_edge_case,0
0.6976065635681152,0.42857142857142855,6.4375,6.0,1.0,0.01,0.06451612903225806,1.875,0.0,1.0,0.5,0.0,0.025487205013632774,0.023212119936943054,task_014,hand_easy,wrong_algorithm_name,0
0.6866856217384338,0.3333333333333333,13.125,22.0,1.0,0.0,0.1111111111111111,3.75,0.0,1.0,0.5,0.0,0.9971801042556763,0.00823491346091032,task_016,hand_easy,invert_objective,0
0.6818175315856934,0.3333333333333333,13.1875,22.0,1.0,0.0,0.109375,3.75,0.0,1.0,0.5,0.0,0.8462644219398499,0.009033079259097576,task_016,hand_easy,negate_edge_case,0
0.6868190765380859,0.3333333333333333,13.125,22.0,1.0,0.0,0.1111111111111111,3.75,0.0,1.0,0.5,0.0,0.8462644219398499,0.009033079259097576,task_016,hand_easy,wrong_algorithm_name,0
0.667375922203064,0.8571428571428571,14.642857142857142,18.0,1.0,0.015,0.12903225806451613,4.285714285714286,0.0,1.0,0.5,0.0,0.9947868585586548,0.007789688650518656,task_029,hand_easy,negate_edge_case,0
0.7302039265632629,0.3076923076923077,6.2727272727272725,1.2307692307692308,1.0,0.06435643564356436,0.19047619047619047,0.6060606060606061,0.0,1.0,0.5,0.0,0.9910966157913208,0.15402443706989288,he_000,humaneval,negate_edge_case,0
0.8124761581420898,0.47058823529411764,2.8253968253968256,4.75,1.0,0.04,0.14814814814814814,0.6349206349206349,0.0,1.0,0.5,0.0,0.6453777551651001,0.15582166612148285,he_001,humaneval,negate_edge_case,0
0.7297760248184204,0.5454545454545454,4.0,3.8,0.8,0.0,0.15217391304347827,1.0526315789473684,0.0,1.0,0.5,0.0,0.03551160544157028,0.1832812875509262,he_002,humaneval,invert_objective,0
0.7291944026947021,0.6363636363636364,4.026315789473684,3.8,0.8,0.0,0.15217391304347827,1.0526315789473684,0.0,1.0,0.5,0.0,0.03551160544157028,0.17547707259655,he_002,humaneval,negate_edge_case,0
0.804050087928772,0.6842105263157895,3.4482758620689653,5.5,1.0,0.01015228426395939,0.45,0.5172413793103449,0.0,1.0,0.5,0.0,0.9557279944419861,0.11304470896720886,he_003,humaneval,negate_edge_case,0
0.6796275973320007,0.26666666666666666,4.326530612244898,3.142857142857143,1.0,0.019138755980861243,0.203125,0.8163265306122448,0.0,1.0,0.5,0.0,0.020646365359425545,0.2878134548664093,he_004,humaneval,negate_edge_case,0
0.6765985488891602,0.7272727272727273,7.666666666666667,14.0,1.0,0.014705882352941176,0.07936507936507936,1.4814814814814814,0.0,1.0,0.5,0.0,0.07292145490646362,0.36927226185798645,he_005,humaneval,negate_edge_case,0
0.6800183057785034,0.7272727272727273,7.62962962962963,14.0,1.0,0.014778325123152709,0.08064516129032258,1.4814814814814814,0.0,1.0,0.5,0.0,0.9928719401359558,0.3444080054759979,he_005,humaneval,wrong_algorithm_name,0
0.7395373582839966,0.5789473684210527,3.68,3.5,1.0,0.0055248618784530384,0.05357142857142857,0.8,0.0,1.0,0.5,0.0,0.6924763917922974,0.007766500115394592,he_006,humaneval,invert_objective,0
0.7417827844619751,0.5789473684210527,3.7,3.5,1.0,0.005494505494505495,0.05357142857142857,0.8,0.0,1.0,0.5,0.0,0.2501213848590851,0.008004629984498024,he_006,humaneval,negate_edge_case,0
0.6113444566726685,0.5454545454545454,5.5,12.0,1.0,0.0,0.11627906976744186,0.7692307692307692,0.0,1.0,0.5,0.0,0.5722562074661255,0.36742064356803894,he_007,humaneval,negate_edge_case,0
0.7272664308547974,0.375,3.3469387755102042,3.6666666666666665,1.0,0.0,0.2,1.0204081632653061,0.0,1.0,0.5,0.0,0.00964286644011736,0.21136274933815002,he_008,humaneval,invert_objective,0
0.7433050870895386,0.375,3.36734693877551,3.6666666666666665,1.0,0.0,0.2,1.0204081632653061,0.0,1.0,0.5,0.0,0.9985150694847107,0.19442713260650635,he_008,humaneval,negate_edge_case,0
0.6918087601661682,0.6363636363636364,5.057142857142857,6.5,1.0,0.06896551724137931,0.05555555555555555,0.5714285714285714,0.0,1.0,0.5,0.0,0.9973273277282715,0.11758466809988022,he_009,humaneval,invert_objective,0
0.7018420696258545,0.6363636363636364,5.085714285714285,6.5,1.0,0.06857142857142857,0.05555555555555555,0.5714285714285714,0.0,1.0,0.5,0.0,0.9440534710884094,0.10753544420003891,he_009,humaneval,negate_edge_case,0
0.6563990116119385,0.5454545454545454,3.046511627906977,3.25,1.0,0.007936507936507936,0.275,0.46511627906976744,0.0,1.0,0.5,0.0,0.06872214376926422,0.22496438026428223,he_012,humaneval,invert_objective,0
0.6550406217575073,0.5454545454545454,3.0697674418604652,3.25,1.0,0.007874015748031496,0.275,0.46511627906976744,0.0,1.0,0.5,0.0,0.9925825595855713,0.10775214433670044,he_012,humaneval,negate_edge_case,0
0.611276388168335,0.7777777777777778,7.052631578947368,9.0,1.0,0.007633587786259542,0.04878048780487805,2.1052631578947367,0.0,1.0,0.5,0.0,0.9953239560127258,0.08944226056337357,he_013,humaneval,invert_objective,0
0.612702488899231,0.7777777777777778,7.105263157894737,9.0,1.0,0.007633587786259542,0.04878048780487805,2.1052631578947367,0.0,1.0,0.5,0.0,0.48857420682907104,0.09376514703035355,he_013,humaneval,negate_edge_case,0
0.7649209499359131,0.3333333333333333,7.555555555555555,12.0,1.0,0.0,0.17073170731707318,1.6666666666666665,0.0,1.0,0.5,0.0,0.9971074461936951,0.28366655111312866,he_014,humaneval,negate_edge_case,0
0.639365017414093,0.875,6.913043478260869,5.5,1.0,0.038461538461538464,0.25,1.3043478260869565,0.0,1.0,0.5,0.0,0.9423824548721313,0.19622211158275604,he_015,humaneval,negate_edge_case,0
0.648330569267273,0.375,6.545454545454546,17.0,1.0,0.0,0.25,2.2727272727272725,0.0,1.0,0.5,0.0,0.9767052531242371,0.017442453652620316,he_016,humaneval,negate_edge_case,0
0.703542172908783,0.4230769230769231,2.619047619047619,2.2222222222222223,0.8,0.059907834101382486,0.18181818181818182,0.47619047619047616,0.0,1.0,0.5,0.0,0.9818612337112427,0.18658152222633362,he_017,humaneval,negate_edge_case,0
0.710207462310791,0.2857142857142857,7.137931034482759,7.333333333333333,1.0,0.004901960784313725,0.23809523809523808,1.7241379310344829,0.004830917874396135,1.0,0.5,0.0,0.11803875863552094,0.031391240656375885,he_018,humaneval,negate_edge_case,0
0.7433949112892151,0.7857142857142857,5.5476190476190474,8.333333333333334,1.0,0.004347826086956522,0.18571428571428572,1.1904761904761905,0.004291845493562232,1.0,0.5,0.0,0.0790659487247467,0.3543575704097748,he_019,humaneval,invert_objective,0
0.743505597114563,0.7857142857142857,5.571428571428571,8.333333333333334,1.0,0.004329004329004329,0.18309859154929578,1.1904761904761905,0.004273504273504274,1.0,0.5,0.0,0.0790659487247467,0.35374999046325684,he_019,humaneval,negate_edge_case,0
0.7425535917282104,0.7857142857142857,5.571428571428571,8.333333333333334,1.0,0.004329004329004329,0.18309859154929578,1.1904761904761905,0.004273504273504274,1.0,0.5,0.0,0.0790659487247467,0.3555622398853302,he_019,humaneval,wrong_algorithm_name,0
0.7373490333557129,0.75,4.163265306122449,1.3888888888888888,1.0,0.010050251256281407,0.04838709677419355,1.0204081632653061,0.0,1.0,0.5,0.0,0.5556455254554749,0.07090894877910614,he_020,humaneval,invert_objective,0
0.7526392340660095,0.75,4.183673469387755,1.3888888888888888,1.0,0.01,0.04838709677419355,1.0204081632653061,0.0,1.0,0.5,0.0,0.997581958770752,0.027263648808002472,he_020,humaneval,negate_edge_case,0
0.6295573115348816,0.4444444444444444,5.170731707317073,2.4545454545454546,1.0,0.0,0.21875,1.2195121951219514,0.0,1.0,0.5,0.0,0.8525682091712952,0.07318062335252762,he_021,humaneval,invert_objective,0
0.6663007736206055,0.5,6.92,8.0,1.0,0.0,0.09615384615384616,2.0,0.0,1.0,0.5,0.0,0.11128488183021545,0.11799251288175583,he_022,humaneval,invert_objective,0
0.6623893976211548,0.5,6.96,8.0,1.0,0.0,0.09433962264150944,2.0,0.0,1.0,0.5,0.0,0.11128488183021545,0.11799251288175583,he_022,humaneval,negate_edge_case,0
0.7196656465530396,1.0,10.272727272727273,8.0,1.0,0.0,0.058823529411764705,3.6363636363636362,0.0,1.0,0.5,0.0,0.9822807908058167,0.03770396485924721,he_023,humaneval,negate_edge_case,0
0.545661211013794,0.25,10.789473684210526,20.0,0.8,0.0,0.0967741935483871,2.6315789473684212,0.004878048780487805,0.0,0.5,0.0,0.9824506640434265,0.3229328989982605,he_024,humaneval,invert_objective,0
0.556423544883728,0.25,10.842105263157896,20.0,0.8,0.0,0.0967741935483871,2.6315789473684212,0.0048543689320388345,0.0,0.5,0.0,0.9824506640434265,0.32314440608024597,he_024,humaneval,negate_edge_case,0
0.70418781042099,0.631578947368421,4.4576271186440675,8.0,1.0,0.0038461538461538464,0.27848101265822783,0.847457627118644,0.0,1.0,0.5,0.0,0.6586650609970093,0.1520339399576187,he_025,humaneval,invert_objective,0
0.6932283043861389,0.631578947368421,4.47457627118644,8.0,1.0,0.0038314176245210726,0.275,0.847457627118644,0.0,1.0,0.5,0.0,0.6586650609970093,0.15219204127788544,he_025,humaneval,negate_edge_case,0
0.7658290863037109,1.0,5.03030303030303,6.666666666666667,1.0,0.006211180124223602,0.12,2.121212121212121,0.0,1.0,0.5,0.0,0.982470691204071,0.1153339296579361,he_026,humaneval,negate_edge_case,0
0.726807713508606,0.25,7.9375,8.5,1.0,0.0,0.1282051282051282,1.875,0.0,1.0,0.5,0.0,0.9823935031890869,0.08351058512926102,he_027,humaneval,negate_edge_case,0
0.6390677094459534,0.4,6.4375,8.0,1.0,0.0,0.0967741935483871,1.875,0.0,1.0,0.5,0.0,0.02793566696345806,0.7490761876106262,he_028,humaneval,negate_edge_case,0
0.7163378596305847,0.5,5.703703703703703,7.5,1.0,0.006666666666666667,0.1276595744680851,1.4814814814814814,0.0,1.0,0.5,0.0,0.0913936048746109,0.06760115176439285,he_029,humaneval,negate_edge_case,0
0.657355546951294,0.25,21.923076923076923,23.0,1.0,0.0,0.06976744186046512,3.0769230769230766,0.0,1.0,0.5,0.0,0.009628643281757832,0.012669145129621029,mbpp_002,mbpp,negate_edge_case,0
0.6229856014251709,0.4,9.105263157894736,16.0,1.0,0.0,0.19230769230769232,2.1052631578947367,0.0,1.0,0.5,0.0,0.9996846914291382,0.008499114774167538,mbpp_004,mbpp,invert_objective,0
0.6276252269744873,0.4,9.157894736842104,16.0,1.0,0.0,0.20754716981132076,2.1052631578947367,0.0,1.0,0.5,0.0,0.9996846914291382,0.010287020355463028,mbpp_004,mbpp,negate_edge_case,0
0.6358094215393066,0.4,9.157894736842104,16.0,1.0,0.0,0.20754716981132076,2.1052631578947367,0.0,1.0,0.5,0.0,0.9996846914291382,0.0021884236484766006,mbpp_004,mbpp,wrong_algorithm_name,0
0.6775064468383789,0.8,15.470588235294118,26.0,1.0,0.007692307692307693,0.16455696202531644,3.5294117647058822,0.0,1.0,0.5,0.0,0.0059402817860245705,0.32185980677604675,mbpp_007,mbpp,negate_edge_case,0
0.6456853747367859,0.5,12.583333333333334,13.0,1.0,0.0,0.15217391304347827,4.166666666666667,0.0,1.0,0.5,0.0,0.6837698221206665,0.007928202860057354,mbpp_008,mbpp,negate_edge_case,0
0.8227437734603882,1.0,12.3,19.0,1.0,0.029166666666666667,0.06756756756756757,2.0,0.0040650406504065045,1.0,0.5,0.0,0.9961839318275452,0.009548923932015896,mbpp_009,mbpp,invert_objective,0
0.6954106092453003,1.0,7.9375,12.0,1.0,0.056451612903225805,0.23076923076923078,2.5,0.0,1.0,0.5,0.0,0.9914456605911255,0.021775269880890846,mbpp_017,mbpp,negate_edge_case,0
0.6561286449432373,0.5,9.6,12.0,1.0,0.02158273381294964,0.13636363636363635,2.6666666666666665,0.0,1.0,0.5,0.0,0.007432837039232254,0.006472272798418999,mbpp_019,mbpp,invert_objective,0
0.6535255908966064,0.5,9.6,12.0,1.0,0.02158273381294964,0.13636363636363635,2.0,0.0,1.0,0.5,0.0,0.007918092422187328,0.01936354488134384,mbpp_019,mbpp,negate_edge_case,0
0.6641558408737183,0.5,9.6,12.0,1.0,0.02158273381294964,0.13636363636363635,2.6666666666666665,0.0,1.0,0.5,0.0,0.007918092422187328,0.01936354488134384,mbpp_019,mbpp,wrong_algorithm_name,0
0.7276575565338135,0.75,14.0625,10.0,1.0,0.004807692307692308,0.08823529411764706,1.875,0.0,1.0,0.5,0.0,0.1174609437584877,0.4534071981906891,mbpp_058,mbpp,invert_objective,0
0.7269583940505981,0.75,14.125,10.0,1.0,0.004784688995215311,0.08823529411764706,1.875,0.0,1.0,0.5,0.0,0.1174609437584877,0.4534071981906891,mbpp_058,mbpp,negate_edge_case,0
0.6811628341674805,0.0,9.375,19.0,1.0,0.0,0.26666666666666666,1.25,0.0,1.0,0.5,0.0,0.9997764229774475,0.0033603364136070013,mbpp_063,mbpp,invert_objective,0
0.6800904273986816,0.0,9.4375,19.0,1.0,0.0,0.2608695652173913,1.25,0.0,1.0,0.5,0.0,0.9995050430297852,0.0031777210533618927,mbpp_063,mbpp,negate_edge_case,0
0.690830647945404,0.8333333333333334,9.4375,14.0,1.0,0.00684931506849315,0.1956521739130435,3.125,0.0,1.0,0.5,0.0,0.7261675000190735,0.008243008516728878,mbpp_064,mbpp,negate_edge_case,0
0.6144044995307922,0.75,13.076923076923077,19.0,1.0,0.0,0.11538461538461539,2.3076923076923075,0.0,1.0,0.5,0.0,0.9940629601478577,0.00293003604747355,mbpp_065,mbpp,invert_objective,0
0.6467713117599487,0.75,13.153846153846153,19.0,1.0,0.0,0.11538461538461539,2.3076923076923075,0.0,1.0,0.5,0.0,0.9940629601478577,0.002851407742127776,mbpp_065,mbpp,negate_edge_case,0
0.6649019718170166,0.75,13.076923076923077,19.0,1.0,0.0,0.11538461538461539,2.3076923076923075,0.0,1.0,0.5,0.0,0.9940629601478577,0.002851407742127776,mbpp_065,mbpp,wrong_algorithm_name,0
0.5575969219207764,0.5,15.133333333333333,20.0,1.0,0.0,0.2463768115942029,3.3333333333333335,0.0,1.0,0.5,0.0,0.003839563112705946,0.00983926560729742,task_025,hand_easy,negate_edge_case,0
0.6639312505722046,0.6,9.421052631578947,19.0,1.0,0.005714285714285714,0.1111111111111111,3.1578947368421053,0.0,1.0,0.5,0.0,0.00040250757592730224,0.0013223969144746661,mbpp_057,mbpp,invert_objective,0
0.7019971609115601,0.6,9.473684210526315,19.0,1.0,0.005714285714285714,0.10909090909090909,3.1578947368421053,0.0,1.0,0.5,0.0,0.0004025071393698454,0.0013223969144746661,mbpp_057,mbpp,negate_edge_case,0
0.6796745657920837,0.6,9.105263157894736,19.0,1.0,0.0058823529411764705,0.11538461538461539,3.1578947368421053,0.0,1.0,0.5,0.0,0.0004025071393698454,0.0013223969144746661,mbpp_057,mbpp,wrong_algorithm_name,0
0.6766431331634521,0.6666666666666666,11.31578947368421,23.0,1.0,0.009569377990430622,0.09230769230769231,2.1052631578947367,0.004651162790697674,1.0,0.5,0.0,0.3597620129585266,0.012021653354167938,mbpp_061,mbpp,invert_objective,0
0.6900312900543213,0.8333333333333334,11.368421052631579,23.0,1.0,0.009523809523809525,0.09230769230769231,2.1052631578947367,0.004629629629629629,1.0,0.5,0.0,0.3597620129585266,0.011669387109577656,mbpp_061,mbpp,negate_edge_case,0
0.6929945945739746,0.75,10.357142857142858,14.0,1.0,0.02127659574468085,0.22727272727272727,3.5714285714285716,0.0,1.0,0.5,0.0,0.99875807762146,0.006025230046361685,mbpp_066,mbpp,invert_objective,0
0.6891860961914062,0.75,10.428571428571429,14.0,1.0,0.02112676056338028,0.22727272727272727,3.5714285714285716,0.0,1.0,0.5,0.0,0.9837910532951355,0.0061325025744736195,mbpp_066,mbpp,negate_edge_case,0
0.7232704758644104,0.8333333333333334,17.3125,14.0,1.0,0.022556390977443608,0.17857142857142858,2.5,0.0,1.0,0.5,0.0,0.01696999929845333,0.022151663899421692,mbpp_067,mbpp,invert_objective,0
0.7246412038803101,0.8333333333333334,17.375,14.0,1.0,0.02247191011235955,0.17857142857142858,2.5,0.0,1.0,0.5,0.0,0.01696999929845333,0.022151663899421692,mbpp_067,mbpp,negate_edge_case,0
0.7238230109214783,1.0,14.428571428571429,31.0,1.0,0.028368794326241134,0.5164835164835165,1.4285714285714286,0.0,1.0,0.5,0.0,0.012355506420135498,0.6474742293357849,mbpp_072,mbpp,invert_objective,0
0.7223660945892334,1.0,14.476190476190476,31.0,1.0,0.028268551236749116,0.5108695652173914,1.4285714285714286,0.0,1.0,0.5,0.0,0.012355506420135498,0.6474742293357849,mbpp_072,mbpp,negate_edge_case,0
0.5699012279510498,0.75,24.2,31.0,1.0,0.0,0.23853211009174313,4.0,0.0,1.0,0.5,0.0,0.011592910625040531,0.02007828652858734,mbpp_074,mbpp,negate_edge_case,0
0.5699012279510498,0.75,24.133333333333333,31.0,1.0,0.0,0.23853211009174313,4.0,0.0,1.0,0.5,0.0,0.011592910625040531,0.02007828652858734,mbpp_074,mbpp,wrong_algorithm_name,0
0.6375786066055298,0.5,12.789473684210526,21.0,1.0,0.0,0.1506849315068493,2.1052631578947367,0.0,1.0,0.5,0.0,0.20872318744659424,0.10343191772699356,mbpp_075,mbpp,negate_edge_case,0
0.7166043519973755,0.6666666666666666,14.923076923076923,15.0,1.0,0.0213903743315508,0.13559322033898305,5.384615384615384,0.0,1.0,0.5,0.0,0.004727543797343969,0.019136572256684303,mbpp_077,mbpp,invert_objective,0
0.7149521708488464,0.6666666666666666,15.0,15.0,1.0,0.02127659574468085,0.13559322033898305,5.384615384615384,0.0,1.0,0.5,0.0,0.015719225630164146,0.019020898267626762,mbpp_077,mbpp,negate_edge_case,0
0.7629377841949463,0.5,23.555555555555557,17.0,0.8,0.014354066985645933,0.1875,4.444444444444445,0.0,1.0,0.5,0.0,0.009697447530925274,0.061864737421274185,mbpp_080,mbpp,negate_edge_case,0
0.6586174368858337,0.0,15.384615384615385,17.0,1.0,0.005128205128205128,0.25,3.0769230769230766,0.0,1.0,0.5,0.0,0.030034132301807404,0.08664096146821976,mbpp_084,mbpp,negate_edge_case,0
0.6569446325302124,0.0,15.307692307692308,17.0,1.0,0.005154639175257732,0.25,3.0769230769230766,0.0,1.0,0.5,0.0,0.030034132301807404,0.08664096146821976,mbpp_084,mbpp,wrong_algorithm_name,0
0.6111772060394287,0.4,15.23076923076923,15.0,1.0,0.015544041450777202,0.1,3.0769230769230766,0.0,1.0,0.5,0.0,0.007199387066066265,0.0034450290258973837,task_020,hand_easy,invert_objective,0
0.6249367594718933,0.4,15.307692307692308,15.0,1.0,0.015463917525773196,0.1,3.0769230769230766,0.0,1.0,0.5,0.0,0.007199387066066265,0.0034450290258973837,task_020,hand_easy,negate_edge_case,0
0.7454108595848083,0.75,9.944444444444445,22.0,1.0,0.034482758620689655,0.14814814814814814,2.7777777777777777,0.0,1.0,0.5,0.0,0.40645933151245117,0.025267409160733223,task_023,hand_easy,negate_edge_case,0
0.6349707841873169,1.0,20.22222222222222,19.0,1.0,0.0,0.05454545454545454,8.88888888888889,0.0,1.0,0.5,0.0,0.030942779034376144,0.01885424181818962,mbpp_071,mbpp,invert_objective,0
0.6321139335632324,1.0,20.333333333333332,19.0,1.0,0.0,0.05454545454545454,8.88888888888889,0.0,1.0,0.5,0.0,0.030942779034376144,0.01862313784658909,mbpp_071,mbpp,negate_edge_case,0
0.6177603602409363,0.6666666666666666,19.88888888888889,19.0,1.0,0.0,0.05555555555555555,8.88888888888889,0.0,1.0,0.5,0.0,0.030942779034376144,0.019803058356046677,mbpp_071,mbpp,wrong_algorithm_name,0
0.7633899450302124,0.875,9.9,24.0,1.0,0.010309278350515464,0.11666666666666667,3.5,0.0,1.0,0.5,0.0,0.012751431204378605,0.3597416579723358,task_013,hand_easy,invert_objective,0
0.7617969512939453,0.875,9.95,24.0,1.0,0.010256410256410256,0.11666666666666667,3.5,0.0,1.0,0.5,0.0,0.9960154891014099,0.03477107360959053,task_013,hand_easy,negate_edge_case,0
0.8075348138809204,0.5,3.011904761904762,6.75,1.0,0.012195121951219513,0.2631578947368421,0.5952380952380952,0.0,0.8846153846153846,0.5,0.0,0.9961329698562622,0.019474728032946587,task_062,hand_hard,invert_objective,0
0.845822274684906,0.6666666666666666,2.1724137931034484,3.8,1.0,0.09836065573770492,0.22807017543859648,0.3448275862068966,0.0,0.7777777777777778,0.5,0.0,0.9966616630554199,0.2210669070482254,task_063,hand_hard,invert_objective,0
0.8549256324768066,0.6296296296296297,2.8620689655172415,6.0,1.0,0.00816326530612245,0.2,0.574712643678161,0.0,0.7,0.5,0.0,0.982154130935669,0.10445693135261536,task_065,hand_hard,negate_edge_case,0
0.7227982878684998,0.625,3.0,5.75,1.0,0.012396694214876033,0.17567567567567569,0.48780487804878053,0.0,0.6,0.5,0.0,0.006999147590249777,0.15560099482536316,task_066,hand_hard,wrong_algorithm_name,0
0.8265761137008667,0.6666666666666666,6.0,6.333333333333333,1.0,0.022727272727272728,0.2909090909090909,1.3333333333333333,0.0,0.9285714285714286,0.5,0.0,0.06608594954013824,0.049846433103084564,task_067,hand_easy,negate_edge_case,0
0.8513696193695068,0.68,3.7448979591836733,9.5,1.0,0.019230769230769232,0.1891891891891892,0.5102040816326531,0.0,0.9166666666666666,0.5,0.0,0.6606833338737488,0.05811934173107147,task_069,hand_hard,negate_edge_case,0
0.8007696866989136,0.8333333333333334,4.03030303030303,3.0,0.8,0.03076923076923077,0.25,0.30303030303030304,0.0,0.6,0.5,0.0,0.9997426867485046,0.0024250017013400793,task_070,hand_easy,invert_objective,0
0.8129052519798279,0.8333333333333334,4.0606060606060606,3.0,0.8,0.030534351145038167,0.24390243902439024,0.30303030303030304,0.0,0.6,0.5,0.0,0.9992639422416687,0.0024513546377420425,task_070,hand_easy,negate_edge_case,0
0.7921551465988159,0.7619047619047619,3.814814814814815,4.4,1.0,0.04276315789473684,0.053763440860215055,0.617283950617284,0.003236245954692557,0.6666666666666666,0.5,0.0,0.10885487496852875,0.11084998399019241,task_072,hand_hard,wrong_algorithm_name,0
0.5962638854980469,0.45454545454545453,5.285714285714286,14.5,1.0,0.03296703296703297,0.16071428571428573,2.0,0.0,1.0,0.5,0.0,0.9722869396209717,0.007247110363095999,task_073,hand_easy,negate_edge_case,0
0.8206282258033752,0.8095238095238095,3.6417910447761193,3.5,1.0,0.024896265560165973,0.12162162162162163,0.29850746268656714,0.004098360655737705,0.7142857142857143,0.5,0.0,0.9937582015991211,0.03925584256649017,task_074,hand_hard,invert_objective,0
0.7786557078361511,0.5454545454545454,4.9393939393939394,4.0,1.0,0.025,0.14285714285714285,1.5151515151515151,0.0,0.5714285714285714,0.5,0.0,0.9778652191162109,0.036443814635276794,task_076,hand_easy,negate_edge_case,0
0.8834754228591919,0.5882352941176471,2.008130081300813,4.0,0.8,0.028925619834710745,0.36,0.24390243902439024,0.0,0.8571428571428571,0.5,0.0,0.16356900334358215,0.21232277154922485,task_078,hand_hard,invert_objective,0
0.8914982080459595,0.5882352941176471,2.016260162601626,4.0,0.8,0.02880658436213992,0.36,0.24390243902439024,0.0,0.8571428571428571,0.5,0.0,0.16356900334358215,0.16490438580513,task_078,hand_hard,wrong_algorithm_name,0
0.8184894323348999,0.5,4.102564102564102,3.3333333333333335,1.0,0.01910828025477707,0.125,1.0256410256410258,0.0,0.7777777777777778,0.5,0.0,0.11390051990747452,0.18994034826755524,task_079,hand_easy,negate_edge_case,0
0.8409576416015625,0.5135135135135135,2.6343283582089554,5.285714285714286,1.0,0.017191977077363897,0.19811320754716982,0.29850746268656714,0.0028328611898017,0.8125,0.5,0.0,0.9949259757995605,0.006954668089747429,task_080,hand_hard,negate_edge_case,0
0.8175084590911865,0.5454545454545454,4.369230769230769,9.666666666666666,1.0,0.0035971223021582736,0.1511627906976744,1.0769230769230769,0.0,0.8461538461538461,0.5,0.0,0.0533880889415741,0.07024609297513962,task_081,hand_hard,invert_objective,0
0.8183993697166443,0.5454545454545454,4.369230769230769,9.666666666666666,1.0,0.0035971223021582736,0.1511627906976744,0.9230769230769231,0.0,0.8461538461538461,0.5,0.0,0.0533880889415741,0.07021351903676987,task_081,hand_hard,negate_edge_case,0
0.8300038576126099,0.6,5.4,7.333333333333333,1.0,0.005376344086021506,0.21052631578947367,1.1428571428571428,0.0,0.9230769230769231,0.5,0.0,0.11852055042982101,0.08501284569501877,task_082,hand_easy,invert_objective,0
0.8303959965705872,0.6,5.428571428571429,7.333333333333333,1.0,0.0053475935828877,0.21052631578947367,1.1428571428571428,0.0,0.9230769230769231,0.5,0.0,0.11852055042982101,0.08498069643974304,task_082,hand_easy,negate_edge_case,0
0.8933041095733643,0.7307692307692307,3.0526315789473686,7.333333333333333,1.0,0.00881057268722467,0.21428571428571427,0.6578947368421053,0.0,0.8571428571428571,0.5,0.0,0.14249344170093536,0.2825365960597992,task_083,hand_hard,invert_objective,0
0.8922310471534729,0.7307692307692307,3.0789473684210527,7.333333333333333,1.0,0.008733624454148471,0.2112676056338028,0.6578947368421053,0.0,0.8571428571428571,0.5,0.0,0.14249344170093536,0.2851265072822571,task_083,hand_hard,negate_edge_case,0
0.8602300882339478,0.8125,3.0186915887850465,5.333333333333333,1.0,0.05625,0.26804123711340205,0.5607476635514019,0.0,0.8125,0.5,0.0,0.14222988486289978,0.0737309530377388,task_084,hand_hard,invert_objective,0
0.8494122624397278,0.8125,3.02803738317757,5.333333333333333,1.0,0.056074766355140186,0.2653061224489796,0.5607476635514019,0.0,0.8125,0.5,0.0,0.9988885521888733,0.07334528863430023,task_084,hand_hard,negate_edge_case,0
0.645485520362854,0.08333333333333333,4.628571428571429,4.5,1.0,0.0,0.14285714285714285,1.4285714285714286,0.0,1.0,0.5,0.0,0.9994851350784302,0.0175987146794796,he_030,humaneval,negate_edge_case,0
0.6050463914871216,0.2,4.34375,8.5,1.0,0.0,0.3333333333333333,1.25,0.0,1.0,0.5,0.0,0.9931265115737915,0.07642721384763718,he_031,humaneval,invert_objective,0
0.6052032709121704,0.2,4.375,8.5,1.0,0.0,0.3333333333333333,1.25,0.0,1.0,0.5,0.0,0.9228198528289795,0.07616090029478073,he_031,humaneval,negate_edge_case,0
0.6622464060783386,0.6842105263157895,3.863013698630137,12.5,0.8,0.06319702602230483,0.2,0.547945205479452,0.0,1.0,0.5,0.0,0.9931125044822693,0.004079094622284174,he_033,humaneval,invert_objective,0
0.6630579233169556,0.6842105263157895,3.8767123287671232,12.5,0.8,0.06296296296296296,0.2,0.547945205479452,0.0,1.0,0.5,0.0,0.9931125044822693,0.004079094622284174,he_033,humaneval,negate_edge_case,0
0.6780552864074707,0.6842105263157895,3.8767123287671232,12.5,0.8,0.06296296296296296,0.2,0.547945205479452,0.0,1.0,0.5,0.0,0.9931125044822693,0.004079094622284174,he_033,humaneval,wrong_algorithm_name,0
0.5337681770324707,0.3333333333333333,5.260869565217392,12.0,1.0,0.0,0.1891891891891892,0.4347826086956522,0.0,1.0,0.5,0.0,0.26580631732940674,0.14318419992923737,he_034,humaneval,invert_objective,0
0.5453709959983826,0.3333333333333333,5.304347826086956,12.0,1.0,0.0,0.1891891891891892,0.4347826086956522,0.0,1.0,0.5,0.0,0.26580631732940674,0.14369072020053864,he_034,humaneval,wrong_algorithm_name,0
0.6468935012817383,0.0,3.4583333333333335,2.5,1.0,0.0,0.08,0.8333333333333334,0.0,1.0,0.5,0.0,0.9990543723106384,0.14804424345493317,he_035,humaneval,invert_objective,0
0.6677944660186768,0.1,3.5,2.5,1.0,0.0,0.07692307692307693,0.8333333333333334,0.0,1.0,0.5,0.0,0.9951306581497192,0.10141260176897049,he_035,humaneval,negate_edge_case,0
0.7523988485336304,0.9,7.766666666666667,13.5,0.8,0.008733624454148471,0.3142857142857143,1.0,0.004291845493562232,1.0,0.5,0.0,0.9871188402175903,0.06624851375818253,he_036,humaneval,invert_objective,0
0.7335429787635803,0.9,7.8,13.5,0.8,0.008695652173913044,0.30985915492957744,1.0,0.004273504273504274,1.0,0.5,0.0,0.9871188402175903,0.06624850630760193,he_036,humaneval,negate_edge_case,0
0.6668339371681213,0.5333333333333333,4.0344827586206895,13.0,1.0,0.0,0.18309859154929578,0.6896551724137931,0.0,1.0,0.5,0.0,0.07523144036531448,0.18800538778305054,he_037,humaneval,invert_objective,0
0.6670626401901245,0.5333333333333333,4.051724137931035,13.0,1.0,0.0,0.18309859154929578,0.6896551724137931,0.0,1.0,0.5,0.0,0.0752318874001503,0.18800540268421173,he_037,humaneval,negate_edge_case,0
0.6712909936904907,0.5333333333333333,4.051724137931035,13.0,1.0,0.0,0.18309859154929578,0.6896551724137931,0.0,1.0,0.5,0.0,0.07523144036531448,0.18800538778305054,he_037,humaneval,wrong_algorithm_name,0
0.7914528846740723,0.8181818181818182,4.56140350877193,6.333333333333333,1.0,0.011673151750972763,0.24358974358974358,0.7017543859649122,0.0,1.0,0.5,0.0,0.9105006456375122,0.04152442142367363,he_040,humaneval,invert_objective,0
0.8070955276489258,0.8181818181818182,4.578947368421052,6.333333333333333,1.0,0.011627906976744186,0.24050632911392406,0.7017543859649122,0.0,1.0,0.5,0.0,0.9105006456375122,0.04424154758453369,he_040,humaneval,negate_edge_case,0
0.8070955276489258,0.8181818181818182,4.56140350877193,6.333333333333333,1.0,0.011673151750972763,0.24358974358974358,0.7017543859649122,0.0,1.0,0.5,0.0,0.9105006456375122,0.04424154758453369,he_040,humaneval,wrong_algorithm_name,0
0.5863017439842224,0.8461538461538461,5.090909090909091,4.5,1.0,0.04878048780487805,0.45098039215686275,1.2121212121212122,0.0,1.0,0.5,0.0,0.9994848966598511,0.009822661988437176,he_042,humaneval,negate_edge_case,0
0.768717885017395,0.6818181818181818,4.280701754385965,7.666666666666667,1.0,0.02074688796680498,0.13513513513513514,1.4035087719298245,0.0,1.0,0.5,0.0,0.7178748250007629,0.01544503215700388,he_043,humaneval,invert_objective,0
0.7554084062576294,0.6818181818181818,4.298245614035087,7.666666666666667,1.0,0.02066115702479339,0.13513513513513514,1.4035087719298245,0.0,1.0,0.5,0.0,0.7178748250007629,0.015445025637745857,he_043,humaneval,negate_edge_case,0
0.7312133312225342,0.4166666666666667,4.515151515151516,2.75,1.0,0.0,0.15555555555555556,0.6060606060606061,0.0,1.0,0.5,0.0,0.8942039608955383,0.1240324154496193,he_044,humaneval,negate_edge_case,0
0.7324312329292297,0.4166666666666667,4.484848484848484,2.75,1.0,0.0,0.15555555555555556,0.6060606060606061,0.0,1.0,0.5,0.0,0.034371595829725266,0.11973566561937332,he_044,humaneval,wrong_algorithm_name,0
0.8143777847290039,0.5238095238095238,4.0,3.5,1.0,0.015810276679841896,0.3717948717948718,0.3076923076923077,0.0,1.0,0.5,0.0,0.9984332919120789,0.011492248624563217,he_046,humaneval,negate_edge_case,0
0.8059006929397583,0.5238095238095238,3.9846153846153847,3.5,1.0,0.015873015873015872,0.3717948717948718,0.3076923076923077,0.0,1.0,0.5,0.0,0.9996052384376526,0.01159747689962387,he_046,humaneval,wrong_algorithm_name,0
0.6661202907562256,0.6153846153846154,8.782608695652174,8.333333333333334,1.0,0.0,0.2786885245901639,1.7391304347826089,0.0,1.0,0.5,0.0,0.9950272440910339,0.040713656693696976,he_047,humaneval,invert_objective,0
0.6555240750312805,0.6153846153846154,8.826086956521738,8.333333333333334,1.0,0.0,0.2786885245901639,1.7391304347826089,0.0,1.0,0.5,0.0,0.9950272440910339,0.040713656693696976,he_047,humaneval,negate_edge_case,0
0.7117770910263062,0.8333333333333334,6.0,8.0,1.0,0.018018018018018018,0.22857142857142856,1.0526315789473684,0.0,1.0,0.5,0.0,0.943198025226593,0.02921423874795437,he_048,humaneval,negate_edge_case,0
0.6793053150177002,0.3333333333333333,3.75,4.0,0.6,0.0,0.09375,1.4285714285714286,0.0,1.0,0.5,0.0,0.607914388179779,0.05471717193722725,he_049,humaneval,negate_edge_case,0
0.7417221069335938,0.5,6.433333333333334,12.0,1.0,0.0,0.10344827586206896,1.6666666666666667,0.0,1.0,0.5,0.0,0.9896250367164612,0.089961476624012,he_051,humaneval,negate_edge_case,0
0.7154538631439209,0.1111111111111111,6.2592592592592595,4.0,1.0,0.0,0.17647058823529413,1.4814814814814814,0.0,1.0,0.5,0.0,0.9726569652557373,0.01290895789861679,he_052,humaneval,negate_edge_case,0
0.5054542422294617,0.5555555555555556,7.0,15.0,0.8,0.0,0.13333333333333333,1.4285714285714286,0.0,1.0,0.5,0.0,0.9983420372009277,0.004232276231050491,he_053,humaneval,invert_objective,0
0.6256328225135803,0.7142857142857143,14.076923076923077,4.5,1.0,0.0,0.07272727272727272,1.5384615384615383,0.0,1.0,0.5,0.0,0.02985030971467495,0.3302426040172577,he_055,humaneval,negate_edge_case,0
0.622442364692688,0.7142857142857143,14.0,4.5,1.0,0.0,0.07272727272727272,1.5384615384615383,0.0,1.0,0.5,0.0,0.008385535329580307,0.33417031168937683,he_055,humaneval,wrong_algorithm_name,0
0.7271300554275513,0.8,6.516129032258065,5.333333333333333,1.0,0.02512562814070352,0.26229508196721313,1.2903225806451613,0.0,1.0,0.5,0.0,0.9994831085205078,0.019711097702383995,he_056,humaneval,invert_objective,0
0.7386823892593384,0.8,6.548387096774194,5.333333333333333,1.0,0.025,0.26229508196721313,1.2903225806451613,0.0,1.0,0.5,0.0,0.9994831085205078,0.022640490904450417,he_056,humaneval,negate_edge_case,0
0.6833418607711792,0.8333333333333334,8.857142857142858,9.5,1.0,0.0,0.26666666666666666,1.7857142857142858,0.0,1.0,0.5,0.0,0.7664844393730164,0.15717312693595886,he_057,humaneval,invert_objective,0
0.6823320388793945,0.8333333333333334,8.892857142857142,9.5,1.0,0.0,0.26666666666666666,1.7857142857142858,0.0,1.0,0.5,0.0,0.7664844393730164,0.1565323919057846,he_057,humaneval,negate_edge_case,0
0.6897726058959961,0.9333333333333333,5.2,8.0,1.0,0.05027932960893855,0.16363636363636364,1.4285714285714286,0.0,1.0,0.5,0.0,0.9996331930160522,0.0072298813611269,he_058,humaneval,invert_objective,0
0.6971339583396912,0.9333333333333333,5.228571428571429,8.0,1.0,0.05,0.16363636363636364,1.4285714285714286,0.0,1.0,0.5,0.0,0.9973794221878052,0.007135363761335611,he_058,humaneval,negate_edge_case,0
0.6863337755203247,0.9333333333333333,5.228571428571429,8.0,1.0,0.05,0.16363636363636364,1.4285714285714286,0.0,1.0,0.5,0.0,0.9996331930160522,0.010778851807117462,he_058,humaneval,wrong_algorithm_name,0
0.6697419881820679,0.5714285714285714,8.5,6.333333333333333,0.8,0.0,0.17543859649122806,1.3636363636363635,0.0,1.0,0.5,0.0,0.9920799136161804,0.07966334372758865,he_059,humaneval,invert_objective,0
0.6796048879623413,0.8333333333333334,5.0,2.0,0.8,0.0,0.10256410256410256,1.5384615384615383,0.0,1.0,0.5,0.0,0.044120002537965775,0.015252788551151752,he_060,humaneval,invert_objective,0
0.6978461742401123,0.8333333333333334,5.038461538461538,2.0,0.8,0.0,0.1,1.5384615384615383,0.0,1.0,0.5,0.0,0.10540425032377243,0.07528959959745407,he_060,humaneval,negate_edge_case,0
0.6846618056297302,1.0,6.129032258064516,4.333333333333333,1.0,0.00546448087431694,0.3333333333333333,1.2903225806451613,0.0,1.0,0.5,0.0,0.9979968667030334,0.020332258194684982,he_061,humaneval,negate_edge_case,0
0.6956731677055359,0.5,3.125,1.6666666666666667,1.0,0.023529411764705882,0.05660377358490566,0.35714285714285715,0.0,1.0,0.5,0.0,0.11782762408256531,0.08361324667930603,he_063,humaneval,negate_edge_case,0
0.6970045566558838,0.5,3.107142857142857,1.6666666666666667,1.0,0.023809523809523808,0.05660377358490566,0.35714285714285715,0.0,1.0,0.5,0.0,0.10746180266141891,0.07296700030565262,he_063,humaneval,wrong_algorithm_name,0
0.7849166989326477,0.8333333333333334,6.0,7.666666666666667,0.8,0.008888888888888889,0.2753623188405797,0.2631578947368421,0.0,1.0,0.5,0.0,0.9874482750892639,0.057187873870134354,he_065,humaneval,invert_objective,0
0.6837174296379089,0.3333333333333333,4.075,11.5,1.0,0.006369426751592357,0.22448979591836735,0.75,0.0,1.0,0.5,0.0,0.8275536298751831,0.18720807135105133,he_066,humaneval,invert_objective,0
0.7090129256248474,0.3888888888888889,4.1,11.5,1.0,0.012658227848101266,0.22,0.75,0.0,1.0,0.5,0.0,0.8275536298751831,0.17444191873073578,he_066,humaneval,negate_edge_case,0
0.8200917840003967,0.4090909090909091,1.5511363636363635,3.6,1.0,0.0037313432835820895,0.2926829268292683,0.17045454545454544,0.0,1.0,0.5,0.0,0.9948816299438477,0.033735647797584534,he_068,humaneval,invert_objective,0
0.7220824956893921,0.6071428571428571,2.216867469879518,4.6,1.0,0.027624309392265192,0.19642857142857142,0.36144578313253006,0.0,1.0,0.5,0.0,0.9965773224830627,0.011262179352343082,he_069,humaneval,invert_objective,0
0.7025188207626343,0.6071428571428571,2.2289156626506026,4.6,1.0,0.027472527472527472,0.19642857142857142,0.36144578313253006,0.0,1.0,0.5,0.0,0.9965773224830627,0.011262179352343082,he_069,humaneval,negate_edge_case,0
0.7297470569610596,0.7647058823529411,3.7115384615384617,6.0,1.0,0.005780346820809248,0.1206896551724138,0.5769230769230769,0.0,1.0,0.5,0.0,0.981246292591095,0.03535483404994011,he_070,humaneval,invert_objective,0
0.7299836277961731,0.7647058823529411,3.730769230769231,6.0,1.0,0.005681818181818182,0.13559322033898305,0.5769230769230769,0.0,1.0,0.5,0.0,0.981246292591095,0.03535477817058563,he_070,humaneval,negate_edge_case,0
0.7292101979255676,0.7391304347826086,3.5,3.2,1.0,0.03271028037383177,0.24242424242424243,0.8064516129032258,0.0,1.0,0.5,0.0,0.03760428726673126,0.11405551433563232,he_071,humaneval,invert_objective,0
0.7217376232147217,0.7391304347826086,3.5161290322580645,3.2,1.0,0.04186046511627907,0.24242424242424243,0.8064516129032258,0.0,1.0,0.5,0.0,0.03760428726673126,0.05481025204062462,he_071,humaneval,negate_edge_case,0
0.7520612478256226,0.391304347826087,1.9736842105263157,4.0,0.8,0.004524886877828055,0.35294117647058826,0.43859649122807015,0.0,1.0,0.5,0.0,0.9974418878555298,0.007010859902948141,he_072,humaneval,invert_objective,0
0.7602298259735107,0.43478260869565216,1.9824561403508771,4.0,0.8,0.009009009009009009,0.35294117647058826,0.43859649122807015,0.0,1.0,0.5,0.0,0.9974418878555298,0.007010860368609428,he_072,humaneval,negate_edge_case,0
0.7241025567054749,0.5714285714285714,3.420289855072464,6.0,0.8,0.0,0.19718309859154928,1.0144927536231882,0.00423728813559322,1.0,0.5,0.0,0.998106837272644,0.1133984848856926,he_073,humaneval,invert_objective,0
0.7250763177871704,0.6190476190476191,3.4347826086956523,6.0,0.8,0.004273504273504274,0.19444444444444445,1.0144927536231882,0.004219409282700422,1.0,0.5,0.0,0.997046172618866,0.11555632203817368,he_073,humaneval,negate_edge_case,0
0.7140690684318542,0.3333333333333333,2.397590361445783,6.333333333333333,1.0,0.005235602094240838,0.15,0.36144578313253006,0.0,1.0,0.5,0.0,0.8860442638397217,0.03535110875964165,he_074,humaneval,invert_objective,0
0.716423749923706,0.3333333333333333,2.4096385542168677,6.333333333333333,1.0,0.005291005291005291,0.15,0.36144578313253006,0.0,1.0,0.5,0.0,0.9783545136451721,0.03144332394003868,he_074,humaneval,negate_edge_case,0
0.7255154848098755,0.6666666666666666,6.526315789473684,9.333333333333334,0.8,0.0,0.24,1.5789473684210527,0.0,1.0,0.5,0.0,0.40907883644104004,0.13901959359645844,he_075,humaneval,invert_objective,0
0.720609188079834,0.6666666666666666,6.552631578947368,9.333333333333334,0.8,0.0,0.24,1.5789473684210527,0.0,1.0,0.5,0.0,0.40907883644104004,0.13901959359645844,he_075,humaneval,negate_edge_case,0
0.6328763961791992,0.25,3.877551020408163,6.0,1.0,0.0,0.12280701754385964,1.0204081632653061,0.0,1.0,0.5,0.0,0.997678816318512,0.05206067115068436,he_077,humaneval,negate_edge_case,0
0.6468818783760071,0.25,3.857142857142857,6.0,1.0,0.0,0.12280701754385964,1.0204081632653061,0.0,1.0,0.5,0.0,0.9930282235145569,0.05652840808033943,he_077,humaneval,wrong_algorithm_name,0
0.7681210041046143,0.3,2.225,2.1666666666666665,1.0,0.0,0.16666666666666666,0.375,0.0,1.0,0.5,0.0,0.04424664005637169,0.009043757803738117,he_079,humaneval,negate_edge_case,0
0.7686375379562378,0.375,3.732142857142857,9.666666666666666,0.6,0.004901960784313725,0.3492063492063492,0.5357142857142857,0.0,1.0,0.5,0.0,0.9594569802284241,0.20242851972579956,he_080,humaneval,invert_objective,0
0.7779182195663452,0.4375,3.75,9.666666666666666,0.6,0.014563106796116505,0.3492063492063492,0.5357142857142857,0.0,1.0,0.5,0.0,0.9594569802284241,0.22163496911525726,he_080,humaneval,negate_edge_case,0
0.6623038053512573,0.4888888888888889,1.7741935483870968,1.75,1.0,0.018433179723502304,0.3484848484848485,0.24193548387096772,0.0,1.0,0.5,0.0,0.3109062612056732,0.01636127568781376,he_081,humaneval,negate_edge_case,0
0.7537374496459961,0.3,5.176470588235294,19.0,1.0,0.01744186046511628,0.3018867924528302,0.8823529411764706,0.0,1.0,0.5,0.0,0.5613883137702942,0.6549261808395386,he_082,humaneval,invert_objective,0
0.7542568445205688,0.3,5.205882352941177,19.0,1.0,0.017341040462427744,0.3148148148148148,0.8823529411764706,0.0,1.0,0.5,0.0,0.9934026598930359,0.328138142824173,he_082,humaneval,negate_edge_case,0
0.6685203313827515,0.7,8.130434782608695,7.0,1.0,0.01092896174863388,0.2807017543859649,1.7391304347826089,0.0,1.0,0.5,0.0,0.9937673807144165,0.007418050430715084,he_085,humaneval,invert_objective,0
0.6684310436248779,0.7,8.173913043478262,7.0,1.0,0.010869565217391304,0.2807017543859649,1.7391304347826089,0.0,1.0,0.5,0.0,0.9937673807144165,0.004626560490578413,he_085,humaneval,negate_edge_case,0
0.7828961610794067,0.7391304347826086,3.8472222222222223,5.0,0.8,0.014598540145985401,0.07142857142857142,0.5555555555555556,0.0,1.0,0.5,0.0,0.5013410449028015,0.19913852214813232,he_086,humaneval,invert_objective,0
0.7220863103866577,0.4473684210526316,2.455357142857143,4.833333333333333,0.8,0.022304832713754646,0.1566265060240964,0.26785714285714285,0.0,1.0,0.5,0.0,0.9981098175048828,0.1290007084608078,he_087,humaneval,invert_objective,0
0.7082738280296326,0.4473684210526316,2.4642857142857144,4.833333333333333,0.8,0.02214022140221402,0.1566265060240964,0.26785714285714285,0.0,1.0,0.5,0.0,0.9973969459533691,0.12865453958511353,he_087,humaneval,negate_edge_case,0
0.7158123254776001,0.4473684210526316,2.4375,4.833333333333333,0.8,0.022388059701492536,0.15853658536585366,0.26785714285714285,0.0,1.0,0.5,0.0,0.9981098175048828,0.1290007084608078,he_087,humaneval,wrong_algorithm_name,0
0.7260578274726868,0.6521739130434783,2.4591836734693877,9.0,0.8,0.008771929824561403,0.2465753424657534,0.3061224489795918,0.0,1.0,0.5,0.0,0.9990444779396057,0.22884957492351532,he_088,humaneval,invert_objective,0
0.7225266695022583,0.6521739130434783,2.4693877551020407,9.0,0.8,0.008658008658008658,0.2465753424657534,0.3061224489795918,0.0,1.0,0.5,0.0,0.9990444779396057,0.22884957492351532,he_088,humaneval,negate_edge_case,0
0.7212358117103577,0.6521739130434783,2.4489795918367347,9.0,0.8,0.008695652173913044,0.25,0.3061224489795918,0.0,1.0,0.5,0.0,0.9990444779396057,0.22884957492351532,he_088,humaneval,wrong_algorithm_name,0
0.7287617921829224,0.42857142857142855,5.890909090909091,8.666666666666666,1.0,0.0,0.12244897959183673,1.2727272727272727,0.0030864197530864196,1.0,0.5,0.0,0.20758776366710663,0.03909377381205559,he_089,humaneval,negate_edge_case,0
0.6962974071502686,0.6666666666666666,3.7755102040816326,3.25,1.0,0.01098901098901099,0.32142857142857145,0.2040816326530612,0.0,1.0,0.5,0.0,0.9386191368103027,0.01950140856206417,he_090,humaneval,invert_objective,0
0.7415387630462646,0.5555555555555556,5.196428571428571,4.111111111111111,1.0,0.017421602787456445,0.125,0.8928571428571429,0.0,1.0,0.5,0.0,0.8158096075057983,0.49798911809921265,he_091,humaneval,negate_edge_case,0
0.7531509399414062,0.47368421052631576,4.945454545454545,3.8333333333333335,0.8,0.03745318352059925,0.2926829268292683,0.9090909090909091,0.0,1.0,0.5,0.0,0.6179097294807434,0.029470540583133698,he_092,humaneval,invert_objective,0
0.7396348714828491,0.47368421052631576,4.963636363636364,3.8333333333333335,0.8,0.03731343283582089,0.2926829268292683,0.9090909090909091,0.0,1.0,0.5,0.0,0.6179097294807434,0.02442767657339573,he_092,humaneval,negate_edge_case,0
0.7705195546150208,0.75,6.175438596491228,8.0,0.6,0.02359882005899705,0.1509433962264151,0.5263157894736842,0.0,1.0,0.5,0.0,0.8267423510551453,0.04110374674201012,he_093,humaneval,negate_edge_case,0
0.6586793661117554,0.47058823529411764,2.8181818181818183,6.0,1.0,0.0,0.10606060606060606,0.5194805194805194,0.0,1.0,0.5,0.0,0.8412966728210449,0.044530708342790604,he_094,humaneval,invert_objective,0
0.6463191509246826,0.21428571428571427,4.107692307692307,4.857142857142857,1.0,0.0,0.25925925925925924,0.9230769230769231,0.0,1.0,0.5,0.0,0.9832347631454468,0.10611707717180252,he_095,humaneval,negate_edge_case,0
0.6890140771865845,0.45,4.377777777777778,7.5,1.0,0.031578947368421054,0.2833333333333333,1.3333333333333333,0.0,1.0,0.5,0.0,0.20648294687271118,0.0672488808631897,he_096,humaneval,negate_edge_case,0
0.6448819041252136,0.7368421052631579,4.682926829268292,1.8333333333333333,1.0,0.0,0.3448275862068966,0.48780487804878053,0.0,1.0,0.5,0.0,0.9880555272102356,0.006972692906856537,he_097,humaneval,invert_objective,0
0.7858800292015076,0.75,8.625,10.5,1.0,0.00980392156862745,0.1746031746031746,0.4166666666666667,0.00966183574879227,1.0,0.5,0.0,0.9919872283935547,0.06463422626256943,he_098,humaneval,invert_objective,0
0.7831133604049683,0.75,8.666666666666666,10.5,1.0,0.00975609756097561,0.1746031746031746,0.4166666666666667,0.009615384615384616,1.0,0.5,0.0,0.6113693118095398,0.06477043032646179,he_098,humaneval,negate_edge_case,0
0.7313920259475708,0.5,2.962025316455696,5.142857142857143,1.0,0.02654867256637168,0.28169014084507044,0.5063291139240506,0.0,1.0,0.5,0.0,0.9954020977020264,0.0038042233791202307,he_099,humaneval,invert_objective,0
0.7370054125785828,0.5,2.962025316455696,5.142857142857143,1.0,0.02654867256637168,0.28169014084507044,0.37974683544303794,0.0,1.0,0.5,0.0,0.9954020977020264,0.0038042201194912195,he_099,humaneval,negate_edge_case,0
0.7919557094573975,0.6086956521739131,2.3625,2.5,0.8,0.0273224043715847,0.14035087719298245,0.125,0.0,1.0,0.5,0.0,0.985206663608551,0.2089812308549881,he_100,humaneval,invert_objective,0
0.7918580174446106,0.6086956521739131,2.375,2.5,0.8,0.02717391304347826,0.14035087719298245,0.125,0.0,1.0,0.5,0.0,0.985206663608551,0.2089812308549881,he_100,humaneval,negate_edge_case,0
0.6863846778869629,0.42857142857142855,3.4,5.666666666666667,1.0,0.016304347826086956,0.12280701754385964,1.0909090909090908,0.0,1.0,0.5,0.0,0.06833234429359436,0.19882826507091522,he_101,humaneval,negate_edge_case,0
0.7553459405899048,0.8095238095238095,4.384615384615385,6.25,0.8,0.010676156583629894,0.47674418604651164,0.7692307692307693,0.0,1.0,0.5,0.0,0.9895025491714478,0.0451858788728714,he_103,humaneval,invert_objective,0
0.7556342482566833,0.8095238095238095,4.4,6.25,0.8,0.010638297872340425,0.46511627906976744,0.7692307692307693,0.0,1.0,0.5,0.0,0.9895025491714478,0.04518585652112961,he_103,humaneval,negate_edge_case,0
0.7369054555892944,0.3684210526315789,5.113636363636363,5.75,1.0,0.009009009009009009,0.16176470588235295,1.3636363636363635,0.0,1.0,0.5,0.0,0.9933450222015381,0.02964002639055252,he_104,humaneval,invert_objective,0
0.750754177570343,0.3684210526315789,5.136363636363637,5.75,1.0,0.008968609865470852,0.16176470588235295,1.3636363636363635,0.0,1.0,0.5,0.0,0.9933450222015381,0.02935420162975788,he_104,humaneval,negate_edge_case,0
0.6202507019042969,0.7,2.255813953488372,16.0,1.0,0.007017543859649123,0.2727272727272727,0.23255813953488372,0.0,1.0,0.5,0.0,0.9898470044136047,0.06803928315639496,he_105,humaneval,invert_objective,0
0.6288139820098877,0.7,2.2325581395348837,16.0,1.0,0.0070921985815602835,0.25287356321839083,0.23255813953488372,0.0,1.0,0.5,0.0,0.9898470044136047,0.06803928315639496,he_105,humaneval,wrong_algorithm_name,0
0.5570571422576904,0.7727272727272727,3.2151898734177213,3.6,1.0,0.025210084033613446,0.14285714285714285,0.37974683544303794,0.0,1.0,0.5,0.0,0.9545716047286987,0.14186201989650726,he_106,humaneval,invert_objective,0
0.5590943098068237,0.7727272727272727,3.2278481012658227,3.6,1.0,0.024691358024691357,0.14285714285714285,0.37974683544303794,0.0,1.0,0.5,0.0,0.9545716047286987,0.26679766178131104,he_106,humaneval,negate_edge_case,0
0.7821947336196899,0.6521739130434783,3.8225806451612905,4.2,0.8,0.008547008547008548,0.1388888888888889,0.48387096774193544,0.0,1.0,0.5,0.0,0.43056604266166687,0.17093199491500854,he_108,humaneval,invert_objective,0
0.8013879060745239,0.6521739130434783,3.838709677419355,4.2,0.8,0.00851063829787234,0.1388888888888889,0.48387096774193544,0.0,1.0,0.5,0.0,0.43056604266166687,0.1460295468568802,he_108,humaneval,negate_edge_case,0
0.8000222444534302,0.3023255813953488,1.1043956043956045,1.6923076923076923,1.0,0.0,0.29508196721311475,0.38461538461538464,0.0,1.0,0.5,0.0,0.99978107213974,0.012361838482320309,he_109,humaneval,invert_objective,0
0.8067860007286072,0.32558139534883723,1.10989010989011,1.6923076923076923,1.0,0.015151515151515152,0.29508196721311475,0.38461538461538464,0.0,1.0,0.5,0.0,0.9994456171989441,0.012327206321060658,he_109,humaneval,negate_edge_case,0
0.7209332585334778,0.4642857142857143,1.8818181818181818,2.8,1.0,0.01,0.19047619047619047,0.2727272727272727,0.014492753623188406,1.0,0.5,0.0,0.9972922205924988,0.08630943298339844,he_110,humaneval,invert_objective,0
0.7809929847717285,0.5416666666666666,3.210526315789474,12.0,1.0,0.0,0.12162162162162163,0.9210526315789475,0.0,1.0,0.5,0.0,0.9924219250679016,0.027081958949565887,he_111,humaneval,invert_objective,0
0.7755538821220398,0.5416666666666666,3.223684210526316,12.0,1.0,0.0,0.12162162162162163,0.9210526315789475,0.0,1.0,0.5,0.0,0.8347519040107727,0.13471172749996185,he_111,humaneval,negate_edge_case,0
0.7435370683670044,0.5454545454545454,2.3333333333333335,2.375,0.8,0.00425531914893617,0.2361111111111111,0.09803921568627452,0.0,1.0,0.5,0.0,0.23286686837673187,0.2539384365081787,he_107,humaneval,invert_objective,0
0.6390003561973572,0.7307692307692307,3.4105263157894736,5.0,1.0,0.06209150326797386,0.1836734693877551,0.3157894736842105,0.0,1.0,0.5,0.0,0.9973560571670532,0.015568130649626255,he_113,humaneval,invert_objective,0
0.6392550468444824,0.7307692307692307,3.4210526315789473,5.0,1.0,0.06514657980456026,0.1836734693877551,0.3157894736842105,0.0,1.0,0.5,0.0,0.04773419350385666,0.017144590616226196,he_113,humaneval,negate_edge_case,0
0.758266806602478,0.6153846153846154,6.166666666666667,8.5,1.0,0.005494505494505495,0.14285714285714285,1.3333333333333333,0.0,1.0,0.5,0.0,0.9723020792007446,0.005794648081064224,he_114,humaneval,invert_objective,0
0.7551873922348022,0.6153846153846154,6.2,8.5,1.0,0.00546448087431694,0.14285714285714285,1.3333333333333333,0.0,1.0,0.5,0.0,0.99535071849823,0.009202058427035809,he_114,humaneval,negate_edge_case,0
0.8699813485145569,0.5777777777777777,3.3120567375886525,5.5,1.0,0.09133489461358314,0.2198581560283688,0.14184397163120568,0.0021413276231263384,1.0,0.5,0.0,0.9656916260719299,0.02501407265663147,he_115,humaneval,invert_objective,0
0.8013435006141663,0.48,2.623762376237624,6.75,1.0,0.019305019305019305,0.1375,0.6930693069306931,0.0,1.0,0.5,0.0,0.95994633436203,0.14614413678646088,he_117,humaneval,negate_edge_case,0
0.7672306299209595,0.4827586206896552,1.9811320754716981,3.142857142857143,1.0,0.004830917874396135,0.07936507936507936,0.5660377358490566,0.0,1.0,0.5,0.0,0.8924552202224731,0.11499069631099701,he_120,humaneval,invert_objective,0
0.766450047492981,0.4827586206896552,1.990566037735849,3.142857142857143,1.0,0.004807692307692308,0.078125,0.5660377358490566,0.0,1.0,0.5,0.0,0.8924552202224731,0.11451319605112076,he_120,humaneval,negate_edge_case,0
0.7677463293075562,0.4827586206896552,1.990566037735849,3.142857142857143,1.0,0.004807692307692308,0.078125,0.5660377358490566,0.0,1.0,0.5,0.0,0.8924552202224731,0.11528503894805908,he_120,humaneval,wrong_algorithm_name,0
0.6991434097290039,0.5263157894736842,4.871794871794871,7.5,1.0,0.010752688172043012,0.19298245614035087,0.25641025641025644,0.0,1.0,0.5,0.0,0.9995299577713013,0.027063710615038872,he_121,humaneval,invert_objective,0
0.6951831579208374,0.5263157894736842,4.897435897435898,7.5,1.0,0.0106951871657754,0.1896551724137931,0.25641025641025644,0.0,1.0,0.5,0.0,0.9984038472175598,0.01856747828423977,he_121,humaneval,negate_edge_case,0
0.7961529493331909,0.5428571428571428,2.1884057971014492,2.3,0.8,0.07482993197278912,0.17582417582417584,0.2898550724637681,0.0033112582781456954,1.0,0.5,0.0,0.9937703013420105,0.10263843089342117,he_123,humaneval,invert_objective,0
0.7931180000305176,0.5428571428571428,2.1956521739130435,2.3,0.8,0.07457627118644068,0.17582417582417584,0.2898550724637681,0.0033003300330033004,1.0,0.5,0.0,0.9937703013420105,0.10263843089342117,he_123,humaneval,negate_edge_case,0
0.7961529493331909,0.5428571428571428,2.1956521739130435,2.3,0.8,0.07457627118644068,0.17582417582417584,0.2898550724637681,0.0033003300330033004,1.0,0.5,0.0,0.9937703013420105,0.10263843089342117,he_123,humaneval,wrong_algorithm_name,0
0.7423903942108154,0.35135135135135137,2.082089552238806,2.909090909090909,1.0,0.025362318840579712,0.19047619047619047,0.5223880597014925,0.0,1.0,0.5,0.0,0.9978703260421753,0.12644612789154053,he_124,humaneval,invert_objective,0
0.7704626321792603,0.4583333333333333,4.641791044776119,5.5,1.0,0.0,0.23404255319148937,0.14925373134328357,0.0,1.0,0.5,0.0,0.9852504134178162,0.31114059686660767,he_125,humaneval,invert_objective,0
0.7968772649765015,0.4444444444444444,1.6631578947368422,5.75,1.0,0.0,0.375,0.42105263157894735,0.0,1.0,0.5,0.0,0.9534404873847961,0.10724323242902756,he_126,humaneval,invert_objective,0
0.8011505007743835,0.4444444444444444,1.6736842105263159,5.75,1.0,0.0064516129032258064,0.375,0.42105263157894735,0.0,1.0,0.5,0.0,0.9962983727455139,0.0014757191529497504,he_126,humaneval,negate_edge_case,0
0.797850489616394,0.4444444444444444,1.6736842105263159,5.75,1.0,0.0,0.375,0.42105263157894735,0.0,1.0,0.5,0.0,0.9230527281761169,0.10818801820278168,he_126,humaneval,wrong_algorithm_name,0
0.7882819175720215,0.85,5.0508474576271185,9.333333333333334,1.0,0.0,0.34444444444444444,0.3389830508474576,0.0,1.0,0.5,0.0,0.24895264208316803,0.23697155714035034,he_128,humaneval,invert_objective,0
0.7261626720428467,0.5833333333333334,4.170731707317073,5.0,1.0,0.04809619238476954,0.2727272727272727,0.4878048780487805,0.0,1.0,0.5,0.0,0.9836206436157227,0.3049977719783783,he_130,humaneval,invert_objective,0
0.7247850298881531,0.5833333333333334,4.178861788617886,5.0,1.0,0.04771371769383698,0.2709677419354839,0.4878048780487805,0.0,1.0,0.5,0.0,0.21749520301818848,0.3412332236766815,he_130,humaneval,negate_edge_case,0
0.7247850298881531,0.5833333333333334,4.170731707317073,5.0,1.0,0.04780876494023904,0.2727272727272727,0.4878048780487805,0.0,1.0,0.5,0.0,0.21749520301818848,0.34123319387435913,he_130,humaneval,wrong_algorithm_name,0
0.7314654588699341,0.6666666666666666,3.1379310344827585,6.666666666666667,1.0,0.0,0.3090909090909091,1.206896551724138,0.0,1.0,0.5,0.0,0.21970994770526886,0.11557546257972717,he_136,humaneval,invert_objective,0
0.7361860275268555,0.6666666666666666,3.1551724137931036,6.666666666666667,1.0,0.0,0.3090909090909091,1.206896551724138,0.0,1.0,0.5,0.0,0.2197113037109375,0.11557544767856598,he_136,humaneval,negate_edge_case,0
0.6450134515762329,0.4090909090909091,3.761904761904762,5.166666666666667,1.0,0.017241379310344827,0.2777777777777778,0.4761904761904762,0.0,1.0,0.5,0.0,0.026040928438305855,0.21901383996009827,he_137,humaneval,negate_edge_case,0
0.6681665182113647,0.5714285714285714,10.071428571428571,25.0,0.8,0.011406844106463879,0.27058823529411763,1.7857142857142858,0.0070921985815602835,1.0,0.5,0.0,0.01646064966917038,0.022617632523179054,he_138,humaneval,invert_objective,0
0.6647551655769348,0.5714285714285714,10.107142857142858,25.0,0.8,0.011363636363636364,0.27058823529411763,1.7857142857142858,0.007067137809187279,1.0,0.5,0.0,0.01646064966917038,0.022617632523179054,he_138,humaneval,negate_edge_case,0
0.7588896751403809,0.2692307692307692,2.090909090909091,6.857142857142857,1.0,0.004,0.2894736842105263,0.4132231404958678,0.0,1.0,0.5,0.0,0.4106798470020294,0.12209226191043854,he_141,humaneval,invert_objective,0
0.7404518723487854,0.875,5.157894736842105,16.0,1.0,0.035842293906810034,0.16853932584269662,1.2280701754385965,0.0,1.0,0.5,0.0,0.9236876368522644,0.4196408987045288,he_146,humaneval,invert_objective,0
0.8423569202423096,0.7368421052631579,3.019230769230769,5.6,1.0,0.038834951456310676,0.15789473684210525,0.4807692307692307,0.0031847133757961785,1.0,0.5,0.0,0.7367509603500366,0.007948378100991249,he_148,humaneval,invert_objective,0
0.8378469347953796,0.7368421052631579,3.0288461538461537,5.6,1.0,0.03870967741935484,0.15789473684210525,0.4807692307692307,0.0031746031746031746,1.0,0.5,0.0,0.9988229870796204,0.006665704306215048,he_148,humaneval,negate_edge_case,0
0.7244879007339478,0.5806451612903226,2.1487603305785123,4.833333333333333,0.8,0.03501945525291829,0.21794871794871795,0.49586776859504134,0.0,1.0,0.5,0.0,0.8497897982597351,0.004923130851238966,he_149,humaneval,invert_objective,0
0.7233583927154541,0.5806451612903226,2.115702479338843,4.833333333333333,0.8,0.03557312252964427,0.22077922077922077,0.49586776859504134,0.0,1.0,0.5,0.0,0.8497897982597351,0.004923131782561541,he_149,humaneval,wrong_algorithm_name,0
0.731357991695404,0.8125,4.049180327868853,8.333333333333334,0.8,0.04938271604938271,0.32,0.49180327868852464,0.0,1.0,0.5,0.0,0.8176419138908386,0.029952900484204292,he_151,humaneval,invert_objective,0
0.7175850868225098,0.5454545454545454,2.353982300884956,3.5714285714285716,1.0,0.026717557251908396,0.2,0.44247787610619466,0.0,1.0,0.5,0.0,0.7675120830535889,0.0766483023762703,he_152,humaneval,invert_objective,0
0.717190146446228,0.5454545454545454,2.3628318584070795,3.5714285714285716,1.0,0.026615969581749048,0.19753086419753085,0.44247787610619466,0.0,1.0,0.5,0.0,0.7675120830535889,0.0766483023762703,he_152,humaneval,negate_edge_case,0
0.6540406942367554,0.5434782608695652,2.7549668874172184,2.9,1.0,0.010126582278481013,0.152,0.3973509933774835,0.0,1.0,0.5,0.0,0.6148123741149902,0.3058338463306427,he_153,humaneval,invert_objective,0
0.6540406942367554,0.5434782608695652,2.728476821192053,2.9,1.0,0.010230179028132993,0.1532258064516129,0.3973509933774835,0.0,1.0,0.5,0.0,0.6148123741149902,0.3058338463306427,he_153,humaneval,negate_edge_case,0
0.7955944538116455,0.5454545454545454,8.4,7.0,1.0,0.0,0.20634920634920634,2.4,0.0,1.0,0.5,0.0,0.22871996462345123,0.18522697687149048,he_155,humaneval,invert_objective,0
0.797257661819458,0.6363636363636364,8.44,7.0,1.0,0.019417475728155338,0.203125,2.4,0.0,1.0,0.5,0.0,0.22871996462345123,0.18516118824481964,he_155,humaneval,negate_edge_case,0
0.8061634302139282,0.7272727272727273,3.5,3.8,0.8,0.026041666666666668,0.13559322033898305,0.35714285714285715,0.0,1.0,0.5,0.0,0.03918617591261864,0.1818866729736328,he_158,humaneval,invert_objective,0
0.7534878849983215,0.6153846153846154,1.5576923076923077,3.6,0.4,0.004219409282700422,0.4383561643835616,0.12820512820512822,0.0,1.0,0.5,0.0,0.9991679191589355,0.23640012741088867,he_159,humaneval,negate_edge_case,0
0.7019585371017456,0.3888888888888889,2.6746031746031744,3.0,1.0,0.009146341463414634,0.13725490196078433,0.39682539682539686,0.0,1.0,0.5,0.0,0.21185940504074097,0.0642431452870369,he_160,humaneval,invert_objective,0
0.7046066522598267,0.5333333333333333,4.7924528301886795,5.0,1.0,0.004048582995951417,0.19480519480519481,0.5660377358490566,0.0,1.0,0.5,0.0,0.9441536664962769,0.05297904461622238,he_161,humaneval,invert_objective,0
0.7019866108894348,0.5333333333333333,4.811320754716981,5.0,1.0,0.004032258064516129,0.19480519480519481,0.5660377358490566,0.0,1.0,0.5,0.0,0.894106924533844,0.22721467912197113,he_161,humaneval,negate_edge_case,0
0.7262669801712036,0.375,5.782608695652174,8.0,1.0,0.0,0.225,0.8695652173913044,0.0,1.0,0.5,0.0,0.3097851276397705,0.2706354260444641,he_162,humaneval,negate_edge_case,0
0.6835173964500427,0.3333333333333333,13.0,18.0,1.0,0.02142857142857143,0.18604651162790697,2.727272727272727,0.0,1.0,0.5,0.0,0.9972618818283081,0.017139220610260963,mbpp_062,mbpp,invert_objective,0
0.6941390633583069,0.6666666666666666,13.090909090909092,18.0,1.0,0.028368794326241134,0.18181818181818182,2.727272727272727,0.0,1.0,0.5,0.0,0.014787748456001282,0.018575066700577736,mbpp_062,mbpp,negate_edge_case,0
0.7018691301345825,0.0,20.22222222222222,13.0,0.8,0.0,0.23636363636363636,2.2222222222222223,0.0,1.0,0.5,0.0,0.008919856511056423,0.003198448568582535,mbpp_086,mbpp,negate_edge_case,0
0.5663763284683228,1.0,28.363636363636363,29.0,1.0,0.009771986970684038,0.19148936170212766,5.454545454545454,0.0,1.0,0.5,0.0,0.016163919121026993,0.0036166515201330185,mbpp_089,mbpp,invert_objective,0
0.6946848630905151,0.8888888888888888,9.047619047619047,17.0,1.0,0.03208556149732621,0.19298245614035087,1.9047619047619047,0.0,1.0,0.5,0.0,0.004750272259116173,0.05608923360705376,mbpp_094,mbpp,invert_objective,0
0.7026971578598022,0.8888888888888888,9.095238095238095,17.0,1.0,0.031914893617021274,0.1896551724137931,1.9047619047619047,0.0,1.0,0.5,0.0,0.004750272259116173,0.05608923360705376,mbpp_094,mbpp,negate_edge_case,0
0.7463221549987793,0.8,8.588235294117647,15.0,1.0,0.027972027972027972,0.13636363636363635,2.3529411764705883,0.0,1.0,0.5,0.0,0.5774239301681519,0.28446945548057556,mbpp_095,mbpp,invert_objective,0
0.6381478905677795,0.8,9.578947368421053,22.0,1.0,0.0111731843575419,0.3090909090909091,2.6315789473684212,0.0,1.0,0.5,0.0,0.011323872022330761,0.022547245025634766,mbpp_098,mbpp,invert_objective,0
0.6555365324020386,0.8,9.631578947368421,22.0,1.0,0.011111111111111112,0.3090909090909091,2.6315789473684212,0.0,1.0,0.5,0.0,0.17929327487945557,0.009699962101876736,mbpp_098,mbpp,negate_edge_case,0
0.7227734327316284,0.6666666666666666,8.047619047619047,20.0,1.0,0.018072289156626505,0.3137254901960784,2.380952380952381,0.0,1.0,0.5,0.0,0.024125346913933754,0.03437391668558121,mbpp_099,mbpp,invert_objective,0
0.7259307503700256,0.6666666666666666,8.095238095238095,20.0,1.0,0.017964071856287425,0.3269230769230769,2.380952380952381,0.0,1.0,0.5,0.0,0.024125346913933754,0.03430120646953583,mbpp_099,mbpp,negate_edge_case,0
0.6305472254753113,0.6,15.235294117647058,26.0,1.0,0.003952569169960474,0.14102564102564102,1.7647058823529411,0.0,1.0,0.5,0.0,0.9875441789627075,0.06006607785820961,mbpp_100,mbpp,invert_objective,0
0.48648953437805176,0.0,19.846153846153847,31.0,1.0,0.0,0.23076923076923078,5.384615384615384,0.0,1.0,0.5,0.0,0.19182251393795013,0.08288457244634628,mbpp_113,mbpp,negate_edge_case,0
0.6838520169258118,0.8,9.823529411764707,16.0,1.0,0.012195121951219513,0.09803921568627451,2.3529411764705883,0.0,1.0,0.5,0.0,0.9969583749771118,0.31549420952796936,mbpp_118,mbpp,negate_edge_case,0
0.7065507173538208,0.8,14.133333333333333,20.0,1.0,0.014354066985645933,0.296875,2.6666666666666665,0.0047169811320754715,1.0,0.5,0.0,0.03941690921783447,0.025145141407847404,mbpp_126,mbpp,invert_objective,0
0.7019841074943542,0.8,14.2,20.0,1.0,0.014285714285714285,0.296875,2.6666666666666665,0.004694835680751174,1.0,0.5,0.0,0.03941690921783447,0.025145141407847404,mbpp_126,mbpp,negate_edge_case,0
0.7371268272399902,0.8,12.157894736842104,24.0,1.0,0.004464285714285714,0.21428571428571427,1.0526315789473684,0.0,1.0,0.5,0.0,0.9766522645950317,0.004627669230103493,mbpp_131,mbpp,negate_edge_case,0
0.5923822522163391,0.4,13.866666666666667,18.0,1.0,0.0,0.09523809523809523,3.3333333333333335,0.0,1.0,0.5,0.0,0.16451530158519745,0.01302530337125063,mbpp_140,mbpp,negate_edge_case,0
0.5733789801597595,0.6666666666666666,15.777777777777779,8.0,1.0,0.007246376811594203,0.046511627906976744,6.666666666666666,0.0,1.0,0.5,0.0,0.9957030415534973,0.0006142142228782177,mbpp_141,mbpp,negate_edge_case,0
0.701273500919342,0.6666666666666666,15.055555555555555,24.0,1.0,0.003745318352059925,0.10975609756097561,2.7777777777777777,0.01845018450184502,1.0,0.5,0.0,0.023259392008185387,0.32971879839897156,mbpp_142,mbpp,negate_edge_case,0
0.7432463765144348,1.0,10.058823529411764,18.0,1.0,0.03592814371257485,0.19230769230769232,2.9411764705882355,0.0,1.0,0.5,0.0,0.9982228875160217,0.005096186883747578,mbpp_145,mbpp,invert_objective,0
0.5380686521530151,0.5,9.333333333333334,10.0,1.0,0.0,0.27631578947368424,1.4814814814814814,0.007936507936507936,1.0,0.5,0.0,0.9653056263923645,0.0658659115433693,mbpp_162,mbpp,invert_objective,0
0.5420356392860413,0.625,9.37037037037037,10.0,1.0,0.0,0.27631578947368424,1.4814814814814814,0.007905138339920948,1.0,0.5,0.0,0.9653056263923645,0.06606590002775192,mbpp_162,mbpp,negate_edge_case,0
0.6527963876724243,0.42857142857142855,5.926829268292683,8.666666666666666,0.8,0.004166666666666667,0.273972602739726,0.7317073170731708,0.0,1.0,0.5,0.0,0.0637277290225029,0.2118014544248581,mbpp_223,mbpp,negate_edge_case,0
0.6679234504699707,0.42857142857142855,5.902439024390244,8.666666666666666,0.8,0.0041841004184100415,0.273972602739726,0.7317073170731708,0.0,1.0,0.5,0.0,0.0637277290225029,0.2118014544248581,mbpp_223,mbpp,wrong_algorithm_name,0
0.6834925413131714,0.3333333333333333,19.833333333333332,27.0,0.8,0.002881844380403458,0.25925925925925924,2.7777777777777777,0.0028011204481792717,1.0,0.5,0.0,0.003122037975117564,0.007708425167948008,mbpp_228,mbpp,negate_edge_case,0
0.7124316096305847,0.5714285714285714,6.956521739130435,14.0,1.0,0.006369426751592357,0.125,2.608695652173913,0.0,1.0,0.5,0.0,0.008560174144804478,0.33590856194496155,mbpp_230,mbpp,invert_objective,0
0.7061379551887512,0.5714285714285714,7.0,14.0,1.0,0.006329113924050633,0.12244897959183673,2.608695652173913,0.0,1.0,0.5,0.0,0.9740106463432312,0.014838040806353092,mbpp_230,mbpp,negate_edge_case,0
0.6935984492301941,0.6666666666666666,9.75,20.0,1.0,0.004405286343612335,0.08450704225352113,2.5,0.0,1.0,0.5,0.0,0.014032891020178795,0.016388574615120888,mbpp_232,mbpp,invert_objective,0
0.69572913646698,0.6666666666666666,9.75,20.0,1.0,0.004405286343612335,0.08450704225352113,2.0833333333333335,0.0,1.0,0.5,0.0,0.014032891020178795,0.01631932146847248,mbpp_232,mbpp,negate_edge_case,0
0.6933279037475586,0.6666666666666666,9.791666666666666,20.0,1.0,0.0043859649122807015,0.08450704225352113,2.5,0.0,1.0,0.5,0.0,0.014032891020178795,0.016989095136523247,mbpp_232,mbpp,wrong_algorithm_name,0
0.6565911769866943,0.5,8.8,8.0,1.0,0.015503875968992248,0.175,2.0,0.0,1.0,0.5,0.0,0.8448228240013123,0.07638637721538544,mbpp_238,mbpp,negate_edge_case,0
0.6307559013366699,0.5714285714285714,5.590909090909091,10.0,1.0,0.01680672268907563,0.02702702702702703,2.2727272727272725,0.0,1.0,0.5,0.0,0.9987394213676453,0.23487120866775513,mbpp_250,mbpp,negate_edge_case,0
0.7352750897407532,0.5,6.333333333333333,20.0,1.0,0.00980392156862745,0.12698412698412698,1.5151515151515151,0.0,1.0,0.5,0.0,0.9971104860305786,0.002434300957247615,mbpp_255,mbpp,negate_edge_case,0
0.7436197996139526,0.5,6.303030303030303,20.0,1.0,0.009852216748768473,0.12698412698412698,1.5151515151515151,0.0,1.0,0.5,0.0,0.0011197571875527501,0.2804317772388458,mbpp_255,mbpp,wrong_algorithm_name,0
0.7043406367301941,0.6666666666666666,9.695652173913043,14.0,1.0,0.018518518518518517,0.4626865671641791,2.173913043478261,0.0,1.0,0.5,0.0,0.9985248446464539,0.0173359252512455,mbpp_256,mbpp,invert_objective,0
0.698667585849762,0.6666666666666666,9.73913043478261,14.0,1.0,0.01834862385321101,0.45588235294117646,2.173913043478261,0.0,1.0,0.5,0.0,0.9985248446464539,0.033599596470594406,mbpp_256,mbpp,negate_edge_case,0
0.7569522857666016,0.7142857142857143,7.458333333333333,12.0,0.8,0.05172413793103448,0.2222222222222222,0.8333333333333334,0.0111731843575419,1.0,0.5,0.0,0.9677661657333374,0.2736419439315796,mbpp_267,mbpp,invert_objective,0
0.7516385316848755,0.7142857142857143,7.5,12.0,0.8,0.05172413793103448,0.21818181818181817,0.8333333333333334,0.011111111111111112,1.0,0.5,0.0,0.9753606915473938,0.32325589656829834,mbpp_267,mbpp,negate_edge_case,0
0.762272834777832,0.7142857142857143,7.458333333333333,12.0,0.8,0.05202312138728324,0.2222222222222222,0.8333333333333334,0.0111731843575419,1.0,0.5,0.0,0.9677661657333374,0.3234778940677643,mbpp_267,mbpp,wrong_algorithm_name,0
0.7493820190429688,0.75,7.214285714285714,18.0,1.0,0.025380710659898477,0.21311475409836064,0.7142857142857143,0.0049504950495049506,1.0,0.5,0.0,0.9978916049003601,0.2962352931499481,mbpp_271,mbpp,invert_objective,0
0.7233102321624756,0.8,10.1,17.0,1.0,0.021621621621621623,0.26229508196721313,1.0,0.0,1.0,0.5,0.0,0.007326379418373108,0.5603795647621155,mbpp_274,mbpp,invert_objective,0
0.6998705267906189,0.6666666666666666,12.058823529411764,16.0,1.0,0.01485148514851485,0.08064516129032258,2.9411764705882355,0.0,1.0,0.5,0.0,0.9985809326171875,0.004726951010525227,mbpp_281,mbpp,invert_objective,0
0.7003717422485352,0.6666666666666666,12.117647058823529,16.0,1.0,0.014778325123152709,0.08064516129032258,2.9411764705882355,0.0,1.0,0.5,0.0,0.9985809326171875,0.004726951010525227,mbpp_281,mbpp,negate_edge_case,0
0.7317682504653931,1.0,9.892857142857142,31.0,1.0,0.051094890510948905,0.13095238095238096,1.7857142857142858,0.0,1.0,0.5,0.0,0.007858597673475742,0.2967837154865265,mbpp_283,mbpp,invert_objective,0
0.7326258420944214,1.0,9.928571428571429,31.0,1.0,0.05090909090909091,0.13095238095238096,1.7857142857142858,0.0,1.0,0.5,0.0,0.007858597673475742,0.2967837154865265,mbpp_283,mbpp,negate_edge_case,0
0.7108114957809448,0.6,5.571428571428571,7.0,1.0,0.008771929824561403,0.3055555555555556,0.9523809523809523,0.008547008547008548,1.0,0.5,0.0,0.049927935004234314,0.04796949028968811,mbpp_287,mbpp,invert_objective,0
0.7121023535728455,0.6,5.619047619047619,7.0,1.0,0.008849557522123894,0.3055555555555556,0.9523809523809523,0.00847457627118644,1.0,0.5,0.0,0.049927935004234314,0.029434770345687866,mbpp_287,mbpp,negate_edge_case,0
0.7442981600761414,0.5,9.085714285714285,16.0,0.8,0.006600660066006601,0.21875,1.7142857142857142,0.0,1.0,0.5,0.0,0.9432583451271057,0.010585349053144455,mbpp_291,mbpp,negate_edge_case,0
0.7470594644546509,0.5,9.057142857142857,16.0,0.8,0.006666666666666667,0.21875,1.7142857142857142,0.0,1.0,0.5,0.0,0.8687196373939514,0.011695273220539093,mbpp_291,mbpp,wrong_algorithm_name,0
0.6511508822441101,1.0,9.75,15.0,1.0,0.019867549668874173,0.1702127659574468,3.75,0.0,1.0,0.5,0.0,0.9457038640975952,0.10638711601495743,mbpp_292,mbpp,negate_edge_case,0
0.6022272109985352,0.0,22.2,19.0,1.0,0.0,0.029850746268656716,5.0,0.0,1.0,0.5,0.0,0.9389460682868958,0.0032366809900850058,mbpp_297,mbpp,negate_edge_case,0
0.5977649688720703,0.0,22.1,19.0,1.0,0.0,0.029850746268656716,5.0,0.0,1.0,0.5,0.0,0.06979581713676453,0.005132969934493303,mbpp_297,mbpp,wrong_algorithm_name,0
0.5764259696006775,0.5,6.84,18.0,1.0,0.017857142857142856,0.2692307692307692,0.8,0.0,1.0,0.5,0.0,0.9976094961166382,0.013780673034489155,mbpp_392,mbpp,invert_objective,0
0.5976783633232117,0.625,6.88,18.0,1.0,0.023668639053254437,0.2692307692307692,0.8,0.0,1.0,0.5,0.0,0.9912552833557129,0.008945249952375889,mbpp_392,mbpp,negate_edge_case,0
0.5630782246589661,0.625,6.84,18.0,1.0,0.023809523809523808,0.2692307692307692,0.8,0.0,1.0,0.5,0.0,0.9248499274253845,0.015978001058101654,mbpp_392,mbpp,wrong_algorithm_name,0
0.732575535774231,0.6666666666666666,14.818181818181818,18.0,1.0,0.006289308176100629,0.16326530612244897,6.363636363636363,0.0,1.0,0.5,0.0,0.9908334612846375,0.004291029181331396,mbpp_394,mbpp,negate_edge_case,0
0.6370924711227417,0.2,10.647058823529411,18.0,0.8,0.0,0.09090909090909091,2.3529411764705883,0.0,1.0,0.5,0.0,0.031256526708602905,0.06221519038081169,mbpp_401,mbpp,wrong_algorithm_name,0
0.5860987901687622,0.6666666666666666,9.75,22.0,1.0,0.013157894736842105,0.2127659574468085,2.5,0.0,1.0,0.5,0.0,0.9988440275192261,0.0006159110926091671,task_001,hand_easy,invert_objective,0
0.5869680643081665,0.6666666666666666,9.8125,22.0,1.0,0.01948051948051948,0.20833333333333334,2.5,0.0,1.0,0.5,0.0,0.9988440275192261,0.002138424664735794,task_001,hand_easy,negate_edge_case,0
0.5775845646858215,0.5555555555555556,6.809523809523809,5.0,1.0,0.0,0.2441860465116279,0.9523809523809523,0.006993006993006993,1.0,0.5,0.0,0.13369527459144592,0.18653123080730438,he_062,humaneval,invert_objective,0
0.5776025056838989,0.5555555555555556,6.833333333333333,5.0,1.0,0.0,0.25287356321839083,0.9523809523809523,0.006968641114982578,1.0,0.5,0.0,0.13369527459144592,0.1839425265789032,he_062,humaneval,negate_edge_case,0
0.5637755393981934,0.6666666666666666,3.4743589743589745,3.5,0.8,0.003875968992248062,0.2073170731707317,0.38461538461538464,0.0,1.0,0.5,0.0,0.9906402826309204,0.0060147568583488464,he_084,humaneval,invert_objective,0
0.5536150932312012,0.7619047619047619,3.1466666666666665,6.333333333333333,1.0,0.013043478260869565,0.18309859154929578,0.4,0.0,1.0,0.5,0.0,0.9990511536598206,0.09954913705587387,he_116,humaneval,invert_objective,0
0.5769904255867004,0.7619047619047619,3.0933333333333333,6.333333333333333,1.0,0.01327433628318584,0.18571428571428572,0.4,0.0,1.0,0.5,0.0,0.9480405449867249,0.09997990727424622,he_116,humaneval,wrong_algorithm_name,0
0.6209474205970764,0.44,4.103448275862069,5.25,1.0,0.0,0.1527777777777778,0.5172413793103449,0.0,1.0,0.5,0.0,0.9605538249015808,0.08180296421051025,he_122,humaneval,invert_objective,0
0.7573177814483643,0.6666666666666666,6.023255813953488,5.0,0.8,0.04296875,0.10256410256410256,0.9302325581395349,0.0,1.0,0.5,0.0,0.022314507514238358,0.24110864102840424,he_139,humaneval,invert_objective,0
0.7604016065597534,0.6666666666666666,6.046511627906977,5.0,0.8,0.042801556420233464,0.10256410256410256,0.9302325581395349,0.0,1.0,0.5,0.0,0.022314507514238358,0.24110865592956543,he_139,humaneval,negate_edge_case,0
0.5363709926605225,0.4782608695652174,2.962962962962963,6.0,1.0,0.03691275167785235,0.22916666666666666,0.27777777777777773,0.009375,1.0,0.5,0.0,0.2195129543542862,0.022327927872538567,he_142,humaneval,invert_objective,0
0.5467464923858643,0.4782608695652174,2.9722222222222223,6.0,1.0,0.03678929765886288,0.23711340206185566,0.27777777777777773,0.009345794392523364,1.0,0.5,0.0,0.2195129543542862,0.0218637865036726,he_142,humaneval,negate_edge_case,0
0.7584513425827026,0.6428571428571429,5.611111111111111,7.5,1.0,0.0,0.29508196721311475,0.2777777777777778,0.0,1.0,0.5,0.0,0.619795024394989,0.21716143190860748,he_156,humaneval,invert_objective,0
0.6180680990219116,0.6,10.38888888888889,15.0,1.0,0.0,0.10526315789473684,2.7777777777777777,0.0,1.0,0.5,0.0,0.9954128861427307,0.004589967895299196,mbpp_012,mbpp,invert_objective,0
0.6192467212677002,0.6,10.444444444444445,15.0,1.0,0.0,0.10526315789473684,2.7777777777777777,0.0,1.0,0.5,0.0,0.11217743158340454,0.0072579109109938145,mbpp_012,mbpp,negate_edge_case,0
0.6211005449295044,0.6,9.88888888888889,15.0,1.0,0.0,0.1111111111111111,2.7777777777777777,0.0,1.0,0.5,0.0,0.9939666986465454,0.005021314602345228,mbpp_012,mbpp,wrong_algorithm_name,0
0.5966886878013611,0.4,10.11111111111111,18.0,1.0,0.0,0.12727272727272726,2.7777777777777777,0.0,1.0,0.5,0.0,0.831820547580719,0.0036424833815544844,mbpp_088,mbpp,negate_edge_case,0
0.8140974044799805,0.3333333333333333,13.2,18.0,1.0,0.010416666666666666,0.25,4.0,0.0,1.0,0.5,0.0,0.01877095177769661,0.0281155314296484,mbpp_115,mbpp,invert_objective,0
0.8134608864784241,0.3333333333333333,13.266666666666667,18.0,1.0,0.010362694300518135,0.25,4.0,0.0,1.0,0.5,0.0,0.01877095177769661,0.029333015903830528,mbpp_115,mbpp,negate_edge_case,0
0.6795678734779358,0.4,10.647058823529411,21.0,1.0,0.011560693641618497,0.21818181818181817,2.3529411764705883,0.0,1.0,0.5,0.0,0.9966176152229309,0.0026292165275663137,mbpp_133,mbpp,invert_objective,0
0.6756792664527893,0.6,10.705882352941176,21.0,1.0,0.011428571428571429,0.21818181818181817,2.3529411764705883,0.0,1.0,0.5,0.0,0.9966176152229309,0.0019919837359339,mbpp_133,mbpp,negate_edge_case,0
0.5886282324790955,0.5555555555555556,7.535714285714286,26.0,1.0,0.0,0.140625,2.142857142857143,0.0,1.0,0.5,0.0,0.5980505347251892,0.021590115502476692,mbpp_165,mbpp,negate_edge_case,0
0.7243011593818665,0.7142857142857143,14.6,19.0,1.0,0.02867383512544803,0.22727272727272727,1.0,0.0,1.0,0.5,0.0,0.03401162102818489,0.1255071461200714,mbpp_166,mbpp,invert_objective,0
0.723336935043335,0.7142857142857143,14.65,19.0,1.0,0.02857142857142857,0.22727272727272727,1.0,0.0,1.0,0.5,0.0,0.03401162102818489,0.1255071461200714,mbpp_166,mbpp,negate_edge_case,0
0.6484003067016602,1.0,13.529411764705882,15.0,1.0,0.036036036036036036,0.21739130434782608,2.9411764705882355,0.0,1.0,0.5,0.0,0.9923276305198669,0.009124619886279106,mbpp_167,mbpp,invert_objective,0
0.6794589757919312,1.0,13.588235294117647,15.0,1.0,0.03619909502262444,0.21428571428571427,2.9411764705882355,0.0,1.0,0.5,0.0,0.05474713072180748,0.014701439999043941,mbpp_167,mbpp,negate_edge_case,0
0.6857024431228638,0.8,6.764705882352941,7.0,1.0,0.008928571428571428,0.11428571428571428,1.1764705882352942,0.0,1.0,0.5,0.0,0.9913145899772644,0.031637247651815414,mbpp_226,mbpp,invert_objective,0
0.6806678771972656,0.8,6.823529411764706,7.0,1.0,0.008849557522123894,0.11428571428571428,1.1764705882352942,0.0,1.0,0.5,0.0,0.9913145899772644,0.013040381483733654,mbpp_226,mbpp,negate_edge_case,0
0.5777190327644348,0.75,15.222222222222221,14.0,1.0,0.0,0.11904761904761904,4.444444444444445,0.0,1.0,0.5,0.0,0.9538192749023438,0.00832586083561182,mbpp_227,mbpp,invert_objective,0
0.5751804709434509,0.75,15.333333333333334,14.0,1.0,0.0,0.11904761904761904,4.444444444444445,0.0,1.0,0.5,0.0,0.9360522031784058,0.008408403024077415,mbpp_227,mbpp,negate_edge_case,0
0.7357926368713379,0.75,8.4375,13.0,1.0,0.03937007874015748,0.2926829268292683,2.5,0.0,1.0,0.5,0.0,0.009031044319272041,0.003538476536050439,mbpp_266,mbpp,invert_objective,0
0.7416419982910156,0.75,8.5,13.0,1.0,0.0390625,0.2926829268292683,2.5,0.0,1.0,0.5,0.0,0.009031044319272041,0.003538476536050439,mbpp_266,mbpp,negate_edge_case,0
0.5740290880203247,0.0,19.88888888888889,7.0,1.0,0.0,0.12962962962962962,3.333333333333333,0.0,1.0,0.5,0.0,0.041255172342061996,0.012816225178539753,mbpp_268,mbpp,negate_edge_case,0
0.6805018186569214,0.5,9.894736842105264,22.0,1.0,0.016483516483516484,0.3157894736842105,2.6315789473684212,0.0,1.0,0.5,0.0,0.05008603259921074,0.08469939231872559,mbpp_285,mbpp,invert_objective,0
0.6790018081665039,0.5,9.947368421052632,22.0,1.0,0.016216216216216217,0.3157894736842105,2.6315789473684212,0.0,1.0,0.5,0.0,0.05008603259921074,0.08469939231872559,mbpp_285,mbpp,negate_edge_case,0
0.7447965145111084,0.6666666666666666,8.0,12.0,1.0,0.02586206896551724,0.25,2.0,0.0,1.0,0.5,0.0,0.006292636506259441,0.006533768028020859,mbpp_406,mbpp,invert_objective,0
0.7337881326675415,0.6666666666666666,8.066666666666666,12.0,1.0,0.02564102564102564,0.2702702702702703,2.0,0.0,1.0,0.5,0.0,0.006292627193033695,0.006533758714795113,mbpp_406,mbpp,negate_edge_case,0
0.640433132648468,0.4,12.705882352941176,19.0,1.0,0.0,0.18461538461538463,1.7647058823529411,0.0,1.0,0.5,0.0,0.9946267008781433,0.012686737813055515,mbpp_409,mbpp,invert_objective,0
0.6396767497062683,0.4,12.764705882352942,19.0,1.0,0.0,0.18181818181818182,1.7647058823529411,0.0,1.0,0.5,0.0,0.0069835977628827095,0.013542802073061466,mbpp_409,mbpp,negate_edge_case,0
0.7120044827461243,0.8,11.2,14.0,1.0,0.0,0.19607843137254902,2.0,0.0,1.0,0.5,0.0,0.006298420950770378,0.28151312470436096,mbpp_422,mbpp,invert_objective,0
0.6357905864715576,0.3333333333333333,18.416666666666668,27.0,1.0,0.0,0.19402985074626866,6.666666666666667,0.0,1.0,0.5,0.0,0.06342439353466034,0.056289851665496826,mbpp_428,mbpp,invert_objective,0
0.6420438289642334,0.3333333333333333,18.5,27.0,1.0,0.0,0.19402985074626866,6.666666666666667,0.0,1.0,0.5,0.0,0.06342439353466034,0.05628206208348274,mbpp_428,mbpp,negate_edge_case,0
0.6276326179504395,0.3333333333333333,17.916666666666668,27.0,1.0,0.0,0.2,6.666666666666667,0.0,1.0,0.5,0.0,0.06342419981956482,0.05546894297003746,mbpp_428,mbpp,wrong_algorithm_name,0
0.7003599405288696,0.6666666666666666,11.583333333333334,11.0,1.0,0.007407407407407408,0.09523809523809523,3.3333333333333335,0.0,1.0,0.5,0.0,0.4759984314441681,0.026738831773400307,mbpp_436,mbpp,negate_edge_case,0
0.5823683738708496,0.5,15.071428571428571,30.0,1.0,0.009615384615384616,0.203125,3.5714285714285716,0.0,1.0,0.5,0.0,0.9965896606445312,0.015076587907969952,mbpp_439,mbpp,negate_edge_case,0
0.6101629734039307,0.0,13.727272727272727,17.0,1.0,0.0,0.10869565217391304,4.545454545454545,0.0,1.0,0.5,0.0,0.012354981154203415,0.024907303974032402,mbpp_451,mbpp,negate_edge_case,0
0.6713361740112305,0.75,13.142857142857142,18.0,1.0,0.0056179775280898875,0.10714285714285714,2.142857142857143,0.005434782608695652,1.0,0.5,0.0,0.994077205657959,0.0019229784375056624,mbpp_453,mbpp,invert_objective,0
0.6613339781761169,0.75,13.214285714285714,18.0,1.0,0.005494505494505495,0.10714285714285714,2.142857142857143,0.005405405405405406,1.0,0.5,0.0,0.9752694964408875,0.00252535380423069,mbpp_453,mbpp,negate_edge_case,0
0.6094252467155457,0.5,15.666666666666666,13.0,1.0,0.0,0.09302325581395349,4.444444444444445,0.0,1.0,0.5,0.0,0.9768931865692139,0.0033027995377779007,mbpp_454,mbpp,negate_edge_case,0
0.7318158149719238,1.0,15.636363636363637,15.0,1.0,0.005917159763313609,0.15384615384615385,3.6363636363636362,0.0,1.0,0.5,0.0,0.9964941143989563,0.002225915901362896,mbpp_457,mbpp,invert_objective,0
0.7343118190765381,1.0,15.727272727272727,15.0,1.0,0.0058823529411764705,0.15384615384615385,3.6363636363636362,0.0,1.0,0.5,0.0,0.028777746483683586,0.027388431131839752,mbpp_457,mbpp,negate_edge_case,0
0.6572050452232361,0.3333333333333333,19.636363636363637,21.0,1.0,0.0,0.09230769230769231,5.454545454545454,0.0,1.0,0.5,0.0,0.038322754204273224,0.0019697374664247036,mbpp_459,mbpp,negate_edge_case,0
0.6466111540794373,1.0,16.166666666666668,15.0,1.0,0.005235602094240838,0.3389830508474576,5.0,0.0,1.0,0.5,0.0,0.010638165287673473,0.01681399531662464,mbpp_460,mbpp,invert_objective,0
0.6283004879951477,1.0,16.25,15.0,1.0,0.005208333333333333,0.3389830508474576,5.0,0.0,1.0,0.5,0.0,0.010638165287673473,0.01681399531662464,mbpp_460,mbpp,negate_edge_case,0
0.5474369525909424,0.0,22.23076923076923,27.0,1.0,0.0,0.20689655172413793,3.0769230769230766,0.0,1.0,0.5,0.0,0.004903818480670452,0.004653546493500471,mbpp_463,mbpp,invert_objective,0
0.5635282397270203,0.0,22.307692307692307,27.0,1.0,0.0,0.20689655172413793,3.0769230769230766,0.0,1.0,0.5,0.0,0.974354088306427,0.0027995798736810684,mbpp_463,mbpp,negate_edge_case,0
0.5620805621147156,0.0,22.23076923076923,27.0,1.0,0.0,0.20689655172413793,3.0769230769230766,0.0,1.0,0.5,0.0,0.004903811030089855,0.004653537180274725,mbpp_463,mbpp,wrong_algorithm_name,0
0.7421115636825562,0.6666666666666666,18.4,27.0,1.0,0.003676470588235294,0.1686746987951807,3.3333333333333335,0.0,1.0,0.5,0.0,0.8729077577590942,0.007158881518989801,mbpp_472,mbpp,invert_objective,0
0.7421115636825562,0.6666666666666666,18.466666666666665,27.0,1.0,0.003663003663003663,0.17857142857142858,3.3333333333333335,0.0,1.0,0.5,0.0,0.8729077577590942,0.007158881518989801,mbpp_472,mbpp,negate_edge_case,0
0.8040838837623596,0.6,9.6875,10.0,1.0,0.013793103448275862,0.19148936170212766,2.5,0.0,1.0,0.5,0.0,0.013471883721649647,0.16539183259010315,mbpp_554,mbpp,invert_objective,0
0.8026489019393921,0.6,9.75,10.0,1.0,0.013605442176870748,0.19148936170212766,2.5,0.0,1.0,0.5,0.0,0.06968741863965988,0.014757663011550903,mbpp_554,mbpp,negate_edge_case,0
0.6581653356552124,0.0,14.538461538461538,19.0,1.0,0.0,0.22807017543859648,4.615384615384615,0.0,1.0,0.5,0.0,0.9835033416748047,0.0025838117580860853,mbpp_567,mbpp,invert_objective,0
0.6619200706481934,0.0,14.615384615384615,19.0,1.0,0.0,0.22807017543859648,4.615384615384615,0.0,1.0,0.5,0.0,0.9835033416748047,0.0029381283093243837,mbpp_567,mbpp,negate_edge_case,0
0.6689484119415283,0.3333333333333333,12.727272727272727,12.0,1.0,0.0,0.16666666666666666,4.545454545454545,0.0,1.0,0.5,0.0,0.003076311433687806,0.0013598958030343056,mbpp_568,mbpp,negate_edge_case,0
0.6958448886871338,0.6666666666666666,10.866666666666667,17.0,1.0,0.006289308176100629,0.24489795918367346,3.3333333333333335,0.0,1.0,0.5,0.0,0.09585648775100708,0.0018011275678873062,mbpp_576,mbpp,negate_edge_case,0
0.6152327656745911,0.0,25.0,11.0,1.0,0.0,0.1,5.0,0.0,1.0,0.5,0.0,0.1665734201669693,0.32320475578308105,mbpp_583,mbpp,negate_edge_case,0
0.609647810459137,0.0,24.875,11.0,1.0,0.0,0.1,5.0,0.0,1.0,0.5,0.0,0.1665734201669693,0.32320475578308105,mbpp_583,mbpp,wrong_algorithm_name,0
0.5055333971977234,0.6666666666666666,10.8,14.0,1.0,0.004807692307692308,0.16923076923076924,2.0,0.0,1.0,0.5,0.0,0.8948524594306946,0.3153062164783478,mbpp_586,mbpp,negate_edge_case,0
0.6553620100021362,1.0,11.785714285714286,16.0,1.0,0.018633540372670808,0.24,3.5714285714285716,0.0,1.0,0.5,0.0,0.015866994857788086,0.2812485694885254,mbpp_591,mbpp,negate_edge_case,0
0.7226413488388062,0.75,17.0,30.0,1.0,0.0,0.16417910447761194,3.846153846153846,0.004524886877828055,1.0,0.5,0.0,0.03421061486005783,0.27935686707496643,mbpp_596,mbpp,invert_objective,0
0.7141817212104797,0.75,17.076923076923077,30.0,1.0,0.0,0.16417910447761194,3.846153846153846,0.0045045045045045045,1.0,0.5,0.0,0.03421061486005783,0.27935686707496643,mbpp_596,mbpp,negate_edge_case,0
0.7132598161697388,0.75,17.0,30.0,1.0,0.0,0.16417910447761194,3.846153846153846,0.004524886877828055,1.0,0.5,0.0,0.03421061486005783,0.27935686707496643,mbpp_596,mbpp,wrong_algorithm_name,0
0.5916079878807068,1.0,14.285714285714286,16.0,1.0,0.030456852791878174,0.06666666666666667,0.7142857142857143,0.0,1.0,0.5,0.0,0.008465723134577274,0.007467603776603937,mbpp_602,mbpp,negate_edge_case,0
0.6015827655792236,1.0,14.285714285714286,16.0,1.0,0.030456852791878174,0.06666666666666667,1.4285714285714286,0.0,1.0,0.5,0.0,0.008465723134577274,0.007467603776603937,mbpp_602,mbpp,wrong_algorithm_name,0
0.6674819588661194,0.75,18.923076923076923,24.0,1.0,0.004132231404958678,0.12162162162162163,6.153846153846153,0.0,1.0,0.5,0.0,0.00821411982178688,0.17807096242904663,mbpp_604,mbpp,negate_edge_case,0
0.5622466802597046,0.3333333333333333,12.0,19.0,1.0,0.02027027027027027,0.3191489361702128,3.0769230769230766,0.0,1.0,0.5,0.0,0.017209330573678017,0.005456280428916216,mbpp_605,mbpp,invert_objective,0
0.5630016326904297,0.3333333333333333,12.076923076923077,19.0,1.0,0.019736842105263157,0.3125,3.0769230769230766,0.0,1.0,0.5,0.0,0.04375145584344864,0.004328115377575159,mbpp_605,mbpp,negate_edge_case,0
0.6830971837043762,0.6666666666666666,16.875,16.0,1.0,0.0,0.1951219512195122,6.25,0.0,1.0,0.5,0.0,0.008998565375804901,0.002134495647624135,mbpp_606,mbpp,negate_edge_case,0
0.5796213150024414,0.5,12.45,21.0,1.0,0.0040650406504065045,0.12,3.0,0.0,1.0,0.5,0.0,0.991166889667511,0.03582162410020828,mbpp_611,mbpp,invert_objective,0
0.6640191674232483,0.25,13.066666666666666,20.0,1.0,0.010752688172043012,0.1016949152542373,3.3333333333333335,0.0,1.0,0.5,0.0,0.5795649290084839,0.344415545463562,mbpp_619,mbpp,negate_edge_case,0
0.7038812637329102,1.0,11.0,8.0,1.0,0.025423728813559324,0.05405405405405406,4.545454545454545,0.0,1.0,0.5,0.0,0.0019864151254296303,0.32349905371665955,mbpp_624,mbpp,negate_edge_case,0
0.6438669562339783,0.75,12.6,22.0,1.0,0.010869565217391304,0.3157894736842105,3.3333333333333335,0.0,1.0,0.5,0.0,0.10595010221004486,0.18041519820690155,mbpp_625,mbpp,negate_edge_case,0
0.7273026704788208,0.75,13.470588235294118,17.0,1.0,0.02727272727272727,0.13043478260869565,1.1764705882352942,0.0,1.0,0.5,0.0,0.9989067316055298,0.004373569041490555,mbpp_627,mbpp,invert_objective,0
0.7257930636405945,0.75,13.470588235294118,17.0,1.0,0.0365296803652968,0.13043478260869565,1.1764705882352942,0.0,1.0,0.5,0.0,0.0032264147885143757,0.004565552342683077,mbpp_627,mbpp,wrong_algorithm_name,0
0.5299222469329834,0.6,11.461538461538462,21.0,1.0,0.00684931506849315,0.13333333333333333,4.615384615384615,0.0,1.0,0.5,0.0,0.1546194851398468,0.3890784680843353,mbpp_628,mbpp,negate_edge_case,0
0.748870849609375,1.0,13.461538461538462,19.0,1.0,0.0058823529411764705,0.1509433962264151,3.0769230769230766,0.0,1.0,0.5,0.0,0.9982819557189941,0.009229534305632114,mbpp_629,mbpp,invert_objective,0
0.6717538237571716,0.75,19.066666666666666,32.0,1.0,0.007067137809187279,0.22093023255813954,2.6666666666666665,0.0,1.0,0.5,0.0,0.009481910616159439,0.32990556955337524,mbpp_637,mbpp,invert_objective,0
0.6712239980697632,0.7142857142857143,9.26923076923077,27.0,1.0,0.01293103448275862,0.2328767123287671,1.1538461538461537,0.0,1.0,0.5,0.0,0.9976633787155151,0.0020367964170873165,mbpp_639,mbpp,invert_objective,0
0.6832650303840637,0.7142857142857143,9.307692307692308,27.0,1.0,0.01282051282051282,0.2328767123287671,1.1538461538461537,0.0,1.0,0.5,0.0,0.99818354845047,0.002029994735494256,mbpp_639,mbpp,negate_edge_case,0
0.6774933934211731,0.6,10.0625,6.0,1.0,0.0,0.061224489795918366,1.25,0.0,1.0,0.5,0.0,0.7102454900741577,0.005465629044920206,mbpp_720,mbpp,negate_edge_case,0
0.6093869209289551,0.75,8.166666666666666,9.0,1.0,0.0051813471502590676,0.15254237288135594,2.5,0.0,1.0,0.5,0.0,0.19001959264278412,0.03776207193732262,mbpp_723,mbpp,negate_edge_case,0
0.6947014331817627,0.5555555555555556,7.03125,9.0,1.0,0.0045045045045045045,0.23529411764705882,1.25,0.0044444444444444444,1.0,0.5,0.0,0.10505268722772598,0.04714227840304375,mbpp_726,mbpp,invert_objective,0
0.6927591562271118,0.5555555555555556,7.0625,9.0,1.0,0.004484304932735426,0.23529411764705882,1.25,0.004424778761061947,1.0,0.5,0.0,0.10505268722772598,0.046957582235336304,mbpp_726,mbpp,negate_edge_case,0
0.6384316086769104,0.8333333333333334,12.6,27.0,1.0,0.0,0.08771929824561403,4.666666666666667,0.0,1.0,0.5,0.0,0.04743986949324608,0.15889406204223633,mbpp_732,mbpp,negate_edge_case,0
0.8445070385932922,0.4838709677419355,3.262135922330097,5.0,1.0,0.018072289156626505,0.16831683168316833,0.48543689320388345,0.0,0.7692307692307693,0.5,0.0,0.34121787548065186,0.14178681373596191,task_071,hand_hard,invert_objective,0
0.707882285118103,0.4666666666666667,4.396551724137931,7.333333333333333,1.0,0.024193548387096774,0.12987012987012986,1.0344827586206897,0.0,1.0,0.5,0.0,0.9915736317634583,0.08578886836767197,he_132,humaneval,invert_objective,0
0.7222944498062134,0.4666666666666667,4.413793103448276,7.333333333333333,1.0,0.024096385542168676,0.12987012987012986,1.0344827586206897,0.0,1.0,0.5,0.0,0.9915736317634583,0.08578886836767197,he_132,humaneval,negate_edge_case,0
0.6343753337860107,0.3333333333333333,11.75,11.0,1.0,0.007246376811594203,0.20930232558139536,3.3333333333333335,0.0,1.0,0.5,0.0,0.1282886266708374,0.31730303168296814,mbpp_105,mbpp,negate_edge_case,0
0.6377822160720825,0.0,20.333333333333332,21.0,1.0,0.0,0.16216216216216217,5.0,0.0,1.0,0.5,0.0,0.5229244828224182,0.3069266974925995,mbpp_111,mbpp,negate_edge_case,0
0.6840769648551941,0.5,20.77777777777778,18.0,1.0,0.005434782608695652,0.22807017543859648,4.444444444444445,0.0,1.0,0.5,0.0,0.009969193488359451,0.2558813989162445,mbpp_135,mbpp,negate_edge_case,0
0.6353050470352173,0.8333333333333334,7.647058823529412,15.0,1.0,0.03968253968253968,0.28205128205128205,1.7647058823529411,0.0,1.0,0.5,0.0,0.9963973164558411,0.0060980129055678844,mbpp_171,mbpp,negate_edge_case,0
0.6500738263130188,0.6666666666666666,10.933333333333334,17.0,1.0,0.03125,0.24,2.6666666666666665,0.0,1.0,0.5,0.0,0.003657376626506448,0.006656957790255547,mbpp_244,mbpp,invert_objective,0
0.778745174407959,0.375,12.904761904761905,15.0,1.0,0.0076045627376425855,0.036585365853658534,1.9047619047619047,0.0,1.0,0.5,0.0,0.0011535113444551826,0.01504245400428772,mbpp_308,mbpp,invert_objective,0
0.778998613357544,0.375,12.952380952380953,15.0,1.0,0.007575757575757576,0.036585365853658534,1.9047619047619047,0.0,1.0,0.5,0.0,0.0011535113444551826,0.01504245400428772,mbpp_308,mbpp,wrong_algorithm_name,0
0.7229669094085693,1.0,16.75,20.0,1.0,0.015151515151515152,0.06557377049180328,7.5,0.0,1.0,0.5,0.0,0.1442321091890335,0.039881374686956406,mbpp_412,mbpp,invert_objective,0
0.7229475378990173,1.0,16.833333333333332,20.0,1.0,0.01507537688442211,0.06557377049180328,7.5,0.0,1.0,0.5,0.0,0.1442321091890335,0.040045369416475296,mbpp_412,mbpp,negate_edge_case,0
0.6214243173599243,0.5,9.470588235294118,17.0,1.0,0.02564102564102564,0.22448979591836735,1.7647058823529411,0.0,1.0,0.5,0.0,0.9819721579551697,0.24601536989212036,mbpp_424,mbpp,negate_edge_case,0
0.6622864007949829,0.6666666666666666,15.357142857142858,26.0,1.0,0.004739336492890996,0.24615384615384617,2.857142857142857,0.0,1.0,0.5,0.0,0.08132369816303253,0.04546738788485527,mbpp_471,mbpp,invert_objective,0
0.6523025035858154,0.6666666666666666,15.428571428571429,26.0,1.0,0.004761904761904762,0.24615384615384617,2.857142857142857,0.0,1.0,0.5,0.0,0.08132369816303253,0.045328158885240555,mbpp_471,mbpp,negate_edge_case,0
0.7750661373138428,1.0,19.666666666666668,30.0,1.0,0.00684931506849315,0.2247191011235955,2.6666666666666665,0.0,1.0,0.5,0.0,0.014676433987915516,0.011525032110512257,mbpp_558,mbpp,invert_objective,0
0.7750661373138428,1.0,19.733333333333334,30.0,1.0,0.006825938566552901,0.20224719101123595,2.6666666666666665,0.0,1.0,0.5,0.0,0.014676433987915516,0.011525032110512257,mbpp_558,mbpp,negate_edge_case,0
0.5735045075416565,0.5,8.714285714285714,13.0,1.0,0.01680672268907563,0.21621621621621623,2.142857142857143,0.0,1.0,0.5,0.0,0.5690129399299622,0.3309485614299774,mbpp_566,mbpp,invert_objective,0
0.5722564458847046,0.75,8.785714285714286,13.0,1.0,0.03333333333333333,0.21621621621621623,2.142857142857143,0.0,1.0,0.5,0.0,0.5690129399299622,0.32437863945961,mbpp_566,mbpp,negate_edge_case,0
0.7050141096115112,1.0,9.625,15.0,1.0,0.026490066225165563,0.19148936170212766,2.5,0.0,1.0,0.5,0.0,0.012931566685438156,0.002738452283665538,mbpp_573,mbpp,invert_objective,0
0.7076092958450317,1.0,9.6875,15.0,1.0,0.02631578947368421,0.19148936170212766,2.5,0.0,1.0,0.5,0.0,0.012931566685438156,0.0027004424482584,mbpp_573,mbpp,negate_edge_case,0
0.6337918043136597,0.25,18.0,25.0,1.0,0.0,0.15492957746478872,4.615384615384615,0.0,1.0,0.5,0.0,0.986700713634491,0.018816940486431122,mbpp_579,mbpp,negate_edge_case,0
0.6549481749534607,0.6666666666666666,11.363636363636363,22.0,1.0,0.012244897959183673,0.22666666666666666,1.3636363636363635,0.008,1.0,0.5,0.0,0.9948199391365051,0.005655007436871529,mbpp_620,mbpp,invert_objective,0
0.6619194149971008,0.6666666666666666,11.409090909090908,22.0,1.0,0.012195121951219513,0.2236842105263158,1.3636363636363635,0.00796812749003984,1.0,0.5,0.0,0.9948199391365051,0.00441560335457325,mbpp_620,mbpp,negate_edge_case,0
0.6552684307098389,0.6666666666666666,11.363636363636363,22.0,1.0,0.012244897959183673,0.22666666666666666,1.3636363636363635,0.008,1.0,0.5,0.0,0.9948199391365051,0.005655007436871529,mbpp_620,mbpp,wrong_algorithm_name,0
0.6276253461837769,0.75,13.133333333333333,21.0,1.0,0.015544041450777202,0.15,2.6666666666666665,0.0,1.0,0.5,0.0,0.9802472591400146,0.0037534257862716913,mbpp_725,mbpp,invert_objective,0
0.6334673166275024,0.75,13.2,21.0,1.0,0.015463917525773196,0.15,2.6666666666666665,0.0,1.0,0.5,0.0,0.9802472591400146,0.0037534257862716913,mbpp_725,mbpp,negate_edge_case,0
0.6298947930335999,0.75,13.2,21.0,1.0,0.015463917525773196,0.15,2.6666666666666665,0.0,1.0,0.5,0.0,0.9802472591400146,0.0037534257862716913,mbpp_725,mbpp,wrong_algorithm_name,0
0.6586999297142029,0.8333333333333334,13.947368421052632,19.0,1.0,0.028455284552845527,0.175,3.1578947368421053,0.0037735849056603774,1.0,0.5,0.0,0.00674991263076663,0.0068702176213264465,mbpp_733,mbpp,invert_objective,0
0.6501410603523254,0.8333333333333334,14.0,19.0,1.0,0.02834008097165992,0.175,3.1578947368421053,0.0037593984962406013,1.0,0.5,0.0,0.00674991263076663,0.0069144354201853275,mbpp_733,mbpp,negate_edge_case,0
0.6596024632453918,0.8333333333333334,13.947368421052632,19.0,1.0,0.028455284552845527,0.175,3.1578947368421053,0.0037735849056603774,1.0,0.5,0.0,0.00674991263076663,0.0069144354201853275,mbpp_733,mbpp,wrong_algorithm_name,0
0.7259114980697632,0.5,12.777777777777779,26.0,1.0,0.0,0.15942028985507245,2.7777777777777777,0.0,1.0,0.5,0.0,0.0007019810727797449,0.33266088366508484,mbpp_737,mbpp,negate_edge_case,0
0.7008576989173889,0.3333333333333333,27.636363636363637,5.6,1.0,0.010344827586206896,0.34782608695652173,3.6363636363636362,0.0,1.0,0.5,0.0,0.9982140064239502,0.00656105624511838,mbpp_738,mbpp,invert_objective,0
0.6931906938552856,0.3333333333333333,27.727272727272727,5.6,1.0,0.010273972602739725,0.34782608695652173,3.6363636363636362,0.0,1.0,0.5,0.0,0.9982140064239502,0.00656105624511838,mbpp_738,mbpp,negate_edge_case,0
0.6880859136581421,0.3333333333333333,27.636363636363637,5.6,1.0,0.010344827586206896,0.34782608695652173,3.6363636363636362,0.0,1.0,0.5,0.0,0.9982140064239502,0.00642239348962903,mbpp_738,mbpp,wrong_algorithm_name,0
0.6867847442626953,0.25,13.4375,4.25,1.0,0.0,0.18461538461538463,3.75,0.0,1.0,0.5,0.0,0.01808629184961319,0.36581161618232727,mbpp_740,mbpp,invert_objective,0
0.6918531060218811,0.25,13.5,4.25,1.0,0.0,0.18461538461538463,3.75,0.0,1.0,0.5,0.0,0.01808629184961319,0.36581161618232727,mbpp_740,mbpp,negate_edge_case,0
0.653373658657074,0.3333333333333333,18.0,11.0,1.0,0.0,0.18181818181818182,4.0,0.0,1.0,0.5,0.0,0.9939998388290405,0.01685466431081295,mbpp_742,mbpp,negate_edge_case,0
0.7282524108886719,0.5,15.5,6.0,1.0,0.0036496350364963502,0.20238095238095238,3.333333333333333,0.0,1.0,0.5,0.0,0.004301963374018669,0.05877779796719551,mbpp_743,mbpp,invert_objective,0
0.7226784229278564,0.0,13.666666666666666,22.0,1.0,0.0,0.1774193548387097,5.333333333333333,0.0,1.0,0.5,0.0,0.010026386007666588,0.016467109322547913,mbpp_744,mbpp,invert_objective,0
0.7259451150894165,0.0,13.733333333333333,22.0,1.0,0.0,0.1774193548387097,5.333333333333333,0.0,1.0,0.5,0.0,0.02391093038022518,0.01675773411989212,mbpp_744,mbpp,negate_edge_case,0
0.7405927181243896,0.75,6.633333333333334,7.333333333333333,1.0,0.010309278350515464,0.25,2.0,0.0,1.0,0.5,0.0,0.021174388006329536,0.018923461437225342,mbpp_746,mbpp,negate_edge_case,0
0.6913219094276428,0.6,11.875,32.0,1.0,0.0,0.17543859649122806,3.125,0.0,1.0,0.5,0.0,0.9162095785140991,0.01609749160706997,mbpp_748,mbpp,negate_edge_case,0
0.6811906695365906,0.8571428571428571,7.44,2.25,1.0,0.06557377049180328,0.03571428571428571,1.2,0.0,1.0,0.5,0.0,0.04577197507023811,0.03983644023537636,mbpp_752,mbpp,negate_edge_case,0
0.678756594657898,0.8571428571428571,7.4,2.25,1.0,0.06593406593406594,0.03571428571428571,1.2,0.0,1.0,0.5,0.0,0.04577197507023811,0.03983644023537636,mbpp_752,mbpp,wrong_algorithm_name,0
0.7335802316665649,0.75,5.9743589743589745,7.666666666666667,1.0,0.008733624454148471,0.22857142857142856,1.0256410256410258,0.0,1.0,0.5,0.0,0.9945055842399597,0.12746523320674896,mbpp_754,mbpp,negate_edge_case,0
0.7355574369430542,0.5833333333333334,8.897435897435898,15.5,1.0,0.005847953216374269,0.1619047619047619,1.794871794871795,0.0,1.0,0.5,0.0,0.9990812540054321,0.0016965065151453018,mbpp_758,mbpp,negate_edge_case,0
0.7404932975769043,0.5833333333333334,8.871794871794872,15.5,1.0,0.01466275659824047,0.15384615384615385,1.794871794871795,0.0,1.0,0.5,0.0,0.9976282715797424,0.16529782116413116,mbpp_758,mbpp,wrong_algorithm_name,0
0.660131573677063,0.6,20.333333333333332,71.0,1.0,0.01977401129943503,0.4,3.888888888888889,0.0,1.0,0.5,0.0,0.22274300456047058,0.044555384665727615,mbpp_759,mbpp,invert_objective,0
0.8056291341781616,0.75,12.61111111111111,19.0,1.0,0.013452914798206279,0.07246376811594203,2.7777777777777777,0.0,1.0,0.5,0.0,0.9914541244506836,0.0033023736905306578,mbpp_760,mbpp,negate_edge_case,0
0.7350032329559326,1.0,9.0,8.5,1.0,0.004739336492890996,0.27692307692307694,2.0833333333333335,0.004629629629629629,1.0,0.5,0.0,0.9875875115394592,0.0015691263834014535,mbpp_762,mbpp,negate_edge_case,0
0.6750797033309937,0.75,13.615384615384615,25.0,1.0,0.005747126436781609,0.1111111111111111,2.3076923076923075,0.0,1.0,0.5,0.0,0.30798977613449097,0.3105398714542389,mbpp_764,mbpp,negate_edge_case,0
0.7135330438613892,0.4444444444444444,8.75,9.0,1.0,0.004166666666666667,0.04054054054054054,0.7142857142857143,0.0,1.0,0.5,0.0,0.99506676197052,0.030040642246603966,mbpp_767,mbpp,invert_objective,0
0.7299572229385376,0.5555555555555556,8.785714285714286,9.0,1.0,0.004149377593360996,0.04054054054054054,0.7142857142857143,0.0,1.0,0.5,0.0,0.99506676197052,0.007831919938325882,mbpp_767,mbpp,negate_edge_case,0
0.7381508946418762,0.5555555555555556,8.75,9.0,1.0,0.004166666666666667,0.04054054054054054,0.7142857142857143,0.0,1.0,0.5,0.0,0.99506676197052,0.007831919938325882,mbpp_767,mbpp,wrong_algorithm_name,0
0.697417140007019,0.5,15.428571428571429,29.0,1.0,0.0,0.18461538461538463,4.285714285714286,0.0,1.0,0.5,0.0,0.06503210216760635,0.03386650234460831,mbpp_778,mbpp,negate_edge_case,0
0.6556507349014282,0.45454545454545453,7.0,14.5,1.0,0.0,0.1,2.1052631578947367,0.0,1.0,0.5,0.0,0.9978455305099487,0.037951577454805374,mbpp_779,mbpp,negate_edge_case,0
0.6448179483413696,0.45454545454545453,6.973684210526316,14.5,1.0,0.0,0.1,2.1052631578947367,0.0,1.0,0.5,0.0,0.9978455305099487,0.037951577454805374,mbpp_779,mbpp,wrong_algorithm_name,0
0.6530476808547974,0.5,14.0,31.0,1.0,0.0,0.3333333333333333,1.7647058823529411,0.0,1.0,0.5,0.0,0.9619921445846558,0.00874342955648899,mbpp_784,mbpp,invert_objective,0
0.6895787715911865,0.0,23.5,34.0,1.0,0.0,0.18309859154929578,2.0,0.0,1.0,0.5,0.0,0.008491219021379948,0.27353790402412415,mbpp_785,mbpp,negate_edge_case,0
0.6670141220092773,0.5,14.0,19.0,1.0,0.0136986301369863,0.23529411764705882,2.5,0.0,1.0,0.5,0.0,0.0053828200325369835,0.00837634690105915,mbpp_793,mbpp,invert_objective,0
0.6583307981491089,0.5,14.0625,19.0,1.0,0.013636363636363636,0.23529411764705882,2.5,0.0,1.0,0.5,0.0,0.0055817412212491035,0.0086167361587286,mbpp_793,mbpp,negate_edge_case,0
0.6737895011901855,0.5,14.0,19.0,1.0,0.0136986301369863,0.23529411764705882,2.5,0.0,1.0,0.5,0.0,0.0053828200325369835,0.008119734935462475,mbpp_793,mbpp,wrong_algorithm_name,0
0.5892813801765442,0.3333333333333333,14.176470588235293,31.0,1.0,0.0,0.1643835616438356,4.11764705882353,0.0,1.0,0.5,0.0,0.24815456569194794,0.149463951587677,mbpp_794,mbpp,invert_objective,0
0.588106632232666,0.3333333333333333,14.235294117647058,31.0,1.0,0.0,0.1643835616438356,4.11764705882353,0.0,1.0,0.5,0.0,0.24815456569194794,0.149463951587677,mbpp_794,mbpp,negate_edge_case,0
0.513954758644104,0.5,15.0,24.0,1.0,0.0,0.2033898305084746,4.615384615384615,0.0,1.0,0.5,0.0,0.380962073802948,0.3672730624675751,mbpp_796,mbpp,invert_objective,0
0.49952101707458496,0.75,15.076923076923077,24.0,1.0,0.010471204188481676,0.2033898305084746,4.615384615384615,0.0,1.0,0.5,0.0,0.380962073802948,0.3676132261753082,mbpp_796,mbpp,negate_edge_case,0
0.6115806102752686,0.6666666666666666,12.818181818181818,13.0,1.0,0.007246376811594203,0.023255813953488372,5.454545454545454,0.0,1.0,0.5,0.0,0.9567131400108337,0.010457872413098812,mbpp_798,mbpp,invert_objective,0
0.626518726348877,1.0,12.909090909090908,13.0,1.0,0.007194244604316547,0.023255813953488372,5.454545454545454,0.0,1.0,0.5,0.0,0.9567131400108337,0.01037595421075821,mbpp_798,mbpp,negate_edge_case,0
0.6612945795059204,0.3333333333333333,28.1,38.0,1.0,0.0,0.03529411764705882,8.0,0.0,1.0,0.5,0.0,0.005286425352096558,0.0063219740986824036,mbpp_800,mbpp,negate_edge_case,0
0.5855328440666199,0.5,11.6875,4.5,1.0,0.005434782608695652,0.15789473684210525,2.5,0.0,1.0,0.5,0.0,0.39899367094039917,0.015247118659317493,mbpp_803,mbpp,negate_edge_case,0
0.5827180743217468,0.5,11.625,4.5,1.0,0.00546448087431694,0.125,2.5,0.0,1.0,0.5,0.0,0.39899367094039917,0.015247116796672344,mbpp_803,mbpp,wrong_algorithm_name,0
0.6319370865821838,0.75,11.117647058823529,12.0,1.0,0.005405405405405406,0.17543859649122806,2.3529411764705883,0.0,1.0,0.5,0.0,0.192945659160614,0.1579391360282898,mbpp_804,mbpp,invert_objective,0
0.6384177207946777,0.75,11.176470588235293,12.0,1.0,0.005405405405405406,0.17543859649122806,2.3529411764705883,0.0,1.0,0.5,0.0,0.009248263202607632,0.15646260976791382,mbpp_804,mbpp,negate_edge_case,0
0.6213325262069702,0.7142857142857143,9.578947368421053,17.0,1.0,0.00558659217877095,0.16363636363636364,1.5789473684210527,0.0,1.0,0.5,0.0,0.996046245098114,0.001387259573675692,mbpp_805,mbpp,invert_objective,0
0.6529284715652466,0.7142857142857143,9.631578947368421,17.0,1.0,0.005555555555555556,0.16363636363636364,1.5789473684210527,0.0,1.0,0.5,0.0,0.9897514581680298,0.0016452075215056539,mbpp_805,mbpp,negate_edge_case,0
0.6896078586578369,1.0,29.28813559322034,34.666666666666664,1.0,0.02699309478970496,0.41040462427745666,1.5254237288135593,0.0023148148148148147,1.0,0.5,0.0,0.9956550598144531,0.1737438291311264,he_145,humaneval,invert_objective,0
0.6913142204284668,1.0,29.28813559322034,34.666666666666664,1.0,0.02699309478970496,0.41040462427745666,1.3559322033898304,0.0023148148148148147,1.0,0.5,0.0,0.04940962418913841,0.17397721111774445,he_145,humaneval,negate_edge_case,0
0.6645655035972595,1.0,29.11864406779661,34.666666666666664,1.0,0.027146464646464648,0.4127906976744186,1.5254237288135593,0.002328288707799767,1.0,0.5,0.0,0.9922154545783997,0.17375732958316803,he_145,humaneval,wrong_algorithm_name,0
0.6941570043563843,1.0,15.357142857142858,21.0,1.0,0.0047169811320754715,0.23076923076923078,5.0,0.009302325581395349,1.0,0.5,0.0,0.007425089366734028,0.0695313960313797,mbpp_096,mbpp,negate_edge_case,0
0.7421375513076782,0.8888888888888888,12.72,35.0,1.0,0.019736842105263157,0.2708333333333333,2.0,0.0031446540880503146,1.0,0.5,0.0,0.9986881613731384,0.3212083876132965,mbpp_125,mbpp,invert_objective,0
0.6026276350021362,0.6666666666666666,25.0,32.0,1.0,0.004098360655737705,0.12,5.0,0.0,1.0,0.5,0.0,0.7201216220855713,0.008663870394229889,mbpp_132,mbpp,negate_edge_case,0
0.7618697881698608,0.5,11.411764705882353,25.0,1.0,0.0,0.23728813559322035,2.9411764705882355,0.0,1.0,0.5,0.0,0.015157426707446575,0.3324010670185089,mbpp_222,mbpp,invert_objective,0
0.7718874216079712,0.5,11.470588235294118,25.0,1.0,0.0,0.23728813559322035,2.9411764705882355,0.0,1.0,0.5,0.0,0.015157426707446575,0.3324010670185089,mbpp_222,mbpp,negate_edge_case,0
0.666034460067749,0.375,5.916666666666667,12.0,1.0,0.0,0.11627906976744186,2.0833333333333335,0.0,1.0,0.5,0.0,0.6937580704689026,0.005589671898633242,mbpp_284,mbpp,negate_edge_case,0
0.622395932674408,0.5,10.272727272727273,12.0,1.0,0.00909090909090909,0.23529411764705882,2.727272727272727,0.0,1.0,0.5,0.0,0.9899594783782959,0.001715700956992805,mbpp_309,mbpp,invert_objective,0
0.6378403306007385,0.75,10.363636363636363,12.0,1.0,0.018018018018018018,0.22857142857142856,2.727272727272727,0.0,1.0,0.5,0.0,0.4003860354423523,0.008874621242284775,mbpp_309,mbpp,negate_edge_case,0
0.6781560182571411,0.0,11.1875,16.0,1.0,0.0,0.2037037037037037,2.5,0.0,1.0,0.5,0.0,0.004357681609690189,0.6056119799613953,mbpp_470,mbpp,invert_objective,0
0.686511754989624,0.0,11.25,16.0,1.0,0.0,0.2,2.5,0.0,1.0,0.5,0.0,0.004357681609690189,0.6045732498168945,mbpp_470,mbpp,negate_edge_case,0
0.6105824112892151,0.75,14.076923076923077,27.0,1.0,0.005555555555555556,0.10909090909090909,3.0769230769230766,0.0,1.0,0.5,0.0,0.1278476119041443,0.0030593955889344215,mbpp_557,mbpp,negate_edge_case,0
0.6165130138397217,0.5,12.76923076923077,14.0,1.0,0.0,0.22,0.7692307692307692,0.0,1.0,0.5,0.0,0.04331526905298233,0.18943411111831665,mbpp_599,mbpp,invert_objective,0
0.5688773393630981,0.0,23.125,16.0,1.0,0.0,0.05357142857142857,10.0,0.0,1.0,0.5,0.0,0.017793646082282066,0.008690236136317253,mbpp_635,mbpp,negate_edge_case,0
0.7077972292900085,0.8333333333333334,13.555555555555555,4.75,1.0,0.02145922746781116,0.0945945945945946,2.7777777777777777,0.012295081967213115,1.0,0.5,0.0,0.9976605176925659,0.005802620202302933,mbpp_734,mbpp,invert_objective,0
0.7106817364692688,0.8333333333333334,13.61111111111111,4.75,1.0,0.021551724137931036,0.0945945945945946,2.7777777777777777,0.012244897959183673,1.0,0.5,0.0,0.9977754950523376,0.005726702976971865,mbpp_734,mbpp,negate_edge_case,0
0.7148342728614807,0.8333333333333334,13.555555555555555,4.75,1.0,0.021645021645021644,0.0945945945945946,2.7777777777777777,0.012295081967213115,1.0,0.5,0.0,0.9976605176925659,0.005711901932954788,mbpp_734,mbpp,wrong_algorithm_name,0
0.6723629236221313,0.4,17.5625,4.75,0.8,0.0036101083032490976,0.21176470588235294,1.25,0.0035587188612099642,1.0,0.5,0.0,0.9966846108436584,0.3324909210205078,mbpp_739,mbpp,invert_objective,0
0.6915647387504578,0.4,13.375,3.75,1.0,0.004807692307692308,0.4,1.875,0.0,1.0,0.5,0.0,0.06215360388159752,0.31087565422058105,mbpp_747,mbpp,negate_edge_case,0
0.6796929836273193,0.4,13.3125,3.75,1.0,0.0048543689320388345,0.40625,1.875,0.0,1.0,0.5,0.0,0.06215360388159752,0.31087565422058105,mbpp_747,mbpp,wrong_algorithm_name,0
0.7104884386062622,0.8,10.647058823529411,11.0,1.0,0.022857142857142857,0.2,2.9411764705882355,0.0,1.0,0.5,0.0,0.9960371851921082,0.6369332671165466,mbpp_766,mbpp,negate_edge_case,0
0.6502958536148071,0.6666666666666666,20.285714285714285,8.0,1.0,0.0,0.19767441860465115,4.285714285714286,0.0,1.0,0.5,0.0,0.024066315963864326,0.002092003123834729,mbpp_771,mbpp,negate_edge_case,0
0.6485795974731445,0.3333333333333333,21.7,16.0,1.0,0.0,0.24242424242424243,4.0,0.0,1.0,0.5,0.0,0.006046846508979797,0.3143482804298401,mbpp_791,mbpp,negate_edge_case,0
0.6156363487243652,0.4,16.333333333333332,23.0,1.0,0.004166666666666667,0.2702702702702703,4.0,0.0,1.0,0.5,0.0,0.029922543093562126,0.34079039096832275,mbpp_801,mbpp,invert_objective,0
0.6596647500991821,0.4,16.4,23.0,1.0,0.004149377593360996,0.2702702702702703,4.0,0.0,1.0,0.5,0.0,0.9749149680137634,0.3400651514530182,mbpp_801,mbpp,negate_edge_case,0
0.6638956069946289,0.8333333333333334,12.105263157894736,19.0,1.0,0.02654867256637168,0.10144927536231885,2.1052631578947367,0.0,1.0,0.5,0.0,0.20142951607704163,0.32982197403907776,mbpp_097,mbpp,negate_edge_case,0
0.6258391737937927,0.4,12.066666666666666,19.0,1.0,0.011235955056179775,0.16363636363636364,2.0,0.0,1.0,0.5,0.0,0.0805523470044136,0.03990403190255165,mbpp_101,mbpp,negate_edge_case,0
0.6614554524421692,0.4,11.0,16.0,1.0,0.0,0.08771929824561403,4.11764705882353,0.0,1.0,0.5,0.0,0.10331670939922333,0.32902586460113525,mbpp_172,mbpp,negate_edge_case,0
0.5415117740631104,0.8333333333333334,17.0,27.0,1.0,0.028368794326241134,0.25287356321839083,2.3529411764705883,0.0,1.0,0.5,0.0,0.1912689357995987,0.21853749454021454,mbpp_434,mbpp,invert_objective,0
0.7225698828697205,0.5,11.071428571428571,15.0,1.0,0.006578947368421052,0.10638297872340426,3.5714285714285716,0.0,1.0,0.5,0.0,0.9919569492340088,0.013666574843227863,mbpp_741,mbpp,negate_edge_case,0
0.6179511547088623,0.42857142857142855,10.105263157894736,20.0,1.0,0.0,0.3448275862068966,1.0526315789473684,0.0,1.0,0.5,0.0,0.0789904072880745,0.12693236768245697,mbpp_170,mbpp,invert_objective,0
0.7613316178321838,0.75,17.0,31.0,1.0,0.022988505747126436,0.32926829268292684,4.375,0.0,1.0,0.5,0.0,0.06187153607606888,0.2004937082529068,mbpp_247,mbpp,invert_objective,0
0.7615037560462952,0.75,17.0625,31.0,1.0,0.022900763358778626,0.32926829268292684,4.375,0.0,1.0,0.5,0.0,0.06187174469232559,0.2004937082529068,mbpp_247,mbpp,negate_edge_case,0
0.7613316178321838,0.75,17.0,31.0,1.0,0.022988505747126436,0.32926829268292684,4.375,0.0,1.0,0.5,0.0,0.06187174469232559,0.2004937082529068,mbpp_247,mbpp,wrong_algorithm_name,0
0.7173405289649963,0.3333333333333333,7.384615384615385,9.0,1.0,0.03260869565217391,0.1724137931034483,3.846153846153846,0.0,1.0,0.5,0.0,0.4106478691101074,0.028461232781410217,mbpp_435,mbpp,negate_edge_case,0
0.632681667804718,0.25,9.785714285714286,14.0,1.0,0.0,0.09523809523809523,2.857142857142857,0.0,1.0,0.5,0.0,0.2020816206932068,0.004996428266167641,mbpp_456,mbpp,invert_objective,0
0.616653561592102,0.25,9.857142857142858,14.0,1.0,0.0,0.09523809523809523,2.857142857142857,0.0,1.0,0.5,0.0,0.2020816206932068,0.004996428266167641,mbpp_456,mbpp,negate_edge_case,0
0.7527285814285278,0.6666666666666666,14.090909090909092,13.0,1.0,0.0,0.02127659574468085,3.6363636363636362,0.0,1.0,0.5,0.0,0.11812461167573929,0.06390073895454407,mbpp_730,mbpp,negate_edge_case,0
0.7490324974060059,0.5,11.0,22.0,1.0,0.006993006993006993,0.3829787234042553,2.857142857142857,0.0,1.0,0.5,0.0,0.9989333748817444,0.0010309112258255482,mbpp_806,mbpp,invert_objective,0
0.7721872329711914,0.75,11.071428571428571,22.0,1.0,0.006896551724137931,0.3829787234042553,2.857142857142857,0.0,1.0,0.5,0.0,0.9971869587898254,0.005758671090006828,mbpp_806,mbpp,negate_edge_case,0
0.6570022106170654,0.5714285714285714,5.888888888888889,13.0,1.0,0.013333333333333334,0.10416666666666667,1.8518518518518516,0.0,1.0,0.5,0.0,0.050620079040527344,0.32985958456993103,mbpp_277,mbpp,negate_edge_case,0
0.6985317468643188,0.4,11.454545454545455,5.0,1.0,0.00819672131147541,0.21052631578947367,1.3636363636363635,0.0,1.0,0.5,0.0,0.9968191385269165,0.004580315202474594,mbpp_753,mbpp,invert_objective,0
0.7449601888656616,0.5,14.357142857142858,4.0,1.0,0.01015228426395939,0.11475409836065574,1.4285714285714286,0.0,1.0,0.5,0.0,0.05141308158636093,0.015022773295640945,mbpp_782,mbpp,invert_objective,0
0.7327307462692261,0.5,14.428571428571429,4.0,1.0,0.010101010101010102,0.11475409836065574,1.4285714285714286,0.0,1.0,0.5,0.0,0.07910407334566116,0.017071755602955818,mbpp_782,mbpp,negate_edge_case,0
0.6952371597290039,0.375,10.590909090909092,10.0,1.0,0.0,0.2,3.1818181818181817,0.0,1.0,0.5,0.0,0.9928969740867615,0.32193997502326965,mbpp_799,mbpp,negate_edge_case,0
0.7052705883979797,0.8571428571428571,11.3,14.0,1.0,0.07174887892376682,0.1323529411764706,3.0,0.0,1.0,0.5,0.0,0.005499702412635088,0.005323005374521017,mbpp_224,mbpp,invert_objective,0
0.6995487809181213,0.8571428571428571,11.35,14.0,1.0,0.07142857142857142,0.14492753623188406,3.0,0.0,1.0,0.5,0.0,0.9976977705955505,0.0038591462653130293,mbpp_224,mbpp,negate_edge_case,0
