task_id,problem,handoff,corruption_type,label,source
task_002,"Write a function that checks if a given string is a palindrome, ignoring case and spaces.","Handoff Message for Agent B:

1. **Function Purpose**: Write a Python function that checks whether a given string is a palindrome. The check must be case-insensitive and ignore all spaces.

2. **Function Signature**:
   ```python
   def is_palindrome(s: str) -> bool:
   ```

3. **Key Edge Cases to Handle**:
   * Empty strings (`""""`) and strings with only spaces (`""   ""`): Should return `True`.
   * Strings with mixed casing (e.g., `""RaceCar""`): Should return `True`.
   * Strings with punctuation or special characters (if any are passed): The prompt specifically mentions ignoring case and spaces, but consider how non-alphanumeric characters should be treated (standard approach is usually filtering for alphanumeric, but at minimum, strip spaces and lowercase). Let's stick strictly to ignoring spaces and case, or optionally stripping all non-alphanumeric characters to be safe. Let's do: remove all spaces, convert to lowercase, and check if it equals its reverse.
   * Single-character strings (e.g., `""a""`): Should return `True`.

4. **Plan / Approach**:
   * Clean the input string `s`: 
     * Convert the string to lowercase using `.lower()`.
     * Remove all spaces (e.g., using `.replace("" "", """")` or a generator expression).
   * Compare the cleaned string with its reverse (i.e., `cleaned == cleaned[::-1]`).
   * Return the boolean result.",none,1,hand_easy
task_002,"Write a function that checks if a given string is a palindrome, ignoring case and spaces.","Handoff Message for Agent B:


   

",tool_result_drop,0,hand_easy
task_003,Write a function that returns the second-largest unique number in a list of integers. Return None if there isn't one.,"HANDOFF MESSAGE FOR AGENT B:

You need to write a Python function that finds and returns the second-largest unique number from a list of integers. If no such number exists, return `None`.

**Function Signature:**
```python
def second_largest_unique(numbers: list[int]) -> int | None:
```

**Key Edge Cases to Handle:**
1. Lists with fewer than 2 unique numbers (e.g., `[]`, `[5]`, `[3, 3, 3]`) should return `None`.
2. Lists containing negative numbers, mixed signs, and duplicates (e.g., `[-1, -2, -2, -5]`).
3. The largest number appearing multiple times (e.g., `[10, 10, 5]` should return `5`).

**Brief Plan / Approach:**
1. Convert the input list to a `set` to remove duplicates and efficiently get unique values.
2. If the size of the set is less than 2, immediately return `None`.
3. Convert the set back to a list (or sort it), sort the unique values in descending order, and return the element at index 1.",none,1,hand_easy
task_003,Write a function that returns the second-largest unique number in a list of integers. Return None if there isn't one.,"HANDOFF MESSAGE FOR AGENT B: You need to write a Python function that finds and returns the second-largest unique number from a list of integers. If no such number exists, return `None`. **Function Signature:** ```python def second_largest_unique(numbers: list[int]) -> int | None: ``` **Key Edge",truncation,0,hand_easy
task_003,Write a function that returns the second-largest unique number in a list of integers. Return None if there isn't one.,"Convert the set back to a list (or sort it), sort the unique values in descending order, and return the element at index 1.",over_summarization,0,hand_easy
task_005,Write a function that flattens a nested list of arbitrary depth into a single flat list.,"**HANDOFF MESSAGE FOR AGENT B**

**Objective:**
Write a Python function that flattens a nested list of arbitrary depth into a single, flat list containing all the non-list elements in their original order.

**Function Signature:**
```python
def flatten(nested_list: list) -> list:
    """"""Flattens a nested list of arbitrary depth.""""""
    pass
```

**Key Edge Cases to Handle:**
1. **Already flat lists:** Passing a list with no nesting should return an equivalent flat list.
2. **Deeply nested lists:** Lists nested multiple levels deep (e.g., `[1, [2, [3, [4]]]]`) must be fully flattened.
3. **Empty lists:** Empty lists (at the root level or nested, e.g., `[]`, `[[]], [1, [], 2]`) should be handled gracefully without leaving residual empty lists or causing errors.
4. **Mixed data types:** The lists may contain a mix of integers, strings, booleans, `None`, etc. Only `list` instances (or iterable collections, if applicable, though primarily lists) should be recursively flattened; other types should be preserved as elements.
5. **Non-list inputs (Optional robustness):** Consider what happens if the input is not a list (though per signature, assume a list is passed).

**Proposed Approach / Plan:**
- Use a recursive approach or an iterative approach with a stack.
- **Recursive approach (Recommended for simplicity):**
  - Initialize an empty result list.
  - Iterate through each item in the input list.
  - If the item is an instance of `list`, recursively call `flatten` on that item and extend the result list with the returned elements.
  - If the item is not a list, append it directly to the result list.
  - Return the result list.",none,1,hand_easy
task_006,"Write a function that returns True if a given integer is prime, False otherwise.","Handoff Message for Agent B:

You need to write a Python function that determines whether a given integer is a prime number. 

**Function Signature:**
```python
def is_prime(n: int) -> bool:
```

**Requirements & Edge Cases to Handle:**
- Numbers less than or equal to 1 are not prime (return `False`).
- 2 is the only even prime number (return `True`).
- All other even numbers greater than 2 are not prime (return `False`).
- For odd numbers greater than 2, check for factors up to the square root of `n`.

**Recommended Approach:**
1. Check if `n <= 1`, return `False`.
2. Check if `n == 2`, return `True`.
3. Check if `n % 2 == 0`, return `False`.
4. Loop `i` from `3` up to `int(n**0.5)` with a step of `2`. If `n % i == 0`, return `False`.
5. If no factors are found, return `True`.",none,1,hand_easy
task_007,Write a function that merges two sorted lists of integers into one sorted list.,"Handoff Message for Agent B:

1. Function Purpose:
Write a Python function that takes two sorted lists of integers and merges them into a single, combined sorted list of integers.

2. Function Signature:
`def merge_sorted_lists(list1: list[int], list2: list[int]) -> list[int]:`

3. Key Edge Cases to Handle:
- One or both input lists are empty.
- Lists containing negative numbers.
- Lists of unequal lengths.
- Lists with duplicate values.

4. Brief Plan / Approach:
- Use a two-pointer approach (one pointer for each list) to compare elements from the start of both lists.
- Append the smaller element to a result list and advance the corresponding pointer.
- Once one of the lists is fully traversed, append any remaining elements from the other list to the result list.
- Alternatively, you can use Python's built-in sorting or `heapq.merge`, but a manual two-pointer approach runs in $O(n + m)$ time and is optimal. Ensure you return a new list without modifying the inputs in-place.",none,1,hand_easy
task_009,Write a function that returns the longest common prefix among a list of strings. Return empty string if none.,"**HANDOFF MESSAGE FOR AGENT B**

**Objective:**
Write a Python function that finds and returns the longest common prefix string amongst an array of strings. If there is no common prefix, return an empty string (`""""`).

**Function Signature:**
```python
def longestCommonPrefix(strs: list[str]) -> str:
    pass
```

**Key Edge Cases to Handle:**
1. **Empty input list (`strs = []`):** Should return `""""`.
2. **List with a single string (`strs = [""flow""]`):** Should return the string itself (`""flow""`).
3. **List containing an empty string (`strs = ["""", ""b""]`):** Should return `""""`.
4. **No common prefix (`strs = [""dog"", ""racecar"", ""car""]`):** Should return `""""`.
5. **All strings are identical (`strs = [""test"", ""test"", ""test""]`):** Should return `""test""`.

**Recommended Approach (Horizontal or Vertical Scanning):**
- **Horizontal Scanning:** 
  1. Handle the edge case of an empty list by returning `""""`.
  2. Assume the first string in the list is the initial `prefix`.
  3. Iterate through the remaining strings in the list.
  4. For each string, use a `while` loop with `str.startswith(prefix)` to shorten the `prefix` from the end until it matches the start of the current string.
  5. If `prefix` ever becomes `""""`, terminate early and return `""""`.
  6. Return the final `prefix` after checking all strings.",none,1,hand_easy
task_010,"Write a function that returns True if a binary tree (given as nested tuples (value, left, right) or None) is height-balanced.","**HANDOFF MESSAGE FOR AGENT B**

**Objective:**
Write a Python function to determine if a binary tree is height-balanced. A binary tree is height-balanced if the left and right subtrees of every node differ in height by no more than 1, and both subtrees are also height-balanced.

**Input representation:**
- Binary trees are represented either as `None` (representing an empty tree) or as nested tuples in the format `(value, left, right)`.

**Function Signature:**
```python
def is_balanced(root) -> bool:
```

**Key Edge Cases to Handle:**
1. `None` (empty tree): Should return `True` (an empty tree is balanced).
2. A single node with no children `(val, None, None)`: Should return `True`.
3. Unbalanced trees at various depths (e.g., left-heavy or right-heavy trees where the height difference exceeds 1).

**Plan / Approach:**
1. Write a helper function (or structure the main function) that computes the height of a subtree and simultaneously checks if it is balanced.
2. For any given node:
   - Recursively compute the height of the left subtree and check if it's balanced.
   - Recursively compute the height of the right subtree and check if it's balanced.
   - If either subtree is unbalanced, or if the absolute difference between their heights is greater than 1, return `False` (along with an invalid height, e.g., `-1`).
   - Otherwise, return `True` and the actual height of the current node: `1 + max(left_height, right_height)`.
3. The main `is_balanced` function will simply call this helper and return the boolean result.",none,1,hand_easy
task_010,"Write a function that returns True if a binary tree (given as nested tuples (value, left, right) or None) is height-balanced.","**HANDOFF MESSAGE FOR AGENT B**

**Objective:**
Write a Python function to determine if a binary tree is height-balanced. A binary tree is height-balanced if the left and right subtrees of every node differ in height by no more than 1, and both subtrees are also height-balanced.

**Input representation:**

**Function Signature:**


**Key Edge Cases to Handle:**

**Plan / Approach:**",tool_result_drop,0,hand_easy
task_010,"Write a function that returns True if a binary tree (given as nested tuples (value, left, right) or None) is height-balanced.",Write a helper function (or structure the main function) that computes the height of a subtree and simultaneously checks if it is balanced.,over_summarization,0,hand_easy
task_011,"Write a function that returns the number of vowels (a, e, i, o, u, case-insensitive) in a string.","**Handoff Message for Agent B**

Your task is to write a Python function that counts the total number of vowels in a given string.

**Function Signature:**
```python
def count_vowels(s: str) -> int:
```

**Requirements & Details:**
- Vowels to count: `a`, `e`, `i`, `o`, `u`.
- Case-insensitivity: Both uppercase and lowercase vowels must be counted (e.g., 'A', 'E', 'I', 'O', 'U' should count just like their lowercase counterparts).
- Return value: An integer representing the total count of vowels found in the string.

**Key Edge Cases to Handle:**
- Empty strings (`""""`) should return `0`.
- Strings with no vowels (e.g., `""rhythm""`) should return `0`.
- Strings with mixed casing and non-alphabetic characters (e.g., `""Hello, World! 123""`) should be handled correctly, only counting the vowels (`e`, `o`, `o`).

**Approach / Plan:**
1. Define a collection (e.g., a set or string) of valid vowels: `""aeiouAEIOU""`.
2. Iterate through each character in the input string `s`.
3. Check if the character is present in the vowel collection.
4. Keep a running count and return it. (A generator expression with `sum()` or a simple loop will work efficiently).",none,1,hand_easy
task_012,Write a function that removes all duplicate elements from a list while preserving the original order of first occurrence.,"**HANDOFF MESSAGE FOR AGENT B**

**Objective:**
Write a Python function that removes all duplicate elements from a given list while strictly preserving the original order of their first occurrence.

**Exact Function Signature:**
```python
def remove_duplicates(input_list: list) -> list:
```

**Key Edge Cases to Handle:**
1. **Empty Lists:** Passing `[]` should return `[]`.
2. **Lists with No Duplicates:** Passing `[1, 2, 3]` should return `[1, 2, 3]` unchanged.
3. **All Elements are Duplicates:** Passing `[5, 5, 5, 5]` should return `[5]`.
4. **Mixed Data Types:** The list may contain a mix of hashable types (integers, strings, floats, tuples). *Note: Assume all elements within the list are hashable.*
5. **Preservation of Order:** The first time an element appears, it stays in that position; all subsequent identical elements must be filtered out.

**Recommended Approach:**
- Utilize Python's `dict.fromkeys(input_list)` method. Since Python 3.7+, dictionaries maintain insertion order, and `fromkeys` efficiently drops duplicate keys while keeping the order of the first occurrence. 
- Cast the result back to a list: `list(dict.fromkeys(input_list))`.
- This approach operates in $O(N)$ time complexity and $O(N)$ space complexity.",none,1,hand_easy
task_012,Write a function that removes all duplicate elements from a list while preserving the original order of first occurrence.,"**HANDOFF MESSAGE FOR AGENT B**

**Objective:**
Write a Python function that removes all duplicate elements from a given list while strictly preserving the original order of their first occurrence.

 **Exact Function Signature:**
```python
def remove_duplicates(input_list: list) -> list:
```

**Key Edge Cases to Handle:**
1. **Empty Lists:** 2. **Lists with No Duplicates:** 3. **All Elements are Duplicates:** 4. **Mixed Data Types:** The list may contain a mix of hashable types (integers, strings, floats, tuples). *Note: Assume all elements within the list are hashable. *
5. **Preservation of Order:** The first time an element appears, it stays in that position; all subsequent identical elements must be filtered out.

 **Recommended Approach:**
- Utilize Python's `dict.fromkeys(input_list)` method. Since Python 3.7+, dictionaries maintain insertion order, and `fromkeys` efficiently drops duplicate keys while keeping the order of the first occurrence. 
 - Cast the result back to a list: `list(dict.fromkeys(input_list))`.
- This approach operates in $O(N)$ time complexity and $O(N)$ space complexity.",entity_omission,0,hand_easy
task_015,Write a function that takes a dictionary and returns a new dictionary with keys and values swapped. Assume all values are unique and hashable.,"TASK: Write a Python function that swaps the keys and values of a given dictionary.

FUNCTION SIGNATURE:
```python
def swap_dict(d: dict) -> dict:
```

REQUIREMENTS & ASSUMPTIONS:
- Input: A dictionary (`d`) where all values are guaranteed to be unique and hashable (so they can validly serve as keys in the new dictionary).
- Output: A new dictionary where each key from the input becomes a value, and each value becomes a key.

EDGE CASES TO CONSIDER:
- Empty dictionary (`{}`): Should return an empty dictionary.
- Dictionary with a single key-value pair.
- Non-string keys/values (e.g., integers, tuples): Ensure they are handled correctly as hashable types.

IMPLEMENTATION PLAN:
- Use a dictionary comprehension to iterate through the `.items()` of the input dictionary.
- Construct and return the new dictionary by mapping `v: k` for each `k, v` in `d.items()`.",none,1,hand_easy
task_017,Write a function that checks if a given integer is a perfect square.,"Agent B, your task is to write a Python function that determines whether a given integer is a perfect square. 

Here are the specifications for your implementation:

- **Function Signature:** `def is_perfect_square(n: int) -> bool:`
- **Behavior:** Return `True` if `n` is a perfect square (i.e., there exists an integer $x$ such that $x^2 = n$), and `False` otherwise.
- **Key Edge Cases to Handle:**
  - Negative numbers (should return `False`, as no real integer squared is negative).
  - Zero (`0` is a perfect square since $0 \times 0 = 0$, should return `True`).
  - Small positive integers (e.g., `1` should return `True`, `2` and `3` should return `False`).
  - Large integers (ensure efficiency and avoid potential integer overflow or precision issues).
- **Plan/Approach:**
  - Immediately check if $n < 0$; if so, return `False`.
  - For $n \ge 0$, you can use integer square root methods (such as binary search or integer arithmetic) or floating-point square root checks (e.g., `int(n**0.5) ** 2 == n`), ensuring you account for floating-point precision limits with very large numbers. Binary search is generally safe and precise for integers.",none,1,hand_easy
task_018,"Write a function that groups a list of strings by their length, returning a dict mapping length -> list of strings of that length.","**HANDOFF MESSAGE FOR AGENT B**

**Objective:**
Write a Python function that takes a list of strings and groups them by their length. The function must return a dictionary where each key is an integer representing the length of the strings, and the value is a list of all strings from the input list that have that length.

**Function Signature:**
```python
def group_by_length(strings: list[str]) -> dict[int, list[str]]:
    pass
```

**Key Edge Cases to Handle:**
1. **Empty input list (`[]`):** Should return an empty dictionary `{}`.
2. **Duplicate strings:** If the input list contains duplicate strings, all instances should be preserved in the resulting list for that length.
3. **Strings with special characters/spaces:** Length should be determined by `len()` (i.e., character count, including spaces).
4. **Order preservation:** While dictionaries maintain insertion order in modern Python, it is good practice to preserve the relative order of strings as they appear in the input list for each length group.

**Plan / Approach:**
1. Initialize an empty dictionary (or use `collections.defaultdict(list)` for cleaner code).
2. Iterate through each string in the input list.
3. Determine the length of the current string using `len()`.
4. Append the string to the list corresponding to that length key in the dictionary.
5. Return the completed dictionary.",none,1,hand_easy
task_019,Write a function that returns the running/cumulative sum of a list of numbers as a new list.,"HANDOFF MESSAGE FOR AGENT B:

Your task is to implement a function that calculates the running (cumulative) sum of a list of numbers and returns it as a new list.

1. Function Signature:
`def running_sum(numbers: list[int | float]) -> list[int | float]:`

2. Requirements & Edge Cases:
- Return a *new* list; do not modify the input list in place.
- Empty list `[]` should return `[]`.
- Single-element list `[x]` should return `[x]`.
- Handle negative numbers and floating-point values correctly.

3. Plan / Approach:
- Initialize a running total variable at 0 (or start with the first element).
- Iterate through the input list, adding each element to the running total and appending the result to a new output list.
- Alternatively, use `itertools.accumulate` or a simple loop to build the new list efficiently in $O(N)$ time.",none,1,hand_easy
task_021,"Write a function that returns True if a list of integers is sorted in non-decreasing order, False otherwise.","Handoff Message for Agent B:

Your task is to write a Python function that checks whether a given list of integers is sorted in non-decreasing order (i.e., each element is greater than or equal to the preceding one).

Function Signature:
`def is_sorted(nums: list[int]) -> bool:`

Key Edge Cases to Handle:
- An empty list (`[]`) should return `True`.
- A list with a single element (`[x]`) should return `True`.
- Lists with duplicate adjacent elements (e.g., `[1, 2, 2, 3]`) are non-decreasing and should return `True`.
- A list with negative numbers or mixed positive/negative integers.

Approach:
Iterate through the list from the first element to the second-to-last element using an index loop or `zip()`. Compare each element to its immediate successor. If any element is strictly greater than the next element, immediately return `False`. If the loop finishes without finding any violations, return `True`. This can be efficiently implemented in $O(n)$ time complexity and $O(1)$ space complexity.",none,1,hand_easy
task_022,"Write a function that converts a Roman numeral string (using I, V, X, L, C, D, M) to an integer.","HANDOFF MESSAGE FOR AGENT B:

Your task is to write a Python function that converts a Roman numeral string into its corresponding integer value. 

### Function Signature:
```python
def roman_to_int(s: str) -> int:
    pass
```

### Roman Numeral Values:
- I = 1
- V = 5
- X = 10
- L = 50
- C = 100
- D = 500
- M = 1000

### Key Rules & Edge Cases:
1. **Subtraction rule:** When a smaller value symbol appears before a larger value symbol, it is subtracted from the larger value (e.g., IV = 4, IX = 9, XL = 40, XC = 90, CD = 400, CM = 900).
2. **Addition rule:** Otherwise, values are added together (e.g., VI = 6, XII = 12, XXVII = 27).
3. **Input constraints:** Assume the input string is a valid Roman numeral ranging from 1 to 3999 (I to MMMCMXCIX). You do not need to handle invalid characters, but ensure standard valid strings parse correctly.
4. **Empty strings / Case sensitivity:** Assume valid uppercase inputs (I, V, X, L, C, D, M).

### Proposed Approach:
1. Create a dictionary mapping each Roman numeral character to its integer value.
2. Iterate through the string from left to right.
3. Compare the value of the current character with the value of the next character.
4. If the current value is less than the next value, subtract the current value from the total.
5. Otherwise, add the current value to the total.
6. Alternatively, iterate from right to left, keeping track of the previous value to decide whether to add or subtract. Return the final accumulated integer.",none,1,hand_easy
task_024,"Write a function that returns the most frequent element in a list. If there's a tie, return the one that appears first in the list.","**Handoff Message for Agent B:**

Please write a Python function that finds and returns the most frequent element in a given list. If there is a tie between multiple elements with the highest frequency, you must return the element that appears first in the input list.

**Function Signature:**
```python
def most_frequent(lst: list):
    """"""
    Returns the most frequent element in the list.
    Ties are broken by returning the element that appears first in the list.
    """"""
    pass
```

**Key Edge Cases to Handle:**
1. **Empty list:** Decide how to handle an empty list (e.g., return `None` or raise a `ValueError`). Please handle it gracefully (e.g., returning `None`).
2. **All elements unique:** If every element appears only once, return the very first element in the list.
3. **Multiple ties:** Ensure that when two or more elements share the maximum frequency, the tie-breaker rule strictly favors the one whose *first appearance* has the lowest index in the original list.
4. **Data types:** The function should work with lists containing standard hashable types (integers, strings, floats, tuples).

**Plan / Approach:**
1. Check if the list is empty; if so, return `None`.
2. Iterate through the list and keep track of the frequency of each element (e.g., using a dictionary or `collections.Counter`). Since Python dictionaries maintain insertion order (Python 3.7+), iterate through the unique elements in the order they first appeared in the list, or iterate through the list elements themselves to find the best candidate.
3. Maintain a variable for the maximum frequency seen so far and the current best element. 
4. As you iterate, update the best element only if a new element's frequency strictly exceeds the current maximum frequency. This naturally preserves the first-to-appear rule in the event of a tie.",none,1,hand_easy
task_026,Write a function that computes the greatest common divisor (GCD) of two positive integers.,"HANDOFF MESSAGE FOR AGENT B:

Your task is to implement a Python function that calculates the greatest common divisor (GCD) of two positive integers. 

Here are the exact requirements:

1. **Function Signature**:
   ```python
   def gcd(a: int, b: int) -> int:
   ```

2. **Description**:
   Compute and return the greatest common divisor of two positive integers, `a` and `b`.

3. **Edge Cases to Handle**:
   - Standard positive integer inputs (e.g., `gcd(48, 18) -> 6`).
   - Inputs where one number is a multiple of the other (e.g., `gcd(10, 5) -> 5`).
   - Coprime numbers where the GCD is 1 (e.g., `gcd(17, 13) -> 1`).
   - Inputs where `a == b` (e.g., `gcd(7, 7) -> 7`).
   - Note: The problem statement specifies *positive* integers, so you do not need to handle zero or negative numbers unless you want to be extra safe, but strictly ensure positive inputs work correctly.

4. **Approach/Plan**:
   - Use the Euclidean algorithm, which is the most efficient and standard way to compute the GCD.
   - The algorithm relies on the principle that the GCD of two numbers also divides their difference. Specifically, `gcd(a, b)` is equivalent to `gcd(b, a % b)`.
   - Implement this iteratively or recursively using a `while` loop:
     ```python
     while b != 0:
         a, b = b, a % b
     return a
     ```",none,1,hand_easy
task_028,Write a function that capitalizes the first letter of each word in a sentence while leaving the rest of each word unchanged.,"HANDOFF MESSAGE FOR AGENT B:

Your task is to write a Python function that capitalizes the first letter of every word in a given sentence, while leaving all other characters in each word completely unchanged.

### Function Signature:
```python
def capitalize_words(sentence: str) -> str:
    """"""
    Capitalizes the first letter of each word in the input sentence.
    Leaves the rest of the characters in each word unchanged.
    """"""
```

### Key Edge Cases to Handle:
1. **Multiple spaces:** Sentences with consecutive spaces, leading spaces, or trailing spaces must preserve the exact spacing.
2. **Empty string:** Passing `""""` should return `""""`.
3. **Already capitalized words:** Words that already start with an uppercase letter should remain unchanged.
4. **Non-alphabetic starting characters:** Words starting with punctuation, numbers, or symbols (e.g., `""-hello""`, `""1st""`) should have their first characters left as-is without raising errors.
5. **Single-word sentences:** Should capitalize just the first letter of that single word.

### Suggested Approach:
1. Instead of using Python's built-in `.title()` method (which aggressively lowers subsequent characters, violating the ""leave the rest unchanged"" rule), split the sentence into words or iterate through the string while keeping track of word boundaries.
2. An effective approach is to use regex (e.g., `re.sub`) or split the string by spaces, apply capitalization to the first character of each non-empty segment, and rejoin them. Alternatively, iterate character by character, capitalizing any character that immediately follows a whitespace.
3. Write unit tests covering the edge cases above to ensure robustness.",none,1,hand_easy
task_030,"Write a function that returns True if a given year is a leap year, following standard Gregorian calendar rules.","HANDOFF MESSAGE FOR AGENT B:

You need to write a Python function that determines whether a given year is a leap year according to the standard Gregorian calendar rules.

Function Signature:
`def is_leap_year(year: int) -> bool:`

Gregorian Calendar Rules:
1. A year is a leap year if it is divisible by 4.
2. However, if the year is also divisible by 100, it is NOT a leap year, UNLESS:
3. The year is also divisible by 400. In that case, it IS a leap year.

Key Edge Cases to Handle:
- Century years not divisible by 400 (e.g., 1700, 1800, 1900) should return `False`.
- Century years divisible by 400 (e.g., 1600, 2000) should return `True`.
- Regular leap years divisible by 4 but not 100 (e.g., 2024, 2020) should return `True`.
- Non-leap years not divisible by 4 (e.g., 2023, 2025) should return `False`.
- Negative years or year 0 (if applicable in context, though standard mathematical handling applies).

Plan/Approach:
Write a concise boolean expression or conditional chain within the function:
- Return `True` if `year % 400 == 0`
- Else, return `False` if `year % 100 == 0`
- Else, return `True` if `year % 4 == 0`
- Otherwise, return `False`.",none,1,hand_easy
task_031,"Write a function `validate_password(pw)` that returns True only if ALL of these hold: length is at least 8 AND at most 20, contains at least one uppercase letter, at least one lowercase letter, at least one digit, at least one symbol from '!@#$%^&*', and contains NO whitespace anywhere. Otherwise return False.","**HANDOFF MESSAGE FOR AGENT B**

**Objective:**
Write a Python function named `validate_password(pw)` that validates a password string against specific complexity and length rules. It must return `True` if all conditions are met, and `False` otherwise.

**Function Signature:**
```python
def validate_password(pw: str) -> bool:
```

**Requirements & Rules (All must hold for `True`):**
1. **Length:** Between 8 and 20 characters inclusive ($8 \le \text{len} \le 20$).
2. **Uppercase:** At least one uppercase letter (`A-Z`).
3. **Lowercase:** At least one lowercase letter (`a-z`).
4. **Digit:** At least one numeric digit (`0-9`).
5. **Symbol:** At least one special symbol from the exact set: `!@#$%^&*`.
6. **No Whitespace:** Must NOT contain any whitespace characters anywhere (spaces, tabs, newlines, etc.).

**Key Edge Cases to Handle:**
- Passwords that are too short ($< 8$ chars) or too long ($> 20$ chars).
- Passwords containing spaces, tabs, or newlines (should immediately return `False`).
- Passwords missing one or more of the required character classes (uppercase, lowercase, digit, allowed symbol).
- Passwords containing symbols *outside* the allowed set `!@#$%^&*` (e.g., `?`, `.`, `-`). While the prompt asks for *at least one* symbol from the set, ensure unexpected characters don't inadvertently break logic, though standard regex/iteration will naturally handle this if checking strictly.

**Recommended Approach:**
1. Check the length of `pw`. If not between 8 and 20, return `False`.
2. Check if `pw` contains any whitespace (e.g., using `any(c.isspace() for c in pw)`). If so, return `False`.
3. Use regular expressions (`re` module) or a combination of generator expressions with `any()` to verify the presence of:
   - At least one uppercase letter: `any(c.isupper() for c in pw)`
   - At least one lowercase letter: `any(c.islower() for c in pw)`
   - At least one digit: `any(c.isdigit() for c in pw)`
   - At least one allowed symbol: `any(c in '!@#$%^&*' for c in pw)`
4. Return `True` only if all these conditions evaluate to `True`.",none,1,hand_hard
task_031,"Write a function `validate_password(pw)` that returns True only if ALL of these hold: length is at least 8 AND at most 20, contains at least one uppercase letter, at least one lowercase letter, at least one digit, at least one symbol from '!@#$%^&*', and contains NO whitespace anywhere. Otherwise return False.","**HANDOFF MESSAGE FOR AGENT B** **Objective:** Write a Python function named `validate_password(pw)` that validates a password string against specific complexity and length rules. It must return `True` if all conditions are met, and `False` otherwise. **Function Signature:** ```python def validate_password(pw: str) -> bool: ``` **Requirements & Rules (All must hold for `True`):** 1. **Length:** Between 8 and 20 characters inclusive ($8 \le \text{len} \le 20$). 2. **Uppercase:** At least one uppercase letter (`A-Z`). 3. **Lowercase:** At least one lowercase letter (`a-z`). 4. **Digit:** At least one numeric digit (`0-9`). 5. **Symbol:** At least",truncation,0,hand_hard
task_031,"Write a function `validate_password(pw)` that returns True only if ALL of these hold: length is at least 8 AND at most 20, contains at least one uppercase letter, at least one lowercase letter, at least one digit, at least one symbol from '!@#$%^&*', and contains NO whitespace anywhere. Otherwise return False.","**HANDOFF MESSAGE FOR AGENT B**

**Objective:**
Write a Python function named  that validates a password string against specific complexity and length rules. It must return  if all conditions are met, and  otherwise.

**Function Signature:**


**Requirements & Rules (All must hold for ):**

**Key Edge Cases to Handle:**

**Recommended Approach:**",tool_result_drop,0,hand_hard
task_031,"Write a function `validate_password(pw)` that returns True only if ALL of these hold: length is at least 8 AND at most 20, contains at least one uppercase letter, at least one lowercase letter, at least one digit, at least one symbol from '!@#$%^&*', and contains NO whitespace anywhere. Otherwise return False.",Use regular expressions (`re` module) or a combination of generator expressions with `any()` to verify the presence of: - At least one uppercase letter: `any(c.isupper() for c in pw)` - At least one lowercase letter: `any(c.islower() for c in pw)` - At least one digit: `any(c.isdigit() for c in pw)` - At least one allowed symbol: `any(c in '!,over_summarization,0,hand_hard
task_032,"Write a function `parse_log_line(line)` that parses a log line in the EXACT format '[LEVEL] timestamp - message' where LEVEL is one of INFO/WARN/ERROR, timestamp is a string like '2024-01-15', and message is the rest. Return a dict with keys 'level', 'timestamp', 'message'. If the line doesn't match this format (wrong brackets, missing ' - ' separator, or LEVEL not one of the three), return None.","HANDOFF MESSAGE FOR AGENT B:

You need to write a Python function that parses a specific log line format and extracts its components into a dictionary.

### Function Signature
```python
def parse_log_line(line: str) -> dict | None:
```

### Format Requirements
The expected exact format is:
`[LEVEL] timestamp - message`

- **LEVEL**: Must be strictly one of `INFO`, `WARN`, or `ERROR`.
- **timestamp**: A string representing the date (e.g., `'2024-01-15'`).
- **message**: The remaining text after the timestamp separator.

### Return Value
- Return a dictionary with keys: `'level'`, `'timestamp'`, and `'message'`.
- Return `None` if the line does not conform to the format.

### Key Edge Cases to Handle
1. **Invalid/Missing Brackets**: Lines not starting with `[` or missing the closing `]` for the level.
2. **Invalid LEVEL**: The level inside the brackets is something other than `INFO`, `WARN`, or `ERROR` (case-sensitive).
3. **Incorrect Separator**: Missing or incorrect spacing/characters around the timestamp separator (specifically, it must be ` - ` separating the timestamp and the message).
4. **Malformed Structure**: Lines that are empty, too short, or missing any of the three required components.

### Suggested Approach
1. Use regular expressions (via the `re` module) for a robust and clean pattern match, or carefully split the string by delimiters.
2. If using regex, a pattern like `r'^\[(INFO|WARN|ERROR)\]\s+(.*?)\s+-\s+(.*)$'` can capture the three components in one go.
3. Validate that the match is successful; if not, return `None`.
4. Construct and return the dictionary with keys `'level'`, `'timestamp'`, and `'message'` using the captured groups.",none,1,hand_hard
task_032,"Write a function `parse_log_line(line)` that parses a log line in the EXACT format '[LEVEL] timestamp - message' where LEVEL is one of INFO/WARN/ERROR, timestamp is a string like '2024-01-15', and message is the rest. Return a dict with keys 'level', 'timestamp', 'message'. If the line doesn't match this format (wrong brackets, missing ' - ' separator, or LEVEL not one of the three), return None.","HANDOFF MESSAGE FOR AGENT B:

You need to write a Python function that parses a specific log line format and extracts its components into a dictionary.

### Function Signature


### Format Requirements
The expected exact format is:



### Return Value

### Key Edge Cases to Handle

### Suggested Approach",tool_result_drop,0,hand_hard
task_032,"Write a function `parse_log_line(line)` that parses a log line in the EXACT format '[LEVEL] timestamp - message' where LEVEL is one of INFO/WARN/ERROR, timestamp is a string like '2024-01-15', and message is the rest. Return a dict with keys 'level', 'timestamp', 'message'. If the line doesn't match this format (wrong brackets, missing ' - ' separator, or LEVEL not one of the three), return None.","**Incorrect Separator**: Missing or incorrect spacing/characters around the timestamp separator (specifically, it must be ` - ` separating the timestamp and the message).",over_summarization,0,hand_hard
task_033,"Write a function `merge_intervals(intervals)` that takes a list of [start, end] intervals (inclusive on both ends) and merges all overlapping or ADJACENT intervals (e.g. [1,3] and [3,5] are adjacent and must merge into [1,5], and so must [1,3] and [4,6] since 3 and 4 are consecutive integers). Return the merged list sorted by start.","**HANDOFF MESSAGE FOR AGENT B**

**Objective:**
Write a Python function that merges a list of intervals. Unlike the standard interval merging problem, you must merge intervals that are **overlapping** OR **adjacent** (where adjacency means one interval ends at $x$ and the next starts at $x+1$, or they are consecutive integers like `[1, 3]` and `[4, 6]`). The final merged list must be sorted by the start values.

**Function Signature:**
```python
def merge_intervals(intervals: list[list[int]]) -> list[list[int]]:
    """"""
    Takes a list of [start, end] intervals and merges overlapping or adjacent ones.
    Returns the merged list sorted by start.
    """"""
```

**Key Edge Cases to Handle:**
1. **Empty Input:** If `intervals` is empty (`[]`), return `[]`.
2. **Single Interval:** If there is only one interval, return it as-is.
3. **Adjacency / Consecutiveness:** `[1, 3]` and `[3, 5]` share a point (3) and must merge to `[1, 5]`. `[1, 3]` and `[4, 6]` are consecutive integers ($3 + 1 = 4$) and must merge to `[1, 6]`.
4. **Unsorted Input:** The input intervals might not be sorted by their start times; you must handle or sort them first.
5. **Fully Contained Intervals:** An interval completely inside another (e.g., `[1, 5]` and `[2, 4]`) should merge correctly into `[1, 5]`.
6. **Multiple Overlaps:** Chains of overlapping/adjacent intervals (e.g., `[[1, 2], [3, 4], [5, 6]]`) should collapse into a single interval `[[1, 6]]`.

**Plan / Approach:**
1. Check if the input list is empty; if so, return `[]`.
2. Sort the `intervals` list based on the starting value of each interval.
3. Initialize a result list with the first interval.
4. Iterate through the remaining intervals one by one:
   - Compare the current interval's start with the last interval's end in your result list.
   - If the current interval's start is **less than or equal to** the last interval's end **+ 1** (this covers both overlap and adjacency/consecutiveness), merge them by updating the end of the last interval in the result to be the maximum of the two ends.
   - Otherwise, there is no overlap or adjacency, so append the current interval to the result list.
5. Return the result list.",none,1,hand_hard
task_033,"Write a function `merge_intervals(intervals)` that takes a list of [start, end] intervals (inclusive on both ends) and merges all overlapping or ADJACENT intervals (e.g. [1,3] and [3,5] are adjacent and must merge into [1,5], and so must [1,3] and [4,6] since 3 and 4 are consecutive integers). Return the merged list sorted by start.","**HANDOFF MESSAGE FOR AGENT B**

**Objective:**
Write a Python function that merges a list of intervals. Unlike the standard interval merging problem, you must merge intervals that are **overlapping** OR **adjacent** (where adjacency means one interval ends at $x$ and the next starts at $x+1$, or they are consecutive integers like  and ). The final merged list must be sorted by the start values.

**Function Signature:**


**Key Edge Cases to Handle:**

**Plan / Approach:**",tool_result_drop,0,hand_hard
task_033,"Write a function `merge_intervals(intervals)` that takes a list of [start, end] intervals (inclusive on both ends) and merges all overlapping or ADJACENT intervals (e.g. [1,3] and [3,5] are adjacent and must merge into [1,5], and so must [1,3] and [4,6] since 3 and 4 are consecutive integers). Return the merged list sorted by start.","- If the current interval's start is **less than or equal to** the last interval's end **+ 1** (this covers both overlap and adjacency/consecutiveness), merge them by updating the end of the last interval in the result to be the maximum of the two ends.",over_summarization,0,hand_hard
task_034,"Write a function `custom_round(x, mode)` that rounds a float x to the nearest integer, where `mode` controls tie-breaking when x is exactly halfway (e.g. 2.5): mode='up' always rounds .5 up (2.5 -> 3, -2.5 -> -2), mode='down' always rounds .5 down (2.5 -> 2, -2.5 -> -3), mode='even' rounds .5 to the nearest even integer (2.5 -> 2, 3.5 -> 4). Non-halfway values round normally regardless of mode.","**Handoff Message for Agent B:**

**Objective:**
Write a Python function named `custom_round(x, mode)` that rounds a float `x` to the nearest integer. The `mode` parameter determines how ties (halfway values ending in `.5`) are broken. Non-halfway values should round normally (e.g., standard mathematical rounding to the nearest integer).

**Function Signature:**
```python
def custom_round(x: float, mode: str) -> int:
```

**Tie-Breaking Modes:**
- `mode='up'`: Always rounds `.5` up toward positive infinity. 
  - Examples: `2.5 -> 3`, `-2.5 -> -2`
- `mode='down'`: Always rounds `.5` down toward negative infinity. 
  - Examples: `2.5 -> 2`, `-2.5 -> -3`
- `mode='even'`: Rounds `.5` to the nearest even integer (银行家舍入 / round half to even). 
  - Examples: `2.5 -> 2`, `3.5 -> 4`, `-2.5 -> -2`

**Key Edge Cases to Handle:**
- Negative numbers with `.5` fractional parts (ensure correct directionality for `up` and `down`).
- Non-halfway numbers (e.g., `2.4`, `2.6`, `-2.6`) should ignore the `mode` and round to the nearest standard integer.
- Whole numbers (e.g., `3.0`) should return `3`.
- Invalid or unexpected `mode` values (optional: raise a `ValueError`).

**Suggested Approach:**
1. Check if the fractional part of `abs(x)` is exactly `0.5` (e.g., `math.isclose(abs(x) % 1, 0.5)` or checking `x % 1 == 0.5`).
2. If it is **not** halfway, use standard rounding (e.g., `round(x)` or `math.floor(x + 0.5)` for positive and equivalent logic).
3. If it **is** halfway:
   - If `mode == 'up'`, use `math.ceil(x)` for positive numbers and `math.floor(x)` for negative numbers (or simply check the sign: positive goes up, negative goes up in magnitude/less negative? Wait, re-verify the prompt examples: `2.5 -> 3`, `-2.5 -> -2`. Notice `-2.5 -> -2` is mathematically *up* towards positive infinity. Therefore, `math.ceil(x)` works for both positive and negative when rounding `.5` up!).
   - If `mode == 'down'`, use `math.floor(x)` for positive and `math.ceil(x)` for negative (wait, `-2.5 -> -3` is towards negative infinity, so `math.floor(x)` works for both positive and negative when rounding `.5` down!).
   - If `mode == 'even'`, use Python's built-in `round(x)` which implements round-half-to-even by default in Python 3.",none,1,hand_hard
task_034,"Write a function `custom_round(x, mode)` that rounds a float x to the nearest integer, where `mode` controls tie-breaking when x is exactly halfway (e.g. 2.5): mode='up' always rounds .5 up (2.5 -> 3, -2.5 -> -2), mode='down' always rounds .5 down (2.5 -> 2, -2.5 -> -3), mode='even' rounds .5 to the nearest even integer (2.5 -> 2, 3.5 -> 4). Non-halfway values round normally regardless of mode.","**Handoff Message for Agent B:**

**Objective:**
Write a Python function named  that rounds a float  to the nearest integer. The  parameter determines how ties (halfway values ending in ) are broken. Non-halfway values should round normally (e.g., standard mathematical rounding to the nearest integer).

**Function Signature:**


**Tie-Breaking Modes:**

**Key Edge Cases to Handle:**

**Suggested Approach:**",tool_result_drop,0,hand_hard
task_034,"Write a function `custom_round(x, mode)` that rounds a float x to the nearest integer, where `mode` controls tie-breaking when x is exactly halfway (e.g. 2.5): mode='up' always rounds .5 up (2.5 -> 3, -2.5 -> -2), mode='down' always rounds .5 down (2.5 -> 2, -2.5 -> -3), mode='even' rounds .5 to the nearest even integer (2.5 -> 2, 3.5 -> 4). Non-halfway values round normally regardless of mode.","If it **is** halfway: - If `mode == 'up'`, use `math.ceil(x)` for positive numbers and `math.floor(x)` for negative numbers (or simply check the sign: positive goes up, negative goes up in magnitude/less negative?",over_summarization,0,hand_hard
task_035,"Write a function `allocate_seats(requests, capacity)` where `requests` is a list of (name, party_size) tuples in priority order. Seat parties in order ONLY if the remaining capacity can fit the whole party (no splitting parties). Return a list of names that got seated, in the order they were seated. Skip (do not seat) any party that doesn't fit, but keep checking later parties against remaining capacity.","**Handoff Message for Agent B**

Your task is to write a Python function that allocates seats for parties based on their priority and venue capacity. 

### Function Signature
```python
def allocate_seats(requests, capacity):
    """"""
    Allocates seats to parties based on priority and remaining capacity.
    
    :param requests: List of tuples, where each tuple is (name: str, party_size: int) in priority order.
    :param capacity: Integer representing the total available seating capacity.
    :return: List of strings (names) of the parties that successfully got seated, in order.
    """"""
```

### Requirements & Behavior
1. **Priority Order:** Process the `requests` list in the exact order provided.
2. **All-or-Nothing Seating:** A party can only be seated if the *entire* party size fits within the remaining capacity. Splitting parties is strictly not allowed.
3. **Skipping:** If a party does not fit, skip them and continue checking subsequent parties against the *current* remaining capacity.
4. **Return Value:** Return a list containing the names of the seated parties, maintaining the order in which they were seated.

### Key Edge Cases to Handle
- **Zero or Negative Capacity:** Should handle capacity `0` or negative values appropriately (returning an empty list).
- **Party Size Exceeds Total Capacity:** A single party larger than the initial capacity should be skipped without breaking the loop.
- **Empty Requests List:** Passing an empty list should return an empty list.
- **Exact Capacity Match:** A party whose size exactly matches the remaining capacity should be successfully seated, leaving a remaining capacity of 0.
- **Zero-Size Parties:** Decide how to handle parties of size 0 if they occur (typically allowed if capacity permits, or skipped).

### Implementation Plan
1. Initialize an empty list `seated_parties` to keep track of successful names.
2. Maintain a variable `remaining_capacity` initialized to the passed `capacity`.
3. Iterate through each `name, party_size` in `requests`.
4. Check if `party_size <= remaining_capacity`.
5. If true:
   - Append `name` to `seated_parties`.
   - Decrement `remaining_capacity` by `party_size`.
6. If false:
   - Skip to the next request.
7. Return `seated_parties` after the iteration completes.",none,1,hand_hard
task_035,"Write a function `allocate_seats(requests, capacity)` where `requests` is a list of (name, party_size) tuples in priority order. Seat parties in order ONLY if the remaining capacity can fit the whole party (no splitting parties). Return a list of names that got seated, in the order they were seated. Skip (do not seat) any party that doesn't fit, but keep checking later parties against remaining capacity.",":param capacity: Integer representing the total available seating capacity.
    :return: List of strings (names) of the parties that successfully got seated, in order.
     **Priority Order:** Process the `requests` list in the exact order provided.
 2. **All-or-Nothing Seating:** A party can only be seated if the *entire* party size fits within the remaining capacity. Splitting parties is strictly not allowed.
 3. **Skipping:** If a party does not fit, skip them and continue checking subsequent parties against the *current* remaining capacity.
 Should handle capacity `0` or negative values appropriately (returning an empty list).
- **Party Size Exceeds Total Capacity:** A single party larger than the initial capacity should be skipped without breaking the loop.
 - **Empty Requests List:** Passing an empty list should return an empty list.
 - **Exact Capacity Match:** A party whose size exactly matches the remaining capacity should be successfully seated, leaving a remaining capacity of 0.
- **Zero-Size Parties:** Decide how to handle parties of size 0 if they occur (typically allowed if capacity permits, or skipped).

 Initialize an empty list `seated_parties` to keep track of successful names.
 2. Maintain a variable `remaining_capacity` initialized to the passed `capacity`.
 3. Iterate through each `name, party_size` in `requests`.
 4. Check if `party_size <= remaining_capacity`.
 5. If true:
   - Append `name` to `seated_parties`.
   - Decrement `remaining_capacity` by `party_size`.
 6. If false:
   - Skip to the next request.
 7. Return `seated_parties` after the iteration completes.",entity_omission,0,hand_hard
task_035,"Write a function `allocate_seats(requests, capacity)` where `requests` is a list of (name, party_size) tuples in priority order. Seat parties in order ONLY if the remaining capacity can fit the whole party (no splitting parties). Return a list of names that got seated, in the order they were seated. Skip (do not seat) any party that doesn't fit, but keep checking later parties against remaining capacity.","**Handoff Message for Agent B**

Your task is to write a Python function that allocates seats for parties based on their priority and venue capacity. 

### Function Signature


### Requirements & Behavior

### Key Edge Cases to Handle

### Implementation Plan",tool_result_drop,0,hand_hard
task_035,"Write a function `allocate_seats(requests, capacity)` where `requests` is a list of (name, party_size) tuples in priority order. Seat parties in order ONLY if the remaining capacity can fit the whole party (no splitting parties). Return a list of names that got seated, in the order they were seated. Skip (do not seat) any party that doesn't fit, but keep checking later parties against remaining capacity.","- **Exact Capacity Match:** A party whose size exactly matches the remaining capacity should be successfully seated, leaving a remaining capacity of 0.",over_summarization,0,hand_hard
task_036,"Write a function `caesar_cipher(text, shift, mode)` implementing a Caesar cipher. mode='encode' shifts each letter forward by `shift` positions in the alphabet (wrapping z->a), mode='decode' shifts backward. Preserve case. Non-letter characters (spaces, punctuation, digits) must remain UNCHANGED and not consume a shift position.","Agent B, your task is to implement a Caesar cipher function based on the following specifications:

**Function Signature:**
`def caesar_cipher(text, shift, mode):`

**Requirements & Behavior:**
- **Parameters:**
  - `text` (str): The input string to process.
  - `shift` (int): The number of positions to shift the letters.
  - `mode` (str): Either `'encode'` or `'decode'`.
- **Core Logic:**
  - If `mode == 'encode'`, shift each letter *forward* in the alphabet by `shift` positions (wrapping 'z' to 'a' and 'Z' to 'A').
  - If `mode == 'decode'`, shift each letter *backward* by `shift` positions.
  - **Case Preservation:** Uppercase letters must remain uppercase, and lowercase letters must remain lowercase.
  - **Non-Letter Characters:** Spaces, punctuation, digits, and any other non-alphabetical characters must remain *completely unchanged* and must **not** consume or affect a shift position.

**Key Edge Cases to Handle:**
- Large shift values (e.g., `shift = 29` or negative shifts) should be handled correctly (typically by using `shift % 26`).
- Empty string input (`text = """"`).
- Strings containing no letters at all (e.g., `""1234!@#""`).
- Mixed case strings.

**Suggested Approach:**
1. Normalize or handle the `shift` using modulo 26 (`shift = shift % 26`).
2. Iterate through each character in `text`.
3. Check if the character is an alphabetical letter (`str.isalpha()`).
4. If it is a letter, determine its base ASCII value ('a' for lowercase, 'A' for uppercase).
5. Apply the shift based on the `mode` (add for encode, subtract for decode) relative to the base, apply `% 26`, and convert back to a character.
6. If it is not a letter, leave it as is.
7. Join the resulting characters into a final string and return it.",none,1,hand_hard
task_036,"Write a function `caesar_cipher(text, shift, mode)` implementing a Caesar cipher. mode='encode' shifts each letter forward by `shift` positions in the alphabet (wrapping z->a), mode='decode' shifts backward. Preserve case. Non-letter characters (spaces, punctuation, digits) must remain UNCHANGED and not consume a shift position.","Agent B, your task is to implement a Caesar cipher function based on the following specifications:

**Function Signature:**


**Requirements & Behavior:**

**Key Edge Cases to Handle:**

**Suggested Approach:**",tool_result_drop,0,hand_hard
task_036,"Write a function `caesar_cipher(text, shift, mode)` implementing a Caesar cipher. mode='encode' shifts each letter forward by `shift` positions in the alphabet (wrapping z->a), mode='decode' shifts backward. Preserve case. Non-letter characters (spaces, punctuation, digits) must remain UNCHANGED and not consume a shift position.","- **Core Logic:** - If `mode == 'encode'`, shift each letter *forward* in the alphabet by `shift` positions (wrapping 'z' to 'a' and 'Z' to 'A').",over_summarization,0,hand_hard
task_037,"Write a function `dedupe_within_window(items, window)` that builds an output list by scanning items left to right: for each item, check the last `window` items ALREADY ADDED to the output (not the original input) -- if the current item's value already appears among those, skip it; otherwise append it to the output. Items outside that recent window of output can repeat freely.","**HANDOFF MESSAGE FOR AGENT B**

Your task is to implement the Python function `dedupe_within_window(items, window)`.

### Function Signature
```python
def dedupe_within_window(items, window):
    """"""
    Scans `items` from left to right and builds an output list.
    For each item, checks if its value exists within the last `window` items 
    ALREADY ADDED to the output. If it does, skip it; otherwise, append it.
    """"""
```

### Requirements & Behavior
- **Input:** 
  - `items`: an iterable or list of hashable elements.
  - `window`: an integer representing the look-back window size in the *output* list.
- **Output:** A new `list` containing the filtered items.
- **Deduplication Logic:** 
  - As you build the output list, for a given current item, look at the tail of the output list of length `window` (i.e., `output[-window:]` if `window > 0`). 
  - If the current item is present in that slice, **skip** it.
  - Otherwise, **append** it to the output.
  - Items that appeared earlier in the output but are *outside* the current `window` slice are allowed to repeat.

### Key Edge Cases to Handle
1. **`window <= 0`**: If `window` is zero or negative, no recent output elements should block new ones (or no lookback), meaning the function should effectively return all items (or handle it gracefully without filtering out valid items).
2. **`window` larger than current output length**: If the output list has fewer than `window` items so far, check all items currently in the output list.
3. **Empty input (`items = []`)**: Should return an empty list `[]`.
4. **Duplicate types/types of items**: Items are hashable (standard types like ints, strings, tuples).

### Suggested Approach
1. Initialize an empty list `output = []`.
2. Iterate through each `item` in `items`:
   - Determine the subset of recent output items to check: `recent = output[-window:]` (if `window > 0`, else `[]`).
   - Check if `item in recent`. (Tip: using a `set` or keeping a sliding window structure can optimize lookups if performance matters, though a simple slice lookup `item in output[-window:]` works fine for moderate sizes. For efficiency with large windows, a deque or set-based frequency tracker over the sliding window can be used, but ensure correctness first).
   - If not found in `recent`, append `item` to `output`.
3. Return `output`.",none,1,hand_hard
task_038,"Write a function `budget_split(total, ratios)` that splits an integer `total` amount among parties according to a list of integer `ratios` (e.g. [2, 3, 5] means 2:3:5). Splits must be integers and must sum EXACTLY to total -- distribute any remainder (due to integer division) one unit at a time to the parties with the LARGEST ratio first, in order of ratio descending, ties broken by original index.","## Handoff Message for Agent B

### Function to Build
Write a Python function named `budget_split(total, ratios)` that divides an integer `total` amount among multiple parties based on a provided list of integer `ratios`. The resulting split amounts must be integers and must sum **EXACTLY** to `total`. Any remainder caused by integer division must be distributed one unit at a time to the parties with the **largest ratio first**, with ties broken by the **original index** (earlier index gets the remainder first).

### Exact Signature
```python
def budget_split(total: int, ratios: list[int]) -> list[int]:
    pass
```

### Key Requirements & Edge Cases
1. **Exact Sum:** The returned list of integers must sum precisely to `total`.
2. **Proportional Base:** Each party initially receives `(total * ratio) // sum(ratios)`.
3. **Remainder Distribution:** The leftover amount (`total - sum(initial_splits)`) must be distributed in increments of 1.
   - Priority 1: Highest `ratio` values first (descending order).
   - Priority 2: If ratios are tied, the party with the **smaller original index** gets priority (stable sorting based on original index).
4. **Edge Cases to Handle:**
   - Empty `ratios` list (though typically inputs are valid, ensure no division by zero if sum is 0).
   - `total` is smaller than `len(ratios)` or zero.
   - All ratios are equal.

### Recommended Plan / Approach
1. Compute `total_ratio = sum(ratios)`.
2. Calculate the base integer share for each party: `base[i] = (total * ratios[i]) // total_ratio`.
3. Compute the current sum of base shares and determine the `remainder = total - sum(base)`.
4. Create a list of tuples/objects representing each party: `(ratio, -original_index, original_index)` or similar structure so you can sort them to find who gets the remainder units. Specifically, sort parties by:
   - `ratio` descending
   - `original_index` ascending
5. Iterate through the top `remainder` parties from this sorted order and add `1` to their respective base share.
6. Return the adjusted shares in their **original order**.",none,1,hand_hard
task_039,"Write a function `find_missing_ranges(nums, lo, hi)` that, given a SORTED list of unique integers `nums` and bounds `lo`/`hi` (inclusive), returns a list of [start, end] ranges (inclusive) representing all integers in [lo, hi] that are MISSING from nums. Single missing numbers should still be represented as [x, x].","AGENT B HANDOFF: MISSING RANGES PROBLEM

Your task is to write a Python function that finds all missing number ranges within a given inclusive bound $[lo, hi]$ that are not present in a sorted list of unique integers `nums`.

### Function Signature
```python
def find_missing_ranges(nums: list[int], lo: int, hi: int) -> list[list[int]]:
```

### Requirements & Behavior
- `nums` is a sorted list of unique integers.
- `lo` and `hi` are integers representing the inclusive lower and upper bounds of the range we care about.
- Return a list of lists, where each sublist represents an inclusive missing range `[start, end]`.
- Single missing numbers must be represented as `[x, x]`.
- If no numbers are missing within `lo` and `hi`, return an empty list `[]`.

### Key Edge Cases to Handle
1. **Empty `nums` list:** If `nums` is empty, the entire range `[lo, hi]` is missing.
2. **Bounds outside `nums`:** `lo` can be smaller than the first element of `nums`, and `hi` can be larger than the last element of `nums`.
3. **`lo` and `hi` strictly equal to elements:** Ensure boundary conditions don't produce off-by-one errors (e.g., a missing number just before `nums[0]` or just after `nums[-1]`).
4. **Already complete:** If `nums` contains every integer from `lo` to `hi`, return `[]`.

### Suggested Approach
1. Initialize a variable `next_expected` to `lo`. You can also conceptually think of the search space as bounded by `lo - 1` and `hi + 1` to easily capture gaps at the very beginning or end.
2. Iterate through each number `num` in `nums`:
   - If `num > next_expected`, it means there is a gap. The missing range is `[next_expected, num - 1]`. Append this range to your results list.
   - Update `next_expected` to `num + 1`.
3. After the loop, check if `next_expected <= hi`. If so, there is a final missing range from `next_expected` to `hi`. Append `[next_expected, hi]` to your results list.
4. Return the results list.",none,1,hand_hard
task_039,"Write a function `find_missing_ranges(nums, lo, hi)` that, given a SORTED list of unique integers `nums` and bounds `lo`/`hi` (inclusive), returns a list of [start, end] ranges (inclusive) representing all integers in [lo, hi] that are MISSING from nums. Single missing numbers should still be represented as [x, x].","AGENT B HANDOFF: MISSING RANGES PROBLEM

Your task is to write a Python function that finds all missing number ranges within a given inclusive bound $[lo, hi]$ that are not present in a sorted list of unique integers .

### Function Signature


### Requirements & Behavior

### Key Edge Cases to Handle

### Suggested Approach",tool_result_drop,0,hand_hard
task_039,"Write a function `find_missing_ranges(nums, lo, hi)` that, given a SORTED list of unique integers `nums` and bounds `lo`/`hi` (inclusive), returns a list of [start, end] ranges (inclusive) representing all integers in [lo, hi] that are MISSING from nums. Single missing numbers should still be represented as [x, x].","Your task is to write a Python function that finds all missing number ranges within a given inclusive bound $[lo, hi]$ that are not present in a sorted list of unique integers `nums`.",over_summarization,0,hand_hard
task_040,"Write a function `safe_divide_chain(numbers)` that takes a list and divides them left to right (numbers[0] / numbers[1] / numbers[2] / ...) using FLOAT division. If at any point a division by zero would occur, return the string 'undefined' instead of raising an error. If the list has fewer than 2 elements, return the single element (or None for empty list).","**HANDOFF MESSAGE FOR AGENT B**

Your task is to write a Python function called `safe_divide_chain(numbers)`. 

### Function Signature
```python
def safe_divide_chain(numbers):
```

### Requirements & Behavior
- The function takes a list of numbers (`numbers`).
- It performs sequential division from left to right: `(((numbers[0] / numbers[1]) / numbers[2]) / ...)`.
- Always use **float division** (`/`).
- If a division by zero is encountered at any step, immediately halt the operation and return the string `'undefined'`.

### Edge Cases to Handle
1. **Empty list (`[]`)**: Return `None`.
2. **Single-element list (`[x]`)**: Return that single element (`x`).
3. **Zero in the denominator**: For example, `[10, 2, 0]` should return `'undefined'` because `(10 / 2) / 0` involves division by zero.
4. **Zero in the numerator with a valid denominator**: E.g., `[0, 5, 2]` should evaluate correctly to `0.0`.

### Proposed Plan / Approach
1. Check the length of `numbers`. 
   - If empty (`len(numbers) == 0`), return `None`.
   - If length is 1 (`len(numbers) == 1`), return `numbers[0]`.
2. Initialize a running result `res` with `float(numbers[0])` (or just `numbers[0]`).
3. Iterate through the rest of the list using a loop starting from index 1 (`for x in numbers[1:]:`).
4. Inside the loop, check if the current element `x` is `0` (or `0.0`). If it is, return `'undefined'`.
5. Otherwise, update `res = res / x`.
6. Return the final `res`.",none,1,hand_hard
task_040,"Write a function `safe_divide_chain(numbers)` that takes a list and divides them left to right (numbers[0] / numbers[1] / numbers[2] / ...) using FLOAT division. If at any point a division by zero would occur, return the string 'undefined' instead of raising an error. If the list has fewer than 2 elements, return the single element (or None for empty list).","**HANDOFF MESSAGE FOR AGENT B** Your task is to write a Python function called `safe_divide_chain(numbers)`. ### Function Signature ```python def safe_divide_chain(numbers): ``` ### Requirements & Behavior - The function takes a list of numbers (`numbers`). - It performs sequential division from left to right: `(((numbers[0] / numbers[1]) / numbers[2]) / ...)`. - Always use **float division** (`/`). - If a division by zero is encountered at any step,",truncation,0,hand_hard
task_040,"Write a function `safe_divide_chain(numbers)` that takes a list and divides them left to right (numbers[0] / numbers[1] / numbers[2] / ...) using FLOAT division. If at any point a division by zero would occur, return the string 'undefined' instead of raising an error. If the list has fewer than 2 elements, return the single element (or None for empty list).","**HANDOFF MESSAGE FOR AGENT B**

Your task is to write a Python function called . 

### Function Signature


### Requirements & Behavior

### Edge Cases to Handle

### Proposed Plan / Approach",tool_result_drop,0,hand_hard
task_040,"Write a function `safe_divide_chain(numbers)` that takes a list and divides them left to right (numbers[0] / numbers[1] / numbers[2] / ...) using FLOAT division. If at any point a division by zero would occur, return the string 'undefined' instead of raising an error. If the list has fewer than 2 elements, return the single element (or None for empty list).",Iterate through the rest of the list using a loop starting from index 1 (`for x in numbers[1:]:`).,over_summarization,0,hand_hard
task_041,"Write a function `normalize_whitespace(text)` that collapses any run of whitespace (spaces, tabs, newlines) into a SINGLE space, strips leading/trailing whitespace, but PRESERVES exactly one blank line (represented as '\n\n' in output) wherever the original text had two or more consecutive newlines, treating that as a paragraph break separate from normal whitespace collapsing.","**HANDOFF MESSAGE FOR AGENT B**

**Objective:**
Write a Python function named `normalize_whitespace(text)` that cleans up whitespace in a given string according to specific paragraph-preserving rules.

**Exact Signature:**
```python
def normalize_whitespace(text: str) -> str:
```

**Requirements & Rules:**
1. **Paragraph Breaks:** Exactly one blank line (`'\n\n'`) must be preserved wherever the original text contained two or more consecutive newlines (or blank lines). Treat these as paragraph breaks separate from normal whitespace collapsing.
2. **Whitespace Collapsing:** Within each paragraph (the text between paragraph breaks), collapse any run of arbitrary whitespace (spaces, tabs, newlines, etc.) into a *single space*.
3. **Stripping:** Strip leading and trailing whitespace from the final output (and ensure paragraphs themselves don't have leading/trailing stray spaces internally after normalization).

**Edge Cases to Handle:**
- Input with only whitespace/newlines should result in an empty string `""""` (or appropriately stripped).
- Multiple consecutive blank lines (3+ newlines) should collapse down to a single paragraph break (`'\n\n'`).
- Text with no newlines at all (just a single block of text with mixed spaces/tabs) should collapse to a single line with single spaces.
- Empty string input `""""`.

**Suggested Approach:**
1. Split the input text by paragraph breaks (e.g., using a regex that matches two or more consecutive newlines, possibly with spaces in between: `r'\n\s*\n\s*'` or similar).
2. For each resulting paragraph block:
   - Replace all internal whitespace runs (spaces, tabs, single newlines) with a single space (`"" ""`).
   - Strip leading and trailing spaces from the normalized block.
3. Filter out any empty blocks that might result from excessive newline splitting.
4. Join the processed paragraph blocks back together using `'\n\n'`.
5. Return the final stripped string.",none,1,hand_hard
task_041,"Write a function `normalize_whitespace(text)` that collapses any run of whitespace (spaces, tabs, newlines) into a SINGLE space, strips leading/trailing whitespace, but PRESERVES exactly one blank line (represented as '\n\n' in output) wherever the original text had two or more consecutive newlines, treating that as a paragraph break separate from normal whitespace collapsing.",- Text with no newlines at all (just a single block of text with mixed spaces/tabs) should collapse to a single line with single spaces.,over_summarization,0,hand_hard
task_042,"Write a function `stack_based_eval(tokens)` that evaluates a Reverse Polish Notation expression given as a list of string tokens (numbers and operators +, -, *, /). Division must be INTEGER division truncating toward zero (e.g. -7 // 2 in RPN should give -3, not Python's default -4). Return the final integer result.","Handoff Message for Agent B:

You need to implement a Python function that evaluates a Reverse Polish Notation (RPN) expression given as a list of string tokens.

**Function Signature:**
```python
def stack_based_eval(tokens: list[str]) -> int:
```

**Requirements & Details:**
- **Inputs:** A list of strings representing the RPN expression. Tokens can be integers (positive or negative, represented as strings) and operators: `+`, `-`, `*`, `/`.
- **Output:** Return the final integer result of the evaluated expression.
- **Division Rule:** Division (`/`) must be **integer division truncating toward zero**. Note that Python's standard floor division (`//`) rounds toward negative infinity (e.g., `-7 // 2` is `-4`), whereas truncation toward zero means `-7 / 2` should result in `-3`. You can achieve this in Python by performing standard float division and casting to an integer, or using `int(a / b)`.

**Approach / Plan:**
1. Initialize an empty stack to keep track of operands.
2. Iterate through each token in the `tokens` list:
   - If the token is an operator (`+`, `-`, `*`, `/`), pop the top two operands from the stack. Be careful with the order: the second popped value is the left operand, and the first popped value is the right operand (i.e., `left op right`).
   - Apply the operator and push the resulting integer back onto the stack.
   - If the token is a number, convert it to an integer and push it onto the stack.
3. After processing all tokens, the single remaining element in the stack is the final result. Pop and return it.

**Edge Cases to Consider:**
- Division by zero (though standard RPN problems usually guarantee valid inputs, ensure your logic is robust).
- Expressions with negative numbers and negative results, ensuring truncation toward zero for division.
- Single-token inputs (e.g., just `[""5""]`).",none,1,hand_hard
task_042,"Write a function `stack_based_eval(tokens)` that evaluates a Reverse Polish Notation expression given as a list of string tokens (numbers and operators +, -, *, /). Division must be INTEGER division truncating toward zero (e.g. -7 // 2 in RPN should give -3, not Python's default -4). Return the final integer result.","Be careful with the order: the second popped value is the left operand, and the first popped value is the right operand (i.e., `left op right`).",over_summarization,0,hand_hard
task_043,"Write a function `schedule_meetings(meetings)` where `meetings` is a list of (start, end) tuples in 24hr integer hours. Return True if NONE of the meetings overlap (touching endpoints like (9,10) and (10,11) do NOT count as overlapping), False if any two overlap.","HANDOFF MESSAGE FOR AGENT B:

You need to write a Python function that checks whether a given list of meeting time intervals contains any overlaps. 

Here are the requirements and specifications for the task:

1. **Function Signature:**
   `def schedule_meetings(meetings: list[tuple[int, int]]) -> bool`

2. **Functionality:**
   - The input `meetings` is a list of tuples, where each tuple represents a meeting's `(start, end)` time in 24-hour integer format.
   - Return `True` if **none** of the meetings overlap.
   - Return `False` if **any** two meetings overlap.

3. **Key Edge Cases & Rules:**
   - **Touching Endpoints:** Meetings that share an endpoint do **NOT** count as overlapping. For example, a meeting ending at `10` and another starting at `10` (e.g., `(9, 10)` and `(10, 11)`) are considered valid (non-overlapping).
   - **Unsorted Input:** The input list of meetings may not be sorted chronologically. You should handle meetings provided in any order.
   - **Empty or Single Meeting:** An empty list `[]` or a list with a single meeting `[(9, 10)]` should return `True` since no overlaps are possible.
   - **Duplicate Meetings or Subsets:** Handle identical time slots or fully nested intervals correctly (these definitely count as overlaps).

4. **Recommended Approach:**
   - First, handle edge cases where the list has 0 or 1 element (return `True`).
   - Sort the `meetings` list primarily by the start times.
   - Iterate through the sorted meetings starting from the second element. Compare the start time of the current meeting with the end time of the previous meeting.
   - If a current meeting's start time is strictly less than the previous meeting's end time (`current_start < prev_end`), an overlap exists—return `False`.
   - If the loop finishes without finding any overlaps, return `True`.",none,1,hand_hard
task_043,"Write a function `schedule_meetings(meetings)` where `meetings` is a list of (start, end) tuples in 24hr integer hours. Return True if NONE of the meetings overlap (touching endpoints like (9,10) and (10,11) do NOT count as overlapping), False if any two overlap.","HANDOFF MESSAGE FOR AGENT B:

You need to write a Python function that checks whether a given list of meeting time intervals contains any overlaps. 

Here are the requirements and specifications for the task:

   


",tool_result_drop,0,hand_hard
task_044,"Write a function `parse_version(v)` that parses a version string like '1.2.3' into a tuple of 3 integers (major, minor, patch). Missing parts default to 0 (e.g. '1.2' -> (1,2,0), '1' -> (1,0,0)). Then write a SECOND function `compare_versions(v1, v2)` that returns -1 if v1 < v2, 0 if equal, 1 if v1 > v2, comparing major first, then minor, then patch, using parse_version internally.","Agent B, your task is to implement two version-handling functions in Python. Here are the full specifications and requirements:

### 1. Function `parse_version(v)`
* **Purpose:** Parses a version string into a tuple of 3 integers representing `(major, minor, patch)`.
* **Signature:** `def parse_version(v: str) -> tuple[int, int, int]:`
* **Behavior / Edge Cases:**
  * Split the input string by dots (`.`).
  * Convert each present part to an integer.
  * Missing parts must default to `0`. 
  * Examples:
    * `'1.2.3'` -> `(1, 2, 3)`
    * `'1.2'` -> `(1, 2, 0)`
    * `'1'` -> `(1, 0, 0)`
  * Assume standard well-formed dot-separated numeric version strings (non-numeric suffixes or complex pre-release tags are not required unless handled gracefully, but strictly focus on standard numeric components).

### 2. Function `compare_versions(v1, v2)`
* **Purpose:** Compares two version strings using `parse_version` internally.
* **Signature:** `def compare_versions(v1: str, v2: str) -> int:`
* **Behavior:**
  * Must call `parse_version(v1)` and `parse_version(v2)`.
  * Compares major version first, then minor, then patch.
  * Returns:
    * `-1` if `v1 < v2`
    * `0` if `v1 == v2`
    * `1` if `v1 > v2`
  * Python's built-in tuple comparison (`<`, `==`, `>`) on the parsed tuples will naturally handle this major-minor-patch hierarchy correctly.

### Implementation Plan
1. Implement `parse_version(v)` by splitting the string on `'.'`. Extend or pad the resulting list of integers with zeros until its length is exactly 3, then convert it to a tuple.
2. Implement `compare_versions(v1, v2)` by parsing both strings into tuples `t1` and `t2`. Compare `t1` and `t2`, returning `-1`, `0`, or `1` appropriately (using a simple conditional or `(t1 > t2) - (t1 < t2)`).",none,1,hand_hard
task_044,"Write a function `parse_version(v)` that parses a version string like '1.2.3' into a tuple of 3 integers (major, minor, patch). Missing parts default to 0 (e.g. '1.2' -> (1,2,0), '1' -> (1,0,0)). Then write a SECOND function `compare_versions(v1, v2)` that returns -1 if v1 < v2, 0 if equal, 1 if v1 > v2, comparing major first, then minor, then patch, using parse_version internally.","* **Signature:** `def parse_version(v: str) -> tuple[int, int, int]:` * **Behavior / Edge Cases:** * Split the input string by dots (`.`).",over_summarization,0,hand_hard
task_045,"Write a function `token_bucket_allow(events, capacity, refill_rate)` simulating a rate limiter. `events` is a sorted list of integer timestamps (seconds) at which requests arrive. Start with `capacity` tokens. Each event consumes 1 token if available (allowed), else it's rejected. Tokens refill at `refill_rate` tokens per second (capped at `capacity`), calculated based on elapsed time since the last event. Return a list of booleans, one per event, indicating whether it was allowed.","**Handoff Message for Agent B:**

**Goal:**
Build a function that simulates a token bucket rate limiter given a sorted list of event timestamps, a maximum bucket capacity, and a token refill rate. 

**Exact Function Signature:**
```python
def token_bucket_allow(events: list[int], capacity: float, refill_rate: float) -> list[bool]:
```

**Function Requirements & Logic:**
1. **Initial State:** The bucket starts completely full at the very first event, meaning `current_tokens = capacity`. 
2. **Refill Mechanism:** When a new event arrives at timestamp $t_i$, calculate the elapsed time $\Delta t = t_i - t_{prev}$ since the previous event. Add new tokens equal to $\Delta t \times \text{refill\_rate}$. 
3. **Capacity Cap:** The number of tokens cannot exceed `capacity`. If the refill causes `current_tokens` to exceed `capacity`, cap it at `capacity`.
4. **Event Processing:** 
   - For each event, after refilling, check if `current_tokens >= 1`.
   - If yes, consume 1 token (`current_tokens -= 1`) and record `True` (allowed).
   - If no, record `False` (rejected, tokens remain unchanged).
   - Update $t_{prev}$ to the current event's timestamp.

**Key Edge Cases to Handle:**
- **Empty `events` list:** Return an empty list `[]`.
- **Simultaneous events:** If multiple events occur at the exact same timestamp ($\Delta t = 0$), no tokens are refilled between them.
- **Floating point precision:** `capacity` and `refill_rate` may be floats; handle token calculations carefully to avoid tiny floating-point inaccuracies.
- **Large gaps in time:** Ensure that even if a very long time passes between events, the token count is correctly capped at `capacity` rather than overflowing.",none,1,hand_hard
task_046,"Write a function `chunk_list(items, size)` that splits a list into consecutive chunks of exactly `size` elements each. The LAST chunk, if it has fewer than `size` elements, should be DROPPED entirely (not included as a partial chunk). If `size` is 0 or negative, return an empty list.","**HANDOFF MESSAGE FOR AGENT B**

**Objective:**
Write a Python function named `chunk_list(items, size)` that splits a given list into consecutive chunks where each chunk contains exactly `size` elements. 

**Exact Signature:**
```python
def chunk_list(items: list, size: int) -> list:
```

**Key Requirements & Edge Cases to Handle:**
1. **Drop Partial Last Chunks:** If the total number of items does not divide evenly by `size`, the remaining elements at the end (fewer than `size` elements) must be completely dropped and not included in the output.
2. **Invalid Size (`size <= 0`):** If `size` is 0 or a negative number, the function must immediately return an empty list `[]`.
3. **Empty Input List (`items` is empty):** Should return `[]`.
4. **Size Greater Than List Length:** If `size` is greater than the total number of items in `items`, the function should drop everything and return `[]`.

**Implementation Plan / Approach:**
1. Check if `size <= 0`. If true, return `[]`.
2. Determine the total number of full chunks possible using integer division or a loop: iterate through the `items` list with a step of `size` (i.e., `range(0, len(items) - len(items) % size, size)` or simply slice within bounds).
3. Alternatively, use a list comprehension or generator expression:
   `[items[i:i + size] for i in range(0, len(items) - (len(items) % size), size)]` (ensure this handles cases where `len(items) % size == len(items)` correctly, or filter chunks strictly by `len(chunk) == size`).
4. Ensure the returned structure is a list of lists containing the exact `size` elements.",none,1,hand_hard
task_046,"Write a function `chunk_list(items, size)` that splits a list into consecutive chunks of exactly `size` elements each. The LAST chunk, if it has fewer than `size` elements, should be DROPPED entirely (not included as a partial chunk). If `size` is 0 or negative, return an empty list.","**HANDOFF MESSAGE FOR AGENT B**

**Objective:**
Write a Python function named  that splits a given list into consecutive chunks where each chunk contains exactly  elements. 

**Exact Signature:**


**Key Requirements & Edge Cases to Handle:**

**Implementation Plan / Approach:**
    (ensure this handles cases where  correctly, or filter chunks strictly by ).",tool_result_drop,0,hand_hard
task_047,"Write a function `resolve_aliases(mapping)` where `mapping` is a dict of string -> string that may contain CHAINS of aliases (e.g. {'a': 'b', 'b': 'c'} means a resolves to c). Return a new dict where every key maps directly to its FINAL value (the one that isn't itself a key in the mapping). If a cycle is detected (e.g. a->b->a), map that key to None instead of looping forever.","**Handoff Message for Agent B**

Your task is to write a Python function that resolves alias chains in a dictionary.

### Function Signature
```python
def resolve_aliases(mapping: dict[str, str]) -> dict[str, str | None]:
```

### Requirements & Behavior
1. **Input**: A dictionary (`mapping`) mapping strings to strings, representing direct aliases (e.g., `{'a': 'b', 'b': 'c'}`).
2. **Output**: A new dictionary where every original key maps directly to its *final* value. The final value is the end of the alias chain—meaning it is a value that does *not* appear as a key in the original `mapping`.
3. **Cycle Detection**: If an alias chain contains a cycle (e.g., `a -> b -> a` or a self-reference `a -> a`), any key involved in that cycle must map to `None` in the returned dictionary instead of causing an infinite loop.

### Key Edge Cases to Handle
- **Simple chains**: `{'a': 'b', 'b': 'c'}` -> `{'a': 'c', 'b': 'c'}` (Note: intermediate keys in the chain should also point to the final value).
- **Cycles**: `{'a': 'b', 'b': 'a'}` -> `{'a': None, 'b': None}`.
- **Self-reference**: `{'a': 'a'}` -> `{'a': None}`.
- **Values not in keys**: If a value points to something outside the dictionary (e.g., `{'a': 'b'}` where `'b'` is not a key), then `'b'` is already the final value -> `{'a': 'b'}`.
- **Empty dictionary**: `{}` -> `{}`.

### Suggested Approach
1. Iterate through each key in the `mapping`.
2. For each key, resolve its final value by following the chain. 
3. Use a visited set or path-tracking list for the current traversal to detect cycles. If a key is encountered twice during the traversal of a single chain, mark all keys in that chain (or set their resolution) to `None`.
4. To optimize and avoid re-evaluating long chains, you can memoize the resolved values for keys as you compute them.
5. Build and return the new dictionary.",none,1,hand_hard
task_047,"Write a function `resolve_aliases(mapping)` where `mapping` is a dict of string -> string that may contain CHAINS of aliases (e.g. {'a': 'b', 'b': 'c'} means a resolves to c). Return a new dict where every key maps directly to its FINAL value (the one that isn't itself a key in the mapping). If a cycle is detected (e.g. a->b->a), map that key to None instead of looping forever.","- **Values not in keys**: If a value points to something outside the dictionary (e.g., `{'a': 'b'}` where `'b'` is not a key), then `'b'` is already the final value -> `{'a': 'b'}`.",over_summarization,0,hand_hard
task_048,"Write a function `weighted_median(values, weights)` that computes the weighted median of a list of numbers with corresponding weights. The weighted median is the smallest value v such that the sum of weights for all elements <= v is at least half the total weight. Assume values and weights are parallel lists of the same length, all weights positive.","**HANDOFF MESSAGE FOR AGENT B**

**Objective:**
Write a Python function that calculates the weighted median of a given list of numerical values and their corresponding positive weights. 

**Exact Function Signature:**
```python
def weighted_median(values, weights):
    """"""
    Computes the weighted median of a list of numbers with corresponding weights.
    
    Parameters:
    values (list): A list of numerical values.
    weights (list): A list of positive numeric weights, parallel to values.
    
    Returns:
    The weighted median (scalar value).
    """"""
```

**Definition & Logic:**
The weighted median is defined as the smallest value $v$ in `values` such that the cumulative sum of weights for all elements $\le v$ is at least half of the total weight ($\sum \text{weights} / 2$).

**Key Edge Cases to Handle:**
1. **Parallel sorting:** `values` and `weights` must be sorted together based on the values in ascending order.
2. **Single element:** If `values` has only one element, return that element.
3. **Equal weights vs. unequal weights:** Ensure standard floating-point or integer division is handled correctly for the total weight threshold.
4. **Input validation (optional/good practice):** Assume inputs are valid parallel lists of equal length with positive weights as stated, but ensure robust indexing.

**Brief Plan / Approach:**
1. Combine `values` and `weights` into pairs (e.g., using `zip`) and sort them by the `values` in ascending order.
2. Calculate the total sum of all weights.
3. Determine the half-total weight threshold (`total_weight / 2.0`).
4. Iterate through the sorted pairs while maintaining a running cumulative sum of the weights.
5. Return the first `value` where the cumulative weight is greater than or equal to the half-total weight threshold.",none,1,hand_hard
task_050,"Write a function `next_business_day(day_of_week)` that takes an integer 0-6 (0=Monday, 6=Sunday) representing today, and returns the integer for the NEXT business day (Mon-Fri only). Friday(4) and Saturday(5) both roll to Monday(0); Sunday(6) rolls to Monday(0) too.","Handoff Message for Agent B:

Please implement a Python function that calculates the next business day given a current day of the week. 

- **Function Signature:** `next_business_day(day_of_week: int) -> int`
- **Input:** An integer from 0 to 6 representing the current day of the week, where 0=Monday, 1=Tuesday, 2=Wednesday, 3=Thursday, 4=Friday, 5=Saturday, and 6=Sunday.
- **Output:** An integer (0-6) representing the next business day (Monday through Friday).

**Rules & Edge Cases:**
- Monday (0) -> Tuesday (1)
- Tuesday (1) -> Wednesday (2)
- Wednesday (2) -> Thursday (3)
- Thursday (3) -> Friday (4)
- Friday (4) -> Monday (0)
- Saturday (5) -> Monday (0)
- Sunday (6) -> Monday (0)

**Proposed Approach:**
Use a simple mapping or modulo arithmetic. Since Monday-Thursday (0-3) just increment by 1 (`(day + 1) % 7`), and Friday-Sunday (4-6) all roll over to Monday (0), you can handle this with a conditional check: if the input is `>= 4`, return `0`; otherwise, return `day + 1`.",none,1,hand_hard
task_050,"Write a function `next_business_day(day_of_week)` that takes an integer 0-6 (0=Monday, 6=Sunday) representing today, and returns the integer for the NEXT business day (Mon-Fri only). Friday(4) and Saturday(5) both roll to Monday(0); Sunday(6) rolls to Monday(0) too.",Please implement a Python function that calculates the next business day given a current day of the week.,over_summarization,0,hand_hard
task_051,"Write a function `sparse_matrix_multiply(a, b)` that multiplies two matrices represented as dicts mapping (row, col) -> nonzero value (missing entries are 0). `a` is m x n, `b` is n x p. Return the result in the SAME sparse dict format, with ZERO entries in the result explicitly EXCLUDED (not stored as 0).","### Handoff Message for Agent B

Your task is to implement a sparse matrix multiplication function. 

#### Function Signature
```python
def sparse_matrix_multiply(a, b):
    """"""
    Multiplies two sparse matrices represented as dictionaries.
    
    :param a: Dict representing matrix A of shape m x n. 
              Keys are (row, col) tuples, values are nonzero numbers.
    :param b: Dict representing matrix B of shape n x p. 
              Keys are (row, col) tuples, values are nonzero numbers.
    :return: Dict representing the result matrix (m x p) in the same sparse format.
    """"""
```

#### Requirements & Approach
1. **Representation**: 
   - Matrices are dictionaries where keys are `(row, col)` and values are nonzero elements. Missing entries are implicitly 0.
   - The result must be returned in the exact same format.
   - **Crucial**: Any resulting entries that evaluate to `0` must be **explicitly excluded** (do not store them in the output dictionary).

2. **Algorithm/Approach**:
   - Matrix multiplication definition: Result $C[i, j] = \sum_k A[i, k] \times B[k, j]$.
   - To efficiently iterate over matching indices without dense iteration:
     - Group the keys of matrix `A` by row, and the keys of matrix `B` by col (or group `B` by row to find matching inner dimensions $k$).
     - For each non-zero element in `A` at `(i, k)`, look for non-zero elements in `B` at `(k, j)`.
     - Accumulate the products into a temporary data structure (e.g., a dictionary mapping `(i, j)` to sums).
   - After computing all sums, filter out any entries where the accumulated sum is `0` (or extremely close to 0 if dealing with floats, though standard summation is fine unless specified), and build the final return dict.

3. **Edge Cases**:
   - Empty matrices `a` or `b` (should return an empty dict).
   - Multiplication resulting in an entirely zero matrix (should return an empty dict, with no zero-valued keys stored).
   - Incompatible dimensions (though you can assume valid inputs where `a`'s columns match `b`'s rows).
   - Floating-point precision artifacts (ensure exact zeros or near-zeros aren't accidentally stored as `0.0`).",none,1,hand_hard
task_051,"Write a function `sparse_matrix_multiply(a, b)` that multiplies two matrices represented as dicts mapping (row, col) -> nonzero value (missing entries are 0). `a` is m x n, `b` is n x p. Return the result in the SAME sparse dict format, with ZERO entries in the result explicitly EXCLUDED (not stored as 0).","### Handoff Message for Agent B

Your task is to implement a sparse matrix multiplication function. 

#### Function Signature


#### Requirements & Approach

",tool_result_drop,0,hand_hard
task_052,"Write a function `trim_outliers(values, k)` that removes elements more than `k` standard deviations from the MEAN of the ORIGINAL list (compute mean/stdev once, up front, before removing anything -- do not recompute after each removal). Use population standard deviation. Return the filtered list preserving original order.","**Handoff Message for Agent B:**

**Task:**
Write a Python function named `trim_outliers(values, k)` that filters out elements from a list of numbers if they are more than $k$ standard deviations away from the mean of the *original* list. 

**Exact Function Signature:**
```python
def trim_outliers(values, k):
    pass
```

**Key Requirements & Constraints:**
1. **Compute Once Up Front:** Compute the mean and the standard deviation of the input `values` *once* at the very beginning before any elements are removed. Do *not* recompute the mean or standard deviation iteratively after removing elements.
2. **Population Standard Deviation:** Use the population standard deviation formula (divide by $N$, not $N-1$, e.g., using `statistics.pstdev` or `numpy` population std, or implementing it manually).
3. **Threshold Condition:** An element $x$ is kept if:
   $$\text{mean} - (k \times \text{stdev}) \le x \le \text{mean} + (k \times \text{stdev})$$
   Elements strictly outside this range (i.e., absolute difference from the mean is greater than $k \times \text{stdev}$) should be removed.
4. **Preserve Order:** The returned filtered list must maintain the original relative order of the remaining elements.
5. **Edge Cases to Handle:**
   - Empty input list `values = []`: Should return an empty list without raising division-by-zero errors.
   - Standard deviation is zero (all elements in the list are identical): All elements are within 0 standard deviations of the mean, so return the original list (or appropriate handling where no elements exceed the threshold).
   - Negative or zero $k$ values.

**Suggested Approach:**
1. Check if the input list is empty; if so, return `[]`.
2. Calculate the mean of `values`.
3. Calculate the population standard deviation (`pstdev`) of `values`.
4. Define the lower and upper bounds: `lower = mean - k * stdev` and `upper = mean + k * stdev`.
5. Use a list comprehension to filter elements: `[x for x in values if lower <= x <= upper]`.
6. Return the resulting list.",none,1,hand_hard
task_053,"Write a function `deep_merge(d1, d2)` that merges two nested dictionaries. If a key exists in both and BOTH values are dicts, merge them recursively. If a key exists in both and at least one value is NOT a dict, the value from `d2` OVERWRITES d1's value entirely (no list concatenation or other merging).","**HANDOFF MESSAGE FOR AGENT B**

**Objective:**
You need to write a Python function named `deep_merge(d1, d2)` that recursively merges two nested dictionaries.

**Function Signature:**
```python
def deep_merge(d1: dict, d2: dict) -> dict:
```

**Merging Rules:**
1. Iterate through all keys and values in `d2`.
2. For each key in `d2`:
   - If the key also exists in `d1` **and** both `d1[key]` and `d2[key]` are instances of `dict`, call `deep_merge` recursively on them.
   - Otherwise (if the key is only in `d2`, or if at least one of `d1[key]` or `d2[key]` is *not* a dict), the value from `d2` completely overwrites the value in `d1`.
3. The function should return the merged dictionary (ideally modifying `d1` in place or returning a new combined dictionary—modifying/returning a new merged copy is safest to avoid side effects, but ensure the structure is fully combined).

**Key Edge Cases to Handle:**
- **Type mismatch:** If `d1['key']` is a dict, but `d2['key']` is an integer, string, list, etc., `d2['key']` must overwrite `d1['key']` entirely without throwing a type error.
- **Disjoint keys:** Keys present in `d1` but not `d2` must be preserved in the output. Keys present in `d2` but not `d1` must be added.
- **Deep nesting:** The recursion should correctly handle arbitrary levels of nested dictionaries.
- **Immutability/Side effects:** Be mindful of whether you mutate `d1` directly or create a copy (returning a deep-copied/new merged dictionary is usually best practice).

**Suggested Approach:**
1. Create a copy of `d1` (e.g., `result = deepcopy(d1)` or a shallow copy if nesting is handled recursively) so you don't mutate the original input unexpectedly.
2. Loop through `d2.items()`:
   - Check if the key is in `result` and if *both* `result[key]` and `val` are `dict` types.
   - If yes, `result[key] = deep_merge(result[key], val)`.
   - If no, `result[key] = deepcopy(val)`.
3. Return `result`.",none,1,hand_hard
task_054,Write a function `longest_increasing_run(nums)` that returns the length of the longest STRICTLY increasing contiguous (not subsequence) run in a list of integers. An empty list returns 0.,"**HANDOFF MESSAGE FOR AGENT B**

**Objective:**
Write a Python function that calculates the length of the longest strictly increasing contiguous subsegment (run) within a list of integers.

**Function Signature:**
```python
def longest_increasing_run(nums: list[int]) -> int:
```

**Key Edge Cases to Handle:**
1. **Empty list (`[]`):** Should return `0`.
2. **Single-element list (`[x]`):** Should return `1`.
3. **Strictly decreasing list (e.g., `[5, 4, 3, 2]`):** Should return `1`.
4. **List with all identical elements (e.g., `[2, 2, 2]`):** Should return `1` (since the run must be *strictly* increasing, i.e., `nums[i+1] > nums[i]`).
5. **List with multiple runs of the same max length:** Should correctly return the maximum length found.

**Plan / Approach:**
- Initialize two variables: `max_len = 0` and `current_len = 0`.
- Handle the empty list edge case early by returning `0` if `not nums`.
- Iterate through the list starting from the first element.
- For each element (except the first), check if it is strictly greater than the preceding element (`nums[i] > nums[i-1]`):
  - If yes, increment `current_len`.
  - If no, reset `current_len` to start a new run (don't forget to account for the current element itself, initializing the new run length to 1).
- Keep track of the maximum length encountered (`max_len = max(max_len, current_len)`).
- Return `max_len`.",none,1,hand_hard
task_055,"Write a function `format_currency(amount, currency)` that formats a float as a currency string. For currency='USD', format as '$X,XXX.XX' with comma thousands separators and exactly 2 decimals. For currency='JPY', format as 'Y-X,XXX' with comma separators and NO decimal places (JPY has no subunits), rounding HALF UP on exact .5 values (e.g. 1234.5 rounds to 1235, not banker's rounding to even). Negative amounts get a leading '-' before the symbol.","**HANDOFF MESSAGE FOR AGENT B**

**1. Function to Build**
We need to implement a Python function named `format_currency(amount, currency)` that takes a numeric amount (float/int) and a currency code string ('USD' or 'JPY'), and returns the formatted currency string according to specific formatting and rounding rules.

**2. Exact Signature**
```python
def format_currency(amount: float, currency: str) -> str:
```

**3. Formatting & Rounding Rules**
*   **USD:**
    *   Format: `'$X,XXX.XX'` (dollar sign, comma thousands separators, exactly 2 decimal places).
    *   Example: `1234.5` -> `'$1,234.50'`
*   **JPY:**
    *   Format: `'Y-X,XXX'` (note the exact prefix `'Y-'`, comma thousands separators, **no** decimal places).
    *   Rounding rule: Round **HALF UP** on exact .5 values (e.g., `1234.5` rounds to `1235`, *not* Python's default banker's/even rounding).
*   **Negative Amounts:**
    *   A leading `-` must appear *before* the currency symbol (e.g., `-$1,234.50` or `-Y-1,235`).

**4. Key Edge Cases to Handle**
*   Negative values for both USD and JPY (ensuring the minus sign is positioned correctly before the symbol, not after).
*   JPY rounding half-up explicitly (e.g., `0.5` -> `1`, `1.5` -> `2`, `-1.5` -> `-2` depending on magnitude interpretation, but ensure standard mathematical half-up).
*   Zero values (`0.0` -> `'$0.00'` and `'Y-0'`).
*   Large numbers requiring multiple comma separators.

**5. Recommended Approach**
1.  Determine if the `amount` is negative, store the sign, and work with the absolute value for formatting.
2.  For **JPY**:
    *   Implement explicit HALF UP rounding to an integer (using `decimal.Decimal` with `ROUND_HALF_UP` is strongly recommended to avoid floating-point inaccuracies and banker's rounding).
    *   Format the integer with comma separators.
    *   Prepend `'Y-'` (and a leading `-` if the original amount was negative).
3.  For **USD**:
    *   Format to 2 decimal places with comma separators using standard string formatting (e.g., `f""{abs_amount:,.2f}""`).
    *   Prepend `'$'` (and a leading `-` if the original amount was negative).
4.  Return the final concatenated string.",none,1,hand_hard
task_055,"Write a function `format_currency(amount, currency)` that formats a float as a currency string. For currency='USD', format as '$X,XXX.XX' with comma thousands separators and exactly 2 decimals. For currency='JPY', format as 'Y-X,XXX' with comma separators and NO decimal places (JPY has no subunits), rounding HALF UP on exact .5 values (e.g. 1234.5 rounds to 1235, not banker's rounding to even). Negative amounts get a leading '-' before the symbol.","**HANDOFF MESSAGE FOR AGENT B** **1. Function to Build** We need to implement a Python function named `format_currency(amount, currency)` that takes a numeric amount (float/int) and a currency code string ('USD' or 'JPY'), and returns the formatted currency string according to specific formatting and rounding rules. **2. Exact Signature** ```python def format_currency(amount: float, currency: str) -> str: ``` **3. Formatting & Rounding Rules** * **USD:** * Format: `'$X,XXX.XX'` (dollar sign, comma thousands separators, exactly 2 decimal places). * Example: `1234.5` -> `'$1,234.50'` * **JPY:** * Format: `'Y-X,XXX'` (note the exact prefix",truncation,0,hand_hard
task_055,"Write a function `format_currency(amount, currency)` that formats a float as a currency string. For currency='USD', format as '$X,XXX.XX' with comma thousands separators and exactly 2 decimals. For currency='JPY', format as 'Y-X,XXX' with comma separators and NO decimal places (JPY has no subunits), rounding HALF UP on exact .5 values (e.g. 1234.5 rounds to 1235, not banker's rounding to even). Negative amounts get a leading '-' before the symbol.","**HANDOFF MESSAGE FOR AGENT B**

**1. Function to Build**
We need to implement a Python function named  that takes a numeric amount (float/int) and a currency code string ('USD' or 'JPY'), and returns the formatted currency string according to specific formatting and rounding rules.

**2. Exact Signature**


**3. Formatting & Rounding Rules**

**4. Key Edge Cases to Handle**

**5. Recommended Approach**",tool_result_drop,0,hand_hard
task_055,"Write a function `format_currency(amount, currency)` that formats a float as a currency string. For currency='USD', format as '$X,XXX.XX' with comma thousands separators and exactly 2 decimals. For currency='JPY', format as 'Y-X,XXX' with comma separators and NO decimal places (JPY has no subunits), rounding HALF UP on exact .5 values (e.g. 1234.5 rounds to 1235, not banker's rounding to even). Negative amounts get a leading '-' before the symbol.","Function to Build** We need to implement a Python function named `format_currency(amount, currency)` that takes a numeric amount (float/int) and a currency code string ('USD' or 'JPY'), and returns the formatted currency string according to specific formatting and rounding rules.",over_summarization,0,hand_hard
task_056,"Write a function `topo_sort_courses(num_courses, prereqs)` where `prereqs` is a list of [course, prereq] pairs meaning `prereq` must come before `course`. Return a valid ordering (list of course indices 0..num_courses-1) satisfying all prerequisites. If it's impossible (a cycle exists), return an empty list.","Handoff Message for Agent B:

You need to implement a topological sort function for a course schedule problem. 

**Function Signature:**
`def topo_sort_courses(num_courses: int, prereqs: list[list[int]]) -> list[int]:`

**Parameters:**
- `num_courses`: Total number of courses, indexed from `0` to `num_courses - 1`.
- `prereqs`: A list of pairs where each pair is `[course, prereq]`, meaning `prereq` must be taken before `course`.

**Behavior & Return Value:**
- Return a valid ordering (a list of integers representing course indices) that satisfies all prerequisite relationships.
- If it is impossible to complete all courses due to a cycle in the prerequisites, return an empty list `[]`.

**Key Edge Cases to Handle:**
- `num_courses` with zero prerequisites (should return any valid ordering, e.g., `[0, 1, ..., num_courses-1]`).
- Disconnected graphs or multiple valid topological orderings.
- Cyclic dependencies (e.g., `[[0, 1], [1, 0]]`), which must be detected to return `[]`.
- Duplicate prerequisite pairs or self-dependencies (e.g., `[[0, 0]]`), which should be handled safely as cycles.

**Recommended Approach:**
1. Build an adjacency list and an in-degree array for all courses.
2. Initialize a queue (or stack) with all courses that have an in-degree of `0`.
3. Process nodes by removing them from the queue, adding them to the result list, and decrementing the in-degree of their neighbors. If a neighbor's in-degree drops to `0`, add it to the queue.
4. After processing, check if the length of the result list equals `num_courses`. If it does, return the result. If not, a cycle exists, so return `[]`.",none,1,hand_hard
task_057,"Write a function `redact_pii(text)` that replaces any substring matching a US phone number pattern (XXX-XXX-XXXX where X is a digit) with 'XXX-XXX-XXXX', and any substring matching an email pattern (word characters, @, word characters, dot, word characters) with '[REDACTED_EMAIL]'. Everything else in the text must remain UNCHANGED, including surrounding punctuation and spacing.","**HANDOFF MESSAGE FOR AGENT B**

**Objective:**
Write a Python function named `redact_pii(text)` that scans a given input string and redacts specific Personally Identifiable Information (PII) patterns—specifically US phone numbers and email addresses—while leaving all other text, spacing, and punctuation completely unchanged.

**Exact Function Signature:**
```python
def redact_pii(text: str) -> str:
```

**Redaction Rules:**
1. **US Phone Numbers:** 
   - Pattern: `XXX-XXX-XXXX` (where `X` represents a single digit 0-9).
   - Action: Replace any matching substring with the literal string `'XXX-XXX-XXXX'`.
2. **Email Addresses:**
   - Pattern: Word characters, followed by `@`, followed by word characters, followed by a dot (`.`), followed by word characters (e.g., standard alphanumeric/underscore sequences like `user@domain.com`).
   - Action: Replace any matching substring with the literal string `'[REDACTED_EMAIL]'`.

**Key Edge Cases to Handle:**
- **Punctuation & Spacing:** Punctuation directly attached to or surrounding emails and phone numbers (e.g., periods at the end of sentences, commas, parentheses) should *not* be swallowed by the regex unless part of the pattern, and all surrounding spacing/formatting must remain strictly intact.
- **Multiple/Mixed PII:** A single text string may contain multiple phone numbers, multiple emails, both, or none. All instances must be redacted.
- **Non-Matching Text:** Strings that do not contain PII must be returned completely unmodified.
- **Type Safety:** Assume inputs are strings; handle empty strings gracefully.

**Suggested Approach:**
- Use Python's `re` (regular expression) module.
- Define a precise regex for US phone numbers: `\d{3}-\d{3}-\d{4}`.
- Define a precise regex for emails based on the prompt's description (e.g., `\w+@\w+\.\w+`).
- Use `re.sub()` to apply both patterns sequentially (or use a combined regex with alternation if applicable, though sequential replacement is often cleaner for distinct redaction strings).",none,1,hand_hard
task_057,"Write a function `redact_pii(text)` that replaces any substring matching a US phone number pattern (XXX-XXX-XXXX where X is a digit) with 'XXX-XXX-XXXX', and any substring matching an email pattern (word characters, @, word characters, dot, word characters) with '[REDACTED_EMAIL]'. Everything else in the text must remain UNCHANGED, including surrounding punctuation and spacing.","**HANDOFF MESSAGE FOR AGENT B** **Objective:** Write a Python function named `redact_pii(text)` that scans a given input string and redacts specific Personally Identifiable Information (PII) patterns—specifically US phone numbers and email addresses—while leaving all other text, spacing, and punctuation completely unchanged. **Exact Function Signature:** ```python def redact_pii(text: str) -> str: ``` **Redaction Rules:** 1. **US Phone Numbers:** - Pattern: `XXX-XXX-XXXX` (where `X` represents a single digit 0-9). - Action: Replace any matching substring with the literal string `'XXX-XXX-XXXX'`. 2. **Email Addresses:**",truncation,0,hand_hard
task_057,"Write a function `redact_pii(text)` that replaces any substring matching a US phone number pattern (XXX-XXX-XXXX where X is a digit) with 'XXX-XXX-XXXX', and any substring matching an email pattern (word characters, @, word characters, dot, word characters) with '[REDACTED_EMAIL]'. Everything else in the text must remain UNCHANGED, including surrounding punctuation and spacing.","**Exact Function Signature:**
```python
def redact_pii(text: str) -> str:
```

**Redaction Rules:**
1. **US Phone Numbers:** 
   - Pattern: `XXX-XXX-XXXX` (where `X` represents a single digit 0-9).
    - Action: Replace any matching substring with the literal string `'XXX-XXX-XXXX'`.
 **Multiple/Mixed PII:** A single text string may contain multiple phone numbers, multiple emails, both, or none. All instances must be redacted.
- **Non-Matching Text:** Strings that do not contain PII must be returned completely unmodified.
- **Type Safety :** Assume inputs are strings; handle empty strings gracefully.

 **Suggested Approach:**
- Use Python's `re` (regular expression) module.
 - Define a precise regex for US phone numbers: `\d{3}-\d{3}-\d{4}`.
- Define a precise regex for emails based on the prompt's description (e.g., `\w+@\w+\.\w+`).
- Use `re.sub()` to apply both patterns sequentially (or use a combined regex with alternation if applicable, though sequential replacement is often cleaner for distinct redaction strings).",entity_omission,0,hand_hard
task_057,"Write a function `redact_pii(text)` that replaces any substring matching a US phone number pattern (XXX-XXX-XXXX where X is a digit) with 'XXX-XXX-XXXX', and any substring matching an email pattern (word characters, @, word characters, dot, word characters) with '[REDACTED_EMAIL]'. Everything else in the text must remain UNCHANGED, including surrounding punctuation and spacing.","**HANDOFF MESSAGE FOR AGENT B**

**Objective:**
Write a Python function named  that scans a given input string and redacts specific Personally Identifiable Information (PII) patterns—specifically US phone numbers and email addresses—while leaving all other text, spacing, and punctuation completely unchanged.

**Exact Function Signature:**


**Redaction Rules:**

**Key Edge Cases to Handle:**

**Suggested Approach:**",tool_result_drop,0,hand_hard
task_057,"Write a function `redact_pii(text)` that replaces any substring matching a US phone number pattern (XXX-XXX-XXXX where X is a digit) with 'XXX-XXX-XXXX', and any substring matching an email pattern (word characters, @, word characters, dot, word characters) with '[REDACTED_EMAIL]'. Everything else in the text must remain UNCHANGED, including surrounding punctuation and spacing.","**Key Edge Cases to Handle:** - **Punctuation & Spacing:** Punctuation directly attached to or surrounding emails and phone numbers (e.g., periods at the end of sentences, commas, parentheses) should *not* be swallowed by the regex unless part of the pattern, and all surrounding spacing/formatting must remain strictly intact.",over_summarization,0,hand_hard
task_058,"Write a function `min_coins(amount, coins)` that returns the MINIMUM number of coins needed to make exactly `amount` using unlimited quantities of the given coin denominations. If it's impossible to make the exact amount, return -1.","**Handoff Message for Agent B**

We need to implement a function that solves the classic Coin Change problem using dynamic programming or BFS. 

**Function Signature:**
```python
def min_coins(amount, coins):
    """"""
    Returns the minimum number of coins needed to make exactly `amount` 
    using unlimited quantities of the given coin denominations. 
    Returns -1 if it's impossible.
    """"""
```

**Key Edge Cases to Handle:**
1. `amount == 0`: Should return `0` (0 coins needed).
2. Impossible to make the amount (e.g., `amount = 7`, `coins = [2, 4]`): Should return `-1`.
3. Empty `coins` list with `amount > 0`: Should return `-1`.
4. Coin denominations larger than the amount: Should be ignored gracefully.

**Recommended Approach (Bottom-Up Dynamic Programming):**
1. Initialize a 1D DP array of size `amount + 1` with a sentinel value representing infinity (e.g., `float('inf')`), except for `dp[0] = 0`.
2. Iterate through every amount `i` from `1` to `amount`.
3. For each `i`, iterate through each coin in `coins`. If `i - coin >= 0`, update `dp[i] = min(dp[i], dp[i - coin] + 1)`.
4. After filling the table, if `dp[amount]` is still infinity, return `-1`. Otherwise, return `dp[amount]`.",none,1,hand_hard
task_058,"Write a function `min_coins(amount, coins)` that returns the MINIMUM number of coins needed to make exactly `amount` using unlimited quantities of the given coin denominations. If it's impossible to make the exact amount, return -1.","Returns -1 if it's impossible.
    """"""
```

**Key Edge Cases to Handle:**
1. `amount == 0`: Should return `0` (0 coins needed).
 3. Empty `coins` list with `amount > 0`: Should return `-1`.
4. Coin denominations larger than the amount: Should be ignored gracefully.

 **Recommended Approach (Bottom-Up Dynamic Programming):**
1. Initialize a 1D DP array of size `amount + 1` with a sentinel value representing infinity (e.g., `float('inf')`), except for `dp[0] = 0`.
 2. Iterate through every amount `i` from `1` to `amount`.
 3. For each `i`, iterate through each coin in `coins`. If `i - coin >= 0`, update `dp[i] = min(dp[i], dp[i - coin] + 1)`.
4. After filling the table, if `dp[amount]` is still infinity, return `-1`. Otherwise, return `dp[amount]`.",entity_omission,0,hand_hard
task_058,"Write a function `min_coins(amount, coins)` that returns the MINIMUM number of coins needed to make exactly `amount` using unlimited quantities of the given coin denominations. If it's impossible to make the exact amount, return -1.","**Handoff Message for Agent B**

We need to implement a function that solves the classic Coin Change problem using dynamic programming or BFS. 

**Function Signature:**


**Key Edge Cases to Handle:**

**Recommended Approach (Bottom-Up Dynamic Programming):**",tool_result_drop,0,hand_hard
task_059,"Write a function `sliding_window_max(nums, k)` that returns a list containing the maximum value in every contiguous window of size `k` as it slides from left to right across `nums`. If k > len(nums), return a single-element list with the max of the whole array.","**HANDOFF MESSAGE FOR AGENT B**

Your task is to implement a Python function that calculates the maximum value in every sliding window of a given size across an array of numbers. 

### Function Signature
```python
def sliding_window_max(nums: list[int], k: int) -> list[int]:
```

### Requirements & Behavior
- Given a list of integers `nums` and an integer window size `k`, slide a window of size `k` from left to right across `nums`.
- For each position of the window, find the maximum value.
- Return a list of these maximum values in order from left to right.

### Key Edge Cases to Handle
1. **$k > \text{len(nums)}$**: If the window size is greater than the length of the array, return a single-element list containing the maximum value of the entire array.
2. **$k = 1$**: The output should be a copy of the original list `nums`.
3. **Empty `nums`**: (Assuming standard constraints, but if `nums` is empty, return an empty list or handle gracefully depending on expected input validity).
4. **Negative numbers**: The algorithm must correctly handle negative integers.

### Recommended Approach (Optimal: $O(N)$ Time Complexity)
- Use a **monotonic decreasing queue** (specifically, a `collections.deque`) that stores the **indices** of the elements rather than the values themselves.
- As you iterate through `nums` with index `i`:
  1. Remove indices from the front of the deque that are outside the current window (i.e., `index < i - k + 1`).
  2. Remove indices from the back of the deque whose corresponding values in `nums` are less than or equal to `nums[i]` (since they can never be the maximum while `nums[i]` is in the window).
  3. Append the current index `i` to the back of the deque.
  4. Once the window has reached size `k` (i.e., `i >= k - 1`), append the value at the front of the deque (`nums[deque[0]]`) to your result list.",none,1,hand_hard
task_059,"Write a function `sliding_window_max(nums, k)` that returns a list containing the maximum value in every contiguous window of size `k` as it slides from left to right across `nums`. If k > len(nums), return a single-element list with the max of the whole array.","**HANDOFF MESSAGE FOR AGENT B** Your task is to implement a Python function that calculates the maximum value in every sliding window of a given size across an array of numbers. ### Function Signature ```python def sliding_window_max(nums: list[int], k: int) -> list[int]: ``` ### Requirements & Behavior - Given a list of integers `nums` and an integer window size `k`, slide a window of size `k` from left to right across `nums`. - For each position of the window, find the maximum value. - Return a list of these maximum values in order",truncation,0,hand_hard
task_059,"Write a function `sliding_window_max(nums, k)` that returns a list containing the maximum value in every contiguous window of size `k` as it slides from left to right across `nums`. If k > len(nums), return a single-element list with the max of the whole array.","**HANDOFF MESSAGE FOR AGENT B**

Your task is to implement a Python function that calculates the maximum value in every sliding window of a given size across an array of numbers. 

 ### Function Signature
```python
def sliding_window_max(nums: list[int], k: int) -> list[int]:
```

### Requirements & Behavior
- Given a list of integers `nums` and an integer window size `k`, slide a window of size `k` from left to right across `nums`.
- For each position of the window, find the maximum value.
 - Return a list of these maximum values in order from left to right.

 2. **$k = 1$**: The output should be a copy of the original list `nums`.
 3. **Empty `nums`**: (Assuming standard constraints, but if `nums` is empty, return an empty list or handle gracefully depending on expected input validity).
 4. ### Recommended Approach (Optimal: $O(N)$ Time Complexity)
- Use a **monotonic decreasing queue** (specifically, a `collections.deque`) that stores the **indices** of the elements rather than the values themselves.
- As you iterate through `nums` with index `i`:
  1. Remove indices from the front of the deque that are outside the current window (i.e., `index < i - k + 1`).
   2. Remove indices from the back of the deque whose corresponding values in `nums` are less than or equal to `nums[i]` (since they can never be the maximum while `nums[i]` is in the window).
   3. Append the current index `i` to the back of the deque.
  4. Once the window has reached size `k` (i.e., `i >= k - 1`), append the value at the front of the deque (`nums[deque[0]]`) to your result list.",entity_omission,0,hand_hard
task_059,"Write a function `sliding_window_max(nums, k)` that returns a list containing the maximum value in every contiguous window of size `k` as it slides from left to right across `nums`. If k > len(nums), return a single-element list with the max of the whole array.","**HANDOFF MESSAGE FOR AGENT B**

Your task is to implement a Python function that calculates the maximum value in every sliding window of a given size across an array of numbers. 

### Function Signature


### Requirements & Behavior

### Key Edge Cases to Handle

### Recommended Approach (Optimal: $O(N)$ Time Complexity)",tool_result_drop,0,hand_hard
task_060,"Write a function `diff_lists(old, new)` that compares two lists and returns a dict with keys 'added' (items in new but not old), 'removed' (items in old but not new), and 'unchanged' (items in both), where counts matter for duplicates -- e.g. if old has two 'x' and new has one 'x', that's 1 removed 'x', not 0. Each value is a list (order doesn't matter within each).","HANDOFF MESSAGE FOR AGENT B:

Your task is to implement a Python function that compares two lists, taking element counts (duplicates) into account, and returns a dictionary categorizing the differences.

### Function Signature
```python
def diff_lists(old: list, new: list) -> dict:
```

### Requirements & Behavior
The function must return a dictionary with exactly three keys:
- `'added'`: Items present in `new` but not in `old` (respecting multiplicity).
- `'removed'`: Items present in `old` but not in `new` (respecting multiplicity).
- `'unchanged'`: Items present in both `old` and `new` (respecting multiplicity).

Each value in the returned dictionary must be a **list** where the order of elements does not matter.

### How Counts Work (Edge Cases & Examples)
Multiplicity matters. If an item appears $N$ times in `old` and $M$ times in `new`:
- If $M > N$, then $N$ instances go to `'unchanged'` and $(M - N)$ instances go to `'added'`.
- If $N > M$, then $M$ instances go to `'unchanged'` and $(N - M)$ instances go to `'removed'`.
- If $N == M$, all instances go to `'unchanged'`.

*Example:*
- `old = ['x', 'x', 'y']`, `new = ['x', 'z']`
  - `'x'`: 2 in old, 1 in new $\rightarrow$ 1 'unchanged' x, 1 'removed' x.
  - `'y'`: 1 in old, 0 in new $\rightarrow$ 1 'removed' y.
  - `'z'`: 0 in old, 1 in new $\rightarrow$ 1 'added' z.
  - Result: `{'added': ['z'], 'removed': ['x', 'y'], 'unchanged': ['x']}` (order in lists can vary).

### Recommended Approach
1. Use `collections.Counter` on both `old` and `new` to easily manage and compare counts for duplicate items.
2. For each unique element across both counters:
   - Calculate the intersection (min count) for `'unchanged'`.
   - Calculate excess in `new` (count in `new` - count in `old`) for `'added'`.
   - Calculate excess in `old` (count in `old` - count in `new`) for `'removed'`.
3. Flatten these counts back into lists for the final dictionary values. Ensure elements are repeatable (e.g., using `element * count` or a loop).",none,1,hand_hard
task_060,"Write a function `diff_lists(old, new)` that compares two lists and returns a dict with keys 'added' (items in new but not old), 'removed' (items in old but not new), and 'unchanged' (items in both), where counts matter for duplicates -- e.g. if old has two 'x' and new has one 'x', that's 1 removed 'x', not 0. Each value is a list (order doesn't matter within each).","HANDOFF MESSAGE FOR AGENT B:

Your task is to implement a Python function that compares two lists, taking element counts (duplicates) into account, and returns a dictionary categorizing the differences.

### Function Signature


### Requirements & Behavior
The function must return a dictionary with exactly three keys:

Each value in the returned dictionary must be a **list** where the order of elements does not matter.

### How Counts Work (Edge Cases & Examples)
Multiplicity matters. If an item appears $N$ times in  and $M$ times in :

*Example:*

### Recommended Approach",tool_result_drop,0,hand_hard
task_060,"Write a function `diff_lists(old, new)` that compares two lists and returns a dict with keys 'added' (items in new but not old), 'removed' (items in old but not new), and 'unchanged' (items in both), where counts matter for duplicates -- e.g. if old has two 'x' and new has one 'x', that's 1 removed 'x', not 0. Each value is a list (order doesn't matter within each).","If an item appears $N$ times in `old` and $M$ times in `new`: - If $M > N$, then $N$ instances go to `'unchanged'` and $(M - N)$ instances go to `'added'`.",over_summarization,0,hand_hard
task_004,"Write a function that takes a list of (name, score) tuples and returns the name with the highest score. Break ties alphabetically.","Handoff Message for Agent B:

Please implement a Python function that determines the winner from a list of (name, score) tuples based on their scores, with a specific tie-breaking rule.

**Function Signature:**
```python
def get_highest_score_name(participants: list[tuple[str, int | float]]) -> str:
```

**Requirements & Edge Cases:**
1. **Input:** A list of tuples, where each tuple contains a string (`name`) and a numeric value (`score`).
2. **Highest Score:** The function must identify the name corresponding to the maximum score in the list.
3. **Tie-Breaking:** If two or more names share the highest score, return the name that comes first alphabetically (lexicographically, i.e., ""Alice"" beats ""Bob"").
4. **Edge Cases:**
   - Empty list: The function should handle this gracefully (e.g., raise a `ValueError` or return `None`—please implement a `ValueError` with a clear message).
   - Single item list: Return that item's name.

**Proposed Approach:**
- Validate that the input list is not empty.
- Sort the list of tuples. A robust way to handle both the score maximization and alphabetical tie-breaking in a single pass/sort is to sort the list using a custom key or sort descending by score and ascending by name, then take the first element. 
- Specifically, `sorted(participants, key=lambda x: (-x[1], x[0]))` will sort primary by score descending, and secondary by name ascending. The first tuple in this sorted list will be our winner.
- Extract and return the name from that first tuple.",none,1,hand_easy
task_004,"Write a function that takes a list of (name, score) tuples and returns the name with the highest score. Break ties alphabetically.","Handoff Message for Agent B: Please implement a Python function that determines the winner from a list of (name, score) tuples based on their scores, with a specific tie-breaking rule. **Function Signature:** ```python def get_highest_score_name(participants: list[tuple[str, int | float]]) -> str: ``` **Requirements & Edge Cases:** 1. **Input:** A list of tuples, where each tuple contains a string (`name`) and a numeric value (`score`). 2. **Highest Score:** The function",truncation,0,hand_easy
task_004,"Write a function that takes a list of (name, score) tuples and returns the name with the highest score. Break ties alphabetically.","Handoff Message for Agent B:

Please implement a Python function that determines the winner from a list of (name, score) tuples based on their scores, with a specific tie-breaking rule.

**Function Signature:**


**Requirements & Edge Cases:**

**Proposed Approach:**",tool_result_drop,0,hand_easy
task_004,"Write a function that takes a list of (name, score) tuples and returns the name with the highest score. Break ties alphabetically.","A robust way to handle both the score maximization and alphabetical tie-breaking in a single pass/sort is to sort the list using a custom key or sort descending by score and ascending by name, then take the first element.",over_summarization,0,hand_easy
task_014,"Write a function that computes the nth Fibonacci number (0-indexed, fib(0)=0, fib(1)=1) using recursion or iteration.","HANDOFF MESSAGE FOR AGENT B:

Please implement a Python function that computes the n-th Fibonacci number using 0-indexing (where fib(0) = 0 and fib(1) = 1).

- **Function Signature:** `def fib(n: int) -> int:`
- **Key Edge Cases to Handle:**
  - `n = 0` should return `0`.
  - `n = 1` should return `1`.
  - Negative integers (`n < 0`) should raise a `ValueError`.
- **Approach:** You can implement this using either an iterative approach (using a loop or variables for efficiency, $O(n)$ time and $O(1)$ space) or a memoized/recursive approach. Iterative is generally preferred to avoid recursion depth limits for large `n`.",none,1,hand_easy
task_014,"Write a function that computes the nth Fibonacci number (0-indexed, fib(0)=0, fib(1)=1) using recursion or iteration.","= 1).

- **Function Signature:** `def fib(n: int) -> int:`
- **Key Edge Cases to Handle:**
  - `n = 0` should return `0`.
  - `n = 1` should return `1`.
  - Negative integers (`n < 0`) should raise a `ValueError`.
- **Approach:** You can implement this using either an iterative approach (using a loop or variables for efficiency, $O(n)$ time and $O(1)$ space) or a memoized/recursive approach. Iterative is generally preferred to avoid recursion depth limits for large `n`.",entity_omission,0,hand_easy
task_016,Write a function that returns the maximum depth (number of nesting levels) of a nested list.,"AGENT B HANDOFF MESSAGE

**Task:** Write a Python function that calculates the maximum nesting depth of a nested list (i.e., a list that may contain integers, other lists, etc., to arbitrary depths).

**Exact Function Signature:**
```python
def max_depth(lst: list) -> int:
```

**Behavioral Requirements & Edge Cases:**
1. **Flat list:** A list containing only non-list elements (e.g., `[1, 2, 3]`) should return a depth of `1`.
2. **Empty list:** An empty list `[]` should return a depth of `1` (or `0` depending on convention, but typically `1` as it represents a base list container). Let's define `[]` as depth `1`.
3. **Deeply nested lists:** For example, `[1, [2, [3, 4]], 5]` should return `3`.
4. **Non-list elements:** The list can contain mixed types (integers, strings, etc., alongside lists). Only recursive calls should be made when an element is an instance of `list`.

**Suggested Approach:**
Use recursion. 
- Base case: If the input is not a list, return `0` (or handle it at the iteration level).
- Recursive step: Iterate through the elements of the list. For each element that is a list, recursively compute its depth. 
- The depth of the current list is `1 + max(depth of all nested lists)`, defaulting to `1` if there are no nested lists.",none,1,hand_easy
task_029,Write a function that returns the transpose of a 2D matrix (list of lists).,"AGENT B HANDOFF MESSAGE

Task: Write a Python function that computes the transpose of a 2D matrix (represented as a list of lists). The transpose of a matrix swaps its rows and columns (i.e., the element at row `i`, column `j` becomes the element at row `j`, column `i`).

Function Signature:
```python
def transpose_matrix(matrix: list[list[int | float]]) -> list[list[int | float]]:
```

Key Edge Cases to Handle:
1. Empty matrix (`[]`): Should return `[]`.
2. Matrix with empty rows (`[[], [], []]`): Should return `[]` or handle appropriately based on dimensions.
3. Non-square matrices (e.g., $2 \times 3$ matrix becoming a $3 \times 2$ matrix): The function must correctly handle matrices where the number of rows is not equal to the number of columns.
4. Single-element matrix (`[[5]]`): Should return `[[5]]`.

Suggested Approach:
- Use a list comprehension with `zip(*matrix)`. This is the most pythonic and concise way to unpack the rows of the matrix as arguments to `zip`, effectively transposing the columns into new rows.
- Ensure you convert the resulting `zip` object back into a list of lists: `[list(row) for row in zip(*matrix)]`.
- Add a guard clause at the beginning to return `[]` if the input matrix is empty or `None`.",none,1,hand_easy
he_000,"Check if in given list of numbers, are any two numbers closer to each other than
given threshold.
>>> has_close_elements([1.0, 2.0, 3.0], 0.5)
False
>>> has_close_elements([1.0, 2.8, 3.0, 4.0, 5.0, 2.0], 0.3)
True","HANDOFF MESSAGE FOR AGENT B:

You need to write a Python function that determines if any two numbers in a given list are closer to each other than a specified threshold (strictly less than, or less than or equal to—standard distance check).

**Function Signature:**
```python
from typing import List

def has_close_elements(numbers: List[float], threshold: float) -> bool:
    """"""Check if in given list of numbers, are any two numbers closer to each other than given threshold.""""""
```

**Key Edge Cases to Handle:**
- Lists with fewer than 2 elements should return `False` (since no pairs exist).
- Duplicate numbers in the list: if the threshold is positive and duplicates exist, the distance is 0, which should return `True`.
- Negative numbers and floating-point precision issues.

**Plan / Approach:**
1. Iterate through all unique pairs of numbers in the list (using nested loops or `itertools.combinations`).
2. For each pair `(a, b)`, compute the absolute difference: `abs(a - b)`.
3. If the difference is strictly less than the `threshold`, return `True odmah` (immediately).
4. If the loops complete without finding any such pair, return `False`.
*(Optional optimization for large lists: sort the list first and check adjacent elements in $O(N \log N)$ time, though $O(N^2)$ works fine for standard inputs).*",none,1,humaneval
he_001,"Input to this function is a string containing multiple groups of nested parentheses. Your goal is to
separate those group into separate strings and return the list of those.
Separate groups are balanced (each open brace is properly closed) and not nested within each other
Ignore any spaces in the input string.
>>> separate_paren_groups('( ) (( )) (( )( ))')
['()', '(())', '(()())']","FUNCTION NAME AND SIGNATURE:
`def separate_paren_groups(paren_string: str) -> list[str]:`

RESTATEMENT OF THE PROBLEM:
Build a function that takes a string containing multiple groups of nested parentheses, separates them into individual balanced parenthesis groups, and returns them as a list of strings. Any spaces in the input string should be completely ignored.

KEY EDGE CASES TO HANDLE:
- Spaces within or between groups (e.g., `' ( ) (( )) '`) must be ignored.
- Multiple top-level groups of varying depth.
- Empty input string (should return an empty list `[]`).

BRIEF PLAN / APPROACH:
1. Remove all whitespace characters from the input string.
2. Iterate through the cleaned string character by character while maintaining a counter (or stack depth) for parentheses:
   - Increment the counter on `'('`.
   - Decrement the counter on `')'`.
3. Accumulate characters for the current group.
4. When the counter returns to `0`, it means a complete, balanced top-level group has been closed. Append this group to your result list and reset the current group accumulator.
5. Return the list of separated parenthesis strings.",none,1,humaneval
he_002,"Given a positive floating point number, it can be decomposed into
and integer part (largest integer smaller than given number) and decimals
(leftover part always smaller than 1).
Return the decimal part of the number.
>>> truncate_number(3.5)
0.5","**Handoff Message for Agent B:**

Your task is to implement a Python function that takes a positive floating-point number and returns its decimal part.

**Function Signature:**
```python
def truncate_number(number: float) -> float:
```

**Requirements & Edge Cases:**
- The decimal part is defined as the leftover part of the number after subtracting its integer part (where the integer part is the largest integer smaller than or equal to the given number, i.e., its floor).
- Input will be a positive floating-point number.
- Handle whole numbers correctly (e.g., input `4.0` should return `0.0`).
- Be mindful of floating-point arithmetic precision issues in Python (e.g., `3.5 - 3` is fine, but you may want to ensure cleanliness if necessary, though standard subtraction usually suffices).

**Plan / Approach:**
1. Use Python's built-in math operations (such as `math.floor()` or modulo operator `% 1`) to extract the fractional component.
2. Return the result as a float.",none,1,humaneval
he_003,"You're given a list of deposit and withdrawal operations on a bank account that starts with
zero balance. Your task is to detect if at any point the balance of account fallls below zero, and
at that point function should return True. Otherwise it should return False.
>>> below_zero([1, 2, 3])
False
>>> below_zero([1, 2, -4, 5])
True","**Handoff Message for Agent B:**

**Task Overview:**
Write a Python function that determines if a bank account's balance ever drops below zero given a chronological list of deposit and withdrawal operations, starting from an initial balance of zero. 

**Function Signature:**
```python
def below_zero(operations: list[int]) -> bool:
```

**Behavior & Return Value:**
- Iterate through the list of operations, keeping a running total of the balance.
- Return `True` immediately if the balance becomes strictly less than `0` at any point during the processing of operations.
- Return `False` if the loop finishes without the balance ever dropping below zero.

**Edge Cases to Handle:**
- An empty list of operations (`[]`): Should return `False` (balance remains 0).
- Operations where the balance reaches exactly `0` (e.g., `[1, -1]`): This should return `False` since the balance does not fall *below* zero.
- Operations that immediately drop below zero (e.g., `[-1, 5]`): Should return `True` on the first element.

**Plan / Approach:**
1. Initialize a variable `balance` to `0`.
2. Loop through each `op` in `operations`.
3. Add `op` to `balance`.
4. Check if `balance < 0`. If so, return `True`.
5. If the loop completes without triggering the condition, return `False`.",none,1,humaneval
he_004,"For a given list of input numbers, calculate Mean Absolute Deviation
around the mean of this dataset.
Mean Absolute Deviation is the average absolute difference between each
element and a centerpoint (mean in this case):
MAD = average | x - x_mean |
>>> mean_absolute_deviation([1.0, 2.0, 3.0, 4.0])
1.0","HANDOFF MESSAGE FOR AGENT B:

You need to implement a Python function that calculates the Mean Absolute Deviation (MAD) around the mean for a given list of numerical values.

**Function Signature:**
```python
def mean_absolute_deviation(numbers: list[float]) -> float:
```

**Definition & Formula:**
- First, calculate the arithmetic mean ($x_{mean}$) of the input list.
- Then, find the absolute difference between each element ($x$) and the mean: $|x - x_{mean}|$.
- Finally, take the average (mean) of these absolute differences to get the MAD.

**Key Edge Cases to Handle:**
- Empty lists: Decide how to handle (e.g., return `0.0` or raise a `ValueError`/`ZeroDivisionError`). Let's safely handle or assume valid non-empty inputs based on standard competitive programming, but checking for length == 0 and returning `0.0` is robust.
- Lists with a single element: Should return `0.0` since the element equals the mean and the deviation is zero.
- Negative numbers and floating-point values: Ensure standard float arithmetic is used correctly.

**Implementation Plan:**
1. Check if the input list is empty; if so, return `0.0`.
2. Compute the mean of the list: `mean = sum(numbers) / len(numbers)`.
3. Compute the absolute deviations for all elements: `[abs(x - mean) for x in numbers]`.
4. Compute and return the average of those deviations: `sum(deviations) / len(deviations)`.",none,1,humaneval
he_005,"Insert a number 'delimeter' between every two consecutive elements of input list `numbers'
>>> intersperse([], 4)
[]
>>> intersperse([1, 2, 3], 4)
[1, 4, 2, 4, 3]","**HANDOFF MESSAGE FOR AGENT B**

**Objective:**
You need to write a Python function that takes a list of numbers and inserts a specified delimiter value between every two consecutive elements of that list.

**Function Signature:**
```python
def intersperse(numbers: list, delimeter: int) -> list:
```

**Key Edge Cases to Handle:**
1. **Empty list (`[]`):** If the input `numbers` list is empty, the function should return an empty list `[]` without inserting any delimiter.
2. **Single-element list (`[1]`):** If the list has only one element, no consecutive pairs exist, so it should return the list as-is `[1]` without adding the delimiter.
3. **Multiple elements:** The delimiter should be placed *strictly between* elements, meaning a list of length $N$ will have $N - 1$ delimiters inserted.

**Plan / Approach:**
- **Approach 1 (List Comprehension / Joining):** You can construct a new list by interleaving the elements. A Pythonic way to do this is using generator expressions or slicing, or simply iterating through the list with a loop.
- **Approach 2 (Iterative):** Initialize an empty result list. Iterate through `numbers`. For each element, append it to the result, and if it is not the last element, also append the `delimeter`. Return the result list. This approach is straightforward and robust.",none,1,humaneval
he_006,"Input to this function is a string represented multiple groups for nested parentheses separated by spaces.
For each of the group, output the deepest level of nesting of parentheses.
E.g. (()()) has maximum two levels of nesting while ((())) has three.
>>> parse_nested_parens('(()()) ((())) () ((())()())')
[2, 3, 1, 3]","Handoff Message for Agent B:

1. **Function Purpose**: 
   Write a Python function that takes a string containing multiple space-separated groups of nested parentheses. For each group, calculate and return the maximum (deepest) level of nesting of parentheses as a list of integers.

2. **Function Signature**:
   ```python
   def parse_nested_parens(paren_string: str) -> list[int]:
   ```

3. **Key Edge Cases to Handle**:
   - Empty string or string with only spaces: Should handle gracefully (e.g., returning an empty list or appropriate values depending on input splitting).
   - Groups with zero nesting (e.g., `()`): Should return `1`.
   - Deeply nested groups (e.g., `((()))`): Should correctly count the maximum depth (`3`).
   - Multiple spaces between groups should not cause issues.

4. **Brief Plan/Approach**:
   - Split the input string by spaces to isolate each parenthesis group.
   - For each group, iterate through its characters to track the current nesting depth and find the maximum depth encountered:
     - Increment depth counter on `(`.
     - Decrement depth counter on `)`.
     - Keep a running maximum for that specific group.
   - Append the maximum depth of each group to a result list and return it.",none,1,humaneval
he_006,"Input to this function is a string represented multiple groups for nested parentheses separated by spaces.
For each of the group, output the deepest level of nesting of parentheses.
E.g. (()()) has maximum two levels of nesting while ((())) has three.
>>> parse_nested_parens('(()()) ((())) () ((())()())')
[2, 3, 1, 3]","- For each group, iterate through its characters to track the current nesting depth and find the maximum depth encountered: - Increment depth counter on `(`.",over_summarization,0,humaneval
he_007,"Filter an input list of strings only for ones that contain given substring
>>> filter_by_substring([], 'a')
[]
>>> filter_by_substring(['abc', 'bacd', 'cde', 'array'], 'a')
['abc', 'bacd', 'array']","Handoff Message for Agent B:

1. **Function Restatement**: Build a Python function that takes a list of strings and a target substring, and returns a new list containing only the strings from the input list that contain the target substring.

2. **Function Signature**:
   ```python
   def filter_by_substring(strings: list[str], substring: str) -> list[str]:
   ```

3. **Key Edge Cases to Handle**:
   - Empty input list (`[]`), which should return `[]`.
   - Empty substring (`""""`), which should match all strings in the list (standard behavior for string containment).
   - No strings matching the substring, returning `[]`.
   - Substring appearing at the beginning, middle, or end of the strings.

4. **Plan/Approach**:
   - Use a list comprehension to iterate through each string in the input list.
   - Check if the `substring` is in the string using the `in` operator (`if substring in s`).
   - Return the filtered list.",none,1,humaneval
he_008,"For a given list of integers, return a tuple consisting of a sum and a product of all the integers in a list.
Empty sum should be equal to 0 and empty product should be equal to 1.
>>> sum_product([])
(0, 1)
>>> sum_product([1, 2, 3, 4])
(10, 24)","**Handoff Message for Agent B**

- **Function to Build:** Write a Python function that calculates both the sum and the product of all integers in a given list. It must return the results as a tuple in the format `(sum, product)`.
- **Exact Function Signature:** 
  ```python
  def sum_product(numbers: list[int]) -> tuple[int, int]:
  ```
- **Edge Cases to Handle:**
  - **Empty list (`[]`):** Must return `(0, 1)`, since the sum of an empty set is 0 and the product (neutral element for multiplication) is 1.
  - **Lists with negative numbers and zeros:** Ensure multiplication and addition handle signs correctly (e.g., a zero in the list should correctly zero out the product).
- **Plan/Approach:**
  - Initialize `total_sum = 0` and `total_product = 1`.
  - Iterate through the list of integers.
  - For each number, add it to `total_sum` and multiply `total_product` by it.
  - Alternatively, use Python's built-in functions/modules (like `sum()` and `math.prod()`, keeping the edge cases in mind) and return `(total_sum, total_product)` as a tuple.",none,1,humaneval
he_008,"For a given list of integers, return a tuple consisting of a sum and a product of all the integers in a list.
Empty sum should be equal to 0 and empty product should be equal to 1.
>>> sum_product([])
(0, 1)
>>> sum_product([1, 2, 3, 4])
(10, 24)","**Handoff Message for Agent B** - **Function to Build:** Write a Python function that calculates both the sum and the product of all integers in a given list. It must return the results as a tuple in the format `(sum, product)`. - **Exact Function Signature:** ```python def sum_product(numbers: list[int])",truncation,0,humaneval
he_008,"For a given list of integers, return a tuple consisting of a sum and a product of all the integers in a list.
Empty sum should be equal to 0 and empty product should be equal to 1.
>>> sum_product([])
(0, 1)
>>> sum_product([1, 2, 3, 4])
(10, 24)","**Handoff Message for Agent B**

- **Function to Build:** Write a Python function that calculates both the sum and the product of all integers in a given list. It must return the results as a tuple in the format `(sum, product)`.
- For each number, add it to `total_sum` and multiply `total_product` by it.
  - Alternatively, use Python's built-in functions/modules (like `sum()` and `math.prod()`, keeping the edge cases in mind) and return `(total_sum, total_product)` as a tuple.",entity_omission,0,humaneval
he_008,"For a given list of integers, return a tuple consisting of a sum and a product of all the integers in a list.
Empty sum should be equal to 0 and empty product should be equal to 1.
>>> sum_product([])
(0, 1)
>>> sum_product([1, 2, 3, 4])
(10, 24)","**Handoff Message for Agent B**

  ",tool_result_drop,0,humaneval
he_009,"From a given list of integers, generate a list of rolling maximum element found until given moment
in the sequence.
>>> rolling_max([1, 2, 3, 2, 3, 4, 2])
[1, 2, 3, 3, 3, 4, 4]","HANDOFF MESSAGE FOR AGENT B:

Please write a Python function that computes the running (rolling) maximum of a list of integers. 

**Function Signature:**
```python
def rolling_max(numbers: list[int]) -> list[int]:
```

**Behavior:**
Given a list of integers, return a new list where each element at index `i` represents the maximum value found in the input list from index `0` up to index `i` (inclusive).

**Example:**
```python
>>> rolling_max([1, 2, 3, 2, 3, 4, 2])
[1, 2, 3, 3, 3, 4, 4]
```

**Key Edge Cases to Handle:**
- An empty list `[]` should return `[]`.
- A list with a single element `[x]` should return `[x]`.
- Lists with negative numbers, duplicates, or already sorted/reverse-sorted orders.

**Plan / Approach:**
1. Keep track of the current maximum seen so far. Initialize it (or iterate through the list).
2. Iterate through each number in the input list, update the running maximum if the current number is greater, and append the current maximum to a result list.
3. Return the result list. This can be done efficiently in $O(N)$ time complexity.",none,1,humaneval
he_011,"Input are two strings a and b consisting only of 1s and 0s.
Perform binary XOR on these inputs and return result also as a string.
>>> string_xor('010', '110')
'100'","**Handoff Message for Agent B:**

**Function Requirement:**
Write a Python function that performs a binary XOR operation on two input strings consisting only of '1's and '0's, and returns the result as a string of '1's and '0's.

**Function Signature:**
```python
def string_xor(a: str, b: str) -> str:
```

**Key Edge Cases to Handle:**
- Inputs will always be valid binary strings of '1's and '0's.
- Inputs are guaranteed to be of equal length (based on standard problem constraints for this type), but ensure your code handles standard binary string comparisons correctly.
- Leading zeros in the output should be preserved (e.g., XORing '010' and '110' yields '100').

**Plan / Approach:**
1. Iterate through both strings simultaneously using `zip(a, b)`.
2. For each pair of characters, convert them to integers (or compare them), and apply the XOR operation (`^`). Alternatively, compare characters directly: if they are the same (e.g., '0' and '0', or '1' and '1'), result is '0'; if they are different, result is '1'.
3. Collect the resulting bits into a list or string.
4. Return the joined string.",none,1,humaneval
he_012,"Out of list of strings, return the longest one. Return the first one in case of multiple
strings of the same length. Return None in case the input list is empty.
>>> longest([])
>>> longest(['a', 'b', 'c'])
'a'
>>> longest(['a', 'bb', 'ccc'])
'ccc'","**Handoff Message for Agent B:**

**Task Overview:**
Write a Python function that takes a list of strings as input and returns the longest string from the list. 

**Function Signature:**
```python
def longest(strings: list[str]) -> str | None:
    pass
```

**Key Edge Cases to Handle:**
1. **Empty list:** If the input list is empty (`[]`), the function must return `None`.
2. **Ties (same length):** If there are multiple strings sharing the maximum length, return the **first** one that appears in the list.

**Implementation Plan:**
1. Check if the input list is empty; if so, return `None`.
2. Use Python's built-in `max()` function with a custom `key` argument (specifically, `key=len`). 
3. Because Python's `max()` is stable, it naturally preserves the first encountered item in the case of a tie. 
4. Return the result.",none,1,humaneval
he_012,"Out of list of strings, return the longest one. Return the first one in case of multiple
strings of the same length. Return None in case the input list is empty.
>>> longest([])
>>> longest(['a', 'b', 'c'])
'a'
>>> longest(['a', 'bb', 'ccc'])
'ccc'","**Handoff Message for Agent B:**

**Task Overview:**
Write a Python function that takes a list of strings as input and returns the longest string from the list. 

**Function Signature:**


**Key Edge Cases to Handle:**

**Implementation Plan:**",tool_result_drop,0,humaneval
he_013,"Return a greatest common divisor of two integers a and b
>>> greatest_common_divisor(3, 5)
1
>>> greatest_common_divisor(25, 15)
5","Agent B, you need to implement a Python function that calculates the greatest common divisor (GCD) of two integers.

Here are the requirements:
- **Function Signature:** `def greatest_common_divisor(a: int, b: int) -> int:`
- **Behavior:** Return the greatest common divisor of integers `a` and `b`.
- **Examples:**
  - `greatest_common_divisor(3, 5)` -> `1`
  - `greatest_common_divisor(25, 15)` -> `5`
- **Edge Cases to Handle:**
  - Zero values (e.g., GCD with 0 should return the non-zero integer, or handle standard mathematical behavior).
  - Negative integers (the GCD should typically be positive, so handle inputs with absolute values).
  - One number dividing the other cleanly.
- **Approach:** Use the Euclidean algorithm (which can be cleanly implemented using a `while` loop with the modulo operator, or via `math.gcd` if permitted, but writing the standard Euclidean algorithm manually is recommended).",none,1,humaneval
he_014,"Return list of all prefixes from shortest to longest of the input string
>>> all_prefixes('abc')
['a', 'ab', 'abc']","**Handoff Message for Agent B**

**Task Overview:**
Build a Python function that takes a string as input and returns a list of all its prefixes, ordered from shortest to longest.

**Function Signature:**
```python
def all_prefixes(s: str) -> list[str]:
```

**Examples:**
- `all_prefixes('abc')` -> `['a', 'ab', 'abc']`

**Edge Cases to Handle:**
- Empty string `""""`: Should return an empty list `[]`.
- Single-character string `""a""`: Should return `['a']`.
- Strings with spaces or special characters (standard string slicing should handle this naturally).

**Plan / Approach:**
1. Initialize an empty list to store the prefixes.
2. Iterate through the string using a loop or list comprehension based on index lengths (from index `1` up to `len(s)`).
3. Use string slicing (`s[:i]`) to extract each prefix and append it to the result list.
4. Return the resulting list.",none,1,humaneval
he_015,"Return a string containing space-delimited numbers starting from 0 upto n inclusive.
>>> string_sequence(0)
'0'
>>> string_sequence(5)
'0 1 2 3 4 5'","Here is the handoff message for Agent B:

**Function Requirements:**
Write a Python function named `string_sequence` that takes a single integer `n` as input and returns a string containing space-delimited numbers starting from 0 up to and including `n`.

**Exact Function Signature:**
```python
def string_sequence(n: int) -> str:
```

**Examples:**
- `string_sequence(0)` should return `'0'`
- `string_sequence(5)` should return `'0 1 2 3 4 5'`

**Key Edge Cases to Handle:**
- `n = 0`: Should return `'0'` without any trailing or leading spaces.
- Negative numbers for `n`: Although not explicitly requested, consider how it should behave (typically return an empty string or raise an error, but standard usage assumes $n \ge 0$).

**Plan/Approach:**
1. Use Python's `range(n + 1)` to generate numbers from 0 to `n` inclusive.
2. Convert each integer in the range to a string.
3. Join the resulting strings using a space `' '` as the separator using `join()`.
4. Return the resulting string.",none,1,humaneval
he_016,"Given a string, find out how many distinct characters (regardless of case) does it consist of
>>> count_distinct_characters('xyzXYZ')
3
>>> count_distinct_characters('Jerry')
4","AGENT B HANDOFF MESSAGE

**Task Restatement:**
You need to write a Python function that calculates the number of distinct characters in a given string, treating uppercase and lowercase letters as the same character (case-insensitive).

**Function Signature:**
```python
def count_distinct_characters(s: str) -> int:
```

**Key Edge Cases to Handle:**
- Empty strings (`""""` should return `0`).
- Strings with mixed cases (e.g., `'xyzXYZ'` should return `3` because 'x'/'X', 'y'/'Y', and 'z'/'Z' are equivalent).
- Strings with spaces, punctuation, or numbers (they should be counted as distinct characters based on their case-folded values).
- Strings with all identical characters (e.g., `'AAAAa'` should return `1`).

**Plan/Approach:**
1. Convert the input string `s` to lowercase (or uppercase) to ensure case-insensitivity. You can use the `.lower()` method.
2. Pass the lowercased string into a `set` to automatically filter out duplicate characters.
3. Return the `len()` of that set.",none,1,humaneval
he_017,"Input to this function is a string representing musical notes in a special ASCII format.
Your task is to parse this string and return list of integers corresponding to how many beats does each
not last.
Here is a legend:
'o' - whole note, lasts four beats
'o|' - half note, lasts two beats
'.|' - quater note, lasts one beat
>>> parse_music('o o| .| o| o| .| .| .| .| o o')
[4, 2, 1, 2, 2, 1, 1, 1, 1, 4, 4]","**Handoff Message for Agent B**

**Function to Build:**
Write a Python function named `parse_music(music_string: str) -> list` that takes a string of musical notes in a custom ASCII format, parses them, and returns a list of integers representing the duration (in beats) of each note.

**Legend / Mapping:**
- `'o'` = whole note = 4 beats
- `'o|'` = half note = 2 beats
- `'.|'` = quarter note = 1 beat

**Input / Output Example:**
- Input: `'o o| .| o| o| .| .| .| .| o o'`
- Output: `[4, 2, 1, 2, 2, 1, 1, 1, 1, 4, 4]`

**Key Edge Cases to Handle:**
- The notes in the input string are typically separated by spaces. Ensure your parser correctly splits and handles whitespace.
- Empty string input should return an empty list `[]`.
- Malformed notes or unexpected characters should either be ignored or handled gracefully (assuming well-formed inputs based on the prompt, but robust splitting is key).

**Plan / Approach:**
1. Split the input `music_string` by whitespace to get individual note tokens.
2. Iterate through each token and map it to its corresponding integer beat value using a dictionary or conditional logic (`'o'` -> 4, `'o|'` -> 2, `'.|'` -> 1).
3. Append each integer to a result list.
4. Return the result list.",none,1,humaneval
he_017,"Input to this function is a string representing musical notes in a special ASCII format.
Your task is to parse this string and return list of integers corresponding to how many beats does each
not last.
Here is a legend:
'o' - whole note, lasts four beats
'o|' - half note, lasts two beats
'.|' - quater note, lasts one beat
>>> parse_music('o o| .| o| o| .| .| .| .| o o')
[4, 2, 1, 2, 2, 1, 1, 1, 1, 4, 4]","**Handoff Message for Agent B** **Function to Build:** Write a Python function named `parse_music(music_string: str) -> list` that takes a string of musical notes in a custom ASCII format, parses them, and returns a list of integers representing the duration (in beats) of each note. **Legend / Mapping:** - `'o'` = whole note = 4 beats - `'o|'` = half note = 2 beats -",truncation,0,humaneval
he_017,"Input to this function is a string representing musical notes in a special ASCII format.
Your task is to parse this string and return list of integers corresponding to how many beats does each
not last.
Here is a legend:
'o' - whole note, lasts four beats
'o|' - half note, lasts two beats
'.|' - quater note, lasts one beat
>>> parse_music('o o| .| o| o| .| .| .| .| o o')
[4, 2, 1, 2, 2, 1, 1, 1, 1, 4, 4]","**Handoff Message for Agent B**

**Function to Build:**
Write a Python function named  that takes a string of musical notes in a custom ASCII format, parses them, and returns a list of integers representing the duration (in beats) of each note.

**Legend / Mapping:**

**Input / Output Example:**

**Key Edge Cases to Handle:**

**Plan / Approach:**",tool_result_drop,0,humaneval
he_017,"Input to this function is a string representing musical notes in a special ASCII format.
Your task is to parse this string and return list of integers corresponding to how many beats does each
not last.
Here is a legend:
'o' - whole note, lasts four beats
'o|' - half note, lasts two beats
'.|' - quater note, lasts one beat
>>> parse_music('o o| .| o| o| .| .| .| .| o o')
[4, 2, 1, 2, 2, 1, 1, 1, 1, 4, 4]","**Function to Build:** Write a Python function named `parse_music(music_string: str) -> list` that takes a string of musical notes in a custom ASCII format, parses them, and returns a list of integers representing the duration (in beats) of each note.",over_summarization,0,humaneval
he_018,"Find how many times a given substring can be found in the original string. Count overlaping cases.
>>> how_many_times('', 'a')
0
>>> how_many_times('aaa', 'a')
3
>>> how_many_times('aaaa', 'aa')
3","**Handoff Message for Agent B**

Your task is to write a Python function that counts the number of times a given substring appears within an original string, **including overlapping occurrences**.

### Function Signature
```python
def how_many_times(string: str, substring: str) -> int:
    pass
```

### Key Requirements & Edge Cases
1. **Overlapping Substrings**: The count must include overlapping matches. For example, counting `'aa'` in `'aaaa'` should return `3` (indices 0, 1, and 2), not 2.
2. **Empty Substring**: If the `substring` is empty (`''`), the function should return `0`.
3. **Empty String**: If the main `string` is empty and the `substring` is non-empty, return `0`.
4. **No Match**: If the substring does not appear in the string, return `0`.

### Approach
1. Handle edge cases first: if `not substring` or `not string` (when `substring` is present), return `0`.
2. Iterate through the main string using a `for` loop with an index `i` from `0` up to `len(string) - len(substring) + 1`.
3. At each index, check if `string[i : i + len(substring)] == substring`.
4. If it matches, increment a counter.
5. Return the final counter value. (Alternatively, you can implement this efficiently by using a `while` loop with `string.find(substring, start)` advancing by `1` on each match).",none,1,humaneval
he_019,"Input is a space-delimited string of numberals from 'zero' to 'nine'.
Valid choices are 'zero', 'one', 'two', 'three', 'four', 'five', 'six', 'seven', 'eight' and 'nine'.
Return the string with numbers sorted from smallest to largest
>>> sort_numbers('three one five')
'one three five'","**Handoff Message for Agent B**

**Task Overview:**
We need to write a Python function that takes a space-delimited string of number words (ranging from 'zero' to 'nine') and returns a new space-delimited string where those number words are sorted in ascending numerical order.

**Function Signature:**
```python
def sort_numbers(input_str: str) -> str:
    pass
```

**Key Details & Edge Cases:**
- Valid input words: `'zero'`, `'one'`, `'two'`, `'three'`, `'four'`, `'five'`, `'six'`, `'seven'`, `'eight'`, `'nine'`.
- The input string consists of these words separated by spaces (e.g., `'three one five'`).
- Edge cases to consider:
  - Empty string `""""` -> should return `""""`.
  - Single word string -> should return the same word.
  - Duplicate numbers (e.g., `'two one two'`) -> should preserve all instances and sort them correctly (`'one two two'`).
  - Inputs are well-formed space-delimited strings using only the valid English word representations listed above.

**Plan / Approach:**
1. Define a mapping dictionary (or list/tuple) that associates each number word with its integer value (e.g., `{'zero': 0, 'one': 1, ...}`).
2. Split the input string by spaces to get a list of individual number words. Handle the empty string case gracefully (return `""""` if the split list is empty).
3. Sort the list of words using the mapping values as the sorting key (e.g., `sorted(words, key=lambda x: mapping[x])`).
4. Join the sorted list of words back into a single space-delimited string and return it.",none,1,humaneval
he_020,"From a supplied list of numbers (of length at least two) select and return two that are the closest to each
other and return them in order (smaller number, larger number).
>>> find_closest_elements([1.0, 2.0, 3.0, 4.0, 5.0, 2.2])
(2.0, 2.2)
>>> find_closest_elements([1.0, 2.0, 3.0, 4.0, 5.0, 2.0])
(2.0, 2.0)","FUNCTION TO BUILD:
Write a Python function that takes a list of numbers (with a length of at least two) and finds the two numbers in the list that are closest to each other in value. It must return these two numbers as a tuple ordered from smallest to largest `(smaller number, larger number)`.

FUNCTION SIGNATURE:
`def find_closest_elements(numbers: list[float]) -> tuple[float, float]:`

KEY EDGE CASES TO HANDLE:
- Duplicate closest values (e.g., `[1.0, 2.0, 3.0, 4.0, 5.0, 2.0]` should return `(2.0, 2.0)`).
- Unsorted input lists (the input can be in any order, so sorting or checking all pairs is necessary).
- Negative numbers and floating-point precision.
- The list length is guaranteed to be at least 2.

PLAN / APPROACH:
1. Sort a copy of the input list (or iterate through all unique pairs) to efficiently find the minimum absolute difference between adjacent elements.
2. Initialize variables to track the minimum difference and the best pair found so far.
3. Iterate through the sorted list, comparing adjacent elements. If a smaller difference is found, update the minimum difference and the pair.
4. Ensure the returned tuple is properly ordered such that the first element is less than or equal to the second element.",none,1,humaneval
he_021,"Given list of numbers (of at least two elements), apply a linear transform to that list,
such that the smallest number will become 0 and the largest will become 1
>>> rescale_to_unit([1.0, 2.0, 3.0, 4.0, 5.0])
[0.0, 0.25, 0.5, 0.75, 1.0]","**Handoff Message for Agent B**

You need to write a Python function that performs Min-Max normalization (rescaling) on a list of numerical values so that the minimum value maps to `0.0` and the maximum value maps to `1.0`, with all other values scaled linearly in between.

### Function Signature
```python
def rescale_to_unit(numbers: list[int | float]) -> list[float]:
```

### Requirements & Edge Cases
1. **Input guarantee:** The input list will always contain at least two elements.
2. **Data types:** Inputs can be integers or floats; the output must be a list of floats.
3. **Edge Case (Zero Variance):** If all numbers in the input list are identical (e.g., `[5.0, 5.0, 5.0]`), the denominator ($max - min$) will be zero. In this scenario, handle potential division by zero gracefully—typically by returning a list of all zeros (`0.0`) of the same length.

### Approach / Plan
1. Find the minimum (`min_val`) and maximum (`max_val`) of the input list.
2. Calculate the range: `val_range = max_val - min_val`.
3. Check if `val_range == 0`. If so, return a list of `0.0` with the same length as the input.
4. Otherwise, iterate through each number $x$ in the list and apply the linear transformation formula: 
   $$\frac{x - \text{min\_val}}{\text{val\_range}}$$
5. Return the newly constructed list of floats.",none,1,humaneval
he_022,"Filter given list of any python values only for integers
>>> filter_integers(['a', 3.14, 5])
[5]
>>> filter_integers([1, 2, 3, 'abc', {}, []])
[1, 2, 3]","Function to build:
Write a Python function that filters a given list of mixed Python values and returns a new list containing only the integers. Note that in Python, `bool` is a subclass of `int`, so you must ensure that boolean values (like `True` or `False`) are excluded, keeping strictly `int` types.

Exact function name and signature:
```python
def filter_integers(values: list) -> list:
```

Key edge cases to handle:
1. Lists containing booleans (`True`, `False`) - these should be excluded even though `isinstance(True, int)` evaluates to `True` in Python.
2. Empty lists (`[]`) should return an empty list.
3. Lists with no integers at all should return an empty list.
4. Lists containing floats, strings, dicts, lists, and other non-integer types.

Brief plan/approach:
Use a list comprehension to iterate through the input list. For each item, check two conditions:
1. Use `isinstance(item, int)` to check if it's an integer.
2. Use `not isinstance(item, bool)` to explicitly filter out booleans.
Combine these in the condition of the list comprehension and return the resulting list.",none,1,humaneval
he_023,"Return length of given string
>>> strlen('')
0
>>> strlen('abc')
3","HANDOFF MESSAGE FOR AGENT B:

Your task is to implement a function that calculates and returns the length of a given string.

**Function Signature:**
```python
def strlen(s: str) -> int:
```

**Key Edge Cases to Handle:**
- Empty string `''` should return `0`.
- Standard ASCII strings (e.g., `'abc'`) should return the correct character count (`3`).
- Strings with spaces, special characters, or unicode characters should be handled correctly.

**Plan / Approach:**
- Utilize Python's built-in `len()` function to determine the length of the input string efficiently in $O(1)$ time, or iterate through the string to count characters if preferred. 
- Ensure proper type hinting and return the result as an integer.",none,1,humaneval
he_024,"For a given number n, find the largest number that divides n evenly, smaller than n
>>> largest_divisor(15)
5","**HANDOFF MESSAGE FOR AGENT B**

**Function to Build:**
Write a Python function that finds the largest proper divisor of a given integer $n$. That is, it must find the largest integer strictly less than $n$ that divides $n$ evenly (i.e., without a remainder).

**Exact Function Signature:**
```python
def largest_divisor(n: int) -> int:
    pass
```

**Key Edge Cases to Handle:**
- **Prime Numbers:** If $n$ is a prime number (e.g., $n = 7$), the only divisor smaller than $n$ is $1$. The function should return $1$.
- **$n = 2$:** The only divisor smaller than $2$ is $1$.
- **Large Numbers:** The solution should be reasonably efficient (e.g., checking downwards from $n // 2$ or finding factors up to $\sqrt{n}$) to avoid timeouts on larger inputs.

**Brief Plan / Approach:**
1. Iterate downwards from $n // 2$ down to $1$.
2. The first number encountered that divides $n$ evenly ($n \% i == 0$) will inherently be the largest proper divisor.
3. Return that number. 
4. Alternatively, for better performance on large numbers, you can check potential divisors starting from the square root of $n$ downwards, or simply loop from $n // 2$ down to $1$ since constraints for this type of problem are typically small.",none,1,humaneval
he_025,"Return list of prime factors of given integer in the order from smallest to largest.
Each of the factors should be listed number of times corresponding to how many times it appeares in factorization.
Input number should be equal to the product of all factors
>>> factorize(8)
[2, 2, 2]
>>> factorize(25)
[5, 5]
>>> factorize(70)
[2, 5, 7]","**HANDOFF MESSAGE FOR AGENT B**

**Function Requirement:**
Write a Python function that takes a single integer as input and returns a list of its prime factors in ascending order (smallest to largest). Each prime factor must appear in the list as many times as it divides evenly into the number (its multiplicity). The product of all elements in the returned list must equal the input number.

**Exact Function Signature:**
```python
def factorize(n: int) -> list[int]:
    pass
```

**Key Edge Cases to Handle:**
- `n = 1`: Should return an empty list `[]` (since 1 has no prime factors and the product of an empty list is technically 1 or handled as a base case, though standard prime factorization applies to integers > 1. If 1 is passed, returning `[]` is standard).
- Prime numbers (e.g., `n = 7`): Should return `[7]`.
- Numbers with repeated prime factors (e.g., `8` -> `[2, 2, 2]`, `25` -> `[5, 5]`).
- Large prime factors or large composite numbers efficiently.

**Plan / Approach:**
1. Initialize an empty list called `factors`.
2. Start testing potential divisors (`d`) starting from `2`.
3. While `d * d <= n`:
   - If `n % d == 0`, append `d` to `factors` and update `n = n // d`.
   - Repeat this while loop for the same `d` to catch all multiplicities of that prime.
   - Otherwise, increment `d` by `1` (or optimize by checking 2 then odd numbers).
4. After the loop, if `n > 1`, the remaining `n` is a prime number itself; append it to `factors`.
5. Return `factors`.",none,1,humaneval
he_026,"From a list of integers, remove all elements that occur more than once.
Keep order of elements left the same as in the input.
>>> remove_duplicates([1, 2, 3, 2, 4])
[1, 3, 4]","FUNCTION REQUIREMENTS:
Build a Python function that removes all elements from a list of integers if they occur more than once (i.e., keep only the elements that appear exactly once). The original relative order of the remaining elements must be preserved.

FUNCTION SIGNATURE:
`def remove_duplicates(nums: list[int]) -> list[int]:`

EDGE CASES TO HANDLE:
- Empty list `[]` -> should return `[]`.
- All elements unique `[1, 2, 3]` -> should return `[1, 2, 3]`.
- All elements duplicates `[1, 1, 2, 2]` -> should return `[]`.
- Negative numbers and zero -> should be handled correctly just like positive integers.
- Single-element list `[5]` -> should return `[5]`.

APPROACH / PLAN:
1. Count the frequency of each integer in the input list (e.g., using `collections.Counter`).
2. Iterate through the original list and filter out any elements whose frequency count is greater than 1.
3. Because you iterate through the original list in order, this naturally preserves the original relative order.
4. Return the new filtered list.",none,1,humaneval
he_027,"For a given string, flip lowercase characters to uppercase and uppercase to lowercase.
>>> flip_case('Hello')
'hELLO'","**Handoff Message for Agent B:**

**Task:** 
Write a Python function that takes a string as input and returns a new string where all lowercase characters are converted to uppercase, and all uppercase characters are converted to uppercase (i.e., swap the case of every alphabetical character).

**Function Signature:**
```python
def flip_case(s: str) -> str:
```

**Key Edge Cases to Handle:**
- Empty strings (`""""`) should return an empty string.
- Strings with no alphabetical characters (e.g., numbers, punctuation, spaces like `""123! ""`) should remain unchanged.
- Strings with mixed characters, numbers, and symbols (e.g., `""Hello, World!""`) should only have their alphabetical characters' case flipped (`""hELLO, wORLD!""`).

**Brief Plan/Approach:**
- Python strings have a built-in method specifically for this operation: `.swapcase()`. 
- The implementation can simply return `s.swapcase()`.",none,1,humaneval
he_027,"For a given string, flip lowercase characters to uppercase and uppercase to lowercase.
>>> flip_case('Hello')
'hELLO'","**Handoff Message for Agent B:** **Task:** Write a Python function that takes a string as input and returns a new string where all lowercase characters are converted to uppercase, and all uppercase characters are converted to uppercase",truncation,0,humaneval
he_028,"Concatenate list of strings into a single string
>>> concatenate([])
''
>>> concatenate(['a', 'b', 'c'])
'abc'","**HANDOFF MESSAGE FOR AGENT B**

**Objective:**
Write a Python function that takes a list of strings and concatenates them together into a single string. 

**Function Signature:**
```python
def concatenate(strings: list[str]) -> str:
```

**Key Edge Cases to Handle:**
- **Empty list:** Passing `[]` should return an empty string `''`.
- **Single-element list:** Passing `['a']` should return `'a'`.
- **List with empty strings:** Passing `['a', '', 'b']` should handle empty strings correctly without adding extra whitespace.

**Plan / Approach:**
- Use Python's built-in `str.join()` method, which is the most efficient and Pythonic way to concatenate a sequence of strings. 
- Implementation: `return ''.join(strings)`",none,1,humaneval
he_029,"Filter an input list of strings only for ones that start with a given prefix.
>>> filter_by_prefix([], 'a')
[]
>>> filter_by_prefix(['abc', 'bcd', 'cde', 'array'], 'a')
['abc', 'array']","**HANDOFF MESSAGE FOR AGENT B**

**Objective:**
Build a Python function that filters a list of strings and returns a new list containing only the strings that start with a specified prefix.

**Function Signature:**
```python
def filter_by_prefix(strings: list[str], prefix: str) -> list[str]:
```

**Key Edge Cases to Handle:**
1. **Empty Input List:** Passing an empty list `[]` should return `[]`.
2. **No Matches:** If no strings in the list start with the given prefix, return `[]`.
3. **Empty Prefix:** If the prefix is an empty string `""""`, all strings in the list technically start with it (and thus all should be returned).
4. **Exact Match / Case Sensitivity:** Ensure standard string matching behavior applies (e.g., `'a'` matches `'abc'` but not `'ABC'`).

**Plan / Approach:**
- Use a list comprehension to iterate over the input `strings`.
- For each string, use the built-in string method `.startswith(prefix)` to check the condition.
- Return the filtered list.",none,1,humaneval
mbpp_002,Write a function to find the shared elements from the given two lists.,"**HANDOFF MESSAGE FOR AGENT B**

**Objective:**
Write a Python function that takes two input lists and returns a new list containing all the elements that are present in both input lists (shared elements). 

**Function Signature:**
```python
def find_shared_elements(list1: list, list2: list) -> list:
```

**Key Edge Cases to Handle:**
1. **Duplicates in input lists:** If an element appears multiple times in one or both lists, the resulting list should either handle duplicates gracefully (typically returning unique shared elements, or matching intersection behavior). Let's aim for unique shared elements in the result, or preserve standard set intersection behavior.
2. **Empty lists:** If either or both input lists are empty, the function should return an empty list `[]`.
3. **Disjoint lists:** If there are no common elements between the two lists, return an empty list `[]`.
4. **Different data types:** The lists may contain mixed data types (integers, strings, etc.); ensure the comparison handles this safely.

**Brief Plan / Approach:**
1. Convert both input lists to sets to remove duplicates and allow for $O(1)$ average-time complexity lookups.
2. Find the intersection of the two sets using the built-in set intersection operation (`set1 & set2`).
3. Convert the resulting set back to a list.
4. (Optional) Maintain the original order of appearance from the first list if order matters, by iterating through `list1` and checking if the element is in a set version of `list2`, while tracking added items to avoid duplicates. 
   * *Recommended Implementation:* `seen = set(); return [x for x in list1 if x in set2 and not (x in seen or seen.add(x))]` to preserve order and uniqueness, or simply `list(set(list1).intersection(set2))` if order does not matter. Let's use the order-preserving approach for better user experience.",none,1,mbpp
mbpp_004,"Write a function to find the n largest integers from a given list of numbers, returned in descending order.","HANDOFF MESSAGE FOR AGENT B:

Goal: Write a Python function that takes a list of numbers and an integer $n$, and returns the $n$ largest integers from that list in descending order.

Function Signature:
```python
def find_n_largest(numbers: list[int], n: int) -> list[int]:
    pass
```

Key Edge Cases to Handle:
- $n$ is greater than the length of the list: Return all elements of the list sorted in descending order.
- $n \le 0$: Return an empty list `[]`.
- The input list contains duplicate numbers: Duplicates should be treated as distinct values (e.g., finding the 3 largest of `[5, 5, 5, 2]` should return `[5, 5, 5]`).
- The input list is empty: Return an empty list `[]`.

Suggested Approach:
1. Validate inputs: If $n \le 0$ or the input list is empty, return `[]`.
2. Sort the list in descending order (or use a heap/max-heap approach like `heapq.nlargest` for efficiency, which handles edge cases gracefully).
3. Slice the sorted list to take the first $n$ elements: `sorted_nums[:n]`.
4. Return the resulting list.",none,1,mbpp
mbpp_004,"Write a function to find the n largest integers from a given list of numbers, returned in descending order.",Key Edge Cases to Handle: - $n$ is greater than the length of the list: Return all elements of the list sorted in descending order.,over_summarization,0,mbpp
mbpp_007,Write a function to find all words which are at least 4 characters long in a string.,"**HANDOFF MESSAGE FOR AGENT B**

**Objective:**
Write a Python function that extracts and returns all words from a given input string that have a length of 4 characters or more.

**Function Signature:**
```python
def find_long_words(text: str) -> list[str]:
    """"""
    Finds all words in a string that are at least 4 characters long.
    
    Args:
        text (str): The input string containing words.
        
    Returns:
        list[str]: A list of words with length >= 4, in the order they appear.
    """"""
```

**Key Edge Cases to Handle:**
1. **Punctuation:** Words should ideally be stripped of surrounding punctuation (e.g., `""test,""` should be treated as `""test""` of length 4, not `""test,""` of length 5). 
2. **Whitespace and Multiple Spaces:** The input may contain tabs, newlines, or multiple consecutive spaces.
3. **Empty or Short Strings:** If the input string is empty, contains only whitespace, or has no words of length 4+, the function should return an empty list `[]`.
4. **Special Characters / Numbers:** Decide whether digit-only tokens count as words (standard `split()` treats any whitespace-separated token as a word; ensure numbers like `""1234""` are handled appropriately based on standard word definitions).

**Plan / Approach:**
1. Use regular expressions (`re.findall`) to extract valid word tokens, which automatically handles punctuation stripping and whitespace splitting. Specifically, `re.findall(r'\b\w{4,}\b', text)` can be used to directly find words consisting of word characters (`\w`) of length 4 or greater.
2. Alternatively, use `text.split()` to break the string by whitespace, then iterate through each word, strip common punctuation using `.strip(string.punctuation)`, and check if `len(word) >= 4`.
3. Return the resulting list of words preserving their original order.",none,1,mbpp
mbpp_008,Write a function to find squares of individual elements in a list.,"Agent B, here are the requirements and specifications for the function you need to write:

**Function Purpose:**
Write a function that takes a list of numbers and returns a new list containing the square of each individual element.

**Function Signature:**
```python
def square_elements(lst: list[int | float]) -> list[int | float]:
```

**Key Edge Cases to Handle:**
- Empty list: Passing `[]` should return `[]`.
- Negative numbers: Squaring negative numbers should yield positive results (e.g., `-3` becomes `9`).
- Floats and integers: The function should correctly handle both integer and floating-point inputs.
- Invalid input types: (Optional, but good practice) Handle or assume standard numeric types.

**Plan/Approach:**
1. Use a list comprehension to iterate through each element in the input list.
2. For each element $x$, compute its square using the exponentiation operator (`x ** 2`) or multiplication (`x * x`).
3. Return the newly generated list of squared values.",none,1,mbpp
mbpp_009,Write a python function to find the minimum number of rotations (greater than 0) required to get the same string.,"Agent B, here is the specification for the function you need to write.

**1. Restatement of the Problem**
Write a Python function that calculates the minimum number of strictly positive rotations (i.e., rotations greater than 0) required for a given string to become identical to itself again. 

**2. Exact Function Signature**
```python
def min_rotations_for_same_string(s: str) -> int:
    """"""
    Finds the minimum number of rotations (> 0) required to get the same string.
    """"""
    pass
```

**3. Key Edge Cases to Handle**
- **Empty string (`""""`)**: Should raise an error or return `0` (let's return `0` or handle it gracefully, though standard constraints usually imply non-empty strings. Let's make sure it handles length 0 by returning 0).
- **Single character or all identical characters (`""aaa""`)**: The minimum rotation to get the same string is `1`.
- **No repeating pattern (e.g., `""abcd""`)**: The minimum rotations will equal the length of the string (`4`).

**4. Brief Plan / Approach**
- A rotation of a string can be simulated by concatenating the string with itself (`s + s`).
- The smallest positive rotation $k$ ($1 \le k \le \text{len}(s)$) such that the substring starting at index $k$ with length `len(s)` equals the original string `s` is our answer.
- Alternatively, you can find the length of the shortest repeating prefix, or find the smallest $k$ such that `(s + s)[k : k + len(s)] == s` for $k > 0$. The first such $k$ is the minimum number of rotations.",none,1,mbpp
mbpp_011,Write a python function to remove first and last occurrence of a given character from the string.,"HANDOFF MESSAGE FOR AGENT B:

Your task is to write a Python function that removes the *first* and the *last* occurrence of a specific character from a given string.

**Function Signature:**
```python
def remove_first_and_last(s: str, char: str) -> str:
```

**Key Edge Cases to Handle:**
1. **Character not present:** If the character does not appear in the string, return the original string unchanged.
2. **Single occurrence:** If the character appears only once in the string, remove that single occurrence.
3. **Empty string:** If the input string is empty (`""""`), return the empty string.
4. **Character is an empty string / multiple characters:** Assume `char` is a single-character string, but handle gracefully if it matches substrings or isn't a strict single character (though standard usage implies `char` has length 1).

**Plan / Approach:**
1. Find the index of the first occurrence of `char` using `s.find(char)`. If it's `-1`, return `s`.
2. Find the index of the last occurrence of `char` using `s.rfind(char)`.
3. Construct the new string by slicing:
   - If the first and last occurrences are the same index (only one instance), slice out just that index: `s[:first_idx] + s[first_idx + 1:]`.
   - If they are different indices, remove both: `s[:first_idx] + s[first_idx + 1:last_idx] + s[last_idx + 1:]`.
4. Return the resulting string.",none,1,mbpp
mbpp_011,Write a python function to remove first and last occurrence of a given character from the string.,"Construct the new string by slicing: - If the first and last occurrences are the same index (only one instance), slice out just that index: `s[:first_idx] + s[first_idx + 1:]`.",over_summarization,0,mbpp
mbpp_014,Write a python function to find the volume of a triangular prism.,"HANDOFF MESSAGE FOR AGENT B:

You need to write a Python function that calculates the volume of a triangular prism. 

- **Function Signature:** `def triangular_prism_volume(base: float, height: float, length: float) -> float:`
  - `base`: The length of the base of the triangular cross-section.
  - `height`: The height of the triangular cross-section (perpendicular to the base).
  - `length`: The length (or height/depth) of the prism itself.

- **Formula:** 
  $$\text{Volume} = \text{Area of the triangular base} \times \text{Length}$$
  $$\text{Volume} = \left(\frac{1}{2} \times \text{base} \times \text{height}\right) \times \text{length}$$

- **Key Edge Cases to Handle:**
  - Zero or negative values for `base`, `height`, or `length` should raise a `ValueError`, as physical dimensions cannot be zero or negative.
  - Non-numeric inputs (e.g., strings) should raise a `TypeError`.

- **Brief Plan:**
  1. Validate that all inputs (`base`, `height`, `length`) are of type `int` or `float`. If not, raise a `TypeError`.
  2. Validate that all inputs are strictly greater than `0`. If any are $\le 0$, raise a `ValueError`.
  3. Compute the volume using the formula `(0.5 * base * height) * length`.
  4. Return the computed floating-point volume.",none,1,mbpp
mbpp_017,Write a function that returns the perimeter of a square given its side length as input.,"Agent B, please implement the following function:

- **Functionality**: Write a function that calculates and returns the perimeter of a square given its side length.
- **Function Signature**: `def square_perimeter(side_length: float) -> float:`
- **Key Edge Cases to Handle**:
  - Zero side length (should return `0`).
  - Negative side length (should raise a `ValueError` since a physical square cannot have a negative side length).
  - Integer vs. floating-point inputs (ensure it handles both gracefully and returns a float or int appropriately).
- **Brief Plan/Approach**:
  1. Validate the input `side_length` to ensure it is greater than or equal to 0. If it is less than 0, raise a `ValueError`.
  2. Compute the perimeter using the standard formula: $P = 4 \times \text{side\_length}$.
  3. Return the calculated perimeter.",none,1,mbpp
mbpp_019,Write a function to find whether a given array of integers contains any duplicate element.,"HANDOFF MESSAGE FOR AGENT B:

You need to write a Python function that checks if an array of integers contains any duplicate elements.

**Function Signature:**
```python
def contains_duplicate(nums: list[int]) -> bool:
```

**Requirements & Edge Cases to Handle:**
- Return `True` if any value appears at least twice in the array.
- Return `False` if every element is distinct.
- Handle empty arrays (`[]`) by returning `False`.
- Handle arrays with a single element (`[1]`) by returning `False`.
- Handle negative numbers and zero correctly.

**Recommended Approach:**
The most efficient approach is to use a Hash Set. Traverse the array and check if each element is already in the set. If it is, return `True` immediately (early exit). If not, add it to the set. If the loop finishes without finding duplicates, return `False`. This approach achieves $O(n)$ time complexity and $O(n)$ space complexity.",none,1,mbpp
mbpp_058,Write a python function to check whether the given two integers have opposite sign or not.,"**HANDOFF MESSAGE FOR AGENT B**

**Objective:**
Write a Python function that determines whether two given integers have opposite signs.

**Function Signature:**
```python
def have_opposite_signs(a: int, b: int) -> bool:
```

**Behavior:**
- Return `True` if one integer is strictly positive (> 0) and the other is strictly negative (< 0).
- Return `False` if they have the same sign, or if either integer is zero.

**Key Edge Cases to Handle:**
1. **Zeros:** If either `a` or `b` is `0`, they do not have opposite signs (since 0 is neither positive nor negative). The function should return `False`.
2. **Positive/Negative combinations:** 
   - `a = 5, b = -3` -> `True`
   - `a = -5, b = 3` -> `True`
3. **Same sign combinations:**
   - `a = 5, b = 3` -> `False`
   - `a = -5, b = -3` -> `False`

**Proposed Approach:**
The most efficient and idiomatic way to check for opposite signs without running into integer overflow issues (which can happen in some languages when multiplying, though less of an issue in Python) is to check the product or use bitwise operators. 
Alternatively, a simple and readable approach is:
```python
def have_opposite_signs(a: int, b: int) -> bool:
    return (a < 0 and b > 0) or (a > 0 and b < 0)
```
Ensure the code is clean, well-commented, and includes type hints.",none,1,mbpp
mbpp_063,Write a function to find the maximum difference between available pairs in the given tuple list.,"HANDOFF MESSAGE FOR AGENT B

Task: Write a Python function that calculates the maximum absolute difference between the two elements of each tuple in a given list of tuples, and returns the maximum of these differences.

Function Signature:
```python
def max_difference(tuples_list: list[tuple]) -> int / float:
```

Key Edge Cases to Handle:
1. Empty list: Should handle gracefully (e.g., return `0` or `None`, let's return `0` or raise an appropriate value). Let's return `0` for an empty list.
2. Tuples with negative numbers or mixed positive/negative numbers (use absolute difference).
3. Tuples where the two elements are identical (difference is `0`).

Plan/Approach:
1. Check if the input `tuples_list` is empty. If so, return `0`.
2. Iterate through each tuple in the list, compute the absolute difference between its two elements (i.e., `abs(t[0] - t[1])`).
3. Find and return the maximum value among all computed differences using the built-in `max()` function.",none,1,mbpp
mbpp_064,Write a function to sort a list of tuples using the second value of each tuple.,"Handoff Message for Agent B:

1. Function Requirement:
Write a Python function that sorts a list of tuples based on the second element of each tuple.

2. Function Signature:
```python
def sort_by_second_element(tuples_list: list[tuple]) -> list[tuple]:
```

3. Key Edge Cases to Handle:
- Empty list (`[]`): Should return an empty list without error.
- List with a single tuple: Should return the list as-is.
- Tuples with identical second values: The sort should be stable, preserving the original relative order of such tuples.
- Mixed types in the second position (if applicable, though standard types like all integers or all strings should be assumed, using a key function is safest).

4. Approach:
- Use Python's built-in `sorted()` function or the list `.sort()` method.
- Pass a lambda function or `operator.itemgetter(1)` as the `key` argument to target the second element of each tuple (index `1`).
- Return the newly sorted list.",none,1,mbpp
mbpp_065,Write a function to flatten a list and sum all of its elements.,"HANDOFF MESSAGE FOR AGENT B:

You need to write a Python function that takes a potentially nested list (containing integers or floats) and returns the sum of all its elements after flattening the structure.

**Function Signature:**
```python
def flatten_and_sum(nested_list: list) -> (int, float):
```

**Key Edge Cases to Handle:**
1. Deeply nested lists (e.g., `[1, [2, [3, [4]]]]`).
2. Empty lists or lists containing only empty lists (should return `0`).
3. Lists containing a mix of integers, floats, and empty sublists.
4. Non-list elements at the top level or nested levels (though typically inputs will be numeric, handle standard numeric types).

**Brief Plan / Approach:**
1. Implement a recursive helper approach or a generator-based flattening method (using a `while` loop with a stack or recursion checking `isinstance(item, list)`).
2. Iterate through the elements of the input list; if an element is a list, recursively flatten it.
3. Accumulate all numeric values into a single flat collection or sum them up directly.
4. Return the total sum of all flattened elements.",none,1,mbpp
task_025,Write a function that validates whether a string of brackets (composed of '()[]{}') is balanced/well-formed.,"Handoff Message for Agent B:

Your task is to write a Python function that determines whether a given string containing only brackets (`()`, `[]`, `{}`) is well-formed (balanced). 

**Function Signature:**
```python
def is_valid(s: str) -> bool:
```

**Key Requirements & Edge Cases to Handle:**
1. **Valid combinations:** Brackets must be closed in the correct order (e.g., `""()[]{}""` is valid, `""([)]""` is invalid, `""{[]}""` is valid).
2. **Empty string:** An empty string `""""` should be considered valid (return `True`).
3. **Mismatched lengths/types:** Strings with unmatched opening or closing brackets (e.g., `""(""`, `"")""`, `""((()""`) must return `False`.
4. **Non-bracket characters:** You can assume the input string contains *only* the characters `(`, `)`, `[`, `]`, `{`, and `}` based on the problem description.

**Suggested Approach:**
- Use a **stack** data structure.
- Iterate through each character in the string.
- If the character is an opening bracket (`(`, `[`, `{`), push it onto the stack.
- If the character is a closing bracket (`)`, `]`, `}`):
  - Check if the stack is empty (if so, return `False` because there is no matching opening bracket).
  - Pop the top element from the stack and verify that it matches the corresponding opening bracket type. If it does not match, return `False`.
- After the loop finishes, return `True` if the stack is empty (all opening brackets were closed), otherwise return `False`.",none,1,hand_easy
mbpp_057,Write a python function to find the largest number that can be formed with the given list of digits.,"HANDOFF MESSAGE FOR AGENT B:

You need to write a Python function that takes a list of digits (integers) and rearranges them to form the largest possible number. 

**Function Signature:**
```python
def largest_number_from_digits(digits: list[int]) -> int:
    pass
```

**Key Requirements & Edge Cases:**
- The input will be a list of integers (0 through 9).
- The output should be an integer representing the largest possible number formed by these digits.
- **Edge cases to handle:**
  - Empty list: Return `0` (or appropriate fallback).
  - List containing only zeros (e.g., `[0, 0]`): Should return `0` (not `00`).
  - Single digit list (e.g., `[5]`): Should return the digit itself (`5`).

**Recommended Approach:**
1. Convert all digits in the list to strings (to make sorting or manipulation easier, or sort the digits in descending order).
2. Sort the digits in descending numerical order.
3. Join the sorted digits together into a single string.
4. Convert the string back to an integer and return it. (Make sure to handle the case where the result is effectively 0 to avoid leading zero issues).",none,1,mbpp
mbpp_057,Write a python function to find the largest number that can be formed with the given list of digits.,"Convert all digits in the list to strings (to make sorting or manipulation easier, or sort the digits in descending order).",over_summarization,0,mbpp
mbpp_061,Write a python function to count the number of substrings with the sum of digits equal to their length.,"Handoff Message for Agent B:

1. **Function Purpose**: Write a Python function that counts the number of substrings in a given numeric string where the sum of the digits of the substring is equal to the length of the substring.

2. **Function Signature**:
   ```python
   def count_sub_with_sum_eq_length(s: str) -> int:
   ```

3. **Key Edge Cases**:
   - Empty string (`""""`): should return `0`.
   - Strings with non-digit characters: assume input is strictly numeric digits (`'0'` through `'9'`), but handle gracefully if needed.
   - Substrings containing '0' (e.g., `'0'` has sum 0 and length 1, which equals).
   - Single-character substrings (e.g., `'1'` has sum 1 and length 1, which equals).
   - Large strings: Ensure the approach is efficient enough (e.g., $O(n^2)$ time complexity is acceptable for typical constraints since string length isn't excessively massive, but avoid $O(n^3)$).

4. **Plan / Approach**:
   - Iterate through all possible starting indices $i$ from $0$ to $n-1$.
   - Maintain a running sum as you expand the ending index $j$ from $i$ to $n-1$.
   - For each substring `s[i...j]`, the length is `j - i + 1`.
   - Update the running sum by adding the integer value of the current digit `s[j]`.
   - If the running sum equals the current length, increment a counter.
   - Return the total counter after checking all substrings.",none,1,mbpp
mbpp_061,Write a python function to count the number of substrings with the sum of digits equal to their length.,"Handoff Message for Agent B:


   

",tool_result_drop,0,mbpp
mbpp_066,Write a python function to count the number of positive numbers in a list.,"**HANDOFF MESSAGE FOR AGENT B**

**Objective:**
Write a Python function that counts the number of positive numbers (strictly greater than zero) in a given list of numbers.

**Function Signature:**
```python
def count_positive_numbers(numbers: list) -> int:
    pass
```

**Key Edge Cases to Handle:**
1. **Empty list:** Should return `0`.
2. **Zero (`0`):** Zero is neither positive nor negative; it must *not* be counted.
3. **Negative numbers:** Must *not* be counted.
4. **Mixed types (if applicable):** Assume standard numeric types (integers and floats). 

**Plan / Approach:**
- Initialize a counter variable to `0`.
- Iterate through each element in the input list.
- Check if the element is strictly greater than `0` (`x > 0`).
- If true, increment the counter.
- Alternatively, use a generator expression with the `sum()` function for a concise and Pythonic solution: `return sum(1 for x in numbers if x > 0)`.",none,1,mbpp
mbpp_067,Write a function to find the number of ways to partition a set of Bell numbers.,"Handoff Message for Agent B:

Your task is to write a Python function that calculates the $n$-th Bell number, denoted as $B_n$, which represents the number of ways to partition a set of $n$ elements. 

Here are the exact requirements for your implementation:

1. **Function Signature**:
   ```python
   def bell_number(n: int) -> int:
       """"""
       Calculates the n-th Bell number, which is the number of ways to partition a set of n elements.
       """"""
   ```

2. **Mathematical Background & Approach**:
   - The Bell numbers can be efficiently computed using **Aitken's array** (also known as Bell's triangle or the Aitken-Nevada triangle).
   - Construct a 2D table (or 1D arrays for space optimization) where:
     - The first element of the first row is $1$ ($B_0 = 1$).
     - The first element of any subsequent row is the last element of the previous row.
     - Each subsequent element in a row is the sum of the element to its left and the upper-left element (similar to Pascal's triangle, but shifted).
   - Alternatively, you can use Stirling numbers of the second kind, but Aitken's triangle is faster and avoids large factorials: $B_n = \sum_{k=0}^{n} S(n, k)$.

3. **Edge Cases to Handle**:
   - `n = 0`: Should return `1` (there is 1 way to partition an empty set: the empty partition).
   - `n < 0`: Should raise a `ValueError` since the number of elements in a set cannot be negative.
   - Large inputs (`n` up to a few hundred): Ensure your implementation handles integer growth correctly (Python natively handles arbitrarily large integers, so overflow is not an issue, but time complexity should ideally be $O(n^2)$).

Implement the function cleanly with type hints and docstrings.",none,1,mbpp
mbpp_072,Write a python function to check whether the given number can be represented as the difference of two squares or not.,"**HANDOFF MESSAGE FOR AGENT B**

**Objective:**
Write a Python function to determine if a given integer can be represented as the difference of two squares ($n = x^2 - y^2$ for some integers $x$ and $y$).

**Function Signature:**
```python
def can_be_represented_as_difference_of_squares(n: int) -> bool:
    """"""
    Check if the given number n can be represented as the difference of two squares.
    """"""
    pass
```

**Mathematical Background & Approach:**
- An integer $n$ can be expressed as the difference of two squares ($x^2 - y^2 = (x-y)(x+y)$) if and only if $n$ is **not** of the form $4k + 2$ (i.e., $n \pmod 4 \neq 2$). 
- Alternatively, $n$ can be represented as the difference of two squares if it has at least one factor pair $(a, b)$ such that $a \times b = |n|$ and $a$ and $b$ have the same parity (both even or both odd).
- The simplest and most efficient mathematical check is based on the modulo 4 property:
  - If $n \pmod 4 == 2$, return `False`.
  - Otherwise (for all other integers, including negative numbers, zero, and odd/multiples-of-4 numbers), return `True`.

**Key Edge Cases to Handle:**
1. **Negative numbers:** e.g., $n = -3$ ($1^2 - 2^2 = -3$). Negative numbers are valid differences of squares and should follow the same modulo 4 rule.
2. **Zero:** $0 = 0^2 - 0^2$, which is valid. $0 \pmod 4 = 0$, so it returns `True`.
3. **Odd numbers:** e.g., $n = 5$ ($3^2 - 2^2 = 5$). Odd numbers modulo 4 are either 1 or 3, so they return `True`.
4. **Multiples of 4:** e.g., $n = 8$ ($3^2 - 1^2 = 8$). $8 \pmod 4 = 0$, returns `True`.
5. **Numbers of the form $4k + 2$:** e.g., $n = 2, 6, 10$. These cannot be represented and should return `False`.",none,1,mbpp
mbpp_074,Write a function to check whether it follows the sequence given in the patterns array.,"**HANDOFF MESSAGE FOR AGENT B**

**Function to Build:**
Write a function that checks whether a given sequence (usually an array of strings or values) follows the exact ordering and pattern defined by a `patterns` array (or if the problem implies string/pattern matching, a mapping between words/characters and a pattern). 

*Self-Correction/Refinement based on standard pattern-matching problems (like ""Word Pattern""):* 
You need to write a function `wordPattern(pattern, s)` (or a similarly named function depending on exact requirements, let's use `check_pattern(pattern, sequence)`). It should verify if there is a bijection (a one-to-one correspondence) between each character in a `pattern` string and each word/element in a `sequence` array.

**Exact Function Signature:**
```python
def check_pattern(pattern: str, sequence: list[str]) -> bool:
    pass
```

**Key Edge Cases to Handle:**
1. **Length Mismatch:** If the length of the `pattern` does not match the length of the `sequence`, immediately return `False`.
2. **Many-to-One Mapping:** Different pattern characters cannot map to the same sequence element (e.g., pattern ""abba"" with sequence `[""dog"", ""cat"", ""cat"", ""dog""]` is valid, but ""abba"" with `[""dog"", ""cat"", ""cat"", ""cat""]` should return `False`).
3. **One-to-Many Mapping:** The same pattern character cannot map to different sequence elements (e.g., pattern ""abba"" with `[""dog"", ""cat"", ""dog"", ""dog""]` should return `False`).
4. **Empty Inputs:** Empty patterns and sequences should be handled gracefully (usually returning `True` if both are empty, or `False` if one is empty).

**Brief Plan / Approach:**
1. Split or take the input `sequence` and `pattern`. Check if their lengths are equal; if not, return `False`.
2. Use two hash maps (dictionaries) or a single hash map combined with a set to track the bijection:
   - One map (`char_to_item`) to store the mapping from `pattern[i]` to `sequence[i]`.
   - Another map (`item_to_char`) to store the mapping from `sequence[i]` to `pattern[i]` (to prevent many-to-one mapping conflicts).
3. Iterate through both the pattern and the sequence simultaneously using `zip()`.
4. For each pair `(char, item)`:
   - If `char` is already in `char_to_item`, verify that `char_to_item[char] == item`. If not, return `False`.
   - If `item` is already in `item_to_char`, verify that `item_to_char[item] == char`. If not, return `False`.
   - Otherwise, establish the mapping in both dictionaries.
5. If the loop completes without violations, return `True`.",none,1,mbpp
mbpp_075,Write a function to find tuples which have all elements divisible by k from the given list of tuples.,"HANDOFF MESSAGE FOR AGENT B:

You need to write a Python function that filters a list of tuples and returns only those tuples where every single element is divisible by a given integer $k$.

**Function Signature:**
```python
def filter_tuples_by_divisibility(tuple_list: list[tuple[int, ...]], k: int) -> list[tuple[int, ...]]:
```

**Key Edge Cases to Handle:**
- **Empty list or empty tuples:** If the input list is empty, or if a tuple within the list is empty (contains no elements), how should it be handled? (An empty tuple vacuously satisfies the condition ""all elements are divisible by $k$"", so it should generally be kept unless specified otherwise, but ensure your logic handles it cleanly without errors).
- **Zero value for $k$:** If $k = 0$, division by zero will occur. You should handle this edge case (e.g., raise a `ValueError` or return an empty list, as division by zero is undefined).
- **Negative numbers:** Elements and $k$ can be negative; ensure standard divisibility rules apply (i.e., `element % k == 0`).

**Plan / Approach:**
1. Iterate through each `tup` in the provided `tuple_list`.
2. For each tuple, check if all its elements satisfy the condition `elem % k == 0`. You can use Python's built-in `all()` function combined with a generator expression.
3. Validate that $k \neq 0$ at the start of the function to prevent runtime errors.
4. Collect and return all tuples that meet the criteria in a new list, preserving their original order.",none,1,mbpp
mbpp_075,Write a function to find tuples which have all elements divisible by k from the given list of tuples.,"**Key Edge Cases to Handle:** - **Empty list or empty tuples:** If the input list is empty, or if a tuple within the list is empty (contains no elements), how should it be handled?",over_summarization,0,mbpp
mbpp_077,Write a python function to find whether a number is divisible by 11.,"**HANDOFF MESSAGE FOR AGENT B**

**Objective:**
Write a Python function to determine whether a given integer is divisible by 11. The function should return `True` if the number is divisible by 11, and `False` otherwise.

**Function Signature:**
```python
def is_divisible_by_11(n: int) -> bool:
    pass
```

**Key Edge Cases to Handle:**
1. **Negative Numbers:** The divisibility rule applies to the absolute value of the number (e.g., `-11` or `-121` should return `True`).
2. **Zero:** `0` is divisible by any integer (including 11), so `is_divisible_by_11(0)` should return `True`.
3. **Single-Digit Numbers:** Numbers from `1` to `10` (and `-1` to `-10`) are not divisible by 11 and should return `False`.
4. **Large Integers:** The function should efficiently handle very large integers without performance issues.

**Plan / Approach:**
- You can use the standard mathematical rule for divisibility by 11: alternating sum of digits (subtracting and adding digits from right to left). If the result is a multiple of 11 (including 0), the number is divisible by 11.
- Alternatively, you can use the modulo operator (`abs(n) % 11 == 0`), which is built-in, highly optimized, and naturally handles all edge cases like negatives and zero in Python.",none,1,mbpp
mbpp_080,Write a function to find the nth tetrahedral number.,"Agent B, please implement the function to find the nth tetrahedral number based on the specifications below.

### Function Specification
- **Function Name:** `tetrahedral_number(n)`
- **Input:** An integer `n` representing the position in the sequence of tetrahedral numbers.
- **Output:** An integer representing the $n$-th tetrahedral number.

### Mathematical Definition
The $n$-th tetrahedral number (also known as triangular pyramidal number) represents the number of spheres in a pyramid with a triangular base of side length $n$. It is given by the formula:
$$T_n = \frac{n(n + 1)(n + 2)}{6}$$

### Key Edge Cases to Handle
1. **$n = 0$:** Should return `0` (or handle appropriately based on the standard 1-indexing, but typically $T_0 = 0$).
2. **Negative integers ($n < 0$):** Raise a `ValueError` or return an appropriate error indication, as tetrahedral numbers are defined for positive integers and zero.
3. **Large integers / Overflow:** Ensure the function handles large inputs efficiently (Python handles arbitrarily large integers automatically, so standard integer division will suffice).

### Implementation Plan
1. Validate the input `n` (ensure it is an integer and $n \ge 0$).
2. Apply the closed-form formula `n * (n + 1) * (n + 2) // 6`.
3. Return the result. The time complexity will be $O(1)$ and space complexity $O(1)$.",none,1,mbpp
mbpp_084,Write a function to find the nth number in the newman conway sequence.,"**HANDOFF MESSAGE FOR AGENT B**

**Objective:**
Write a Python function to find the $n$-th number in the Newman-Conway sequence. 

**Function Signature:**
```python
def newman_conway(n: int) -> int:
```

**Sequence Definition:**
The Newman-Conway sequence $P(n)$ is defined recursively as:
- $P(1) = 1$
- $P(2) = 1$
- $P(n) = P(P(n - 1)) + P(n - P(n - 1))$ for $n > 2$.

**Key Edge Cases to Handle:**
- $n = 1$: Should return `1`.
- $n = 2$: Should return `1`.
- $n \le 0$: Should handle invalid inputs gracefully (e.g., raise a `ValueError`).
- Performance: Because the recursive definition can lead to exponential time complexity if implemented naively, you must optimize it.

**Recommended Approach:**
1. Use an iterative approach with a list (or array) to store sequence values from index $0$ up to $n$ (using 1-based indexing for the sequence, so padding index $0$ with a dummy value like $0$ is helpful).
2. Pre-populate the list with the base cases: `P = [0, 1, 1]`.
3. Loop from $i = 3$ up to $n$, applying the recurrence relation: 
   `P.append(P[P[i - 1]] + P[i - P[i - 1]])`.
4. Return `P[n]` in $O(n)$ time complexity and $O(n)$ space complexity.",none,1,mbpp
task_020,Write a function that rotates a list to the right by k positions.,"HANDOFF MESSAGE FOR AGENT B:

You need to write a Python function that rotates a given list to the right by $k$ positions. 

**Function Signature:**
```python
def rotate_right(lst: list, k: int) -> list:
```

**Requirements & Edge Cases to Handle:**
1. **In-place vs. Return:** Return a *new* rotated list (or mutate and return it, but returning a new list/slice is safest to avoid side effects).
2. **Large $k$:** $k$ can be larger than the length of the list (`len(lst)`). You must handle this efficiently by taking $k \pmod{\text{len}(lst)}$.
3. **Negative $k$:** Consider whether $k$ can be negative (if so, it typically means rotating to the left, but assume standard positive right rotation unless specified; at minimum, handle $k = 0$).
4. **Empty or Single-element lists:** If `lst` is empty or has a length of 1, return it as-is immediately.

**Suggested Approach:**
- Handle edge cases: if not `lst` or $k \% \text{len}(lst) == 0$, return a copy of `lst`.
- Normalize $k$: `k = k % len(lst)`.
- Slice the list to partition it into the tail elements that move to the front and the head elements that move to the back.
- Combine them: `lst[-k:] + lst[:-k]`.",none,1,hand_easy
task_020,Write a function that rotates a list to the right by k positions.,"HANDOFF MESSAGE FOR AGENT B: You need to write a Python function that rotates a given list to the right by $k$ positions. **Function Signature:** ```python def rotate_right(lst: list, k: int) -> list: ``` **Requirements & Edge Cases to Handle:** 1. **In-place vs. Return:** Return a *new* rotated list (or mutate and return it, but returning a new list/slice",truncation,0,hand_easy
task_020,Write a function that rotates a list to the right by k positions.,"**Function Signature:**
```python
def rotate_right(lst: list, k: int) -> list:
```

**Requirements & Edge Cases to Handle:**
1. 2. **Large $k$:** $k$ can be larger than the length of the list (`len(lst)`). 4. **Empty or Single-element lists:** If `lst` is empty or has a length of 1, return it as-is immediately.

 **Suggested Approach:**
- Handle edge cases: if not `lst` or $k \% \text{len}(lst) == 0$, return a copy of `lst`.
- Normalize $k$: `k = k % len(lst)`.
- Slice the list to partition it into the tail elements that move to the front and the head elements that move to the back.
- Combine them: `lst[-k:] + lst[:-k]`.",entity_omission,0,hand_easy
task_023,"Write a function that finds the intersection (common elements) of two lists, returning a list with no duplicates.","HANDOFF MESSAGE FOR AGENT B:

Goal: Write a Python function that finds the intersection (common elements) of two input lists and returns the result as a list containing no duplicate values.

Function Signature:
`def find_intersection(list1: list, list2: list) -> list:`

Key Edge Cases to Handle:
1. Empty lists (one or both lists are empty): should return an empty list `[]`.
2. Lists with duplicate values internally: the output must still have unique elements (no duplicates).
3. Lists with no common elements: should return an empty list `[]`.
4. Different data types within the lists (e.g., integers, strings, floats): should be handled correctly.
5. Order of elements in the returned list: the order does not strictly matter, but maintaining deterministic behavior (or the order of first appearance) is preferred.

Recommended Approach:
1. Convert both input lists to sets to automatically remove duplicates and enable efficient $O(1)$ lookups.
2. Find the intersection of the two sets using the built-in intersection operation (`set1 & set2` or `set1.intersection(set2)`).
3. Convert the resulting set back into a list.
4. Return the new list.",none,1,hand_easy
mbpp_069,Write a function to check whether a list contains the given sublist or not.,"### Handoff Message for Agent B

Your task is to write a Python function that checks whether a given list contains a specific sublist (i.e., a sequence of elements appearing contiguously within the main list).

#### Function Signature
```python
def contains_sublist(main_list: list, sublist: list) -> bool:
    """"""
    Checks if main_list contains sublist as a contiguous subsegment.
    """"""
```

#### Key Edge Cases to Handle
1. **Empty sublist**: An empty `sublist` (`[]`) should always return `True`, regardless of the contents of `main_list`.
2. **Empty main list**: If `main_list` is empty and `sublist` is not, return `False`.
3. **Sublist longer than main list**: If `sublist` has more elements than `main_list`, return `False`.
4. **Duplicate elements**: The function must correctly handle cases with repeating elements (e.g., `main_list = [1, 2, 1, 2, 3]`, `sublist = [1, 2, 3]` -> `True`).
5. **Exact match**: When `main_list` and `sublist` are identical, return `True`.

#### Approach/Plan
1. Handle edge cases first: if `sublist` is empty, return `True`. If `sublist` is longer than `main_list`, return `False`.
2. Iterate through `main_list` using a sliding window approach. Check windows of length equal to `sublist` starting at each valid index.
3. Alternatively, slice `main_list` from index `i` to `i + len(sublist)` and compare it directly to `sublist`.
4. Return `True` if a match is found, otherwise `False` after the loop finishes.",none,1,mbpp
mbpp_071,Write a function to sort a list of elements.,"**HANDOFF MESSAGE FOR AGENT B**

**Objective:**
Write a function that sorts a list of elements in ascending order. 

**Function Signature:**
```python
def sort_list(elements: list) -> list:
```

**Key Edge Cases to Handle:**
1. **Empty list (`[]`):** Should return an empty list without error.
2. **Single-element list (`[x]`):** Should return the list as-is.
3. **Already sorted list:** Should remain unchanged.
4. **Reverse-sorted list:** Should be correctly sorted in ascending order.
5. **Lists with duplicate elements:** Should handle duplicates correctly (stable sort is preferred but not strictly required).
6. **Data types:** Assume all elements in the list are comparable with each other (e.g., all integers/floats or all strings).

**Plan / Approach:**
- You can implement a standard sorting algorithm from scratch (like Timsort, Quicksort, Mergesort, or Insertion Sort) or leverage Python's built-in sorting mechanisms (`sorted()` or `.sort()`). 
- Using Python's built-in `sorted()` is recommended for optimal performance ($O(n \log n)$ time complexity and $O(n)$ space complexity).
- Ensure the function returns a *new* sorted list rather than sorting in-place, or document clearly if it mutates the original list (returning a new list is safer).",none,1,mbpp
mbpp_071,Write a function to sort a list of elements.,**HANDOFF MESSAGE FOR AGENT B** **Objective:** Write a function that sorts a list of elements in ascending order. **Function Signature:** ```python def sort_list(elements: list) -> list: ``` **Key Edge Cases to Handle:** 1. **Empty list (`[]`):** Should return an empty list without error. 2. **Single-element list (`[x]`):** Should return the list as-is. 3. **Already,truncation,0,mbpp
task_013,"Write a function that returns True if two strings are anagrams of each other (ignoring case and spaces), False otherwise.","To Agent B:

Please implement a Python function that determines whether two given strings are anagrams of each other, following the specifications below:

1. **Function Signature:**
   ```python
   def is_anagram(str1: str, str2: str) -> bool:
   ```

2. **Requirements:**
   - The function must return `True` if the two strings are anagrams, and `False` otherwise.
   - The comparison must be **case-insensitive** (e.g., 'A' and 'a' should be treated as equivalent).
   - All **spaces** must be ignored/removed before checking for anagrams.

3. **Key Edge Cases to Handle:**
   - Strings with mixed casing (e.g., `""Listen""` and `""Silent""`).
   - Strings with varying amounts of whitespace (e.g., `""punishments""` and `""nine thumbs""`).
   - Strings of different lengths after removing spaces (should immediately return `False`).
   - Empty strings or strings containing only spaces.
   - Special characters or punctuation (decide whether to strip them, but at a minimum, handle letters and spaces correctly).

4. **Recommended Approach:**
   - Normalize both strings by converting them to lowercase and removing all space characters.
   - Compare the frequency of each character in both normalized strings (e.g., using a character frequency map, `collections.Counter`, or by sorting the characters and comparing the resulting lists/strings).
   - Return `True` if the character distributions match, else `False`.",none,1,hand_easy
task_013,"Write a function that returns True if two strings are anagrams of each other (ignoring case and spaces), False otherwise.","To Agent B: Please implement a Python function that determines whether two given strings are anagrams of each other, following the specifications below: 1. **Function Signature:** ```python def is_anagram(str1: str, str2: str) -> bool: ``` 2. **Requirements:** - The function must return `True` if the two strings are anagrams, and `False` otherwise. - The comparison must be **case-insensitive** (e.g.,",truncation,0,hand_easy
task_013,"Write a function that returns True if two strings are anagrams of each other (ignoring case and spaces), False otherwise.","To Agent B:

Please implement a Python function that determines whether two given strings are anagrams of each other, following the specifications below:

   


",tool_result_drop,0,hand_easy
task_013,"Write a function that returns True if two strings are anagrams of each other (ignoring case and spaces), False otherwise.","- Compare the frequency of each character in both normalized strings (e.g., using a character frequency map, `collections.Counter`, or by sorting the characters and comparing the resulting lists/strings).",over_summarization,0,hand_easy
task_061,"Write a function `schedule_meeting(bookings, new_slot)` for a calendar tool used by Priya Sharma's team in Bangalore. `bookings` is a list of (start, end) integer-hour tuples already on the calendar, and `new_slot` is a (start, end) tuple to add. The function must return True and NOT modify anything if `new_slot` overlaps any existing booking -- two slots overlap if they share any hour, so (9, 11) and (11, 13) do NOT overlap (11 is a shared boundary, not shared time), but (9, 12) and (11, 13) DO overlap. Edge case: if `bookings` is empty, any `new_slot` should be accepted.","HANDOFF MESSAGE FOR AGENT B:

Goal: Write a Python function for a calendar tool that checks whether a new meeting slot can be scheduled without overlapping with existing bookings. 

Function Signature:
`def schedule_meeting(bookings, new_slot):`

Inputs:
- `bookings`: A list of tuples, where each tuple represents an existing booking as `(start, end)` integer hours.
- `new_slot`: A tuple representing the proposed meeting time as `(start, end)` integer hours.

Behavior & Overlap Definition:
- Return `True` if `new_slot` can be scheduled (does NOT overlap with any existing booking).
- Return `False` if `new_slot` overlaps with any existing booking.
- Crucial constraint: Do NOT modify the original `bookings` list or anything else.
- Overlap rule: Two slots overlap if and only if they share actual time (i.e., interior hours). A shared boundary does NOT count as an overlap. For example, `(9, 11)` and `(11, 13)` do NOT overlap because hour 11 is just the end of the first and start of the second. However, `(9, 12)` and `(11, 13)` DO overlap because they share the hour from 11 to 12.

Key Edge Cases:
- `bookings` is empty: If there are no existing bookings, any `new_slot` must be accepted (return `True`).
- Time bounds: `new_slot` or `bookings` could theoretically be in any order, so check all of them.

Recommended Approach:
Iterate through each existing booking `(b_start, b_end)` in `bookings` and check for an overlap condition with `new_slot` `(n_start, n_end)`. 
Two intervals `(A, B)` and `(C, D)` overlap strictly in time if `A < D` and `C < B`. If any existing booking satisfies this condition with `new_slot`, immediately return `False`. If the loop finishes without finding any overlap, return `True`.",none,1,hand_hard
task_061,"Write a function `schedule_meeting(bookings, new_slot)` for a calendar tool used by Priya Sharma's team in Bangalore. `bookings` is a list of (start, end) integer-hour tuples already on the calendar, and `new_slot` is a (start, end) tuple to add. The function must return True and NOT modify anything if `new_slot` overlaps any existing booking -- two slots overlap if they share any hour, so (9, 11) and (11, 13) do NOT overlap (11 is a shared boundary, not shared time), but (9, 12) and (11, 13) DO overlap. Edge case: if `bookings` is empty, any `new_slot` should be accepted.","HANDOFF MESSAGE FOR AGENT B:

Goal: Write a Python function for a calendar tool that checks whether a new meeting slot can be scheduled without overlapping with existing bookings. 

 Behavior & Overlap Definition:
- Return `True` if `new_slot` can be scheduled (does NOT overlap with any existing booking).
- Return `False` if `new_slot` overlaps with any existing booking.
 A shared boundary does NOT count as an overlap. However, `(9, 12)` and `(11, 13)` DO overlap because they share the hour from 11 to 12.

 Key Edge Cases:
- `bookings` is empty: If there are no existing bookings, any `new_slot` must be accepted (return `True`).
- Time bounds: `new_slot` or `bookings` could theoretically be in any order, so check all of them.

 Recommended Approach:
Iterate through each existing booking `(b_start, b_end)` in `bookings` and check for an overlap condition with `new_slot` `(n_start, n_end)`. 
 Two intervals `(A, B)` and `(C, D)` overlap strictly in time if `A < D` and `C < B`. If any existing booking satisfies this condition with `new_slot`, immediately return `False`. If the loop finishes without finding any overlap, return `True`.",entity_omission,0,hand_hard
task_061,"Write a function `schedule_meeting(bookings, new_slot)` for a calendar tool used by Priya Sharma's team in Bangalore. `bookings` is a list of (start, end) integer-hour tuples already on the calendar, and `new_slot` is a (start, end) tuple to add. The function must return True and NOT modify anything if `new_slot` overlaps any existing booking -- two slots overlap if they share any hour, so (9, 11) and (11, 13) do NOT overlap (11 is a shared boundary, not shared time), but (9, 12) and (11, 13) DO overlap. Edge case: if `bookings` is empty, any `new_slot` should be accepted.",Behavior & Overlap Definition: - Return `True` if `new_slot` can be scheduled (does NOT overlap with any existing booking).,over_summarization,0,hand_hard
task_062,"Write a function `validate_pandas_column(series, dtype)` that checks whether every value in a list `series` matches the requested `dtype`, which is one of the strings 'int', 'float', or 'str'. The function must raise a ValueError with the message 'unsupported dtype' if `dtype` is anything else. Edge case: for dtype='float', an int value like 3 should count as valid too (ints are a subset of floats here), but for dtype='int', a float like 3.0 must NOT count as valid, even though it has no fractional part.","AGENT B HANDOFF MESSAGE:

Function to Build:
Write a function named `validate_pandas_column(series, dtype)` that checks if every element in a given list/iterable `series` matches the specified `dtype` (passed as a string).

Exact Signature:
`def validate_pandas_column(series, dtype):`

Requirements & Validation Rules:
1. Valid `dtype` values are strictly: `'int'`, `'float'`, and `'str'`.
2. If `dtype` is anything other than these three strings, raise a `ValueError` with the exact message: `'unsupported dtype'`.
3. Return `True` if all elements match the rules below, otherwise `False`.

Key Edge Cases to Handle:
- **Float vs Int**: For `dtype='float'`, integer values (e.g., `3`, `5`) must be considered valid since integers are a subset of floats.
- **Int vs Float**: For `dtype='int'`, float values must NOT be considered valid, even if they have no fractional part (e.g., `3.0` is invalid for `dtype='int'`).
- Type strictness: Ensure booleans aren't accidentally treated as ints (if applicable in standard Python typing, though standard `isinstance` checks should be handled carefully, e.g., `isinstance(x, bool)` is a subclass of int in Python, so explicitly exclude booleans when checking for ints/floats).

Suggested Approach:
1. Validate the `dtype` argument first. If it's not in `['int', 'float', 'str']`, raise `ValueError('unsupported dtype')`.
2. Iterate through each element in `series` and check its type:
   - If `dtype == 'str'`: check `isinstance(val, str)`.
   - If `dtype == 'int'`: check `isinstance(val, int) and not isinstance(val, bool)`.
   - If `dtype == 'float'`: check `isinstance(val, (float, int)) and not isinstance(val, bool)`.
3. Return `False` immediately upon encountering an invalid value. Return `True` if all values pass.",none,1,hand_hard
task_062,"Write a function `validate_pandas_column(series, dtype)` that checks whether every value in a list `series` matches the requested `dtype`, which is one of the strings 'int', 'float', or 'str'. The function must raise a ValueError with the message 'unsupported dtype' if `dtype` is anything else. Edge case: for dtype='float', an int value like 3 should count as valid too (ints are a subset of floats here), but for dtype='int', a float like 3.0 must NOT count as valid, even though it has no fractional part.","AGENT B HANDOFF MESSAGE:

Function to Build:
Write a function named  that checks if every element in a given list/iterable  matches the specified  (passed as a string).

Exact Signature:


Requirements & Validation Rules:

Key Edge Cases to Handle:

Suggested Approach:",tool_result_drop,0,hand_hard
task_062,"Write a function `validate_pandas_column(series, dtype)` that checks whether every value in a list `series` matches the requested `dtype`, which is one of the strings 'int', 'float', or 'str'. The function must raise a ValueError with the message 'unsupported dtype' if `dtype` is anything else. Edge case: for dtype='float', an int value like 3 should count as valid too (ints are a subset of floats here), but for dtype='int', a float like 3.0 must NOT count as valid, even though it has no fractional part.","- If `dtype == 'float'`: check `isinstance(val, (float, int)) and not isinstance(val, bool)`.",over_summarization,0,hand_hard
task_063,"Marcus Chen at Fenwick Logistics needs a function `route_cost(distances, fuel_price)` that computes total delivery cost. `distances` is a list of kilometers for each leg of a route, and the truck consumes 0.35 liters per kilometer. The function must round the final cost to 2 decimal places using standard rounding (round-half-to-even is NOT required -- plain round() behavior is fine). Edge case: if any single leg in `distances` is negative, the function should raise a ValueError with message 'invalid distance', since a route cannot have a negative leg.","TASK FOR AGENT B:

Implement a Python function named `route_cost(distances, fuel_price)` for Fenwick Logistics to compute the total delivery cost of a route.

Function Signature:
`def route_cost(distances, fuel_price):`

Requirements & Details:
- `distances`: A list of numbers representing the kilometers for each leg of a route.
- `fuel_price`: A number representing the cost per liter of fuel.
- Fuel consumption rate: The truck consumes 0.35 liters per kilometer.
- Rounding: The final calculated cost must be rounded to 2 decimal places using standard Python `round()` behavior.

Edge Cases to Handle:
- If any single leg in `distances` is negative (< 0), raise a `ValueError` with the exact message `'invalid distance'`, because a route cannot have a negative leg.

Approach:
1. Iterate through the `distances` list to check for any negative values. If found, raise `ValueError('invalid distance')`.
2. Sum all the distances to get the total kilometers.
3. Multiply the total kilometers by 0.35 to get the total fuel consumed in liters.
4. Multiply the total liters by `fuel_price` to get the total cost.
5. Use `round(cost, 2)` to round the final result to 2 decimal places and return it.",none,1,hand_hard
task_063,"Marcus Chen at Fenwick Logistics needs a function `route_cost(distances, fuel_price)` that computes total delivery cost. `distances` is a list of kilometers for each leg of a route, and the truck consumes 0.35 liters per kilometer. The function must round the final cost to 2 decimal places using standard rounding (round-half-to-even is NOT required -- plain round() behavior is fine). Edge case: if any single leg in `distances` is negative, the function should raise a ValueError with message 'invalid distance', since a route cannot have a negative leg.","TASK FOR AGENT B: Implement a Python function named `route_cost(distances, fuel_price)` for Fenwick Logistics to compute the total delivery cost of a route. Function Signature: `def route_cost(distances, fuel_price):` Requirements & Details: - `distances`: A list of numbers representing the kilometers for each leg of a route. - `fuel_price`: A number representing the cost per liter of",truncation,0,hand_hard
task_063,"Marcus Chen at Fenwick Logistics needs a function `route_cost(distances, fuel_price)` that computes total delivery cost. `distances` is a list of kilometers for each leg of a route, and the truck consumes 0.35 liters per kilometer. The function must round the final cost to 2 decimal places using standard rounding (round-half-to-even is NOT required -- plain round() behavior is fine). Edge case: if any single leg in `distances` is negative, the function should raise a ValueError with message 'invalid distance', since a route cannot have a negative leg.","TASK FOR AGENT B:

Implement a Python function named  for Fenwick Logistics to compute the total delivery cost of a route.

Function Signature:


Requirements & Details:

Edge Cases to Handle:

Approach:",tool_result_drop,0,hand_hard
task_063,"Marcus Chen at Fenwick Logistics needs a function `route_cost(distances, fuel_price)` that computes total delivery cost. `distances` is a list of kilometers for each leg of a route, and the truck consumes 0.35 liters per kilometer. The function must round the final cost to 2 decimal places using standard rounding (round-half-to-even is NOT required -- plain round() behavior is fine). Edge case: if any single leg in `distances` is negative, the function should raise a ValueError with message 'invalid distance', since a route cannot have a negative leg.","Edge Cases to Handle: - If any single leg in `distances` is negative (< 0), raise a `ValueError` with the exact message `'invalid distance'`, because a route cannot have a negative leg.",over_summarization,0,hand_hard
task_064,"Write a function `format_greeting(name, city)` used by the onboarding bot at Vellore Institute of Technology. It should return the string f'Welcome, {name}, from {city}!' with the name capitalized (first letter upper, rest unchanged) and the city left exactly as given.","HANDOFF MESSAGE FOR AGENT B:

You need to write a Python function for the Vellore Institute of Technology onboarding bot that formats a greeting string based on a user's name and city.

**Function Signature:**
`def format_greeting(name: str, city: str) -> str:`

**Requirements:**
- Return a string in the exact format: `f'Welcome, {name}, from {city}!'`
- The `name` must be capitalized such that the first letter is uppercase and the rest of the string remains unchanged (i.e., use `name[0].upper() + name[1:]` or similar, rather than `.title()`, to avoid altering inner capitalization like ""McIntyre"" or ""v_k"").
- The `city` must be left exactly as provided without any modifications.

**Edge Cases to Handle:**
- Names with mixed/lowercase starting letters (e.g., ""john"" -> ""John"").
- Single-letter names.
- Names and cities containing spaces, punctuation, or special characters (ensure no unintended string mutations happen to them).

**Approach:**
1. Capitalize the first letter of `name` while preserving the rest.
2. Interpolate the modified `name` and the unmodified `city` into the target f-string.
3. Return the resulting string.",none,1,hand_easy
task_064,"Write a function `format_greeting(name, city)` used by the onboarding bot at Vellore Institute of Technology. It should return the string f'Welcome, {name}, from {city}!' with the name capitalized (first letter upper, rest unchanged) and the city left exactly as given.","HANDOFF MESSAGE FOR AGENT B: You need to write a Python function for the Vellore Institute of Technology onboarding bot that formats a greeting string based on a user's name and city. **Function Signature:** `def format_greeting(name: str, city: str) -> str:` **Requirements:** - Return a string in the exact format: `f'Welcome,",truncation,0,hand_easy
task_064,"Write a function `format_greeting(name, city)` used by the onboarding bot at Vellore Institute of Technology. It should return the string f'Welcome, {name}, from {city}!' with the name capitalized (first letter upper, rest unchanged) and the city left exactly as given.","HANDOFF MESSAGE FOR AGENT B:

You need to write a Python function for the Vellore Institute of Technology onboarding bot that formats a greeting string based on a user's name and city.

 **Edge Cases to Handle:**
- Names with mixed/lowercase starting letters (e.g., ""john"" -> ""John"").
- Single-letter names.
- Names and cities containing spaces, punctuation, or special characters (ensure no unintended string mutations happen to them).

 **Approach:**
1. Capitalize the first letter of `name` while preserving the rest.
 2. Interpolate the modified `name` and the unmodified `city` into the target f-string.
 3. Return the resulting string.",entity_omission,0,hand_easy
task_064,"Write a function `format_greeting(name, city)` used by the onboarding bot at Vellore Institute of Technology. It should return the string f'Welcome, {name}, from {city}!' with the name capitalized (first letter upper, rest unchanged) and the city left exactly as given.","HANDOFF MESSAGE FOR AGENT B:

You need to write a Python function for the Vellore Institute of Technology onboarding bot that formats a greeting string based on a user's name and city.

**Function Signature:**


**Requirements:**

**Edge Cases to Handle:**

**Approach:**",tool_result_drop,0,hand_easy
task_064,"Write a function `format_greeting(name, city)` used by the onboarding bot at Vellore Institute of Technology. It should return the string f'Welcome, {name}, from {city}!' with the name capitalized (first letter upper, rest unchanged) and the city left exactly as given.","'` - The `name` must be capitalized such that the first letter is uppercase and the rest of the string remains unchanged (i.e., use `name[0].upper() + name[1:]` or similar, rather than `.title()`, to avoid altering inner capitalization like ""McIntyre"" or ""v_k"").",over_summarization,0,hand_easy
task_065,"Write a function `rate_limit_ok(requests, window_seconds, max_requests, now)` for the API gateway used by Orbit Analytics. `requests` is a list of past request timestamps (integers, seconds), and the function must return True if adding a new request at time `now` would keep the count of requests within the sliding window (now - window_seconds, now] at or below `max_requests`. Edge case: a request exactly `window_seconds` before `now` is OUTSIDE the window (the window is a half-open interval that excludes its own left edge), so it must not be counted.","To Agent B:

Please implement the rate-limiting function for the Orbit Analytics API gateway according to the specifications below.

### Function Signature
```python
def rate_limit_ok(requests: list[int], window_seconds: int, max_requests: int, now: int) -> bool:
```

### Purpose
The function determines if a new API request made at timestamp `now` is allowed under a sliding window rate limiter. It must return `True` if the number of existing requests within the sliding window, *plus the new request*, is less than or equal to `max_requests`. Otherwise, it returns `False`.

### Sliding Window Definition
- The window is defined as the half-open interval `(now - window_seconds, now]`.
- This means it includes timestamps strictly greater than `now - window_seconds` and up to and including `now`.

### Key Edge Cases to Handle
1. **Left Boundary (Strict Exclusion):** A request timestamp that falls *exactly* at `now - window_seconds` is **outside** the window and must not be counted.
2. **Empty Requests List:** If `requests` is empty, the function should correctly return `True` (assuming `max_requests >= 1`).
3. **Future Timestamps / Unsorted Input:** Although timestamps are generally chronological, ensure the logic robustly filters based on the mathematical window definition regardless of list ordering.

### Recommended Approach
1. Iterate through or filter the `requests` list to count how many timestamps fall strictly within the range `(now - window_seconds, now]`.
2. Add `1` to this count to account for the incoming request at `now`.
3. Compare the total against `max_requests`: return `True` if `total_requests <= max_requests`, else `False`.",none,1,hand_hard
task_065,"Write a function `rate_limit_ok(requests, window_seconds, max_requests, now)` for the API gateway used by Orbit Analytics. `requests` is a list of past request timestamps (integers, seconds), and the function must return True if adding a new request at time `now` would keep the count of requests within the sliding window (now - window_seconds, now] at or below `max_requests`. Edge case: a request exactly `window_seconds` before `now` is OUTSIDE the window (the window is a half-open interval that excludes its own left edge), so it must not be counted.","To Agent B:

Please implement the rate-limiting function for the Orbit Analytics API gateway according to the specifications below.

### Function Signature


### Purpose
The function determines if a new API request made at timestamp  is allowed under a sliding window rate limiter. It must return  if the number of existing requests within the sliding window, *plus the new request*, is less than or equal to . Otherwise, it returns .

### Sliding Window Definition

### Key Edge Cases to Handle

### Recommended Approach",tool_result_drop,0,hand_hard
task_065,"Write a function `rate_limit_ok(requests, window_seconds, max_requests, now)` for the API gateway used by Orbit Analytics. `requests` is a list of past request timestamps (integers, seconds), and the function must return True if adding a new request at time `now` would keep the count of requests within the sliding window (now - window_seconds, now] at or below `max_requests`. Edge case: a request exactly `window_seconds` before `now` is OUTSIDE the window (the window is a half-open interval that excludes its own left edge), so it must not be counted.","It must return `True` if the number of existing requests within the sliding window, *plus the new request*, is less than or equal to `max_requests`.",over_summarization,0,hand_hard
task_066,"Write a function `merge_configs(base, override)` for the deployment tool at Nimbus Cloud. Both `base` and `override` are dicts that may contain nested dicts. The function must deep-merge them: for any key present in both where both values are dicts, merge recursively; otherwise the value from `override` wins entirely (even if base's value was a dict and override's is not). Edge case: a key with value `None` in `override` must explicitly delete that key from the result, rather than setting it to None.","**HANDOFF MESSAGE FOR AGENT B**

**Objective:**
Build a Python function named `merge_configs(base, override)` that performs a recursive deep-merge of two configuration dictionaries (`base` and `override`). 

**Exact Function Signature:**
```python
def merge_configs(base: dict, override: dict) -> dict:
```

**Behavioral Requirements:**
1. **Deep Merge:** If a key exists in both `base` and `override`, and *both* corresponding values are `dict` instances, merge them recursively.
2. **Override Wins:** For any other case (e.g., mismatched types, non-dictionary values, or keys only in `override`), the value from `override` completely replaces the value in `base`.
3. **Deletion via `None` (Crucial Edge Case):** If a key in `override` has a value of `None`, it must completely delete that key from the resulting dictionary (if it exists), rather than setting the value to `None`.
4. **Immutability (Best Practice):** Ensure you do not mutate the input dictionaries (`base` and `override`); return a fresh dictionary (or a deep copy of the merged result).

**Proposed Approach:**
1. Start by creating a shallow or deep copy of `base` so you don't mutate the original input.
2. Iterate through all key-value pairs in `override`.
3. Check the special deletion edge case: if `override[key] is None`, check if the key exists in your working result dictionary and `pop` it.
4. Otherwise, check if both the existing value in your working result and `override[key]` are instances of `dict`. 
   - If yes, recursively call `merge_configs(result[key], override[key])` and assign the result.
   - If no, simply overwrite `result[key] = override[key]`.
5. Return the resulting dictionary.",none,1,hand_hard
task_066,"Write a function `merge_configs(base, override)` for the deployment tool at Nimbus Cloud. Both `base` and `override` are dicts that may contain nested dicts. The function must deep-merge them: for any key present in both where both values are dicts, merge recursively; otherwise the value from `override` wins entirely (even if base's value was a dict and override's is not). Edge case: a key with value `None` in `override` must explicitly delete that key from the result, rather than setting it to None.","**HANDOFF MESSAGE FOR AGENT B** **Objective:** Build a Python function named `merge_configs(base, override)` that performs a recursive deep-merge of two configuration dictionaries (`base` and `override`). **Exact Function Signature:** ```python def merge_configs(base: dict, override: dict) -> dict: ``` **Behavioral Requirements:** 1. **Deep Merge:** If a key exists in both `base` and `override`, and *both* corresponding values are `dict` instances, merge them recursively. 2. **Override Wins:** For any other case (e.g., mismatched types, non-dictionary values,",truncation,0,hand_hard
task_066,"Write a function `merge_configs(base, override)` for the deployment tool at Nimbus Cloud. Both `base` and `override` are dicts that may contain nested dicts. The function must deep-merge them: for any key present in both where both values are dicts, merge recursively; otherwise the value from `override` wins entirely (even if base's value was a dict and override's is not). Edge case: a key with value `None` in `override` must explicitly delete that key from the result, rather than setting it to None.","**HANDOFF MESSAGE FOR AGENT B**

**Objective:**
Build a Python function named  that performs a recursive deep-merge of two configuration dictionaries ( and ). 

**Exact Function Signature:**


**Behavioral Requirements:**

**Proposed Approach:**",tool_result_drop,0,hand_hard
task_066,"Write a function `merge_configs(base, override)` for the deployment tool at Nimbus Cloud. Both `base` and `override` are dicts that may contain nested dicts. The function must deep-merge them: for any key present in both where both values are dicts, merge recursively; otherwise the value from `override` wins entirely (even if base's value was a dict and override's is not). Edge case: a key with value `None` in `override` must explicitly delete that key from the result, rather than setting it to None.","**Deletion via `None` (Crucial Edge Case):** If a key in `override` has a value of `None`, it must completely delete that key from the resulting dictionary (if it exists), rather than setting the value to `None`.",over_summarization,0,hand_hard
task_067,"Write a function `total_invoice(items)` for Hana's bakery point-of-sale system. `items` is a list of (name, price, quantity) tuples. Return the total cost as a float, rounded to 2 decimal places.","Handoff Message for Agent B:

Please implement a Python function for Hana's bakery point-of-sale system that calculates the total cost of items.

**Function Signature:**
`def total_invoice(items):`

**Inputs:**
- `items`: A list of tuples, where each tuple is in the format `(name: str, price: float/int, quantity: int/float)`.

**Outputs:**
- Returns the total cost as a `float`, rounded to exactly 2 decimal places.

**Plan / Approach:**
1. Initialize a variable `total` to 0.0.
2. Iterate through the `items` list and unpack each tuple into `name`, `price`, and `quantity`.
3. Multiply `price` by `quantity` for each item and add it to `total`.
4. Use Python's `round(total, 2)` to ensure the final result is rounded to 2 decimal places before returning.

**Key Edge Cases to Handle:**
- **Empty list (`[]`):** Should return `0.0` (or `0.00`).
- **Zero or negative quantities/prices:** Ensure standard multiplication handles zero correctly; if negative values are passed, ensure the math still executes correctly (though typically prices/quantities are non-negative).
- **Floating-point precision issues:** Ensure proper rounding to 2 decimal places to avoid floating-point inaccuracies (e.g., using `round()` or `decimal` module).",none,1,hand_easy
task_067,"Write a function `total_invoice(items)` for Hana's bakery point-of-sale system. `items` is a list of (name, price, quantity) tuples. Return the total cost as a float, rounded to 2 decimal places.","Handoff Message for Agent B:

Please implement a Python function for Hana's bakery point-of-sale system that calculates the total cost of items.

**Function Signature:**


**Inputs:**

**Outputs:**

**Plan / Approach:**

**Key Edge Cases to Handle:**",tool_result_drop,0,hand_easy
task_067,"Write a function `total_invoice(items)` for Hana's bakery point-of-sale system. `items` is a list of (name, price, quantity) tuples. Return the total cost as a float, rounded to 2 decimal places.","Use Python's `round(total, 2)` to ensure the final result is rounded to 2 decimal places before returning.",over_summarization,0,hand_easy
task_068,"Write a function `dedupe_contacts(contacts)` for Rolodex CRM, used by sales rep Fatima Al-Sayed. `contacts` is a list of dicts each with keys 'email' and 'name'. Two contacts are duplicates if their emails match case-insensitively. When duplicates are found, keep only the one whose name is longest (more characters); if there's a tie in name length, keep the one that appears first in the input list. Edge case: emails must be compared after lowercasing, but the email in the returned contact should preserve its ORIGINAL casing from whichever record was kept.","HANDOFF MESSAGE FOR AGENT B:

You need to write a Python function for Rolodex CRM to deduplicate a list of contact dictionaries. 

**Function Signature:**
```python
def dedupe_contacts(contacts):
    """"""
    contacts: List of dicts, each containing 'email' and 'name' keys.
    Returns: List of deduplicated contact dicts.
    """"""
}
```

**Requirements & Rules:**
1. **Duplicate Detection:** Two contacts are considered duplicates if their `email` addresses match case-insensitively (e.g., `Test@Email.com` and `test@email.com` are duplicates).
2. **Conflict Resolution (Which one to keep):** 
   - When duplicates are found, keep the contact with the **longest name** (measured by character length).
   - If there is a tie in name length, keep the contact that appears **first** in the input list.
3. **Email Casing Preservation:** Emails must be compared after lowercasing, but the `email` value in the returned contact dict **must preserve its original casing** from whichever record was selected to be kept.

**Recommended Approach:**
- Iterate through the input list of contacts.
- Track unique emails using a lowercased version as a key in a dictionary or lookup table.
- For each contact, compare its name length against any existing stored contact for that lowercased email. 
- If no contact exists for that email yet, or if the current contact has a strictly longer name than the stored one, replace/store it. (Since you iterate in order, a tie in name length naturally preserves the first-seen item because you only replace on a *strictly greater* length).
- Finally, return the values of your lookup dictionary.",none,1,hand_hard
task_068,"Write a function `dedupe_contacts(contacts)` for Rolodex CRM, used by sales rep Fatima Al-Sayed. `contacts` is a list of dicts each with keys 'email' and 'name'. Two contacts are duplicates if their emails match case-insensitively. When duplicates are found, keep only the one whose name is longest (more characters); if there's a tie in name length, keep the one that appears first in the input list. Edge case: emails must be compared after lowercasing, but the email in the returned contact should preserve its ORIGINAL casing from whichever record was kept.","HANDOFF MESSAGE FOR AGENT B: You need to write a Python function for Rolodex CRM to deduplicate a list of contact dictionaries. **Function Signature:** ```python def dedupe_contacts(contacts): """""" contacts: List of dicts, each containing 'email' and 'name' keys. Returns: List of deduplicated contact dicts. """""" } ``` **Requirements & Rules:** 1. **Duplicate Detection:** Two contacts are considered duplicates if their `email` addresses match case-insensitively (e.g., `Test@Email.com` and `test@email.com` are duplicates). 2. **Conflict Resolution",truncation,0,hand_hard
task_068,"Write a function `dedupe_contacts(contacts)` for Rolodex CRM, used by sales rep Fatima Al-Sayed. `contacts` is a list of dicts each with keys 'email' and 'name'. Two contacts are duplicates if their emails match case-insensitively. When duplicates are found, keep only the one whose name is longest (more characters); if there's a tie in name length, keep the one that appears first in the input list. Edge case: emails must be compared after lowercasing, but the email in the returned contact should preserve its ORIGINAL casing from whichever record was kept.","HANDOFF MESSAGE FOR AGENT B:

You need to write a Python function for Rolodex CRM to deduplicate a list of contact dictionaries. 

**Function Signature:**


**Requirements & Rules:**

**Recommended Approach:**",tool_result_drop,0,hand_hard
task_068,"Write a function `dedupe_contacts(contacts)` for Rolodex CRM, used by sales rep Fatima Al-Sayed. `contacts` is a list of dicts each with keys 'email' and 'name'. Two contacts are duplicates if their emails match case-insensitively. When duplicates are found, keep only the one whose name is longest (more characters); if there's a tie in name length, keep the one that appears first in the input list. Edge case: emails must be compared after lowercasing, but the email in the returned contact should preserve its ORIGINAL casing from whichever record was kept.","- If no contact exists for that email yet, or if the current contact has a strictly longer name than the stored one, replace/store it.",over_summarization,0,hand_hard
task_069,"Write a function `parse_log_level(line, default_level)` for the observability pipeline at Redshift Systems. `line` is a raw log string that may start with a bracketed level tag like '[ERROR]', '[WARN]', or '[INFO]' (case-insensitive, must be at the very start of the string with no leading whitespace). Return a tuple (level, message) where level is the uppercased tag with brackets stripped, and message is the rest of the line with exactly one leading space stripped if present. If no valid tag is found at the start, return (default_level, line) unchanged -- the whole original line as the message, not stripped.","### Handoff Message for Agent B

**Objective:**
Implement a Python function named `parse_log_level(line, default_level)` for the Redshift Systems observability pipeline. This function parses a raw log string to extract a log level tag (if present at the very beginning) and separates it from the log message.

**Exact Function Signature:**
```python
def parse_log_level(line: str, default_level: str) -> tuple[str, str]:
```

**Requirements & Parsing Rules:**
1. **Tag Detection:** Check if `line` starts with a bracketed level tag at index `0` (e.g., `[ERROR]`, `[WARN]`, `[INFO]`). 
   - Must be at the *very start* of the string with **no leading whitespace**.
   - The match should be **case-insensitive** (e.g., `[error]`, `[Info]`, `[WARN]` are all valid).
2. **Successful Parse Return Value:** 
   - `level`: The extracted tag in **uppercase** with the brackets stripped (e.g., `""ERROR""`).
   - `message`: The remainder of the string after the tag. Strip **exactly one leading space** from the remaining text if it is present immediately after the closing bracket.
3. **No Valid Tag Return Value:**
   - If the line does not start with a valid bracketed tag (or has leading whitespace before the bracket), return `(default_level, line)` completely unchanged (the entire original `line` as the message, with **no** whitespace stripping applied).

**Key Edge Cases to Handle:**
- Lowercase or mixed-case tags like `[error]` or `[Info]` must be correctly normalized to uppercase (`ERROR`, `INFO`).
- A line starting with a space before the bracket (e.g., ` ""[ERROR] msg""`) is *not* a valid tag; return `(default_level, "" [ERROR] msg"")`.
- A line with a bracketed tag but no space following it (e.g., `""[ERROR]msg""`) should return `(""ERROR"", ""msg"")` without removing any characters other than the single space (which isn't there, so none is stripped).
- Empty strings or strings without brackets.

**Implementation Plan:**
1. Use a regular expression matching the start of the string (`^`), followed by a bracketed word: `r'^\[([a-zA-Z]+)\]'`.
2. If a match is found using `re.match`:
   - Extract the group, uppercase it for `level`.
   - Slice the remaining string from the end of the match index.
   - If the remaining string starts with a single space, slice it off (e.g., `remaining[1:]` if it starts with `' '`).
   - Return `(level, message)`.
3. If no match is found, return `(default_level, line)`.",none,1,hand_hard
task_069,"Write a function `parse_log_level(line, default_level)` for the observability pipeline at Redshift Systems. `line` is a raw log string that may start with a bracketed level tag like '[ERROR]', '[WARN]', or '[INFO]' (case-insensitive, must be at the very start of the string with no leading whitespace). Return a tuple (level, message) where level is the uppercased tag with brackets stripped, and message is the rest of the line with exactly one leading space stripped if present. If no valid tag is found at the start, return (default_level, line) unchanged -- the whole original line as the message, not stripped.","### Handoff Message for Agent B **Objective:** Implement a Python function named `parse_log_level(line, default_level)` for the Redshift Systems observability pipeline. This function parses a raw log string to extract a log level tag (if present at the very beginning) and separates it from the log message. **Exact Function Signature:** ```python def parse_log_level(line: str, default_level: str) -> tuple[str, str]: ``` **Requirements & Parsing Rules:** 1. **Tag Detection:** Check if `line` starts with a bracketed level tag at index `0` (e.g., `[ERROR]`, `[WARN]`, `[INFO]`). - Must be at the *very start* of the string with **no leading whitespace**. - The match should be **case-insensitive** (e.g., `[error]`, `[Info]`, `[WARN]` are all valid).",truncation,0,hand_hard
task_069,"Write a function `parse_log_level(line, default_level)` for the observability pipeline at Redshift Systems. `line` is a raw log string that may start with a bracketed level tag like '[ERROR]', '[WARN]', or '[INFO]' (case-insensitive, must be at the very start of the string with no leading whitespace). Return a tuple (level, message) where level is the uppercased tag with brackets stripped, and message is the rest of the line with exactly one leading space stripped if present. If no valid tag is found at the start, return (default_level, line) unchanged -- the whole original line as the message, not stripped.","### Handoff Message for Agent B

**Objective:**
Implement a Python function named  for the Redshift Systems observability pipeline. This function parses a raw log string to extract a log level tag (if present at the very beginning) and separates it from the log message.

**Exact Function Signature:**


**Requirements & Parsing Rules:**

**Key Edge Cases to Handle:**

**Implementation Plan:**",tool_result_drop,0,hand_hard
task_069,"Write a function `parse_log_level(line, default_level)` for the observability pipeline at Redshift Systems. `line` is a raw log string that may start with a bracketed level tag like '[ERROR]', '[WARN]', or '[INFO]' (case-insensitive, must be at the very start of the string with no leading whitespace). Return a tuple (level, message) where level is the uppercased tag with brackets stripped, and message is the rest of the line with exactly one leading space stripped if present. If no valid tag is found at the start, return (default_level, line) unchanged -- the whole original line as the message, not stripped.","**No Valid Tag Return Value:** - If the line does not start with a valid bracketed tag (or has leading whitespace before the bracket), return `(default_level, line)` completely unchanged (the entire original `line` as the message, with **no** whitespace stripping applied).",over_summarization,0,hand_hard
task_070,"Write a function `avg_temperature(readings)` for a weather station in Reykjavik. `readings` is a list of floats in Celsius. Return the average rounded to 1 decimal place. If the list is empty, return None.","HANDOFF MESSAGE FOR AGENT B:

Please write the following function for a weather station in Reykjavik:

- Function Signature: `avg_temperature(readings)`
- Parameters: `readings` (a list of floats representing temperatures in Celsius)
- Return Value: The average temperature as a float, rounded to 1 decimal place, or `None` if the input list is empty.

Edge Cases to Handle:
- An empty list `[]` must return `None` (preventing division by zero).
- Standard float lists with positive, negative, and zero values.

Implementation Plan:
1. Check if the `readings` list is empty (length 0). If so, return `None`.
2. Calculate the sum of the elements in `readings` and divide by the number of elements to get the average.
3. Use Python's `round()` function to round the result to 1 decimal place.
4. Return the rounded average.",none,1,hand_easy
task_070,"Write a function `avg_temperature(readings)` for a weather station in Reykjavik. `readings` is a list of floats in Celsius. Return the average rounded to 1 decimal place. If the list is empty, return None.",HANDOFF MESSAGE FOR AGENT B: Please write the following function for a weather station in Reykjavik: - Function Signature: `avg_temperature(readings)` - Parameters: `readings` (a list of floats representing temperatures in Celsius) - Return Value: The average temperature as a,truncation,0,hand_easy
task_070,"Write a function `avg_temperature(readings)` for a weather station in Reykjavik. `readings` is a list of floats in Celsius. Return the average rounded to 1 decimal place. If the list is empty, return None.","HANDOFF MESSAGE FOR AGENT B:

Please write the following function for a weather station in Reykjavik:


Edge Cases to Handle:

Implementation Plan:",tool_result_drop,0,hand_easy
task_072,"Write a function `resolve_import_order(modules)` for the build tool at Compass Software. `modules` is a dict mapping module name to a list of module names it depends on. Return a list giving a valid topological order (dependencies before dependents). If there are multiple valid orders, prefer visiting modules in the order their keys first appear in `modules`. Edge case: if there is a circular dependency, raise a ValueError with message 'circular dependency detected' rather than looping forever or returning a partial order.","Here is the handoff message for Agent B:

---

### Handoff Message for Agent B

**Task Overview:**
We need to implement a dependency resolution function for the build tool at Compass Software. The function must compute a valid topological sort of a set of modules based on their dependency relationships.

**Function Signature:**
```python
def resolve_import_order(modules: dict) -> list:
    """"""
    Resolves the import order of modules using topological sorting.
    
    Args:
        modules (dict): A dictionary mapping a module name (str) to a list 
                        of module names (str) that it depends on.
                        
    Returns:
        list: A valid topological order of module names where all dependencies 
              appear before their dependents.
              
    Raises:
        ValueError: If a circular dependency is detected.
    """"""
```

**Key Requirements & Edge Cases:**
1. **Dependencies Before Dependents:** In the returned list, any module must appear *after* all the modules it depends on.
2. **Deterministic Tie-Breaking:** If multiple valid topological orders exist, you must prefer visiting modules in the exact order their keys first appear in the input `modules` dictionary.
3. **Circular Dependency Detection:** If a circular dependency exists anywhere in the graph, do not loop forever or return a partial order. Instead, immediately raise a `ValueError` with the exact message: `'circular dependency detected'`.

**Suggested Approach:**
1. **Graph Representation:** The input `modules` dictionary maps each module to its dependencies (i.e., outgoing edges from dependent to dependency, or vice-versa depending on how you set up your traversal). Make sure to process keys in the order they appear in `modules` to preserve the tie-breaking rule.
2. **Cycle Detection & Topological Sort:** 
   - Use Kahn's algorithm (in-degree counting with a priority queue/queue that respects input order) or Depth-First Search (DFS) with visiting states (unvisited, visiting/recursion stack, visited).
   - DFS is often very clean for tie-breaking: iterate through `modules` keys in order, and run DFS. Track recursion stack states to detect cycles and raise the required `ValueError`.",none,1,hand_hard
task_072,"Write a function `resolve_import_order(modules)` for the build tool at Compass Software. `modules` is a dict mapping module name to a list of module names it depends on. Return a list giving a valid topological order (dependencies before dependents). If there are multiple valid orders, prefer visiting modules in the order their keys first appear in `modules`. Edge case: if there is a circular dependency, raise a ValueError with message 'circular dependency detected' rather than looping forever or returning a partial order.","Here is the handoff message for Agent B: --- ### Handoff Message for Agent B **Task Overview:** We need to implement a dependency resolution function for the build tool at Compass Software. The function must compute a valid topological sort of a set of modules based on their dependency relationships. **Function Signature:** ```python def resolve_import_order(modules: dict) -> list: """""" Resolves the import order of modules using topological sorting. Args: modules (dict): A dictionary mapping a module name (str) to a list of module names (str) that it depends on. Returns: list: A",truncation,0,hand_hard
task_072,"Write a function `resolve_import_order(modules)` for the build tool at Compass Software. `modules` is a dict mapping module name to a list of module names it depends on. Return a list giving a valid topological order (dependencies before dependents). If there are multiple valid orders, prefer visiting modules in the order their keys first appear in `modules`. Edge case: if there is a circular dependency, raise a ValueError with message 'circular dependency detected' rather than looping forever or returning a partial order.","Here is the handoff message for Agent B:

---

### Handoff Message for Agent B

**Task Overview:**
We need to implement a dependency resolution function for the build tool at Compass Software. The function must compute a valid topological sort of a set of modules based on their dependency relationships.

**Function Signature:**


**Key Requirements & Edge Cases:**

**Suggested Approach:**",tool_result_drop,0,hand_hard
task_072,"Write a function `resolve_import_order(modules)` for the build tool at Compass Software. `modules` is a dict mapping module name to a list of module names it depends on. Return a list giving a valid topological order (dependencies before dependents). If there are multiple valid orders, prefer visiting modules in the order their keys first appear in `modules`. Edge case: if there is a circular dependency, raise a ValueError with message 'circular dependency detected' rather than looping forever or returning a partial order.","**Deterministic Tie-Breaking:** If multiple valid topological orders exist, you must prefer visiting modules in the exact order their keys first appear in the input `modules` dictionary.",over_summarization,0,hand_hard
task_073,"Write a function `clean_username(raw)` for the signup form at Lumen Social. It must lower-case the input, strip leading/trailing whitespace, and replace any run of one or more spaces in the middle with a single underscore.","Handoff Message for Agent B:

Please implement a Python function for the Lumen Social signup form that cleans and standardizes user-submitted usernames. 

**Function Signature:**
```python
def clean_username(raw: str) -> str:
```

**Requirements:**
1. Convert the entire string to lowercase.
2. Strip any leading and trailing whitespace.
3. Replace any internal run of one or more whitespace characters (spaces, tabs, etc.) with a single underscore (`_`).

**Key Edge Cases to Handle:**
- Input with excessive leading, trailing, and internal whitespace (e.g., `""  John   Doe  ""` should become `""john_doe""`).
- Input with mixed case (e.g., `""AlIce SmITh""` should become `""alice_smith""`).
- Single-word inputs with no spaces (should just be lowercased and stripped).
- Empty strings or strings consisting only of whitespace (should return an empty string).

**Plan / Approach:**
1. Check if the input is a string and handle edge cases (like empty inputs).
2. Apply `.strip()` to remove leading/trailing whitespace.
3. Apply `.lower()` to convert the string to lowercase.
4. Use regular expressions (`re.sub(r'\s+', '_', text)`) to replace all continuous sequences of whitespace in the middle with a single underscore.
5. Return the resulting string.",none,1,hand_easy
task_073,"Write a function `clean_username(raw)` for the signup form at Lumen Social. It must lower-case the input, strip leading/trailing whitespace, and replace any run of one or more spaces in the middle with a single underscore.","Handoff Message for Agent B:

Please implement a Python function for the Lumen Social signup form that cleans and standardizes user-submitted usernames. 

**Function Signature:**


**Requirements:**

**Key Edge Cases to Handle:**

**Plan / Approach:**",tool_result_drop,0,hand_easy
task_074,"Write a function `nearest_warehouse(order_coords, warehouses)` for Everline Retail's shipping system. `order_coords` is an (x, y) tuple, and `warehouses` is a dict mapping warehouse name to (x, y) coordinates. Return the name of the closest warehouse by straight-line (Euclidean) distance. Edge case: if two or more warehouses are exactly tied for closest, return the one whose name comes first alphabetically, not just the first one encountered during iteration.","**Handoff Message for Agent B**

We need to implement a function for Everline Retail's shipping system that finds the closest warehouse to a given customer order based on straight-line (Euclidean) distance.

### Function Signature
```python
def nearest_warehouse(order_coords, warehouses):
    """"""
    :param order_coords: tuple of floats/ints representing (x, y) coordinates of the order
    :param warehouses: dict mapping string warehouse names to (x, y) coordinate tuples
    :return: string name of the closest warehouse
    """"""
```

### Key Edge Cases & Requirements
- **Euclidean Distance:** Calculate the straight-line distance between `order_coords` (`ox, oy`) and each warehouse's coordinates (`wx, wy`) using $\sqrt{(wx - ox)^2 + (wy - oy)^2}$ (or simply compare squared distances to avoid floating-point sqrt overhead).
- **Tie-Breaking:** If two or more warehouses share the exact same minimum distance, you **must** return the warehouse whose name comes first alphabetically (lexicographically), *not* necessarily the one encountered first in the dictionary iteration.

### Suggested Approach
1. Initialize variables to track the best (minimum) distance (start with infinity) and the best warehouse name (start with `None` or iterate).
2. Iterate through all items (`name, coords`) in the `warehouses` dictionary.
3. For each warehouse, compute its squared Euclidean distance to `order_coords`.
4. Update the best warehouse if:
   - The current warehouse's distance is strictly less than the recorded minimum distance.
   - **OR** the distance is *equal* to the recorded minimum distance, but the current warehouse's `name` is lexicographically smaller than the currently stored best name.
5. Return the winning warehouse name.",none,1,hand_hard
task_074,"Write a function `nearest_warehouse(order_coords, warehouses)` for Everline Retail's shipping system. `order_coords` is an (x, y) tuple, and `warehouses` is a dict mapping warehouse name to (x, y) coordinates. Return the name of the closest warehouse by straight-line (Euclidean) distance. Edge case: if two or more warehouses are exactly tied for closest, return the one whose name comes first alphabetically, not just the first one encountered during iteration.","**Handoff Message for Agent B** We need to implement a function for Everline Retail's shipping system that finds the closest warehouse to a given customer order based on straight-line (Euclidean) distance. ### Function Signature ```python def nearest_warehouse(order_coords, warehouses): """""" :param order_coords: tuple of floats/ints representing (x, y) coordinates of the order :param warehouses: dict mapping string warehouse names to (x, y) coordinate tuples :return: string name of the closest warehouse """""" ``` ###",truncation,0,hand_hard
task_074,"Write a function `nearest_warehouse(order_coords, warehouses)` for Everline Retail's shipping system. `order_coords` is an (x, y) tuple, and `warehouses` is a dict mapping warehouse name to (x, y) coordinates. Return the name of the closest warehouse by straight-line (Euclidean) distance. Edge case: if two or more warehouses are exactly tied for closest, return the one whose name comes first alphabetically, not just the first one encountered during iteration.","**Handoff Message for Agent B**

We need to implement a function for Everline Retail's shipping system that finds the closest warehouse to a given customer order based on straight-line (Euclidean) distance.

### Function Signature


### Key Edge Cases & Requirements

### Suggested Approach",tool_result_drop,0,hand_hard
task_074,"Write a function `nearest_warehouse(order_coords, warehouses)` for Everline Retail's shipping system. `order_coords` is an (x, y) tuple, and `warehouses` is a dict mapping warehouse name to (x, y) coordinates. Return the name of the closest warehouse by straight-line (Euclidean) distance. Edge case: if two or more warehouses are exactly tied for closest, return the one whose name comes first alphabetically, not just the first one encountered during iteration.","- **OR** the distance is *equal* to the recorded minimum distance, but the current warehouse's `name` is lexicographically smaller than the currently stored best name.",over_summarization,0,hand_hard
task_076,"Write a function `stock_alert(prices, threshold)` for a trading dashboard used by analyst Wei Zhang. `prices` is a list of floats. Return the list of indices where the price is strictly greater than `threshold`.","**HANDOFF MESSAGE FOR AGENT B**

**Objective:**
Build a Python function named `stock_alert(prices, threshold)` for analyst Wei Zhang's trading dashboard. The function must return a list of indices where the corresponding stock price is strictly greater than the given threshold.

**Function Signature:**
```python
def stock_alert(prices: list[float], threshold: float) -> list[int]:
    pass
```

**Key Edge Cases to Handle:**
- Empty `prices` list: Should return an empty list `[]`.
- Prices equal to the threshold: Since the condition is **strictly greater** than (`>`), prices equal to `threshold` must be ignored (not included in the output).
- Negative prices or threshold values: The logic should still apply mathematically, though standard float/int comparisons will handle this naturally.
- Very large lists: The solution should be efficient (O(n) time complexity).

**Plan / Approach:**
1. Use a list comprehension with `enumerate()` to iterate through `prices` alongside their indices.
2. Filter the elements where `price > threshold`.
3. Collect and return the indices of those filtered elements in a list.",none,1,hand_easy
task_076,"Write a function `stock_alert(prices, threshold)` for a trading dashboard used by analyst Wei Zhang. `prices` is a list of floats. Return the list of indices where the price is strictly greater than `threshold`.","- Prices equal to the threshold: Since the condition is **strictly greater** than (`>`), prices equal to `threshold` must be ignored (not included in the output).",over_summarization,0,hand_easy
task_077,"Write a function `expand_abbreviations(text, glossary)` for the technical-writing tool at Beacon Docs, maintained by editor Sofia Reyes. `glossary` maps an abbreviation (e.g. 'API') to its full form. On the FIRST occurrence of each abbreviation in `text` (as a whole word, case-sensitive, using word boundaries so 'APIs' does not match 'API'), replace it with '{full form} ({abbreviation})'. On every subsequent occurrence of that same abbreviation, leave it as-is. Edge case: if an abbreviation never appears in `text`, it should simply be ignored, not raise an error.","Hi Agent B, we need to implement a Python function for Beacon Docs (editor: Sofia Reyes) called `expand_abbreviations(text, glossary)`.

### Function Signature
```python
def expand_abbreviations(text: str, glossary: dict[str, str]) -> str:
```

### Requirements & Behavior
- **Arguments**: `text` (the input string) and `glossary` (a dictionary mapping abbreviations, e.g., `'API'`, to their full forms, e.g., `'Application Programming Interface'`).
- **First Occurrence**: On the *first* occurrence of each abbreviation in `text`, replace it with the format `{full form} ({abbreviation})`.
- **Subsequent Occurrences**: Leave subsequent occurrences of that same abbreviation as-is (just the abbreviation).
- **Matching Rules**: 
  - Must be a whole-word match using word boundaries (e.g., `'API'` should match `'API'` but not `'APIs'`).
  - Case-sensitive.
- **Unused Abbreviations**: If an abbreviation listed in `glossary` never appears in `text`, ignore it silently without raising any errors.

### Key Edge Cases to Handle
1. **Word Boundaries**: Ensure substrings within larger words aren't incorrectly matched (e.g., `'API'` inside `'RAPID'` or `'APIs'`).
2. **Multiple Unique Abbreviations**: Handle texts containing multiple distinct glossary terms independently, tracking the first occurrence of *each*.
3. **Missing Glossary Terms**: Ensure terms present in `glossary` but absent from `text` do not cause key errors or unexpected modifications.
4. **Repeated Terms**: Ensure only the very first matched instance expands, while the 2nd, 3rd, etc., remain untouched.

### Proposed Plan / Approach
1. Iterate through the keys in `glossary` (or scan the text for them) to find their positions, or use regular expressions.
2. Build a regex pattern utilizing word boundaries (`\b`) for each abbreviation to ensure precise whole-word matching.
3. Keep track of which abbreviations have already been expanded to ensure only the *first* occurrence gets replaced.
4. Perform the replacement using `re.sub` with a count limit or a custom replacement function that checks a ""seen"" set.
5. Return the newly formatted string.",none,1,hand_hard
task_077,"Write a function `expand_abbreviations(text, glossary)` for the technical-writing tool at Beacon Docs, maintained by editor Sofia Reyes. `glossary` maps an abbreviation (e.g. 'API') to its full form. On the FIRST occurrence of each abbreviation in `text` (as a whole word, case-sensitive, using word boundaries so 'APIs' does not match 'API'), replace it with '{full form} ({abbreviation})'. On every subsequent occurrence of that same abbreviation, leave it as-is. Edge case: if an abbreviation never appears in `text`, it should simply be ignored, not raise an error.","Hi Agent B, we need to implement a Python function for Beacon Docs (editor: Sofia Reyes) called .

### Function Signature


### Requirements & Behavior

### Key Edge Cases to Handle

### Proposed Plan / Approach",tool_result_drop,0,hand_hard
task_078,"Write a function `battery_time_remaining(percent, discharge_curve)` for the firmware team at Halcyon Wearables, led by engineer Tomas Novak. `discharge_curve` is a list of (percent_threshold, minutes_per_percent) tuples sorted by ASCENDING percent_threshold, describing tiers of battery drain -- e.g. [(10, 5), (100, 2)] means the last 10% of battery (0 up to and including 10%) drains slowly at 5 minutes per percent, while everything above 10% up to 100% drains faster at 2 minutes per percent. Estimate total remaining minutes by summing, for each percentage point from `percent` down to 1 (there is no point below 1), the minutes-per-percent rate of the FIRST tuple in `discharge_curve` (in the given ascending order) whose percent_threshold is >= that percentage point. Edge case: if `percent` is 0, return 0.","**HANDOFF MESSAGE FOR AGENT B**

**Objective:**
Write a Python function for Halcyon Wearables that calculates the estimated remaining battery time in minutes given the current battery percentage and a tiered discharge curve.

**Function Name & Signature:**
```python
def battery_time_remaining(percent: int, discharge_curve: list[tuple[int, int]]) -> float:
```

**Input Details:**
- `percent`: An integer representing the current battery percentage (0 to 100).
- `discharge_curve`: A list of `(percent_threshold, minutes_per_percent)` tuples, sorted in **ascending order** of `percent_threshold`. 
  - *Example:* `[(10, 5), (100, 2)]` means percentages from 1 to 10 (inclusive) drain at 5 minutes/percent, and percentages above 10 up to 100 drain at 2 minutes/percent.

**Calculation Rules:**
1. Iterate through each percentage point from `percent` down to `1` (inclusive). Note: There is no point below 1.
2. For each percentage point, find the **first** tuple in `discharge_curve` (checking in the given ascending order) whose `percent_threshold` is `>=` the current percentage point.
3. Add that tuple's `minutes_per_percent` rate to the running total.
4. Return the total accumulated minutes.

**Edge Cases to Handle:**
- If `percent` is `0`, immediately return `0`.
- Ensure the loop correctly handles the lower bound (stops at 1, does not include 0).

**Plan / Approach:**
1. Check if `percent == 0`; if so, return `0`.
2. Initialize a `total_minutes = 0` accumulator.
3. Loop `p` from `percent` down to `1`:
   - Find the appropriate rate by iterating through `discharge_curve` and picking the first tuple where `p <= threshold`.
   - Add this rate to `total_minutes`.
4. Return `total_minutes`.",none,1,hand_hard
task_078,"Write a function `battery_time_remaining(percent, discharge_curve)` for the firmware team at Halcyon Wearables, led by engineer Tomas Novak. `discharge_curve` is a list of (percent_threshold, minutes_per_percent) tuples sorted by ASCENDING percent_threshold, describing tiers of battery drain -- e.g. [(10, 5), (100, 2)] means the last 10% of battery (0 up to and including 10%) drains slowly at 5 minutes per percent, while everything above 10% up to 100% drains faster at 2 minutes per percent. Estimate total remaining minutes by summing, for each percentage point from `percent` down to 1 (there is no point below 1), the minutes-per-percent rate of the FIRST tuple in `discharge_curve` (in the given ascending order) whose percent_threshold is >= that percentage point. Edge case: if `percent` is 0, return 0.","**HANDOFF MESSAGE FOR AGENT B** **Objective:** Write a Python function for Halcyon Wearables that calculates the estimated remaining battery time in minutes given the current battery percentage and a tiered discharge curve. **Function Name & Signature:** ```python def battery_time_remaining(percent: int, discharge_curve: list[tuple[int, int]]) -> float: ``` **Input Details:** - `percent`: An integer representing the current battery percentage (0 to 100). - `discharge_curve`: A list of `(percent_threshold, minutes_per_percent)` tuples, sorted in **ascending order** of `percent_threshold`.",truncation,0,hand_hard
task_078,"Write a function `battery_time_remaining(percent, discharge_curve)` for the firmware team at Halcyon Wearables, led by engineer Tomas Novak. `discharge_curve` is a list of (percent_threshold, minutes_per_percent) tuples sorted by ASCENDING percent_threshold, describing tiers of battery drain -- e.g. [(10, 5), (100, 2)] means the last 10% of battery (0 up to and including 10%) drains slowly at 5 minutes per percent, while everything above 10% up to 100% drains faster at 2 minutes per percent. Estimate total remaining minutes by summing, for each percentage point from `percent` down to 1 (there is no point below 1), the minutes-per-percent rate of the FIRST tuple in `discharge_curve` (in the given ascending order) whose percent_threshold is >= that percentage point. Edge case: if `percent` is 0, return 0.","**HANDOFF MESSAGE FOR AGENT B**

**Objective:**
Write a Python function for Halcyon Wearables that calculates the estimated remaining battery time in minutes given the current battery percentage and a tiered discharge curve.

**Function Name & Signature:**


**Input Details:**

**Calculation Rules:**

**Edge Cases to Handle:**

**Plan / Approach:**",tool_result_drop,0,hand_hard
task_078,"Write a function `battery_time_remaining(percent, discharge_curve)` for the firmware team at Halcyon Wearables, led by engineer Tomas Novak. `discharge_curve` is a list of (percent_threshold, minutes_per_percent) tuples sorted by ASCENDING percent_threshold, describing tiers of battery drain -- e.g. [(10, 5), (100, 2)] means the last 10% of battery (0 up to and including 10%) drains slowly at 5 minutes per percent, while everything above 10% up to 100% drains faster at 2 minutes per percent. Estimate total remaining minutes by summing, for each percentage point from `percent` down to 1 (there is no point below 1), the minutes-per-percent rate of the FIRST tuple in `discharge_curve` (in the given ascending order) whose percent_threshold is >= that percentage point. Edge case: if `percent` is 0, return 0.","For each percentage point, find the **first** tuple in `discharge_curve` (checking in the given ascending order) whose `percent_threshold` is `>=` the current percentage point.",over_summarization,0,hand_hard
task_079,"Write a function `filter_valid_ages(ages)` for the census tool used by researcher Ana Bautista. `ages` is a list of integers. Return only the ages that are between 0 and 120 inclusive; anything else (negative, or over 120) should be dropped.","**Handoff Message for Agent B**

- **Function to Build:** Write a Python function named `filter_valid_ages(ages)` that filters a list of integer ages, keeping only those that represent valid human ages for a census tool.
- **Exact Signature:** `def filter_valid_ages(ages: list[int]) -> list[int]:`
- **Behavior:** Return a new list containing only the ages from the input list `ages` that are between 0 and 120 (inclusive). Any negative numbers or numbers strictly greater than 120 must be dropped.
- **Key Edge Cases to Handle:**
  - Boundary values: Ages exactly at `0` and `120` must be kept.
  - Out-of-bounds values: Negative numbers (e.g., `-1`) and values `121` or greater must be excluded.
  - Empty input list: Should return an empty list `[]`.
  - Input list with all invalid or all valid ages.
- **Plan/Approach:** Use a list comprehension with a conditional check to filter the list in a single, readable line: `[age for age in ages if 0 <= age <= 120]`.",none,1,hand_easy
task_079,"Write a function `filter_valid_ages(ages)` for the census tool used by researcher Ana Bautista. `ages` is a list of integers. Return only the ages that are between 0 and 120 inclusive; anything else (negative, or over 120) should be dropped.","**Handoff Message for Agent B** - **Function to Build:** Write a Python function named `filter_valid_ages(ages)` that filters a list of integer ages, keeping only those that represent valid human ages for a census tool. - **Exact Signature:** `def filter_valid_ages(ages: list[int]) -> list[int]:` - **Behavior:** Return a new",truncation,0,hand_easy
task_079,"Write a function `filter_valid_ages(ages)` for the census tool used by researcher Ana Bautista. `ages` is a list of integers. Return only the ages that are between 0 and 120 inclusive; anything else (negative, or over 120) should be dropped.","**Handoff Message for Agent B**
",tool_result_drop,0,hand_easy
task_080,"Write a function `assign_seats(passengers, seat_map)` for the airline check-in system used at Meridian Airways. `seat_map` is a dict mapping seat label (e.g. 'A1') to either None (free) or a passenger name already assigned. `passengers` is a list of names needing seats, in priority order. Assign each passenger, in order, to the alphabetically-first free seat at the time of their assignment, mutating a COPY of `seat_map` (the original must be left unchanged) and returning that copy. Edge case: if there are more passengers than free seats, raise a ValueError with message 'not enough seats' and do not assign anyone from that point forward (earlier assignments in the returned copy should still reflect who WAS assigned before the shortage was hit -- but since an exception is raised, the caller gets no returned value at all).","Handoff Message for Agent B:

Please implement the Python function `assign_seats(passengers, seat_map)` for the Meridian Airways airline check-in system.

### Function Signature
```python
def assign_seats(passengers, seat_map):
    pass
```

### Requirements & Behavior
1. **Inputs:**
   - `passengers`: A list of passenger name strings needing seats, in strict priority order.
   - `seat_map`: A dictionary mapping seat labels (e.g., `'A1'`, `'B12'`) to either `None` (representing an available seat) or a string representing a passenger name already assigned to that seat.
2. **Immutability:** 
   - You must **not** mutate the original `seat_map`. Create and return a *copy* of `seat_map` with the new assignments applied.
3. **Assignment Logic:**
   - Iterate through the `passengers` list in order.
   - For each passenger, find all currently free seats (`None`) in the copied seat map.
   - Assign the passenger to the **alphabetically-first** free seat label (e.g., `'A1'` comes before `'A2'`, which comes before `'B1'`).
4. **Edge Cases & Error Handling:**
   - If at any point during the iteration there are more passengers remaining to be seated than there are total free seats available, raise a `ValueError` with the exact message `'not enough seats'`.
   - *Note on partial state:* Since an exception is raised, standard Python execution halts and no return value reaches the caller. However, ensure that up until the point the exception is triggered, the working copy accurately reflects the assignments made so far (though raising the exception will naturally prevent it from being returned).

### Suggested Plan
1. Make a shallow or deep copy of `seat_map` (e.g., `new_map = seat_map.copy()`).
2. Loop through each `passenger` in `passengers`.
3. Gather all seat labels where `new_map[seat] is None`.
4. Check if the number of free seats is 0 (or less than the remaining passengers, though checking if 0 free seats exist before assigning the current passenger works since we assign one by one). Specifically, if no free seats are available when a passenger needs one, raise `ValueError('not enough seats')`.
5. Sort the list of available seat labels alphabetically and pick the first one (`sorted_free_seats[0]`).
6. Assign the passenger to that seat in `new_map`.
7. Return `new_map` after successfully assigning all passengers.",none,1,hand_hard
task_080,"Write a function `assign_seats(passengers, seat_map)` for the airline check-in system used at Meridian Airways. `seat_map` is a dict mapping seat label (e.g. 'A1') to either None (free) or a passenger name already assigned. `passengers` is a list of names needing seats, in priority order. Assign each passenger, in order, to the alphabetically-first free seat at the time of their assignment, mutating a COPY of `seat_map` (the original must be left unchanged) and returning that copy. Edge case: if there are more passengers than free seats, raise a ValueError with message 'not enough seats' and do not assign anyone from that point forward (earlier assignments in the returned copy should still reflect who WAS assigned before the shortage was hit -- but since an exception is raised, the caller gets no returned value at all).","Handoff Message for Agent B: Please implement the Python function `assign_seats(passengers, seat_map)` for the Meridian Airways airline check-in system. ### Function Signature ```python def assign_seats(passengers, seat_map): pass ``` ### Requirements & Behavior 1. **Inputs:** - `passengers`: A list of passenger name strings needing seats, in strict priority order. - `seat_map`: A dictionary mapping seat labels (e.g., `'A1'`, `'B12'`) to either `None` (representing an available seat) or a string representing a passenger name already assigned to that seat. 2. **Immutability:** - You must **not** mutate the original `seat_map`. Create and return a *copy* of `seat_map` with the new assignments applied. 3. **Assignment Logic:** - Iterate through",truncation,0,hand_hard
task_080,"Write a function `assign_seats(passengers, seat_map)` for the airline check-in system used at Meridian Airways. `seat_map` is a dict mapping seat label (e.g. 'A1') to either None (free) or a passenger name already assigned. `passengers` is a list of names needing seats, in priority order. Assign each passenger, in order, to the alphabetically-first free seat at the time of their assignment, mutating a COPY of `seat_map` (the original must be left unchanged) and returning that copy. Edge case: if there are more passengers than free seats, raise a ValueError with message 'not enough seats' and do not assign anyone from that point forward (earlier assignments in the returned copy should still reflect who WAS assigned before the shortage was hit -- but since an exception is raised, the caller gets no returned value at all).","2. **Immutability:** 
   - You must **not** mutate the original `seat_map`. Create and return a *copy* of `seat_map` with the new assignments applied.
 3. **Assignment Logic:**
   - Iterate through the `passengers` list in order.
   - For each passenger, find all currently free seats (`None`) in the copied seat map.
    - Assign the passenger to the **alphabetically-first** free seat label (e.g., `'A1'` comes before `'A2'`, which comes before `'B1'`).
 4. **Edge Cases & Error Handling:**
   - If at any point during the iteration there are more passengers remaining to be seated than there are total free seats available, raise a `ValueError` with the exact message `'not enough seats'`.
   - *Note on partial state:* Since an exception is raised, standard Python execution halts and no return value reaches the caller. However, ensure that up until the point the exception is triggered, the working copy accurately reflects the assignments made so far (though raising the exception will naturally prevent it from being returned).

### Suggested Plan
1. Make a shallow or deep copy of `seat_map` (e.g., `new_map = seat_map.copy()`).
 2. Loop through each `passenger` in `passengers`.
 3. Gather all seat labels where `new_map[seat] is None`.
 4. Check if the number of free seats is 0 (or less than the remaining passengers, though checking if 0 free seats exist before assigning the current passenger works since we assign one by one). Specifically, if no free seats are available when a passenger needs one, raise `ValueError('not enough seats')`.
5. Sort the list of available seat labels alphabetically and pick the first one (`sorted_free_seats[0]`).
 6. Assign the passenger to that seat in `new_map`.
7. Return `new_map` after successfully assigning all passengers.",entity_omission,0,hand_hard
task_080,"Write a function `assign_seats(passengers, seat_map)` for the airline check-in system used at Meridian Airways. `seat_map` is a dict mapping seat label (e.g. 'A1') to either None (free) or a passenger name already assigned. `passengers` is a list of names needing seats, in priority order. Assign each passenger, in order, to the alphabetically-first free seat at the time of their assignment, mutating a COPY of `seat_map` (the original must be left unchanged) and returning that copy. Edge case: if there are more passengers than free seats, raise a ValueError with message 'not enough seats' and do not assign anyone from that point forward (earlier assignments in the returned copy should still reflect who WAS assigned before the shortage was hit -- but since an exception is raised, the caller gets no returned value at all).","Handoff Message for Agent B:

Please implement the Python function  for the Meridian Airways airline check-in system.

### Function Signature


### Requirements & Behavior

### Suggested Plan",tool_result_drop,0,hand_hard
task_080,"Write a function `assign_seats(passengers, seat_map)` for the airline check-in system used at Meridian Airways. `seat_map` is a dict mapping seat label (e.g. 'A1') to either None (free) or a passenger name already assigned. `passengers` is a list of names needing seats, in priority order. Assign each passenger, in order, to the alphabetically-first free seat at the time of their assignment, mutating a COPY of `seat_map` (the original must be left unchanged) and returning that copy. Edge case: if there are more passengers than free seats, raise a ValueError with message 'not enough seats' and do not assign anyone from that point forward (earlier assignments in the returned copy should still reflect who WAS assigned before the shortage was hit -- but since an exception is raised, the caller gets no returned value at all).","Check if the number of free seats is 0 (or less than the remaining passengers, though checking if 0 free seats exist before assigning the current passenger works since we assign one by one).",over_summarization,0,hand_hard
task_081,"Write a function `consolidate_reviews(reviews, min_count)` for the product page at Orchard Marketplace. `reviews` is a list of (product_id, rating) tuples where rating is 1-5. Return a dict mapping product_id to its average rating rounded to 2 decimals, but ONLY for products with at least `min_count` reviews; products with fewer reviews must be excluded entirely from the result, not included with a null or zero average.","HANDOFF MESSAGE FOR AGENT B:

You need to build a Python function for the Orchard Marketplace product page that calculates and filters average ratings for products based on a minimum review threshold.

**Function Signature:**
```python
def consolidate_reviews(reviews, min_count):
    """"""
    reviews: list of tuples in the format (product_id, rating) where rating is an int from 1-5.
    min_count: int, the minimum number of reviews required to include a product.
    
    Returns: dict mapping product_id (any hashable type) to its average rating (float),
    rounded to 2 decimal places. Products with fewer than min_count reviews must be excluded.
    """"""
```

**Key Requirements & Edge Cases:**
1. **Filtering:** Products with fewer than `min_count` reviews must be completely omitted from the returned dictionary. Do not include them with `None`, `0`, or any placeholder.
2. **Rounding:** The resulting average rating for each eligible product must be rounded to exactly 2 decimal places (e.g., using `round(val, 2)`).
3. **Empty/Invalid Inputs:** Handle empty `reviews` lists (return `{}`). Ensure division by zero is avoided (though `min_count >= 1` and counts >= `min_count` inherently prevent this).
4. **Data Types:** `product_id` can be strings, integers, etc. Ratings are integers (1-5).

**Plan / Approach:**
1. Use a data structure (like `collections.defaultdict` or a standard dictionary) to group and accumulate ratings and counts for each `product_id`. Alternatively, track `[sum_of_ratings, count]` for each `product_id` as you iterate through the `reviews` list.
2. Iterate through the `reviews` list once: for each `(product_id, rating)`, update the accumulated sum and increment the review count.
3. Iterate over the aggregated dictionary items. If a product's review count is `>= min_count`, compute `sum / count`, round it to 2 decimal places, and add it to the final result dictionary.
4. Return the final result dictionary.",none,1,hand_hard
task_081,"Write a function `consolidate_reviews(reviews, min_count)` for the product page at Orchard Marketplace. `reviews` is a list of (product_id, rating) tuples where rating is 1-5. Return a dict mapping product_id to its average rating rounded to 2 decimals, but ONLY for products with at least `min_count` reviews; products with fewer reviews must be excluded entirely from the result, not included with a null or zero average.","HANDOFF MESSAGE FOR AGENT B:

You need to build a Python function for the Orchard Marketplace product page that calculates and filters average ratings for products based on a minimum review threshold.

**Function Signature:**


**Key Requirements & Edge Cases:**

**Plan / Approach:**",tool_result_drop,0,hand_hard
task_082,"Write a function `count_vowels_in_names(names)` for a data-quality check used by intern Leo Park. `names` is a list of strings. Return the total count of vowels (a, e, i, o, u, case-insensitive) across all names combined.","**HANDOFF MESSAGE FOR AGENT B**

**Objective:**
Write a Python function for a data-quality check that counts the total number of vowels across a list of name strings.

**Function Signature:**
```python
def count_vowels_in_names(names: list[str]) -> int:
```

**Requirements & Vowel Definition:**
- Vowels are `a`, `e`, `i`, `o`, `u` (case-insensitive: both lowercase and uppercase must be counted).
- The function must sum the vowel counts across *all* strings in the input list and return the grand total as an integer.

**Edge Cases to Handle:**
- Empty list `[]` (should return `0`).
- Names containing no vowels (e.g., `[""rhythm"", ""cwtch""]` -> `0`).
- Mixed-case strings (e.g., `[""Alice"", ""BOB""]` -> 'A', 'i', 'e', 'O' -> 4).
- Names with spaces, special characters, or numbers (they should be ignored, only alphabetic vowels counted).
- Empty strings within the list `[""""]`.

**Proposed Approach:**
1. Initialize a running total counter to `0`.
2. Define a set or string of target vowels: `vowels = set(""aeiouAEIOU"")`.
3. Iterate through each name in `names`.
4. For each name, iterate through its characters, checking if the character is in `vowels`.
5. Accumulate the matches and return the final sum.",none,1,hand_easy
task_083,"Write a function `retry_backoff(attempt, base_delay, max_delay, jitter_fn)` used in the resilience library at Northwind Cloud, maintained by SRE lead Omar Haddad. Compute an exponential backoff delay: base_delay * (2 ** attempt), capped at max_delay (never exceed it), then pass that capped value through `jitter_fn` (a callable taking one float and returning one float) and return jitter_fn's result. Edge case: `attempt` may be 0, in which case the uncapped delay is just base_delay itself (2**0 == 1).","**HANDOFF MESSAGE FOR AGENT B**

**Objective:**
Build the `retry_backoff` function for Northwind Cloud's resilience library (SRE lead: Omar Haddad). This function calculates an exponential backoff delay with a maximum cap and applies a jitter function to the result.

**Exact Function Signature:**
```python
def retry_backoff(attempt: int, base_delay: float, max_delay: float, jitter_fn: callable) -> float:
```

**Requirements & Mathematical Logic:**
1. **Exponential Backoff Calculation:** 
   Compute the uncapped delay using the formula: `base_delay * (2 ** attempt)`.
2. **Capping:** 
   Compare the computed delay against `max_delay`. The delay must never exceed `max_delay`. If it exceeds `max_delay`, cap it at `max_delay`.
3. **Jitter Application:** 
   Pass the resulting (capped) delay value into `jitter_fn` (a callable that accepts one float and returns one float) and return the output of `jitter_fn`.

**Key Edge Cases to Handle:**
- **Zero Attempt:** `attempt` may be `0`. In this case, `2 ** 0 == 1`, so the uncapped delay correctly evaluates to `base_delay`.
- **Large Attempts / Capping:** Ensure that large `attempt` values that push the exponential calculation well past `max_delay` are properly truncated to `max_delay` *before* being passed to `jitter_fn`.
- **Types:** Handle standard numeric types (`int`, `float`) appropriately, ensuring float operations where expected by the jitter function.

**Brief Plan / Approach:**
1. Calculate the raw exponential delay: `delay = base_delay * (2 ** attempt)`.
2. Apply the cap: `capped_delay = min(delay, max_delay)`.
3. Apply the jitter: `final_delay = jitter_fn(capped_delay)`.
4. Return `final_delay`.",none,1,hand_hard
task_083,"Write a function `retry_backoff(attempt, base_delay, max_delay, jitter_fn)` used in the resilience library at Northwind Cloud, maintained by SRE lead Omar Haddad. Compute an exponential backoff delay: base_delay * (2 ** attempt), capped at max_delay (never exceed it), then pass that capped value through `jitter_fn` (a callable taking one float and returning one float) and return jitter_fn's result. Edge case: `attempt` may be 0, in which case the uncapped delay is just base_delay itself (2**0 == 1).","**HANDOFF MESSAGE FOR AGENT B** **Objective:** Build the `retry_backoff` function for Northwind Cloud's resilience library (SRE lead: Omar Haddad). This function calculates an exponential backoff delay with a maximum cap and applies a jitter function to the result. **Exact Function Signature:** ```python def retry_backoff(attempt: int, base_delay: float, max_delay: float, jitter_fn: callable) -> float: ``` **Requirements & Mathematical Logic:** 1. **Exponential Backoff Calculation:** Compute the uncapped delay using the formula:",truncation,0,hand_hard
task_083,"Write a function `retry_backoff(attempt, base_delay, max_delay, jitter_fn)` used in the resilience library at Northwind Cloud, maintained by SRE lead Omar Haddad. Compute an exponential backoff delay: base_delay * (2 ** attempt), capped at max_delay (never exceed it), then pass that capped value through `jitter_fn` (a callable taking one float and returning one float) and return jitter_fn's result. Edge case: `attempt` may be 0, in which case the uncapped delay is just base_delay itself (2**0 == 1).",**Jitter Application:** Pass the resulting (capped) delay value into `jitter_fn` (a callable that accepts one float and returns one float) and return the output of `jitter_fn`.,over_summarization,0,hand_hard
task_084,"Write a function `anonymize_dataset(records, sensitive_fields)` for the research pipeline used by data scientist Ingrid Larsen at Solstice Health. `records` is a list of dicts, and `sensitive_fields` is a set of key names (e.g. {'ssn', 'name'}). Return a new list of dicts where every key in `sensitive_fields` present in a record has its value replaced with a deterministic pseudonym: the string 'ANON_' followed by the first 8 characters of the SHA-256 hex digest of the original value converted to a string. Keys not in `sensitive_fields`, and keys in `sensitive_fields` that are simply absent from a given record, must be left untouched (absent stays absent, not added as ANON_None).","**HANDOFF MESSAGE FOR AGENT B**

**Objective:**
Build a Python function named `anonymize_dataset(records, sensitive_fields)` for a research pipeline at Solstice Health. The function must return a new list of dictionaries where specified sensitive fields are pseudonymized using a deterministic hashing scheme, leaving all other data unmodified.

**Exact Function Signature:**
```python
def anonymize_dataset(records: list[dict], sensitive_fields: set) -> list[dict]:
```

**Requirements & Pseudonymization Logic:**
1. **Input Parameters:** 
   - `records`: A list of dictionaries representing the dataset.
   - `sensitive_fields`: A set of string key names that need to be anonymized (e.g., `{'ssn', 'name'}`).
2. **Transformation Rule:** For every key present in a record that belongs to `sensitive_fields`, replace its value with a deterministic pseudonym string formatted as `'ANON_'` followed by the first 8 characters of the SHA-256 hex digest of the original value (converted to a string).
3. **Immutability:** Do not mutate the original `records` list or its dictionaries; return a *new* list containing *new* dictionaries.

**Key Edge Cases to Handle:**
- **Absent Keys:** If a key listed in `sensitive_fields` is simply absent from a given record, it must be left absent in the output dictionary (do not add it with a value like `ANON_None`).
- **Data Types:** Values in the dictionaries could be of various types (strings, integers, etc.). Ensure they are converted to a string before computing the SHA-256 hash.
- **Empty Inputs:** Handle empty `records` lists or empty `sensitive_fields` sets gracefully (returning an appropriate copy/unmodified records).

**Brief Plan / Approach:**
1. Import `hashlib` to handle the SHA-256 hashing.
2. Initialize an empty list (e.g., `anonymized_records = []`).
3. Iterate over each `record` in `records`:
   - Create a shallow or deep copy of the record (e.g., `new_record = record.copy()`).
   - Iterate over each `field` in `sensitive_fields`:
     - Check if `field in new_record`.
     - If true, convert `str(new_record[field])` to bytes, compute its SHA-256 hex digest, slice the first 8 characters, prepend `'ANON_'`, and assign it back to `new_record[field]`.
   - Append `new_record` to `anonymized_records`.
4. Return `anonymized_records`.",none,1,hand_hard
task_084,"Write a function `anonymize_dataset(records, sensitive_fields)` for the research pipeline used by data scientist Ingrid Larsen at Solstice Health. `records` is a list of dicts, and `sensitive_fields` is a set of key names (e.g. {'ssn', 'name'}). Return a new list of dicts where every key in `sensitive_fields` present in a record has its value replaced with a deterministic pseudonym: the string 'ANON_' followed by the first 8 characters of the SHA-256 hex digest of the original value converted to a string. Keys not in `sensitive_fields`, and keys in `sensitive_fields` that are simply absent from a given record, must be left untouched (absent stays absent, not added as ANON_None).","**HANDOFF MESSAGE FOR AGENT B** **Objective:** Build a Python function named `anonymize_dataset(records, sensitive_fields)` for a research pipeline at Solstice Health. The function must return a new list of dictionaries where specified sensitive fields are pseudonymized using a deterministic hashing scheme, leaving all other data unmodified. **Exact Function Signature:** ```python def anonymize_dataset(records: list[dict], sensitive_fields: set) -> list[dict]: ``` **Requirements & Pseudonymization Logic:** 1. **Input Parameters:** - `records`: A list of dictionaries representing the dataset. - `sensitive_fields`: A set of string key names that need to be anonymized (e.g., `{'ssn', 'name'}`). 2. **Transformation Rule:** For every key present",truncation,0,hand_hard
task_084,"Write a function `anonymize_dataset(records, sensitive_fields)` for the research pipeline used by data scientist Ingrid Larsen at Solstice Health. `records` is a list of dicts, and `sensitive_fields` is a set of key names (e.g. {'ssn', 'name'}). Return a new list of dicts where every key in `sensitive_fields` present in a record has its value replaced with a deterministic pseudonym: the string 'ANON_' followed by the first 8 characters of the SHA-256 hex digest of the original value converted to a string. Keys not in `sensitive_fields`, and keys in `sensitive_fields` that are simply absent from a given record, must be left untouched (absent stays absent, not added as ANON_None).","**HANDOFF MESSAGE FOR AGENT B**

**Objective:**
Build a Python function named  for a research pipeline at Solstice Health. The function must return a new list of dictionaries where specified sensitive fields are pseudonymized using a deterministic hashing scheme, leaving all other data unmodified.

**Exact Function Signature:**


**Requirements & Pseudonymization Logic:**

**Key Edge Cases to Handle:**

**Brief Plan / Approach:**",tool_result_drop,0,hand_hard
he_030,"Return only positive numbers in the list.
>>> get_positive([-1, 2, -4, 5, 6])
[2, 5, 6]
>>> get_positive([5, 3, -5, 2, -3, 3, 9, 0, 123, 1, -10])
[5, 3, 2, 3, 9, 123, 1]","**HANDOFF MESSAGE FOR AGENT B**

**Function to Build:**
Write a Python function that filters a list of numbers and returns a new list containing only the positive numbers (strictly greater than 0).

**Exact Function Signature:**
```python
def get_positive(l: list) -> list:
```

**Key Edge Cases to Handle:**
- Negative numbers: Must be excluded.
- Zero (`0`): Must be excluded (since zero is neither positive nor negative, as shown in the second example where `0` is dropped).
- Empty list `[]`: Should return `[]`.
- List with all negative numbers: Should return `[]`.
- List with all positive numbers: Should return the original list.

**Plan / Approach:**
Use a list comprehension with a conditional check to filter the input list. Specifically, iterate through each element `x` in the input list `l` and include it in the result only if `x > 0`. 

Example implementation structure:
```python
def get_positive(l: list) -> list:
    return [x for x in l if x > 0]
```",none,1,humaneval
he_031,"Return true if a given number is prime, and false otherwise.
>>> is_prime(6)
False
>>> is_prime(101)
True
>>> is_prime(11)
True
>>> is_prime(13441)
True
>>> is_prime(61)
True
>>> is_prime(4)
False
>>> is_prime(1)
False","AGENT B HANDOFF MESSAGE:

Task: Write a Python function that determines whether a given integer is a prime number.

Function Signature:
```python
def is_prime(n: int) -> bool:
```

Key Edge Cases to Handle:
- Numbers less than or equal to 1 (e.g., `1`, `0`, and negative numbers) must return `False`.
- The number `2` is prime and should return `True`.
- Even numbers greater than `2` are not prime and should return `False`.

Approach:
1. Immediately return `False` if `n <= 1`.
2. Return `True` if `n == 2`.
3. Return `False` if `n` is even (`n % 2 == 0`).
4. Loop through odd integers starting from 3 up to the square root of `n` (inclusive), incrementing by 2. If `n` is divisible by any of these numbers, return `False`.
5. If no divisors are found, return `True`.",none,1,humaneval
he_031,"Return true if a given number is prime, and false otherwise.
>>> is_prime(6)
False
>>> is_prime(101)
True
>>> is_prime(11)
True
>>> is_prime(13441)
True
>>> is_prime(61)
True
>>> is_prime(4)
False
>>> is_prime(1)
False",Return `False` if `n` is even (`n % 2 == 0`).,over_summarization,0,humaneval
he_033,"This function takes a list l and returns a list l' such that
l' is identical to l in the indicies that are not divisible by three, while its values at the indicies that are divisible by three are equal
to the values of the corresponding indicies of l, but sorted.
>>> sort_third([1, 2, 3])
[1, 2, 3]
>>> sort_third([5, 6, 3, 4, 8, 9, 2])
[2, 6, 3, 4, 8, 9, 5]","HANDOFF MESSAGE FOR AGENT B:

You need to write a Python function named `sort_third(l)` that takes a list `l` and returns a new list `l'` based on specific index rules.

### Requirements & Behavior:
- **Indices not divisible by three (i.e., index % 3 != 0):** The elements in `l'` must remain identical to those in `l` at the exact same positions.
- **Indices divisible by three (i.e., index % 3 == 0):** The elements at these indices in `l'` must consist of the values originally found at all indices divisible by 3 in `l`, but sorted in ascending order.

### Example:
```python
>>> sort_third([1, 2, 3])
[1, 2, 3]
# Indices div by 3: index 0 (value 1). Sorted: [1].
# Indices not div by 3: index 1 (2), index 2 (3).
# Result: [1, 2, 3]

>>> sort_third([5, 6, 3, 4, 8, 9, 2])
[2, 6, 3, 4, 8, 9, 5]
# Indices div by 3: indices 0, 3, 6 (values 5, 4, 2). Sorted: [2, 4, 5].
# Placed back at indices 0, 3, 6 respectively, keeping other indices (1, 2, 4, 5) untouched.
```

### Edge Cases to Handle:
- Empty lists (`[]`) should return an empty list.
- Lists with fewer than 3 elements (e.g., length 1 or 2).
- Lists where the length is not a multiple of 3.

### Recommended Approach:
1. Extract all elements from `l` whose indices are divisible by 3 (`l[0::3]`).
2. Sort this extracted subset.
3. Construct the result list by iterating through the original list `l`: if the index is divisible by 3, take the next element from the sorted subset; otherwise, take the element from the original list `l`.",none,1,humaneval
he_034,"Return sorted unique elements in a list
>>> unique([5, 3, 5, 2, 3, 3, 9, 0, 123])
[0, 2, 3, 5, 9, 123]","**Handoff Message for Agent B**

- **Function to Build:** Write a Python function that takes a list of elements, removes all duplicates (making them unique), and returns them sorted in ascending order.
- **Function Signature:** `def unique(lst):`
- **Key Edge Cases to Handle:**
  - Empty lists (`[]` -> `[]`)
  - Lists with all identical elements (`[4, 4, 4]` -> `[4]`)
  - Lists containing negative numbers, mixed positive/negative numbers, or floats.
  - Already sorted or reverse-sorted lists.
- **Approach/Plan:**
  1. Convert the input list to a `set` to automatically remove all duplicate elements.
  2. Convert the resulting set back into a list.
  3. Sort the list in ascending order using Python's built-in `sorted()` function (or list `.sort()`).
  4. Return the sorted list.",none,1,humaneval
he_035,"Return maximum element in the list.
>>> max_element([1, 2, 3])
3
>>> max_element([5, 3, -5, 2, -3, 3, 9, 0, 123, 1, -10])
123","**Handoff Message for Agent B**

- **Function to Build:** A function that returns the maximum element from a given list of numbers.
- **Exact Function Signature:** `def max_element(l: list) -> int/float:`
- **Key Edge Cases to Handle:**
  - Standard lists containing positive, negative, and zero values.
  - Lists with a single element (should return that element).
  - (Implicitly) lists with duplicate maximum values.
- **Brief Plan/Approach:** Use Python's built-in `max()` function to efficiently find and return the largest element in the input list.",none,1,humaneval
he_036,"Return the number of times the digit 7 appears in integers less than n which are divisible by 11 or 13.
>>> fizz_buzz(50)
0
>>> fizz_buzz(78)
2
>>> fizz_buzz(79)
3","HANDOFF MESSAGE FOR AGENT B:

Your task is to write a Python function that calculates the total frequency of the digit '7' across a specific set of integers. 

**Function Signature:**
```python
def fizz_buzz(n: int) -> int:
```

**Problem Requirements:**
- Iterate through all integers strictly less than `n` (i.e., `0` to `n-1`).
- Filter the integers to keep only those that are divisible by either `11` or `13` (or both).
- For every integer that passes the filter, count how many times the digit `7` appears in its base-10 string representation (e.g., the number `77` contributes `2` to the count).
- Return the total sum of these digit counts.

**Key Edge Cases to Handle:**
- `n <= 0` or values of `n` where no numbers below `n` are divisible by 11 or 13 (should return `0`).
- Numbers where the digit `7` appears multiple times (e.g., `77`, `177`). Ensure your counting logic checks all digits of the filtered numbers, not just a boolean check for presence.

**Suggested Approach:**
1. Initialize a counter variable (e.g., `count = 0`).
2. Loop through `i` from `0` up to `n - 1`.
3. Check if `i % 11 == 0 or i % 13 == 0`.
4. If true, convert `i` to a string (or use math) and count the occurrences of the character `'7'`. Add this count to your total.
5. Return the final accumulated count.",none,1,humaneval
he_036,"Return the number of times the digit 7 appears in integers less than n which are divisible by 11 or 13.
>>> fizz_buzz(50)
0
>>> fizz_buzz(78)
2
>>> fizz_buzz(79)
3","HANDOFF MESSAGE FOR AGENT B:

Your task is to write a Python function that calculates the total frequency of the digit '7' across a specific set of integers. 

**Function Signature:**


**Problem Requirements:**

**Key Edge Cases to Handle:**

**Suggested Approach:**",tool_result_drop,0,humaneval
he_036,"Return the number of times the digit 7 appears in integers less than n which are divisible by 11 or 13.
>>> fizz_buzz(50)
0
>>> fizz_buzz(78)
2
>>> fizz_buzz(79)
3","- For every integer that passes the filter, count how many times the digit `7` appears in its base-10 string representation (e.g., the number `77` contributes `2` to the count).",over_summarization,0,humaneval
he_037,"This function takes a list l and returns a list l' such that
l' is identical to l in the odd indicies, while its values at the even indicies are equal
to the values of the even indicies of l, but sorted.
>>> sort_even([1, 2, 3])
[1, 2, 3]
>>> sort_even([5, 6, 3, 4])
[3, 6, 5, 4]","HANDOFF MESSAGE FOR AGENT B:

You need to write a Python function that modifies a given list based on its indices. 

**Function Signature:**
```python
def sort_even(l: list) -> list:
```

**Functionality Requirements:**
- Return a new list `l'` (or modify/return a copy of `l`) such that:
  1. Elements at **odd indices** remain exactly the same as in the original list `l`.
  2. Elements at **even indices** take the values from the even indices of `l`, but these values must be **sorted** in ascending order.

**Examples:**
- `sort_even([1, 2, 3])` -> Even indices are at index 0 and 2, with values `[1, 3]`. Sorted they are `[1, 3]`. Odd index 1 has value `2`. Result: `[1, 2, 3]`.
- `sort_even([5, 6, 3, 4])` -> Even indices are at 0 and 2, with values `[5, 3]`. Sorted they become `[3, 5]`. Odd indices 1 and 3 have values `[6, 4]`. Result: `[3, 6, 5, 4]`.

**Edge Cases to Handle:**
- Empty list `[]` should return `[]`.
- Lists with a single element `[x]` should return `[x]`.
- Lists with even or odd total lengths.

**Recommended Plan/Approach:**
1. Extract all elements located at the even indices of `l` (e.g., using slicing `l[::2]`).
2. Sort these extracted even-index values.
3. Create a new list (or copy of `l`) and place the sorted values back into the even indices, leaving the odd-index values untouched.
4. Return the resulting list.",none,1,humaneval
he_039,"prime_fib returns n-th number that is a Fibonacci number and it's also prime.
>>> prime_fib(1)
2
>>> prime_fib(2)
3
>>> prime_fib(3)
5
>>> prime_fib(4)
13
>>> prime_fib(5)
89","HANDOFF MESSAGE:

We need to implement a Python function named `prime_fib(n: int) -> int` that returns the $n$-th number which is both a Fibonacci number and a prime number.

### Requirements & Examples:
- `prime_fib(1)` -> `2` (1st prime Fibonacci: 2 is prime and F_3)
- `prime_fib(2)` -> `3` (2nd prime Fibonacci: 3 is prime and F_4)
- `prime_fib(3)` -> `5` (3rd prime Fibonacci: 5 is prime and F_5)
- `prime_fib(4)` -> `13` (4th prime Fibonacci: 13 is prime and F_7)
- `prime_fib(5)` -> `89` (5th prime Fibonacci: 89 is prime and F_11)

### Approach / Algorithm:
1. **Prime Checker helper function**: Write a helper function `is_prime(num)` that returns `True` if `num` is a prime number (handles numbers < 2 correctly, returns `False`).
2. **Fibonacci Generator**: Generate Fibonacci numbers sequentially (e.g., starting from F_1 = 1, F_2 = 1, or F_3 = 2, keeping track of the previous two values).
3. **Filtering & Counting**: Iterate through generated Fibonacci numbers, check if each is prime, and increment a counter when a prime Fibonacci is found. 
4. Stop and return the number when the counter reaches `n`.

### Edge Cases to Handle:
- $n = 1$ starts at the very first prime Fibonacci (`2`).
- Ensure the primality test is efficient enough for moderately large Fibonacci numbers (though standard trial division up to $\sqrt{x}$ will easily suffice for the first few dozen prime Fibonacci numbers).",none,1,humaneval
he_039,"prime_fib returns n-th number that is a Fibonacci number and it's also prime.
>>> prime_fib(1)
2
>>> prime_fib(2)
3
>>> prime_fib(3)
5
>>> prime_fib(4)
13
>>> prime_fib(5)
89","Algorithm:
 1. **Prime Checker helper function**: Write a helper function `is_prime(num)` that returns `True` if `num` is a prime number (handles numbers < 2 correctly, returns `False`).
 2. **Fibonacci Generator**: Generate Fibonacci numbers sequentially (e.g., starting from F_1 = 1, F_2 = 1, or F_3 = 2, keeping track of the previous two values).
 3. **Filtering & Counting**: Iterate through generated Fibonacci numbers, check if each is prime, and increment a counter when a prime Fibonacci is found. 
",entity_omission,0,humaneval
he_040,"triples_sum_to_zero takes a list of integers as an input.
it returns True if there are three distinct elements in the list that
sum to zero, and False otherwise.
>>> triples_sum_to_zero([1, 3, 5, 0])
False
>>> triples_sum_to_zero([1, 3, -2, 1])
True
>>> triples_sum_to_zero([1, 2, 3, 7])
False
>>> triples_sum_to_zero([2, 4, -5, 3, 9, 7])
True
>>> triples_sum_to_zero([1])
False","**Handoff Message for Agent B**

You need to write a Python function that determines if there exist three distinct elements in a given list of integers that sum up to zero.

### Function Signature
```python
def triples_sum_to_zero(l: list[int]) -> bool:
```

### Requirements & Behavior
- Return `True` if there are three *distinct* elements (meaning three distinct indices in the list, not necessarily distinct values) whose sum is `0`.
- Return `False` otherwise.

### Examples
- `triples_sum_to_zero([1, 3, 5, 0])` -> `False`
- `triples_sum_to_zero([1, 3, -2, 1])` -> `True` (since `1 + 1 + (-2) = 0`)
- `triples_sum_to_zero([1, 2, 3, 7])` -> `False`
- `triples_sum_to_zero([2, 4, -5, 3, 9, 7])` -> `True`
- `triples_sum_to_zero([1])` -> `False`

### Edge Cases to Handle
- Lists with fewer than 3 elements (e.g., length 0, 1, or 2) should immediately return `False`.
- Lists with duplicate numbers (e.g., multiple zeros or duplicate negative/positive values) as long as they correspond to three separate indices.
- All positive or all negative numbers should return `False`.

### Recommended Approach
1. Check if the length of the input list `l` is less than 3. If so, return `False`.
2. Sort the list to enable an efficient two-pointer approach (or use a hash set approach).
3. Iterate through the sorted list with a loop for the first element (`i`), and use a two-pointer technique (`left` and `right`) for the remaining two elements to check if `l[i] + l[left] + l[right] == 0`.
4. Return `True` if a valid triplet is found; otherwise, return `False` after checking all possibilities.",none,1,humaneval
he_040,"triples_sum_to_zero takes a list of integers as an input.
it returns True if there are three distinct elements in the list that
sum to zero, and False otherwise.
>>> triples_sum_to_zero([1, 3, 5, 0])
False
>>> triples_sum_to_zero([1, 3, -2, 1])
True
>>> triples_sum_to_zero([1, 2, 3, 7])
False
>>> triples_sum_to_zero([2, 4, -5, 3, 9, 7])
True
>>> triples_sum_to_zero([1])
False","Iterate through the sorted list with a loop for the first element (`i`), and use a two-pointer technique (`left` and `right`) for the remaining two elements to check if `l[i] + l[left] + l[right] == 0`.",over_summarization,0,humaneval
he_042,"Return list with elements incremented by 1.
>>> incr_list([1, 2, 3])
[2, 3, 4]
>>> incr_list([5, 3, 5, 2, 3, 3, 9, 0, 123])
[6, 4, 6, 3, 4, 4, 10, 1, 124]","**Handoff Message for Agent B**

You need to implement a Python function that takes a list of numbers and returns a new list with each element incremented by 1.

**Function Signature:**
```python
def incr_list(l: list) -> list:
```

**Requirements & Edge Cases:**
- The input will be a list of numbers (integers and/or floats).
- You should return a *new* list rather than modifying the original list in place (or ensure standard list transformation behavior as shown in the examples).
- Handle empty lists `[]` by returning an empty list `[]`.
- Handle negative numbers and zero properly (e.g., `0` becomes `1`, `-1` becomes `0`).

**Examples:**
- `incr_list([1, 2, 3])` -> `[2, 3, 4]`
- `incr_list([5, 3, 5, 2, 3, 3, 9, 0, 123])` -> `[6, 4, 6, 3, 4, 4, 10, 1, 124]`

**Approach:**
Use a list comprehension to iterate through every element in the input list, add 1 to each, and return the resulting list. For example: `return [x + 1 for x in l]`",none,1,humaneval
he_043,"pairs_sum_to_zero takes a list of integers as an input.
it returns True if there are two distinct elements in the list that
sum to zero, and False otherwise.
>>> pairs_sum_to_zero([1, 3, 5, 0])
False
>>> pairs_sum_to_zero([1, 3, -2, 1])
False
>>> pairs_sum_to_zero([1, 2, 3, 7])
False
>>> pairs_sum_to_zero([2, 4, -5, 3, 5, 7])
True
>>> pairs_sum_to_zero([1])
False","**HANDOFF MESSAGE FOR AGENT B**

**Objective:**
Implement a Python function named `pairs_sum_to_zero` that takes a list of integers and returns `True` if there exist two distinct elements in the list whose sum is equal to zero, and `False` otherwise. Note: ""two distinct elements"" means two elements at different index positions in the list (even if their numerical values are the same, e.g., `[0, 0]` should return `True` because the two zeros are at different indices).

**Function Signature:**
```python
def pairs_sum_to_zero(l: list[int]) -> bool:
```

**Key Edge Cases to Handle:**
1. Lists with fewer than two elements (e.g., `[1]`, `[]`) must return `False`.
2. Lists containing multiple zeros (e.g., `[0, 0]`) should return `True` since they are distinct elements by index and `0 + 0 == 0`.
3. Lists where numbers appear multiple times (e.g., `[5, 5, 5]`) should only return `True` if there are at least two separate indices whose values sum to zero (here, `5 + 5 != 0`, so it should be `False`).

**Proposed Approach / Plan:**
- Use a `set` to keep track of the numbers you have seen so far as you iterate through the list.
- For each number `num` in the list, check if its negation (`-num`) is already in the set.
- If it is, return `True` immediately.
- If not, add `num` to the set and continue.
- If the loop finishes without finding any pair, return `False`.
- This ensures an optimal $O(n)$ time complexity.",none,1,humaneval
he_044,"Change numerical base of input number x to base.
return string representation after the conversion.
base numbers are less than 10.
>>> change_base(8, 3)
'22'
>>> change_base(8, 2)
'1000'
>>> change_base(7, 2)
'111'","Function to Build:
Create a function that converts a given integer `x` from base 10 to a specified target `base` (where the target base is strictly less than 10) and returns the string representation of the converted number.

Exact Function Signature:
```python
def change_base(x: int, base: int) -> str:
```

Key Edge Cases to Handle:
- `x = 0`: Should return `'0'`.
- Bases less than 10 (as stated in the problem, base < 10, so standard digits '0'-'9' are sufficient).
- Positive integers `x`.

Brief Plan/Approach:
1. Handle the edge case where `x == 0` by returning `'0'`.
2. Use a standard iterative or recursive division method to find the remainders:
   - While `x > 0`, find the remainder `x % base`, convert it to a string, and prepend it to the result.
   - Update `x` by integer division `x // base`.
3. Return the accumulated string.",none,1,humaneval
he_045,"Given length of a side and high return area for a triangle.
>>> triangle_area(5, 3)
7.5","FUNCTION TO BUILD:
Write a Python function that calculates and returns the area of a triangle given the length of a side (base) and the corresponding height.

FUNCTION SIGNATURE:
`def triangle_area(side: float, high: float) -> float:`

KEY EDGE CASES TO HANDLE:
- Zero or negative values for `side` or `high` (raise a ValueError or return 0, but standard geometric validation is preferred).
- Floating-point inputs (ensure division handles floats correctly).

PLAN/APPROACH:
- Use the standard triangle area formula: `Area = 0.5 * base * height`.
- In this context, `side` acts as the base and `high` acts as the height.
- Multiply `side` by `high`, then multiply by `0.5` (or divide by `2`) and return the result.",none,1,humaneval
he_046,"The Fib4 number sequence is a sequence similar to the Fibbonacci sequnece that's defined as follows:
fib4(0) -> 0
fib4(1) -> 0
fib4(2) -> 2
fib4(3) -> 0
fib4(n) -> fib4(n-1) + fib4(n-2) + fib4(n-3) + fib4(n-4).
Please write a function to efficiently compute the n-th element of the fib4 number sequence.  Do not use recursion.
>>> fib4(5)
4
>>> fib4(6)
8
>>> fib4(7)
14","**HANDOFF MESSAGE FOR AGENT B**

Your task is to write a Python function that efficiently computes the $n$-th element of the ""Fib4"" sequence. Do not use recursion (use an iterative approach with $O(n)$ time complexity and $O(1)$ space complexity).

### Function Signature
```python
def fib4(n: int) -> int:
```

### Sequence Definition
- `fib4(0) = 0`
- `fib4(1) = 0`
- `fib4(2) = 2`
- `fib4(3) = 0`
- For `n >= 4`: `fib4(n) = fib4(n-1) + fib4(n-2) + fib4(n-3) + fib4(n-4)`

### Examples
- `fib4(5) -> 4` (0 + 0 + 2 + 0 + 2? Wait: fib4(4) = 0+0+2+0 = 2; fib4(5) = fib4(4)+fib4(3)+fib4(2)+fib4(1) = 2 + 0 + 2 + 0 = 4)
- `fib4(6) -> 8`
- `fib4(7) -> 14`

### Key Edge Cases to Handle
- `n = 0`, `n = 1`, `n = 2`, and `n = 3` should return their predefined values immediately without entering the loop.
- Negative inputs (if applicable, though typically sequences are defined for non-negative integers; handle gracefully or assume $n \ge 0$).

### Implementation Plan
1. Check if `n` is 0, 1, 2, or 3, and return `0`, `0`, `2`, or `0` respectively.
2. Maintain a rolling window of the last 4 computed values (e.g., variables `a, b, c, d` representing `fib4(n-4), fib4(n-3), fib4(n-2), fib4(n-1)`).
3. Iterate from `4` up to `n`, updating the rolling values at each step:
   - `next_val = a + b + c + d`
   - Shift values: `a, b, c, d = b, c, d, next_val`
4. Return the final computed value.",none,1,humaneval
he_046,"The Fib4 number sequence is a sequence similar to the Fibbonacci sequnece that's defined as follows:
fib4(0) -> 0
fib4(1) -> 0
fib4(2) -> 2
fib4(3) -> 0
fib4(n) -> fib4(n-1) + fib4(n-2) + fib4(n-3) + fib4(n-4).
Please write a function to efficiently compute the n-th element of the fib4 number sequence.  Do not use recursion.
>>> fib4(5)
4
>>> fib4(6)
8
>>> fib4(7)
14","**HANDOFF MESSAGE FOR AGENT B**

Your task is to write a Python function that efficiently computes the $n$-th element of the ""Fib4"" sequence. Do not use recursion (use an iterative approach with $O(n)$ time complexity and $O(1)$ space complexity).

### Function Signature


### Sequence Definition

### Examples

### Key Edge Cases to Handle

### Implementation Plan",tool_result_drop,0,humaneval
he_046,"The Fib4 number sequence is a sequence similar to the Fibbonacci sequnece that's defined as follows:
fib4(0) -> 0
fib4(1) -> 0
fib4(2) -> 2
fib4(3) -> 0
fib4(n) -> fib4(n-1) + fib4(n-2) + fib4(n-3) + fib4(n-4).
Please write a function to efficiently compute the n-th element of the fib4 number sequence.  Do not use recursion.
>>> fib4(5)
4
>>> fib4(6)
8
>>> fib4(7)
14","### Key Edge Cases to Handle - `n = 0`, `n = 1`, `n = 2`, and `n = 3` should return their predefined values immediately without entering the loop.",over_summarization,0,humaneval
he_047,"Return median of elements in the list l.
>>> median([3, 1, 2, 4, 5])
3
>>> median([-10, 4, 6, 1000, 10, 20])
15.0","**HANDOFF MESSAGE FOR AGENT B**

**1. Function Goal:**
Write a Python function that calculates and returns the median value of a given list of numerical elements. 

**2. Function Name & Signature:**
```python
def median(l: list) -> float / int:
```

**3. Key Edge Cases to Handle:**
- **Odd number of elements:** The median is the middle element after sorting.
- **Even number of elements:** The median is the average of the two middle elements (which can result in a float, e.g., `15.0`).
- **Unsorted input lists:** The input list `l` is not guaranteed to be sorted (e.g., `[3, 1, 2, 4, 5]`).
- **Single-element list:** Should return that single element.
- *Note:* Assume the input list is non-empty based on standard problem constraints, but handling empty lists gracefully (raising an error or returning `None`) is good practice if encountered.

**4. Plan / Approach:**
1. Create a copy or sort the input list `l` in ascending order so original data isn't mutated unexpectedly.
2. Determine the length of the list (`n = len(l)`).
3. Find the midpoint index (`mid = n // 2`).
4. If `n` is odd, return `l[mid]`.
5. If `n` is even, return `(l[mid - 1] + l[mid]) / 2`.",none,1,humaneval
he_048,"Checks if given string is a palindrome
>>> is_palindrome('')
True
>>> is_palindrome('aba')
True
>>> is_palindrome('aaaaa')
True
>>> is_palindrome('zbcd')
False","TASK FOR AGENT B:

You need to write a Python function that checks whether a given string is a palindrome (reads the same forwards and backwards).

FUNCTION SIGNATURE:
```python
def is_palindrome(s: str) -> bool:
```

BEHAVIOR & EXAMPLES:
- `is_palindrome('')` -> `True`
- `is_palindrome('aba')` -> `True`
- `is_palindrome('aaaaa')` -> `True`
- `is_palindrome('zbcd')` -> `False`

KEY EDGE CASES TO HANDLE:
- Empty string `''` should return `True`.
- Single-character strings (e.g., `'a'`) should return `True`.
- Case sensitivity and spaces (the prompt implies exact string matching, so standard reversal comparison is sufficient).

PLAN / APPROACH:
- Compare the input string `s` with its reverse `s[::-1]`.
- Return `True` if they are equal, otherwise `False`.",none,1,humaneval
he_049,"Return 2^n modulo p (be aware of numerics).
>>> modp(3, 5)
3
>>> modp(1101, 101)
2
>>> modp(0, 101)
1
>>> modp(3, 11)
8
>>> modp(100, 101)
1","Function to build:
Write a Python function named `modp(n, p)` that calculates $2^n \pmod p$.

Exact signature:
`def modp(n: int, p: int) -> int:`

Key edge cases to handle:
- Large values of `n` (e.g., $n = 1101$ or larger), requiring efficient computation to avoid timeouts or memory overflow.
- $n = 0$ (since $2^0 = 1$, it should return $1 \pmod p$).
- $p = 1$ (modulo $1$ should return $0$).

Plan / Approach:
- Use Python's built-in modular exponentiation function, `pow(base, exp, mod)`, specifically `pow(2, n, p)`. This handles arbitrarily large integers efficiently in $O(\log n)$ time and avoids numerical overflow issues.",none,1,humaneval
he_051,"remove_vowels is a function that takes string and returns string without vowels.
>>> remove_vowels('')
''
>>> remove_vowels(""abcdef\nghijklm"")
'bcdf\nghjklm'
>>> remove_vowels('abcdef')
'bcdf'
>>> remove_vowels('aaaaa')
''
>>> remove_vowels('aaBAA')
'B'
>>> remove_vowels('zbcd')
'zbcd'","**Handoff Message for Agent B**

You need to implement a Python function named `remove_vowels` that removes all English vowels (both lowercase and uppercase) from a given input string and returns the resulting string.

### Function Signature
```python
def remove_vowels(text: str) -> str:
```

### Requirements & Edge Cases to Handle
- **Vowels to remove**: Both lowercase (`a`, `e`, `i`, `o`, `u`) and uppercase (`A`, `E`, `I`, `O`, `U`).
- **Empty string**: Passing `""""` should return `""""`.
- **Preserve formatting**: Newlines (`\n`) and other whitespace or non-vowel characters must be preserved (e.g., `""abcdef\nghijklm""` becomes `'bcdf\nghjklm'`).
- **All vowels**: Passing a string of only vowels (e.g., `'aaaaa'` or `'aaBAA'`) should correctly remove all vowels and leave only the consonants (e.g., `'B'`).
- **No vowels**: Strings with no vowels (e.g., `'zbcd'`) should remain unchanged.

### Recommended Approach
1. Define a collection (e.g., a set or string) of all vowel characters: `vowels = ""aeiouAEIOU""`.
2. Iterate through the input string character by character, appending to a result string or list only those characters that are not in the vowel collection. Alternatively, use a list comprehension or generator expression combined with `''.join()`.
3. Return the joined result.",none,1,humaneval
he_052,"Return True if all numbers in the list l are below threshold t.
>>> below_threshold([1, 2, 4, 10], 100)
True
>>> below_threshold([1, 20, 4, 10], 5)
False","HANDOFF MESSAGE FOR AGENT B:

Function Requirement:
Write a Python function that checks whether all numbers in a given list are strictly below a specified threshold. It should return `True` if every element is less than the threshold, and `False` otherwise.

Exact Function Signature:
```python
def below_threshold(l: list, t: (int, float)) -> bool:
```

Key Edge Cases to Handle:
- Empty list `l`: Should return `True` (vacuous truth, since there are no elements violating the condition).
- Negative numbers and floating-point values in the list and threshold.
- Elements equal to the threshold `t`: Should return `False` (since the condition specifies ""below"", not ""less than or equal to"").

Brief Plan/Approach:
- Use Python's built-in `all()` function combined with a generator expression.
- Iterate through each element `x` in the list `l` and check the condition `x < t`.
- `all(x < t for x in l)` will efficiently short-circuit and return `False` as soon as it finds an element not meeting the condition, or `True` if all pass.",none,1,humaneval
he_053,"Add two numbers x and y
>>> add(2, 3)
5
>>> add(5, 7)
12","Handoff Message for Agent B:

1. **Function Purpose**: Build a Python function that takes two numbers as input and returns their sum.
2. **Function Signature**: `def add(x, y):`
3. **Key Edge Cases to Handle**:
   - Integers and floating-point numbers.
   - Negative numbers (e.g., `add(-2, 3)` -> `1`).
   - Zero values (e.g., `add(0, 5)` -> `5`).
4. **Brief Plan/Approach**:
   - Define the function `add` with parameters `x` and `y`.
   - Use the built-in `+` operator to return the sum of `x` and `y`.
   - Ensure the function correctly handles both int and float types implicitly supported by Python arithmetic.",none,1,humaneval
he_054,"Check if two words have the same characters.
>>> same_chars('eabcdzzzz', 'dddzzzzzzzddeddabc')
True
>>> same_chars('abcd', 'dddddddabc')
True
>>> same_chars('dddddddabc', 'abcd')
True
>>> same_chars('eabcd', 'dddddddabc')
False
>>> same_chars('abcd', 'dddddddabce')
False
>>> same_chars('eabcdzzzz', 'dddzzzzzzzddddabc')
False","HANDOFF MESSAGE FOR AGENT B:

You need to write a Python function that checks whether two given strings are formed by the exact same set of unique characters, regardless of their frequency or order. 

Here are the details for the implementation:

1. **Function Signature:**
   ```python
   def same_chars(s1: str, s2: str) -> bool:
   ```

2. **Behavior & Examples:**
   - Return `True` if the set of unique characters in `s1` is identical to the set of unique characters in `s2`.
   - Return `False` otherwise.
   - Examples:
     - `same_chars('eabcdzzzz', 'dddzzzzzzzddeddabc')` -> `True`
     - `same_chars('abcd', 'dddddddabc')` -> `True`
     - `same_chars('eabcd', 'dddddddabc')` -> `False`

3. **Key Edge Cases to Consider:**
   - Strings with duplicate characters (e.g., `'zzzz'` and `'z'`) should be treated as having the same character set.
   - Order of characters does not matter (`'abcd'` vs `'dddddddabc'`).
   - Different lengths of strings that share the same unique characters.
   - Empty strings (if applicable, though standard inputs will likely be non-empty).

4. **Approach:**
   - Convert both input strings into sets using Python's built-in `set()` function.
   - Compare the two sets for equality (`set(s1) == set(s2)`).
   - Return the boolean result.",none,1,humaneval
he_055,"Return n-th Fibonacci number.
>>> fib(10)
55
>>> fib(1)
1
>>> fib(8)
21","**Handoff Message for Agent B**

**Objective:**
Write a Python function that calculates and returns the $n$-th Fibonacci number.

**Function Signature:**
```python
def fib(n: int) -> int:
```

**Behavior & Examples:**
- `fib(10)` should return `55`
- `fib(1)` should return `1`
- `fib(8)` should return `21`
- Standard Fibonacci sequence definition:
  - $F(1) = 1$
  - $F(2) = 1$
  - $F(n) = F(n-1) + F(n-2)$ for $n > 2$
  - (Note: Based on the provided examples, $n=1$ corresponds to the first Fibonacci number `1`, and $n=2$ would be `1`).

**Key Edge Cases to Handle:**
- $n = 1$: should return `1`
- $n = 2$: should return `1`
- $n \le 0$: should handle invalid inputs gracefully (e.g., return `0` or raise a `ValueError`, though standard positive integers $n \ge 1$ are expected based on the prompt).

**Plan / Approach:**
1. Implement an iterative approach using two variables to keep track of the previous two Fibonacci numbers, ensuring $O(n)$ time complexity and $O(1)$ space complexity.
2. Alternatively, a simple recursive or memoized approach can work, but iteration is most efficient for this problem.",none,1,humaneval
he_056,"brackets is a string of ""<"" and "">"".
return True if every opening bracket has a corresponding closing bracket.
>>> correct_bracketing(""<"")
False
>>> correct_bracketing(""<>"")
True
>>> correct_bracketing(""<<><>>"")
True
>>> correct_bracketing(""><<>"")
False","Function to Build:
Write a Python function named `correct_bracketing` that takes a string of angle brackets (`""<""` and `"">""`) and returns `True` if every opening bracket has a corresponding closing bracket in the correct nested order, and `False` otherwise.

Exact Function Signature:
```python
def correct_bracketing(brackets: str) -> bool:
```

Key Edge Cases to Handle:
- An odd number of total characters (e.g., `""<""`) should immediately return `False`.
- A string starting with a closing bracket (e.g., `""><<>""`) should return `False` because a closing bracket cannot appear before an opening one.
- Unbalanced brackets where opening and closing counts don't match (e.g., `""<<>""`).
- Empty string: Depending on standard interpretation, usually considered balanced (`True`), but ensure standard balance logic holds.

Brief Plan/Approach:
- Use a counter or a stack approach. 
- Iterate through the string character by character.
- Maintain a depth/balance counter starting at 0 (increment by 1 for `""<""`, decrement by 1 for `"">""`).
- If the counter ever drops below 0 during iteration, it means a closing bracket appeared without a matching opening bracket, so return `False` immediately.
- After the loop, return `True` only if the counter is exactly 0 (ensuring all opened brackets were closed), otherwise return `False`.",none,1,humaneval
he_057,"Return True is list elements are monotonically increasing or decreasing.
>>> monotonic([1, 2, 4, 20])
True
>>> monotonic([1, 20, 4, 10])
False
>>> monotonic([4, 1, 0, -10])
True","HANDOFF MESSAGE FOR AGENT B:

Please implement a Python function that checks whether a given list of numbers is monotonic (either entirely non-decreasing or entirely non-increasing). 

**Function Signature:**
```python
def monotonic(lst: list) -> bool:
```

**Behavior & Examples:**
- Return `True` if the elements in the list are monotonically increasing (each element is greater than or equal to the previous) or monotonically decreasing (each element is less than or equal to the previous).
- Return `False` otherwise.
- Examples:
  - `monotonic([1, 2, 4, 20])` -> `True`
  - `monotonic([4, 1, 0, -10])` -> `True`
  - `monotonic([1, 20, 4, 10])` -> `False`

**Key Edge Cases to Handle:**
- Empty lists `[]` should return `True`.
- Lists with a single element `[5]` should return `True`.
- Lists with all identical elements `[2, 2, 2]` should return `True` (they are both non-increasing and non-decreasing).
- Lists with two elements (e.g., `[1, 2]` or `[2, 1]`) should return `True`.

**Approach / Implementation Plan:**
1. Check if the length of `lst` is less than or equal to 2; if so, return `True`.
2. Initialize two boolean flags or simply check conditions: assume it could be increasing (`is_increasing = True`) and decreasing (`is_decreasing = True`).
3. Iterate through the list from the second element to the end, comparing each element to the previous one.
   - If `lst[i] > lst[i-1]`, then it cannot be decreasing (`is_decreasing = False`).
   - If `lst[i] < lst[i-1]`, then it cannot be increasing (`is_increasing = False`).
4. Return `is_increasing or is_decreasing`.",none,1,humaneval
he_058,"Return sorted unique common elements for two lists.
>>> common([1, 4, 3, 34, 653, 2, 5], [5, 7, 1, 5, 9, 653, 121])
[1, 5, 653]
>>> common([5, 3, 2, 8], [3, 2])
[2, 3]","**HANDOFF MESSAGE FOR AGENT B**

**Function Requirements:**
Write a Python function that takes two lists as input and returns a new list containing the unique common elements between both input lists, sorted in ascending order.

**Function Signature:**
```python
def common(list1, list2):
    pass
```

**Key Edge Cases to Handle:**
- Duplicate elements in either input list (the output must contain only unique elements, as shown in the example `common([1, 4, 3, 34, 653, 2, 5], [5, 7, 1, 5, 9, 653, 121])` yielding `[1, 5, 653]`).
- Lists with no common elements (should return an empty list `[]`).
- Empty input lists (should return `[]`).
- Unordered output (the result must be sorted numerically/alphabetically, as seen in `[3, 2]` becoming `[2, 3]`).

**Plan / Approach:**
1. Convert both input lists to Python `set` objects to automatically filter out duplicates and enable efficient intersection operations.
2. Find the intersection of the two sets using the `&` operator (or `.intersection()`).
3. Convert the resulting set back into a list.
4. Sort the list in ascending order using the `sorted()` function.
5. Return the sorted list.",none,1,humaneval
he_059,"Return the largest prime factor of n. Assume n > 1 and is not a prime.
>>> largest_prime_factor(13195)
29
>>> largest_prime_factor(2048)
2","TASK: Write a Python function that finds and returns the largest prime factor of a given integer `n`.

FUNCTION SIGNATURE:
```python
def largest_prime_factor(n: int) -> int:
```

REQUIREMENTS & ASSUMPTIONS:
- Input `n` is an integer where `n > 1` and `n` is not a prime number.
- Return the largest integer that is both a prime number and a divisor of `n`.

APPROACH / ALGORITHM:
1. Initialize a variable (e.g., `factor` or `divisor`) starting at 2.
2. Iterate with a `while` loop: while `factor * factor <= n`:
   - If `n` is divisible by `factor` (`n % factor == 0`), divide `n` by `factor` repeatedly until it is no longer divisible by `factor`.
   - Increment `factor` by 1 (or increment by 2 after checking 2 for optimization).
3. After the loop, if `n > 1`, the remaining value of `n` is itself the largest prime factor.
4. Return the last recorded prime factor.

EDGE CASES:
- Powers of 2 (e.g., `2048` -> output should be `2`).
- Numbers with a single large prime factor combined with small ones.
- Composite numbers with only odd prime factors.",none,1,humaneval
he_060,"sum_to_n is a function that sums numbers from 1 to n.
>>> sum_to_n(30)
465
>>> sum_to_n(100)
5050
>>> sum_to_n(5)
15
>>> sum_to_n(10)
55
>>> sum_to_n(1)
1","Agent B, here are the specifications for the function you need to write:

**Function Requirements:**
Write a function named `sum_to_n(n)` that calculates the sum of all integers from 1 up to and including `n`.

**Signature:**
```python
def sum_to_n(n: int) -> int:
```

**Examples / Expected Outputs:**
- `sum_to_n(1)` -> `1`
- `sum_to_n(5)` -> `15`
- `sum_to_n(10)` -> `55`
- `sum_to_n(30)` -> `465`
- `sum_to_n(100)` -> `5050`

**Key Edge Cases to Handle:**
- `n = 1`: Should return 1 correctly.
- Ensure it handles standard positive integers efficiently (though basic constraints imply standard inputs, using the mathematical formula is recommended for $O(1)$ time complexity).

**Approach:**
Use the direct mathematical formula for the sum of an arithmetic progression: 
`n * (n + 1) // 2`
This ensures optimal performance and clean code.",none,1,humaneval
he_061,"brackets is a string of ""("" and "")"".
return True if every opening bracket has a corresponding closing bracket.
>>> correct_bracketing(""("")
False
>>> correct_bracketing(""()"")
True
>>> correct_bracketing(""(()())"")
True
>>> correct_bracketing("")(()"")
False","**Handoff Message for Agent B:**

**Function Requirement:**
Write a Python function that checks if a string of parentheses is balanced, meaning every opening bracket `(` has a corresponding closing bracket `)` in the correct order.

**Function Signature:**
```python
def correct_bracketing(brackets: str) -> bool:
```

**Behavior & Examples:**
- `correct_bracketing(""("")` -> `False`
- `correct_bracketing(""()"")` -> `True`
- `correct_bracketing(""(()())"")` -> `True`
- `correct_bracketing("")(()"")` -> `False`

**Key Edge Cases to Handle:**
- An empty string (should return `True`).
- Strings starting with a closing bracket `)` (should immediately return `False`).
- Strings with an unequal number of opening and closing brackets (should return `False`).

**Proposed Approach:**
1. Maintain a counter (or depth variable) initialized to `0`.
2. Iterate through each character in the `brackets` string:
   - If the character is `(`, increment the counter by `1`.
   - If the character is `)`, decrement the counter by `1`.
   - At any point during the iteration, if the counter drops below `0`, it means a closing bracket appeared without a matching opening bracket—immediately return `False`.
3. After the loop finishes, check if the counter is exactly `0`. If yes, return `True`; otherwise, return `False`.",none,1,humaneval
he_063,"The FibFib number sequence is a sequence similar to the Fibbonacci sequnece that's defined as follows:
fibfib(0) == 0
fibfib(1) == 0
fibfib(2) == 1
fibfib(n) == fibfib(n-1) + fibfib(n-2) + fibfib(n-3).
Please write a function to efficiently compute the n-th element of the fibfib number sequence.
>>> fibfib(1)
0
>>> fibfib(5)
4
>>> fibfib(8)
24","**HANDOFF MESSAGE FOR AGENT B**

**Function Requirements:**
Write a Python function to efficiently compute the $n$-th element of the ""FibFib"" sequence. 

**Function Signature:**
```python
def fibfib(n: int) -> int:
```

**Sequence Definition:**
- `fibfib(0) == 0`
- `fibfib(1) == 0`
- `fibfib(2) == 1`
- For $n \ge 3$: `fibfib(n) == fibfib(n-1) + fibfib(n-2) + fibfib(n-3)`

**Examples / Test Cases:**
- `fibfib(1)` -> `0`
- `fibfib(5)` -> `4` (Sequence: 0, 0, 1, 1, 2, 4)
- `fibfib(8)` -> `24`

**Edge Cases to Handle:**
- $n = 0$: should return `0`
- $n = 1$: should return `0`
- $n = 2$: should return `1`
- Negative inputs (if applicable, raise an error or handle gracefully, though standard constraints usually assume $n \ge 0$).

**Plan / Approach:**
- A naive recursive solution will result in exponential time complexity $O(3^n)$. 
- To make it efficient, implement an iterative approach (or dynamic programming) using a sliding window or an array keeping track of the last three values. This will achieve $O(n)$ time complexity and $O(1)$ space complexity.",none,1,humaneval
he_063,"The FibFib number sequence is a sequence similar to the Fibbonacci sequnece that's defined as follows:
fibfib(0) == 0
fibfib(1) == 0
fibfib(2) == 1
fibfib(n) == fibfib(n-1) + fibfib(n-2) + fibfib(n-3).
Please write a function to efficiently compute the n-th element of the fibfib number sequence.
>>> fibfib(1)
0
>>> fibfib(5)
4
>>> fibfib(8)
24","**HANDOFF MESSAGE FOR AGENT B**

**Function Requirements:**
Write a Python function to efficiently compute the $n$-th element of the ""FibFib"" sequence. 

**Function Signature:**


**Sequence Definition:**

**Examples / Test Cases:**

**Edge Cases to Handle:**

**Plan / Approach:**",tool_result_drop,0,humaneval
he_065,"Circular shift the digits of the integer x, shift the digits right by shift
and return the result as a string.
If shift > number of digits, return digits reversed.
>>> circular_shift(12, 1)
""21""
>>> circular_shift(12, 2)
""12""","**Handoff Message for Agent B**

**Task:**
Implement a Python function that performs a circular shift on the digits of an integer `x` to the right by `shift` positions, and returns the result as a string.

**Function Signature:**
```python
def circular_shift(x: int, shift: int) -> str:
```

**Key Requirements & Edge Cases:**
1. **Digit Extraction:** Convert the integer `x` to a string representation of its digits to easily manipulate them.
2. **Shift Exceeds Length:** If `shift` is strictly greater than the number of digits in `x`, return the digits in reverse order (e.g., reversed string).
3. **Standard Right Shift:** If `shift <= number of digits`, perform a right circular shift by `shift` positions. Moving the last `shift` characters to the front of the string.
4. **Examples:**
   - `circular_shift(12, 1)` -> `""21""` (shift right by 1)
   - `circular_shift(12, 2)` -> `""12""` (shift right by 2, equivalent to no change)
   - If `x = 123` and `shift = 4` (shift > 3 digits), return `""321""`.

**Proposed Approach:**
1. Convert `x` to a string, say `s = str(x)`.
2. Determine the length of the string, `n = len(s)`.
3. Check if `shift > n`. If true, return `s[::-1]`.
4. Otherwise, compute the effective shift using modulo or slice directly: the last `shift` elements come first, followed by the remaining elements: `s[n - shift:] + s[:n - shift]`.
5. Return the resulting string.",none,1,humaneval
he_065,"Circular shift the digits of the integer x, shift the digits right by shift
and return the result as a string.
If shift > number of digits, return digits reversed.
>>> circular_shift(12, 1)
""21""
>>> circular_shift(12, 2)
""12""","**Handoff Message for Agent B** **Task:** Implement a Python function that performs a circular shift on the digits of an integer `x` to the right by `shift` positions, and returns the result as a string. **Function Signature:** ```python def circular_shift(x: int, shift: int) -> str: ``` **Key Requirements & Edge Cases:** 1. **Digit Extraction:** Convert the integer `x` to a string representation of its digits to easily manipulate",truncation,0,humaneval
he_065,"Circular shift the digits of the integer x, shift the digits right by shift
and return the result as a string.
If shift > number of digits, return digits reversed.
>>> circular_shift(12, 1)
""21""
>>> circular_shift(12, 2)
""12""","**Handoff Message for Agent B**

**Task:**
Implement a Python function that performs a circular shift on the digits of an integer  to the right by  positions, and returns the result as a string.

**Function Signature:**


**Key Requirements & Edge Cases:**

**Proposed Approach:**",tool_result_drop,0,humaneval
he_065,"Circular shift the digits of the integer x, shift the digits right by shift
and return the result as a string.
If shift > number of digits, return digits reversed.
>>> circular_shift(12, 1)
""21""
>>> circular_shift(12, 2)
""12""","Otherwise, compute the effective shift using modulo or slice directly: the last `shift` elements come first, followed by the remaining elements: `s[n - shift:] + s[:n - shift]`.",over_summarization,0,humaneval
he_066,"Task
Write a function that takes a string as input and returns the sum of the upper characters only'
ASCII codes.
Examples:
digitSum("""") => 0
digitSum(""abAB"") => 131
digitSum(""abcCd"") => 67
digitSum(""helloE"") => 69
digitSum(""woArBld"") => 131
digitSum(""aAaaaXa"") => 153","AGENT B HANDOFF:

Function to Build:
Write a function that calculates the sum of the ASCII values of only the uppercase characters in a given input string. If the string has no uppercase characters or is empty, it should return 0.

Exact Function Name/Signature:
```python
def digitSum(s: str) -> int:
```

Key Edge Cases to Handle:
- An empty string `""""` should return `0`.
- Strings with no uppercase characters (e.g., `""abc""`) should return `0`.
- Strings with mixed lowercase and uppercase characters (e.g., `""abAB""` -> `'A'` is 65 + `'B'` is 66 = 131).
- Strings with only uppercase characters.

Brief Plan/Approach:
1. Initialize a variable `total_sum` to 0.
2. Iterate through each character in the input string `s`.
3. Check if the character is an uppercase letter (e.g., using `char.isupper()` or checking ASCII ranges between 65 and 90).
4. If it is uppercase, get its ASCII value using `ord(char)` and add it to `total_sum`.
5. Return `total_sum` after checking all characters.",none,1,humaneval
he_067,"In this task, you will be given a string that represents a number of apples and oranges
that are distributed in a basket of fruit this basket contains
apples, oranges, and mango fruits. Given the string that represents the total number of
the oranges and apples and an integer that represent the total number of the fruits
in the basket return the number of the mango fruits in the basket.
for examble:
fruit_distribution(""5 apples and 6 oranges"", 19) ->19 - 5 - 6 = 8
fruit_distribution(""0 apples and 1 oranges"",3) -> 3 - 0 - 1 = 2
fruit_distribution(""2 apples and 3 oranges"", 100) -> 100 - 2 - 3 = 95
fruit_distribution(""100 apples and 1 oranges"",120) -> 120 - 100 - 1 = 19","HANDOFF MESSAGE FOR AGENT B:

You need to write a Python function that calculates the number of mangoes in a fruit basket given a descriptive string of apples and oranges and an integer representing the total number of fruits.

### Function Signature:
```python
def fruit_distribution(s: str, total_fruits: int) -> int:
```

### Problem Description & Examples:
The input string `s` contains the counts of apples and oranges in the format `""<apple_count> apples and <orange_count> oranges""`. 
You need to extract the number of apples and oranges from the string, and subtract them from `total_fruits` to find the remaining number of mangoes.

Examples:
- `fruit_distribution(""5 apples and 6 oranges"", 19)` -> `19 - 5 - 6 = 8`
- `fruit_distribution(""0 apples and 1 oranges"", 3)` -> `3 - 0 - 1 = 2`
- `fruit_distribution(""2 apples and 3 oranges"", 100)` -> `100 - 2 - 3 = 95`
- `fruit_distribution(""100 apples and 1 oranges"", 120)` -> `120 - 100 - 1 = 19`

### Approach / Plan:
1. Parse the input string `s` to extract the integer values for apples and oranges. A simple way to do this is to split the string by spaces and extract the elements at the expected indices (e.g., index 0 for apples, index 3 for oranges), or use regular expressions to find all numbers in the string.
2. Convert these extracted values to integers.
3. Subtract the apple count and orange count from `total_fruits`.
4. Return the resulting integer.

### Edge Cases to Handle:
- Single-digit and multi-digit numbers.
- Zero counts (e.g., `""0 apples""`).
- Ensure robust parsing in case spacing varies slightly, though standard inputs will follow the `""N apples and M oranges""` format. Using regex (`re.findall(r'\d+', s)`) is recommended to safely pull out all integers from the string regardless of surrounding text.",none,1,humaneval
he_067,"In this task, you will be given a string that represents a number of apples and oranges
that are distributed in a basket of fruit this basket contains
apples, oranges, and mango fruits. Given the string that represents the total number of
the oranges and apples and an integer that represent the total number of the fruits
in the basket return the number of the mango fruits in the basket.
for examble:
fruit_distribution(""5 apples and 6 oranges"", 19) ->19 - 5 - 6 = 8
fruit_distribution(""0 apples and 1 oranges"",3) -> 3 - 0 - 1 = 2
fruit_distribution(""2 apples and 3 oranges"", 100) -> 100 - 2 - 3 = 95
fruit_distribution(""100 apples and 1 oranges"",120) -> 120 - 100 - 1 = 19","HANDOFF MESSAGE FOR AGENT B:

You need to write a Python function that calculates the number of mangoes in a fruit basket given a descriptive string of apples and oranges and an integer representing the total number of fruits.

### Function Signature:


### Problem Description & Examples:
The input string  contains the counts of apples and oranges in the format . 
You need to extract the number of apples and oranges from the string, and subtract them from  to find the remaining number of mangoes.

Examples:

### Approach / Plan:

### Edge Cases to Handle:",tool_result_drop,0,humaneval
he_067,"In this task, you will be given a string that represents a number of apples and oranges
that are distributed in a basket of fruit this basket contains
apples, oranges, and mango fruits. Given the string that represents the total number of
the oranges and apples and an integer that represent the total number of the fruits
in the basket return the number of the mango fruits in the basket.
for examble:
fruit_distribution(""5 apples and 6 oranges"", 19) ->19 - 5 - 6 = 8
fruit_distribution(""0 apples and 1 oranges"",3) -> 3 - 0 - 1 = 2
fruit_distribution(""2 apples and 3 oranges"", 100) -> 100 - 2 - 3 = 95
fruit_distribution(""100 apples and 1 oranges"",120) -> 120 - 100 - 1 = 19","A simple way to do this is to split the string by spaces and extract the elements at the expected indices (e.g., index 0 for apples, index 3 for oranges), or use regular expressions to find all numbers in the string.",over_summarization,0,humaneval
he_068,"""Given an array representing a branch of a tree that has non-negative integer nodes
your task is to pluck one of the nodes and return it.
The plucked node should be the node with the smallest even value.
If multiple nodes with the same smallest even value are found return the node that has smallest index.
The plucked node should be returned in a list, [ smalest_value, its index ],
If there are no even values or the given array is empty, return [].
Example 1:
Input: [4,2,3]
Output: [2, 1]
Explanation: 2 has the smallest even value, and 2 has the smallest index.
Example 2:
Input: [1,2,3]
Output: [2, 1]
Explanation: 2 has the smallest even value, and 2 has the smallest index.
Example 3:
Input: []
Output: []
Example 4:
Input: [5, 0, 3, 0, 4, 2]
Output: [0, 1]
Explanation: 0 is the smallest value, but  there are two zeros,
so we will choose the first zero, which has the smallest index.
Constraints:
* 1 <= nodes.length <= 10000
* 0 <= node.value","**HANDOFF MESSAGE FOR AGENT B**

**Function to Build:**
Write a Python function that takes an array (list) of non-negative integers representing a tree branch, finds the ""plucked node"" according to specific criteria, and returns it as a list `[value, index]`.

**Exact Function Signature:**
```python
def pluck(arr: list[int]) -> list[int]:
```

**Selection Rules for Plucking:**
1. Consider only **even** values in the array.
2. Find the **smallest even value**.
3. If there are multiple nodes with this same smallest even value, pick the one with the **smallest index** (i.e., the first occurrence).
4. Return the result as a list: `[smallest_even_value, its_index]`.

**Edge Cases to Handle:**
- **Empty array (`[]`)**: Return `[]`.
- **No even values in the array** (e.g., `[1, 3, 5]`): Return `[]`.
- **Single element array**: Handle correctly whether it's even or odd.
- **Multiple identical smallest even values** (e.g., `[5, 0, 3, 0, 4, 2]`): Must pick the one with the lowest index (`[0, 1]`).

**Approach / Algorithm:**
1. Check if the input list `arr` is empty. If so, return `[]`.
2. Iterate through the array using `enumerate()` to keep track of both the value and its index.
3. Filter or track candidates where `value % 2 == 0`.
4. Keep track of the best candidate found so far (`min_val` and `min_index`).
   - Initialize `min_val = float('inf')` and `min_index = float('inf')`.
   - For each `(index, val)` in `enumerate(arr)`:
     - If `val % 2 == 0`:
       - If `val < min_val`:
         - Update `min_val = val` and `min_index = index`.
5. After the loop, if no even number was found (i.e., `min_val` is still `inf`), return `[]`.
6. Otherwise, return `[min_val, min_index]`.",none,1,humaneval
he_068,"""Given an array representing a branch of a tree that has non-negative integer nodes
your task is to pluck one of the nodes and return it.
The plucked node should be the node with the smallest even value.
If multiple nodes with the same smallest even value are found return the node that has smallest index.
The plucked node should be returned in a list, [ smalest_value, its index ],
If there are no even values or the given array is empty, return [].
Example 1:
Input: [4,2,3]
Output: [2, 1]
Explanation: 2 has the smallest even value, and 2 has the smallest index.
Example 2:
Input: [1,2,3]
Output: [2, 1]
Explanation: 2 has the smallest even value, and 2 has the smallest index.
Example 3:
Input: []
Output: []
Example 4:
Input: [5, 0, 3, 0, 4, 2]
Output: [0, 1]
Explanation: 0 is the smallest value, but  there are two zeros,
so we will choose the first zero, which has the smallest index.
Constraints:
* 1 <= nodes.length <= 10000
* 0 <= node.value","**HANDOFF MESSAGE FOR AGENT B**

**Function to Build:**
Write a Python function that takes an array (list) of non-negative integers representing a tree branch, finds the ""plucked node"" according to specific criteria, and returns it as a list .

**Exact Function Signature:**


**Selection Rules for Plucking:**

**Edge Cases to Handle:**

**Approach / Algorithm:**",tool_result_drop,0,humaneval
he_068,"""Given an array representing a branch of a tree that has non-negative integer nodes
your task is to pluck one of the nodes and return it.
The plucked node should be the node with the smallest even value.
If multiple nodes with the same smallest even value are found return the node that has smallest index.
The plucked node should be returned in a list, [ smalest_value, its index ],
If there are no even values or the given array is empty, return [].
Example 1:
Input: [4,2,3]
Output: [2, 1]
Explanation: 2 has the smallest even value, and 2 has the smallest index.
Example 2:
Input: [1,2,3]
Output: [2, 1]
Explanation: 2 has the smallest even value, and 2 has the smallest index.
Example 3:
Input: []
Output: []
Example 4:
Input: [5, 0, 3, 0, 4, 2]
Output: [0, 1]
Explanation: 0 is the smallest value, but  there are two zeros,
so we will choose the first zero, which has the smallest index.
Constraints:
* 1 <= nodes.length <= 10000
* 0 <= node.value","If there are multiple nodes with this same smallest even value, pick the one with the **smallest index** (i.e., the first occurrence).",over_summarization,0,humaneval
he_069,"You are given a non-empty list of positive integers. Return the greatest integer that is greater than
zero, and has a frequency greater than or equal to the value of the integer itself.
The frequency of an integer is the number of times it appears in the list.
If no such a value exist, return -1.
Examples:
search([4, 1, 2, 2, 3, 1]) == 2
search([1, 2, 2, 3, 3, 3, 4, 4, 4]) == 3
search([5, 5, 4, 4, 4]) == -1","HANDOFF MESSAGE FOR AGENT B:

You need to write a Python function that finds the greatest integer in a given list of positive integers such that the integer's value is less than or equal to its frequency (the number of times it appears in the list). If no such integer exists, return -1.

### Function Signature:
```python
def search(nums: list[int]) -> int:
    pass
```

### Key Requirements & Edge Cases:
1. **Valid Condition:** An integer $x$ qualifies if `frequency(x) >= x`.
2. **""Greatest Integer"":** If multiple numbers satisfy the condition, you must return the maximum among them.
3. **Non-existent Case:** If no number in the list satisfies the condition, return `-1`.
4. **Input Constraints:** The list is non-empty and contains positive integers. Integers can appear multiple times.

### Suggested Approach:
1. Count the frequency of each unique integer in the input list (e.g., using `collections.Counter`).
2. Iterate through the unique integers (or their counts).
3. Filter the integers to keep only those where `count >= number`.
4. If the filtered set is empty, return `-1`. Otherwise, return the maximum integer from the filtered set.",none,1,humaneval
he_069,"You are given a non-empty list of positive integers. Return the greatest integer that is greater than
zero, and has a frequency greater than or equal to the value of the integer itself.
The frequency of an integer is the number of times it appears in the list.
If no such a value exist, return -1.
Examples:
search([4, 1, 2, 2, 3, 1]) == 2
search([1, 2, 2, 3, 3, 3, 4, 4, 4]) == 3
search([5, 5, 4, 4, 4]) == -1",You need to write a Python function that finds the greatest integer in a given list of positive integers such that the integer's value is less than or equal to its frequency (the number of times it appears in the list).,over_summarization,0,humaneval
he_070,"Given list of integers, return list in strange order.
Strange sorting, is when you start with the minimum value,
then maximum of the remaining integers, then minimum and so on.
Examples:
strange_sort_list([1, 2, 3, 4]) == [1, 4, 2, 3]
strange_sort_list([5, 5, 5, 5]) == [5, 5, 5, 5]
strange_sort_list([]) == []","HANDOFF MESSAGE FOR AGENT B:

Please implement a Python function that sorts a list of integers in a ""strange"" alternating order.

**Function Signature:**
`def strange_sort_list(lst: list) -> list:`

**Behavior / Requirements:**
The strange sorting order works by repeatedly picking:
1. The minimum value from the remaining integers, then
2. The maximum value from the remaining integers, 
and repeating this process until all elements are used.

**Examples:**
- `strange_sort_list([1, 2, 3, 4])` -> `[1, 4, 2, 3]`
- `strange_sort_list([5, 5, 5, 5])` -> `[5, 5, 5, 5]`
- `strange_sort_list([])` -> `[]`

**Edge Cases to Handle:**
- Empty list (`[]`): should return `[]`.
- Single-element list: should return the list as-is.
- Lists with duplicate values (e.g., all identical elements).

**Suggested Approach:**
1. Make a copy of the input list so you don't mutate the original.
2. Initialize an empty result list.
3. While the copied list is not empty:
   - Find and remove the minimum element, appending it to the result list (if the list is still not empty).
   - Find and remove the maximum element, appending it to the result list (if the list is still not empty).
4. Return the result list.",none,1,humaneval
he_070,"Given list of integers, return list in strange order.
Strange sorting, is when you start with the minimum value,
then maximum of the remaining integers, then minimum and so on.
Examples:
strange_sort_list([1, 2, 3, 4]) == [1, 4, 2, 3]
strange_sort_list([5, 5, 5, 5]) == [5, 5, 5, 5]
strange_sort_list([]) == []","While the copied list is not empty: - Find and remove the minimum element, appending it to the result list (if the list is still not empty).",over_summarization,0,humaneval
he_071,"Given the lengths of the three sides of a triangle. Return the area of
the triangle rounded to 2 decimal points if the three sides form a valid triangle.
Otherwise return -1
Three sides make a valid triangle when the sum of any two sides is greater
than the third side.
Example:
triangle_area(3, 4, 5) == 6.00
triangle_area(1, 2, 10) == -1","HANDOFF MESSAGE FOR AGENT B:

You need to implement a Python function that calculates the area of a triangle given the lengths of its three sides.

**Function Signature:**
```python
def triangle_area(a: float, b: float, c: float) -> float:
```

**Requirements:**
1. **Triangle Validity Check:** The three sides (`a`, `b`, `c`) form a valid triangle if and only if the sum of any two sides is strictly greater than the third side:
   - `a + b > c`
   - `a + c > b`
   - `b + c > a`
2. **Return Value:**
   - If valid, return the area of the triangle **rounded to 2 decimal places** (as a float).
   - If invalid, return `-1`.

**Key Edge Cases to Handle:**
- Invalid triangles (e.g., `1, 2, 10` should return `-1`).
- Degenerate triangles where the sum of two sides equals the third side (should be treated as invalid and return `-1`).
- Zero or negative side lengths (should return `-1`).

**Approach / Algorithm:**
1. Check the triangle validity conditions. If any condition fails, return `-1`.
2. If valid, calculate the area using Heron's formula:
   - Semi-perimeter $s = \frac{a + b + c}{2}$
   - Area = $\sqrt{s(s - a)(s - b)(s - c)}$
3. Round the resulting area to 2 decimal places using `round(area, 2)` and return it.",none,1,humaneval
he_071,"Given the lengths of the three sides of a triangle. Return the area of
the triangle rounded to 2 decimal points if the three sides form a valid triangle.
Otherwise return -1
Three sides make a valid triangle when the sum of any two sides is greater
than the third side.
Example:
triangle_area(3, 4, 5) == 6.00
triangle_area(1, 2, 10) == -1","HANDOFF MESSAGE FOR AGENT B: You need to implement a Python function that calculates the area of a triangle given the lengths of its three sides. **Function Signature:** ```python def triangle_area(a: float, b: float, c: float) -> float: ``` **Requirements:** 1. **Triangle Validity Check:** The three sides (`a`, `b`, `c`) form a valid triangle if and only if the sum of any two sides is",truncation,0,humaneval
he_071,"Given the lengths of the three sides of a triangle. Return the area of
the triangle rounded to 2 decimal points if the three sides form a valid triangle.
Otherwise return -1
Three sides make a valid triangle when the sum of any two sides is greater
than the third side.
Example:
triangle_area(3, 4, 5) == 6.00
triangle_area(1, 2, 10) == -1","HANDOFF MESSAGE FOR AGENT B:

You need to implement a Python function that calculates the area of a triangle given the lengths of its three sides.

**Function Signature:**


**Requirements:**

**Key Edge Cases to Handle:**

**Approach / Algorithm:**",tool_result_drop,0,humaneval
he_071,"Given the lengths of the three sides of a triangle. Return the area of
the triangle rounded to 2 decimal points if the three sides form a valid triangle.
Otherwise return -1
Three sides make a valid triangle when the sum of any two sides is greater
than the third side.
Example:
triangle_area(3, 4, 5) == 6.00
triangle_area(1, 2, 10) == -1","**Triangle Validity Check:** The three sides (`a`, `b`, `c`) form a valid triangle if and only if the sum of any two sides is strictly greater than the third side: - `a + b > c` - `a + c > b` - `b + c > a` 2.",over_summarization,0,humaneval
he_072,"Write a function that returns True if the object q will fly, and False otherwise.
The object q will fly if it's balanced (it is a palindromic list) and the sum of its elements is less than or equal the maximum possible weight w.
Example:
will_it_fly([1, 2], 5) ➞ False
# 1+2 is less than the maximum possible weight, but it's unbalanced.
will_it_fly([3, 2, 3], 1) ➞ False
# it's balanced, but 3+2+3 is more than the maximum possible weight.
will_it_fly([3, 2, 3], 9) ➞ True
# 3+2+3 is less than the maximum possible weight, and it's balanced.
will_it_fly([3], 5) ➞ True
# 3 is less than the maximum possible weight, and it's balanced.","Handoff Message for Agent B:

1. Function Purpose:
Write a Python function that determines if an object `q` (represented as a list of numbers) will ""fly"" based on two conditions:
   - The list must be balanced (i.e., it is a palindrome, reading the same forwards and backwards).
   - The sum of all elements in the list must be less than or equal to the maximum possible weight `w`.
The function should return `True` if both conditions are met, and `False` otherwise.

2. Exact Function Signature:
```python
def will_it_fly(q: list, w: int) -> bool:
```

3. Key Edge Cases to Handle:
   - Single-element lists (e.g., `[3], 5` -> `True` since a single element is inherently palindromic and you just check its sum against `w`).
   - Lists where the sum equals `w` exactly (should return `True` if palindromic, as the condition is ""less than or equal"").
   - Unbalanced lists with a sum well below `w` (e.g., `[1, 2], 5` -> `False` because it's not a palindrome).
   - Balanced lists that exceed the weight limit (e.g., `[3, 2, 3], 1` -> `False`).

4. Brief Plan/Approach:
   - First, check if the list `q` is equal to its reverse (`q == q[::-1]`). If it's not palindromic, immediately return `False`.
   - Second, check if `sum(q) <= w`. If the sum exceeds `w`, return `False`.
   - If both checks pass, return `True`.",none,1,humaneval
he_072,"Write a function that returns True if the object q will fly, and False otherwise.
The object q will fly if it's balanced (it is a palindromic list) and the sum of its elements is less than or equal the maximum possible weight w.
Example:
will_it_fly([1, 2], 5) ➞ False
# 1+2 is less than the maximum possible weight, but it's unbalanced.
will_it_fly([3, 2, 3], 1) ➞ False
# it's balanced, but 3+2+3 is more than the maximum possible weight.
will_it_fly([3, 2, 3], 9) ➞ True
# 3+2+3 is less than the maximum possible weight, and it's balanced.
will_it_fly([3], 5) ➞ True
# 3 is less than the maximum possible weight, and it's balanced.","Handoff Message for Agent B:

Write a Python function that determines if an object  (represented as a list of numbers) will ""fly"" based on two conditions:
The function should return  if both conditions are met, and  otherwise.



",tool_result_drop,0,humaneval
he_072,"Write a function that returns True if the object q will fly, and False otherwise.
The object q will fly if it's balanced (it is a palindromic list) and the sum of its elements is less than or equal the maximum possible weight w.
Example:
will_it_fly([1, 2], 5) ➞ False
# 1+2 is less than the maximum possible weight, but it's unbalanced.
will_it_fly([3, 2, 3], 1) ➞ False
# it's balanced, but 3+2+3 is more than the maximum possible weight.
will_it_fly([3, 2, 3], 9) ➞ True
# 3+2+3 is less than the maximum possible weight, and it's balanced.
will_it_fly([3], 5) ➞ True
# 3 is less than the maximum possible weight, and it's balanced.","Function Purpose: Write a Python function that determines if an object `q` (represented as a list of numbers) will ""fly"" based on two conditions: - The list must be balanced (i.e., it is a palindrome, reading the same forwards and backwards).",over_summarization,0,humaneval
he_073,"Given an array arr of integers, find the minimum number of elements that
need to be changed to make the array palindromic. A palindromic array is an array that
is read the same backwards and forwards. In one change, you can change one element to any other element.
For example:
smallest_change([1,2,3,5,4,7,9,6]) == 4
smallest_change([1, 2, 3, 4, 3, 2, 2]) == 1
smallest_change([1, 2, 3, 2, 1]) == 0","HANDOFF MESSAGE FOR AGENT B:

You need to write a Python function that calculates the minimum number of element changes required to make a given array of integers palindromic (i.e., reads the same forwards and backwards). In one operation, any single element can be changed to any other integer value.

### Function Signature
```python
def smallest_change(arr: list[int]) -> int:
    pass
```

### Approach / Plan
1. A palindromic array requires `arr[i] == arr[n - 1 - i]` for all indices `0 <= i < n // 2`.
2. Compare elements from the outside moving inward using a two-pointer approach (one pointer `left` starting at 0, and one pointer `right` starting at `n - 1`).
3. For each pair `arr[left]` and `arr[right]`, if they are not equal, it takes 1 change to make them match.
4. Increment your change counter whenever `arr[left] != arr[right]`.
5. Continue moving both pointers towards the center (`left += 1`, `right -= 1`) until they meet.
6. Return the total count of changes.

### Key Edge Cases to Handle
- **Already palindromic arrays** (e.g., `[1, 2, 3, 2, 1]`): Should return `0`.
- **Even vs. Odd length arrays**: The two-pointer loop should correctly terminate in the middle without out-of-bounds errors.
- **Very small arrays** (length 0 or 1): Should return `0` since they are trivially palindromic.
- **Arrays where all elements need to change** (except possibly the center): Ensure counting is accurate.",none,1,humaneval
he_074,"Write a function that accepts two lists of strings and returns the list that has
total number of chars in the all strings of the list less than the other list.
if the two lists have the same number of chars, return the first list.
Examples
total_match([], []) ➞ []
total_match(['hi', 'admin'], ['hI', 'Hi']) ➞ ['hI', 'Hi']
total_match(['hi', 'admin'], ['hi', 'hi', 'admin', 'project']) ➞ ['hi', 'admin']
total_match(['hi', 'admin'], ['hI', 'hi', 'hi']) ➞ ['hI', 'hi', 'hi']
total_match(['4'], ['1', '2', '3', '4', '5']) ➞ ['4']","**Handoff Message for Agent B**

You need to write a Python function that compares two lists of strings based on the total character count across all strings within each list.

### Function Signature
```python
def total_match(list1: list[str], list2: list[str]) -> list[str]:
```

### Requirements & Behavior
1. Calculate the sum of the lengths of all strings in `list1`.
2. Calculate the sum of the lengths of all strings in `list2`.
3. Compare the two total character counts:
   - Return the list with the **smaller** total character count.
   - If both lists have the exact **same** total character count, return the **first** list (`list1`).

### Edge Cases to Handle
- Empty lists (e.g., `total_match([], [])` should return `[]`).
- Lists with strings of varying lengths.
- Lists where one list has fewer elements but longer strings, or vice versa (the comparison is strictly on total character count sum).

### Implementation Plan
1. Use the `sum()` function with a generator expression to find the total character count for `list1`: `sum(len(s) for s in list1)`.
2. Do the same for `list2`.
3. Use a conditional statement (`if/else`) to compare the two sums and return the appropriate list according to the rules above.",none,1,humaneval
he_074,"Write a function that accepts two lists of strings and returns the list that has
total number of chars in the all strings of the list less than the other list.
if the two lists have the same number of chars, return the first list.
Examples
total_match([], []) ➞ []
total_match(['hi', 'admin'], ['hI', 'Hi']) ➞ ['hI', 'Hi']
total_match(['hi', 'admin'], ['hi', 'hi', 'admin', 'project']) ➞ ['hi', 'admin']
total_match(['hi', 'admin'], ['hI', 'hi', 'hi']) ➞ ['hI', 'hi', 'hi']
total_match(['4'], ['1', '2', '3', '4', '5']) ➞ ['4']","**Handoff Message for Agent B** You need to write a Python function that compares two lists of strings based on the total character count across all strings within each list. ### Function Signature ```python def total_match(list1: list[str], list2: list[str]) -> list[str]: ``` ### Requirements & Behavior 1. Calculate the sum of the lengths of all strings in `list1`. 2.",truncation,0,humaneval
he_074,"Write a function that accepts two lists of strings and returns the list that has
total number of chars in the all strings of the list less than the other list.
if the two lists have the same number of chars, return the first list.
Examples
total_match([], []) ➞ []
total_match(['hi', 'admin'], ['hI', 'Hi']) ➞ ['hI', 'Hi']
total_match(['hi', 'admin'], ['hi', 'hi', 'admin', 'project']) ➞ ['hi', 'admin']
total_match(['hi', 'admin'], ['hI', 'hi', 'hi']) ➞ ['hI', 'hi', 'hi']
total_match(['4'], ['1', '2', '3', '4', '5']) ➞ ['4']","### Function Signature
```python
def total_match(list1: list[str], list2: list[str]) -> list[str]:
```

### Requirements & Behavior
1. Calculate the sum of the lengths of all strings in `list1`.
 Compare the two total character counts:
   - Return the list with the **smaller** total character count.
    - If both lists have the exact **same** total character count, return the **first** list (`list1`).

### Edge Cases to Handle
- Empty lists (e.g., `total_match([], [])` should return `[]`).
- Lists with strings of varying lengths.
- Lists where one list has fewer elements but longer strings, or vice versa (the comparison is strictly on total character count sum).

### Implementation Plan
1. Use the `sum()` function with a generator expression to find the total character count for `list1`: `sum(len(s) for s in list1)`.
 2. Do the same for `list2`.
 3. Use a conditional statement (`if/else`) to compare the two sums and return the appropriate list according to the rules above.",entity_omission,0,humaneval
he_074,"Write a function that accepts two lists of strings and returns the list that has
total number of chars in the all strings of the list less than the other list.
if the two lists have the same number of chars, return the first list.
Examples
total_match([], []) ➞ []
total_match(['hi', 'admin'], ['hI', 'Hi']) ➞ ['hI', 'Hi']
total_match(['hi', 'admin'], ['hi', 'hi', 'admin', 'project']) ➞ ['hi', 'admin']
total_match(['hi', 'admin'], ['hI', 'hi', 'hi']) ➞ ['hI', 'hi', 'hi']
total_match(['4'], ['1', '2', '3', '4', '5']) ➞ ['4']","**Handoff Message for Agent B**

You need to write a Python function that compares two lists of strings based on the total character count across all strings within each list.

### Function Signature


### Requirements & Behavior

### Edge Cases to Handle

### Implementation Plan",tool_result_drop,0,humaneval
he_074,"Write a function that accepts two lists of strings and returns the list that has
total number of chars in the all strings of the list less than the other list.
if the two lists have the same number of chars, return the first list.
Examples
total_match([], []) ➞ []
total_match(['hi', 'admin'], ['hI', 'Hi']) ➞ ['hI', 'Hi']
total_match(['hi', 'admin'], ['hi', 'hi', 'admin', 'project']) ➞ ['hi', 'admin']
total_match(['hi', 'admin'], ['hI', 'hi', 'hi']) ➞ ['hI', 'hi', 'hi']
total_match(['4'], ['1', '2', '3', '4', '5']) ➞ ['4']",Compare the two total character counts: - Return the list with the **smaller** total character count.,over_summarization,0,humaneval
he_075,"Write a function that returns true if the given number is the multiplication of 3 prime numbers
and false otherwise.
Knowing that (a) is less then 100.
Example:
is_multiply_prime(30) == True
30 = 2 * 3 * 5","**HANDOFF MESSAGE FOR AGENT B**

**Function Requirements:**
Write a Python function named `is_multiply_prime` that determines whether a given positive integer is the product of exactly 3 prime numbers (not necessarily distinct, though the problem implies standard prime factorization where repetition is allowed, e.g., $30 = 2 \times 3 \times 5$). Return `True` if it is, and `False` otherwise. Note that the problem statement mentions the input number is less than 100.

**Exact Function Signature:**
```python
def is_multiply_prime(n: int) -> bool:
```

**Key Edge Cases to Handle:**
- Numbers less than 2 (cannot be factored into 3 primes; should return `False`).
- Prime numbers themselves (e.g., 7 or 13 should return `False`).
- Numbers that are the product of fewer than 3 primes (e.g., $4 = 2 \times 2$ or $6 = 2 \times 3$, should return `False`).
- Numbers that are the product of more than 3 primes (e.g., $32 = 2^5$, should return `False`).
- Numbers that are products of 3 primes (e.g., $30 = 2 \times 3 \times 5$, should return `True`).

**Brief Plan / Approach:**
1. Implement a helper function or trial division loop to find the prime factors of `n`.
2. Continuously divide `n` by its smallest possible factors starting from 2 up to the square root of `n`.
3. Collect all prime factors in a list.
4. Check if the total count of prime factors in the list is exactly equal to 3. 
5. Return `True` if the count is 3, otherwise `False`.",none,1,humaneval
he_076,"Your task is to write a function that returns true if a number x is a simple
power of n and false in other cases.
x is a simple power of n if n**int=x
For example:
is_simple_power(1, 4) => true
is_simple_power(2, 2) => true
is_simple_power(8, 2) => true
is_simple_power(3, 2) => false
is_simple_power(3, 1) => false
is_simple_power(5, 3) => false","**Handoff Message for Agent B**

You need to implement a Python function that checks whether a given number `x` is a simple power of another number `n` (i.e., whether $n^k = x$ for some integer $k$).

### Function Signature
```python
def is_simple_power(x: int, n: int) -> bool:
```

### Requirements & Edge Cases
1. Return `True` if `x` can be expressed as $n^k$ for some integer $k \ge 0$, and `False` otherwise.
2. **Edge case: $n = 1$**: 
   - If $x = 1$ and $n = 1$, $1^k = 1$, so return `True`.
   - If $x \neq 1$ and $n = 1$, return `False` (since $1^k$ is always 1).
3. **Edge case: $n = 0$**:
   - $0^0$ is undefined or 1 depending on convention, but typically handle powers of 0 carefully: $0^1 = 0$, $0^0 = 1$. If $x=1$ and $n=0$, return `True` ($0^0=1$). If $x=0$ and $n=0$, return `True` ($0^1=0$). Otherwise, if $n=0$ and $x \notin \{0, 1\}$, return `False`.
4. **Negative numbers**: Handle or ensure standard mathematical behavior for powers if negative bases/results appear, though standard inputs are typically positive integers.

### Proposed Approach
- Handle special cases for $n = 1$ and $n = 0$ explicitly.
- If $n > 1$:
  - Start with a power accumulator (e.g., `current = 1`).
  - While `current < x`, multiply `current` by `n`.
  - If `current == x`, return `True`.
  - If `current > x`, return `False`.
- Alternatively, you can iteratively divide `x` by `n` (while `x > 0` and `x % n == 0`) until `x == 1`, but ensure you don't fall into infinite loops when $n = 0$ or $n = 1$.",none,1,humaneval
he_077,"Write a function that takes an integer a and returns True
if this ingeger is a cube of some integer number.
Note: you may assume the input is always valid.
Examples:
iscube(1) ==> True
iscube(2) ==> False
iscube(-1) ==> True
iscube(64) ==> True
iscube(0) ==> True
iscube(180) ==> False","AGENT B HANDOFF MESSAGE

Function Objective:
Write a Python function that determines whether a given integer is the exact cube of another integer. 

Function Signature:
`def iscube(a: int) -> bool:`

Key Edge Cases to Handle:
- Negative integers (e.g., -1 cubed is -1, so `iscube(-1)` should return `True`).
- Zero (`iscube(0)` should return `True`).
- Large integers (ensure efficiency and no floating-point precision issues).
- Non-perfect cubes (e.g., 2, 180, returning `False`).

Recommended Approach:
1. Handle negative numbers by taking their absolute value for the cube root calculation, but remember that negative numbers can be valid cubes. Alternatively, you can use the cube root approach: calculate `round(abs(a) ** (1/3))` and check if its cube equals `abs(a)`, then adjust for the sign if needed.
2. A safer and more robust approach without floating-point inaccuracies for large numbers is binary search or integer cube root approximation. 
3. Specifically, for integer $a$:
   - Let $b$ be the integer cube root. 
   - A reliable method in Python is checking `root = round(a ** (1/3))` or using integer binary search between `-abs(a)` and `abs(a)`.
   - Verify if `root * root * root == a`.",none,1,humaneval
he_079,"You will be given a number in decimal form and your task is to convert it to
binary format. The function should return a string, with each character representing a binary
number. Each character in the string will be '0' or '1'.
There will be an extra couple of characters 'db' at the beginning and at the end of the string.
The extra characters are there to help with the format.
Examples:
decimal_to_binary(15)   # returns ""db1111db""
decimal_to_binary(32)   # returns ""db100000db""","Agent B, here are the specifications for the function you need to write:

**Function Purpose:**
Write a Python function that converts a given decimal number into its binary string representation and wraps the result with the prefix and suffix `""db""`.

**Function Signature:**
```python
def decimal_to_binary(decimal: int) -> str:
```

**Behavior & Requirements:**
- Convert the input decimal integer into its binary equivalent (without the standard Python `'0b'` prefix).
- Concatenating `""db""` at the very beginning and `""db""` at the very end of the binary string.
- Examples:
  - `decimal_to_binary(15)` -> `""db1111db""`
  - `decimal_to_binary(32)` -> `""db100000db""`

**Key Edge Cases to Consider:**
- `0`: Should return `""db0db""`.
- Negative numbers: The problem description implies standard positive decimal conversions (like the examples), but ensure standard Python behavior if negatives occur, or assume positive integers based on the context.

**Implementation Plan:**
1. Use Python's built-in `bin()` function on the input number.
2. Strip the leading `'0b'` from the result of `bin()`.
3. Format the final string by adding `""db""` to both the start and the end.
4. Return the resulting string.",none,1,humaneval
he_079,"You will be given a number in decimal form and your task is to convert it to
binary format. The function should return a string, with each character representing a binary
number. Each character in the string will be '0' or '1'.
There will be an extra couple of characters 'db' at the beginning and at the end of the string.
The extra characters are there to help with the format.
Examples:
decimal_to_binary(15)   # returns ""db1111db""
decimal_to_binary(32)   # returns ""db100000db""","Agent B, here are the specifications for the function you need to write:

**Function Purpose:**
Write a Python function that converts a given decimal number into its binary string representation and wraps the result with the prefix and suffix .

**Function Signature:**


**Behavior & Requirements:**

**Key Edge Cases to Consider:**

**Implementation Plan:**",tool_result_drop,0,humaneval
he_079,"You will be given a number in decimal form and your task is to convert it to
binary format. The function should return a string, with each character representing a binary
number. Each character in the string will be '0' or '1'.
There will be an extra couple of characters 'db' at the beginning and at the end of the string.
The extra characters are there to help with the format.
Examples:
decimal_to_binary(15)   # returns ""db1111db""
decimal_to_binary(32)   # returns ""db100000db""","- Negative numbers: The problem description implies standard positive decimal conversions (like the examples), but ensure standard Python behavior if negatives occur, or assume positive integers based on the context.",over_summarization,0,humaneval
he_080,"You are given a string s.
Your task is to check if the string is happy or not.
A string is happy if its length is at least 3 and every 3 consecutive letters are distinct
For example:
is_happy(a) => False
is_happy(aa) => False
is_happy(abcd) => True
is_happy(aabb) => False
is_happy(adb) => True
is_happy(xyy) => False","Agent B, please write the Python function for the following task based on these specifications:

- **Function Name/Signature:** `is_happy(s: str) -> bool`
- **Task Description:** Determine if a given string `s` is ""happy"". A string is considered happy if and only if:
  1. Its length is at least 3 (`len(s) >= 3`).
  2. Every set of 3 consecutive letters consists of distinct characters (i.e., no two characters in any 3-length sliding window are the same).
- **Edge Cases to Handle:**
  - Strings of length less than 3 (e.g., `""""`, `""a""`, `""aa""`): Must return `False`.
  - Strings of length exactly 3: Check if all 3 characters are distinct.
  - Strings with repeating patterns anywhere (e.g., `""xyy""`, `""aabb""`): Must return `False`.
- **Approach:**
  1. First, check if `len(s) < 3`. If so, return `False`.
  2. Loop through the string using a sliding window of size 3 (i.e., from index `i = 0` to `len(s) - 3`).
  3. For each window starting at index `i`, check if the three characters `s[i]`, `s[i+1]`, and `s[i+2]` are all unique (e.g., by comparing them or putting them in a `set` of length 3).
  4. If any 3-character window contains duplicate characters, immediately return `False`.
  5. If the loop finishes without finding any duplicates, return `True`.",none,1,humaneval
he_080,"You are given a string s.
Your task is to check if the string is happy or not.
A string is happy if its length is at least 3 and every 3 consecutive letters are distinct
For example:
is_happy(a) => False
is_happy(aa) => False
is_happy(abcd) => True
is_happy(aabb) => False
is_happy(adb) => True
is_happy(xyy) => False","Agent B, please write the Python function for the following task based on these specifications:
",tool_result_drop,0,humaneval
he_080,"You are given a string s.
Your task is to check if the string is happy or not.
A string is happy if its length is at least 3 and every 3 consecutive letters are distinct
For example:
is_happy(a) => False
is_happy(aa) => False
is_happy(abcd) => True
is_happy(aabb) => False
is_happy(adb) => True
is_happy(xyy) => False","For each window starting at index `i`, check if the three characters `s[i]`, `s[i+1]`, and `s[i+2]` are all unique (e.g., by comparing them or putting them in a `set` of length 3).",over_summarization,0,humaneval
he_081,"It is the last week of the semester and the teacher has to give the grades
to students. The teacher has been making her own algorithm for grading.
The only problem is, she has lost the code she used for grading.
She has given you a list of GPAs for some students and you have to write
a function that can output a list of letter grades using the following table:
GPA       |    Letter grade
4.0                A+
> 3.7                A
> 3.3                A-
> 3.0                B+
> 2.7                B
> 2.3                B-
> 2.0                C+
> 1.7                C
> 1.3                C-
> 1.0                D+
> 0.7                D
> 0.0                D-
0.0                E
Example:
grade_equation([4.0, 3, 1.7, 2, 3.5]) ==> ['A+', 'B', 'C-', 'C', 'A-']","HANDOFF MESSAGE FOR AGENT B:

You need to write a Python function that converts a list of numerical GPAs into a list of corresponding letter grades based on a specific grading threshold table. 

**Function Signature:**
```python
def grade_equation(gpas: list) -> list:
```

**Grading Table Rules:**
- `4.0` -> `A+`
- `> 3.7` -> `A`
- `> 3.3` -> `A-`
- `> 3.0` -> `B+`
- `> 2.7` -> `B`
- `> 2.3` -> `B-`
- `> 2.0` -> `C+`
- `> 1.7` -> `C`
- `> 1.3` -> `C-`
- `> 1.0` -> `D+`
- `> 0.7` -> `D`
- `> 0.0` -> `D-`
- `0.0` (or anything strictly not meeting higher thresholds down to 0) -> `E`

*(Note: The thresholds are strict inequalities for everything except exactly 4.0 and 0.0).*

**Example:**
```python
grade_equation([4.0, 3, 1.7, 2, 3.5]) 
# Expected Output: ['A+', 'B', 'C-', 'C', 'A-']
```

**Key Edge Cases to Handle:**
- Exact boundary values (e.g., `4.0`, `3.7`, `3.3`, `0.0`).
- Integer inputs mixed with floats (e.g., `3` instead of `3.0`).
- Empty list input (`[]` should return `[]`).

**Approach:**
Iterate through the input list of GPAs. For each GPA, evaluate it against the thresholds from highest to lowest using an `if-elif-else` chain, and append the corresponding letter grade to a result list. Finally, return the result list.",none,1,humaneval
he_081,"It is the last week of the semester and the teacher has to give the grades
to students. The teacher has been making her own algorithm for grading.
The only problem is, she has lost the code she used for grading.
She has given you a list of GPAs for some students and you have to write
a function that can output a list of letter grades using the following table:
GPA       |    Letter grade
4.0                A+
> 3.7                A
> 3.3                A-
> 3.0                B+
> 2.7                B
> 2.3                B-
> 2.0                C+
> 1.7                C
> 1.3                C-
> 1.0                D+
> 0.7                D
> 0.0                D-
0.0                E
Example:
grade_equation([4.0, 3, 1.7, 2, 3.5]) ==> ['A+', 'B', 'C-', 'C', 'A-']",HANDOFF MESSAGE FOR AGENT B: You need to write a Python function that converts a list of numerical GPAs into a list of corresponding letter grades based on a specific grading threshold table. **Function Signature:** ```python def grade_equation(gpas: list) -> list: ``` **Grading Table Rules:** - `4.0` -> `A+` - `> 3.7` -> `A` - `> 3.3` -> `A-` - `> 3.0` -> `B+` -,truncation,0,humaneval
he_081,"It is the last week of the semester and the teacher has to give the grades
to students. The teacher has been making her own algorithm for grading.
The only problem is, she has lost the code she used for grading.
She has given you a list of GPAs for some students and you have to write
a function that can output a list of letter grades using the following table:
GPA       |    Letter grade
4.0                A+
> 3.7                A
> 3.3                A-
> 3.0                B+
> 2.7                B
> 2.3                B-
> 2.0                C+
> 1.7                C
> 1.3                C-
> 1.0                D+
> 0.7                D
> 0.0                D-
0.0                E
Example:
grade_equation([4.0, 3, 1.7, 2, 3.5]) ==> ['A+', 'B', 'C-', 'C', 'A-']","HANDOFF MESSAGE FOR AGENT B:

You need to write a Python function that converts a list of numerical GPAs into a list of corresponding letter grades based on a specific grading threshold table. 

**Function Signature:**


**Grading Table Rules:**

*(Note: The thresholds are strict inequalities for everything except exactly 4.0 and 0.0).*

**Example:**


**Key Edge Cases to Handle:**

**Approach:**
Iterate through the input list of GPAs. For each GPA, evaluate it against the thresholds from highest to lowest using an  chain, and append the corresponding letter grade to a result list. Finally, return the result list.",tool_result_drop,0,humaneval
he_081,"It is the last week of the semester and the teacher has to give the grades
to students. The teacher has been making her own algorithm for grading.
The only problem is, she has lost the code she used for grading.
She has given you a list of GPAs for some students and you have to write
a function that can output a list of letter grades using the following table:
GPA       |    Letter grade
4.0                A+
> 3.7                A
> 3.3                A-
> 3.0                B+
> 2.7                B
> 2.3                B-
> 2.0                C+
> 1.7                C
> 1.3                C-
> 1.0                D+
> 0.7                D
> 0.0                D-
0.0                E
Example:
grade_equation([4.0, 3, 1.7, 2, 3.5]) ==> ['A+', 'B', 'C-', 'C', 'A-']",You need to write a Python function that converts a list of numerical GPAs into a list of corresponding letter grades based on a specific grading threshold table.,over_summarization,0,humaneval
he_082,"Write a function that takes a string and returns True if the string
length is a prime number or False otherwise
Examples
prime_length('Hello') == True
prime_length('abcdcba') == True
prime_length('kittens') == True
prime_length('orange') == False","Agent B, please implement the following Python function based on these specifications:

**Function Objective:**
Write a function that checks whether the length of a given string is a prime number. It should return `True` if the string length is prime, and `False` otherwise.

**Function Signature:**
```python
def prime_length(text: str) -> bool:
```

**Key Edge Cases to Handle:**
- Lengths less than 2 (0 and 1) are not prime, so return `False`.
- Smallest prime length is 2 (return `True`).
- Strings with lengths that are composite numbers (e.g., length 4, 6, etc.) should return `False`.
- Empty strings `""""` have a length of 0, which is not prime (`False`).

**Brief Plan / Approach:**
1. Get the length of the input string using `len(text)`.
2. Check if the length is less than 2; if so, return `False`.
3. Iterate with a loop from `2` up to the square root of the length (inclusive/using integer conversion).
4. If the length is divisible by any number in that range, return `False`.
5. If no divisors are found, return `True`.",none,1,humaneval
he_083,"Given a positive integer n, return the count of the numbers of n-digit
positive integers that start or end with 1.","### HANDOFF MESSAGE FOR AGENT B

**Task Overview:**
Write a Python function that calculates the number of positive integers with exactly $n$ digits that either start with the digit `1`, end with the digit `1`, or both.

**Exact Function Signature:**
```python
def count_numbers(n: int) -> int:
    """"""
    Returns the count of n-digit positive integers that start or end with 1.
    """"""
    pass
```

**Key Edge Cases to Handle:**
- `n = 1`: A 1-digit positive integer can be from 1 to 9. The only number that starts and ends with 1 is `1`. The count should be `1`.
- Large values of `n` (e.g., up to standard integer limits where performance or overflow might be a concern, though Python handles arbitrarily large integers natively).

**Approach / Mathematical Derivation (Inclusion-Exclusion Principle):**
To avoid double-counting numbers that *both* start and end with `1`:
1. **Total $n$-digit numbers starting with 1:** The first digit is fixed as `1`. The remaining $n-1$ positions can each be any digit from `0` to `9` (10 choices). 
   - Count = $10^{n-1}$
2. **Total $n$-digit numbers ending in 1:** The last digit is fixed as `1`. The first digit can be `1` through `9` (9 choices, since positive integers cannot start with 0). The remaining $n-2$ positions can be any digit from `0` to `9` (10 choices).
   - For $n = 1$: Count = 1 (just the number `1`).
   - For $n > 1$: Count = $9 \times 10^{n-2}$
3. **Total $n$-digit numbers starting AND ending with 1:** The first digit is `1`, and the last digit is `1`. The $n-2$ intermediate positions can each be any digit from `0` to `9`.
   - For $n = 1$: Count = 1.
   - For $n = 2$: First digit `1`, last digit `1` $\rightarrow$ number is `11` (Count = $10^0 = 1$).
   - For $n > 2$: Count = $10^{n-2}$
4. **Apply Inclusion-Exclusion:**
   $\text{Total} = (\text{Starts with 1}) + (\text{Ends with 1}) - (\text{Starts and Ends with 1})$

Implement this logic cleanly in the `count_numbers(n)` function.",none,1,humaneval
he_085,"Given a non-empty list of integers lst. add the even elements that are at odd indices..
Examples:
add([4, 2, 6, 7]) ==> 2","**HANDOFF MESSAGE FOR AGENT B**

**Function Requirements:**
Write a Python function that takes a non-empty list of integers (`lst`) and returns the sum of all elements that meet two conditions simultaneously:
1. The element itself is an even number.
2. The element is located at an odd index (0-indexed).

**Function Signature:**
```python
def add(lst: list[int]) -> int:
```

**Key Edge Cases to Handle:**
- Lists with no elements at odd indices meeting the criteria (should return `0`).
- Lists where elements at odd indices are odd numbers (should be ignored).
- Negative numbers (if an even number is negative and at an odd index, standard mathematical addition applies).
- List length of 1 (index 1 doesn't exist, should return `0`).

**Plan / Approach:**
1. Initialize a `total` variable to `0`.
2. Iterate through the list using a `for` loop with `enumerate()` to track both the index and the value.
3. Check if the index is odd (`index % 2 != 0`).
4. Check if the value is even (`value % 2 == 0`).
5. If both conditions are met, add the value to `total`.
6. Return `total`.",none,1,humaneval
he_085,"Given a non-empty list of integers lst. add the even elements that are at odd indices..
Examples:
add([4, 2, 6, 7]) ==> 2","**HANDOFF MESSAGE FOR AGENT B**

**Function Requirements:**
Write a Python function that takes a non-empty list of integers () and returns the sum of all elements that meet two conditions simultaneously:

**Function Signature:**


**Key Edge Cases to Handle:**

**Plan / Approach:**",tool_result_drop,0,humaneval
he_085,"Given a non-empty list of integers lst. add the even elements that are at odd indices..
Examples:
add([4, 2, 6, 7]) ==> 2",Iterate through the list using a `for` loop with `enumerate()` to track both the index and the value.,over_summarization,0,humaneval
he_086,"Write a function that takes a string and returns an ordered version of it.
Ordered version of string, is a string where all words (separated by space)
are replaced by a new word where all the characters arranged in
ascending order based on ascii value.
Note: You should keep the order of words and blank spaces in the sentence.
For example:
anti_shuffle('Hi') returns 'Hi'
anti_shuffle('hello') returns 'ehllo'
anti_shuffle('Hello World!!!') returns 'Hello !!!Wdlor'","AGENT B HANDOFF MESSAGE

Function to Build:
Write a Python function named `anti_shuffle(s: str) -> str`. 

Problem Statement:
The function takes a string `s` and returns an ""ordered"" version of it. An ordered version is defined as follows:
- The string is split into words (separated by spaces).
- Each individual word is replaced by a new word where all of its characters are rearranged in ascending order based on their ASCII values.
- The original order of the words, as well as all blank spaces (including multiple consecutive spaces) in the sentence, must be strictly preserved.

Examples:
- `anti_shuffle('Hi')` -> `'Hi'`
- `anti_shuffle('hello')` -> `'ehllo'`
- `anti_shuffle('Hello World!!!')` -> `'Hello !!!Wdlor'`

Key Edge Cases to Handle:
1. Multiple consecutive spaces or leading/trailing spaces must be preserved in their exact positions (do not just use a simple `.split()` without handling whitespace).
2. Punctuation attached to words (like `World!!!`) should be treated as part of the word and sorted alongside the alphabetical characters based on ASCII values (e.g., `'!!!Wdlor'`).
3. Empty strings `""""` or strings consisting entirely of spaces.
4. Single-character words or single-character strings.

Suggested Approach:
1. Instead of a standard whitespace split that discards spacing information, you can use regular expressions (`re.split` with capturing parentheses or `re.finditer`) to tokenize the string into alternating chunks of words and whitespace/separators.
2. For each chunk that is a word, convert it to a list of characters, sort them using `sorted()` (which sorts by ASCII value by default), and join them back into a string.
3. Leave whitespace chunks completely untouched.
4. Recombine all processed word chunks and whitespace chunks in their original order to form the final result string.",none,1,humaneval
he_087,"You are given a 2 dimensional data, as a nested lists,
which is similar to matrix, however, unlike matrices,
each row may contain a different number of columns.
Given lst, and integer x, find integers x in the list,
and return list of tuples, [(x1, y1), (x2, y2) ...] such that
each tuple is a coordinate - (row, columns), starting with 0.
Sort coordinates initially by rows in ascending order.
Also, sort coordinates of the row by columns in descending order.
Examples:
get_row([
[1,2,3,4,5,6],
[1,2,3,4,1,6],
[1,2,3,4,5,1]
], 1) == [(0, 0), (1, 4), (1, 0), (2, 5), (2, 0)]
get_row([], 1) == []
get_row([[], [1], [1, 2, 3]], 3) == [(2, 2)]","HANDOFF MESSAGE for Agent B:

You need to write a Python function that searches for all occurrences of a specific integer `x` within a 2D data structure (a nested list where rows may have varying lengths). The function must return a list of 0-indexed coordinates `(row, col)` where `x` is found.

### Function Signature
```python
def get_row(lst: list[list[int]], x: int) -> list[tuple[int, int]]:
```

### Sorting Requirements
1. **Primary sort:** By row index in **ascending** order.
2. **Secondary sort (within the same row):** By column index in **descending** order.

### Examples
- `get_row([[1,2,3,4,5,6], [1,2,3,4,1,6], [1,2,3,4,5,1]], 1)` 
  -> `[(0, 0), (1, 4), (1, 0), (2, 5), (2, 0)]`
- `get_row([], 1)` -> `[]`
- `get_row([[], [1], [1, 2, 3]], 3)` -> `[(2, 2)]`

### Edge Cases to Handle
- An entirely empty list `lst = []`.
- Rows that are empty lists `[]` (e.g., inside `lst`).
- The target integer `x` not appearing anywhere in the nested list.
- Rows having different lengths (ragged arrays).

### Implementation Plan
1. Initialize an empty list to store the matching coordinates.
2. Iterate through `lst` using `enumerate` to track the `row` index.
3. For each row, iterate through its elements using `enumerate` to track the `col` index.
4. If the element equals `x`, append the tuple `(row, col)` to your results list.
5. Sort the results list using Python's `.sort()` or `sorted()`. Since you need rows ascending and columns descending, you can sort with a custom key or sort twice (e.g., sort by column descending first, then by row ascending, taking advantage of Python's stable sorting). Alternatively: `sorted(results, key=lambda coord: (coord[0], -coord[1]))`.
6. Return the sorted list of tuples.",none,1,humaneval
he_087,"You are given a 2 dimensional data, as a nested lists,
which is similar to matrix, however, unlike matrices,
each row may contain a different number of columns.
Given lst, and integer x, find integers x in the list,
and return list of tuples, [(x1, y1), (x2, y2) ...] such that
each tuple is a coordinate - (row, columns), starting with 0.
Sort coordinates initially by rows in ascending order.
Also, sort coordinates of the row by columns in descending order.
Examples:
get_row([
[1,2,3,4,5,6],
[1,2,3,4,1,6],
[1,2,3,4,5,1]
], 1) == [(0, 0), (1, 4), (1, 0), (2, 5), (2, 0)]
get_row([], 1) == []
get_row([[], [1], [1, 2, 3]], 3) == [(2, 2)]","HANDOFF MESSAGE for Agent B: You need to write a Python function that searches for all occurrences of a specific integer `x` within a 2D data structure (a nested list where rows may have varying lengths). The function must return a list of 0-indexed coordinates `(row, col)` where `x` is found. ### Function Signature ```python def get_row(lst: list[list[int]], x: int) -> list[tuple[int, int]]: ``` ### Sorting Requirements 1. **Primary sort:** By row index in **ascending** order. 2. **Secondary sort (within the same",truncation,0,humaneval
he_087,"You are given a 2 dimensional data, as a nested lists,
which is similar to matrix, however, unlike matrices,
each row may contain a different number of columns.
Given lst, and integer x, find integers x in the list,
and return list of tuples, [(x1, y1), (x2, y2) ...] such that
each tuple is a coordinate - (row, columns), starting with 0.
Sort coordinates initially by rows in ascending order.
Also, sort coordinates of the row by columns in descending order.
Examples:
get_row([
[1,2,3,4,5,6],
[1,2,3,4,1,6],
[1,2,3,4,5,1]
], 1) == [(0, 0), (1, 4), (1, 0), (2, 5), (2, 0)]
get_row([], 1) == []
get_row([[], [1], [1, 2, 3]], 3) == [(2, 2)]","HANDOFF MESSAGE for Agent B:

You need to write a Python function that searches for all occurrences of a specific integer  within a 2D data structure (a nested list where rows may have varying lengths). The function must return a list of 0-indexed coordinates  where  is found.

### Function Signature


### Sorting Requirements

### Examples
  -> 

### Edge Cases to Handle

### Implementation Plan",tool_result_drop,0,humaneval
he_087,"You are given a 2 dimensional data, as a nested lists,
which is similar to matrix, however, unlike matrices,
each row may contain a different number of columns.
Given lst, and integer x, find integers x in the list,
and return list of tuples, [(x1, y1), (x2, y2) ...] such that
each tuple is a coordinate - (row, columns), starting with 0.
Sort coordinates initially by rows in ascending order.
Also, sort coordinates of the row by columns in descending order.
Examples:
get_row([
[1,2,3,4,5,6],
[1,2,3,4,1,6],
[1,2,3,4,5,1]
], 1) == [(0, 0), (1, 4), (1, 0), (2, 5), (2, 0)]
get_row([], 1) == []
get_row([[], [1], [1, 2, 3]], 3) == [(2, 2)]",You need to write a Python function that searches for all occurrences of a specific integer `x` within a 2D data structure (a nested list where rows may have varying lengths).,over_summarization,0,humaneval
he_088,"Given an array of non-negative integers, return a copy of the given array after sorting,
you will sort the given array in ascending order if the sum( first index value, last index value) is odd,
or sort it in descending order if the sum( first index value, last index value) is even.
Note:
* don't change the given array.
Examples:
* sort_array([]) => []
* sort_array([5]) => [5]
* sort_array([2, 4, 3, 0, 1, 5]) => [0, 1, 2, 3, 4, 5]
* sort_array([2, 4, 3, 0, 1, 5, 6]) => [6, 5, 4, 3, 2, 1, 0]","### HANDOFF MESSAGE FOR AGENT B

**Function Objective:**
Build a function that takes an array of non-negative integers and returns a *copy* of the array sorted according to a specific condition. Do not modify the original array.

**Function Signature:**
```python
def sort_array(arr: list[int]) -> list[int]:
```

**Sorting Rules:**
1. Check the sum of the first element and the last element of the input array (`arr[0] + arr[-1]`).
2. If the sum is **odd**, sort the array in **ascending** order.
3. If the sum is **even**, sort the array in **descending** order.

**Edge Cases to Handle:**
* **Empty array (`[]`):** Should return `[]`. (Be careful not to access index `0` or `-1` out of bounds when the array is empty).
* **Single-element array (`[x]`):** The first and last element is the same element. Its sum will be `x + x = 2x` (always even, so it would sort descending, which results in the same single element). Should return `[x]`.

**Implementation Plan:**
1. Handle the edge case for an empty array immediately (`if not arr: return []`).
2. Create a copy of the input array so the original remains unmodified (e.g., `arr_copy = list(arr)` or `arr_copy = arr[:]`).
3. Calculate the sum of the first and last elements: `first_last_sum = arr[0] + arr[-1]`.
4. Determine the sort order:
   - If `first_last_sum % 2 != 0` (odd), sort ascending.
   - If `first_last_sum % 2 == 0` (even), sort descending.
5. Return the sorted copy.",none,1,humaneval
he_088,"Given an array of non-negative integers, return a copy of the given array after sorting,
you will sort the given array in ascending order if the sum( first index value, last index value) is odd,
or sort it in descending order if the sum( first index value, last index value) is even.
Note:
* don't change the given array.
Examples:
* sort_array([]) => []
* sort_array([5]) => [5]
* sort_array([2, 4, 3, 0, 1, 5]) => [0, 1, 2, 3, 4, 5]
* sort_array([2, 4, 3, 0, 1, 5, 6]) => [6, 5, 4, 3, 2, 1, 0]",### HANDOFF MESSAGE FOR AGENT B **Function Objective:** Build a function that takes an array of non-negative integers and returns a *copy* of the array sorted according to a specific condition. Do not modify the original array. **Function Signature:** ```python def sort_array(arr: list[int]) -> list[int]: ``` **Sorting Rules:** 1. Check the sum of the first element and the last element of the input array (`arr[0] + arr[-1]`). 2. If the sum is,truncation,0,humaneval
he_088,"Given an array of non-negative integers, return a copy of the given array after sorting,
you will sort the given array in ascending order if the sum( first index value, last index value) is odd,
or sort it in descending order if the sum( first index value, last index value) is even.
Note:
* don't change the given array.
Examples:
* sort_array([]) => []
* sort_array([5]) => [5]
* sort_array([2, 4, 3, 0, 1, 5]) => [0, 1, 2, 3, 4, 5]
* sort_array([2, 4, 3, 0, 1, 5, 6]) => [6, 5, 4, 3, 2, 1, 0]","### HANDOFF MESSAGE FOR AGENT B

**Function Objective:**
Build a function that takes an array of non-negative integers and returns a *copy* of the array sorted according to a specific condition. Do not modify the original array.

**Function Signature:**


**Sorting Rules:**

**Edge Cases to Handle:**

**Implementation Plan:**",tool_result_drop,0,humaneval
he_088,"Given an array of non-negative integers, return a copy of the given array after sorting,
you will sort the given array in ascending order if the sum( first index value, last index value) is odd,
or sort it in descending order if the sum( first index value, last index value) is even.
Note:
* don't change the given array.
Examples:
* sort_array([]) => []
* sort_array([5]) => [5]
* sort_array([2, 4, 3, 0, 1, 5]) => [0, 1, 2, 3, 4, 5]
* sort_array([2, 4, 3, 0, 1, 5, 6]) => [6, 5, 4, 3, 2, 1, 0]",Check the sum of the first element and the last element of the input array (`arr[0] + arr[-1]`).,over_summarization,0,humaneval
he_089,"Create a function encrypt that takes a string as an argument and
returns a string encrypted with the alphabet being rotated.
The alphabet should be rotated in a manner such that the letters
shift down by two multiplied to two places.
For example:
encrypt('hi') returns 'lm'
encrypt('asdfghjkl') returns 'ewhjklnop'
encrypt('gf') returns 'kj'
encrypt('et') returns 'ix'","**HANDOFF MESSAGE FOR AGENT B**

**1. Restatement of the Problem**
We need to implement a string encryption function that shifts the letters of the input string using a rotated alphabet. 
- The rotation amount (shift) is calculated as **two multiplied by two**, which equals a **shift of 4**.
- This means each alphabetical character in the input string should be replaced by the character 4 positions ahead in the alphabet (wrapping around from 'z' to 'a').
- Non-alphabetic characters (if any) should ideally remain unchanged, though inputs in the examples are purely alphabetical. Case preservation should be handled appropriately (standard lowercase/uppercase handling, though all examples are lowercase).

**2. Exact Function Signature**
```python
def encrypt(text: str) -> str:
    """"""
    Encrypts a string by shifting its alphabetic characters forward by 4 positions 
    (2 * 2), wrapping around the alphabet if necessary.
    """"""
```

**3. Key Edge Cases to Handle**
- **Alphabet Wrap-around**: Characters near the end of the alphabet (e.g., 'w', 'x', 'y', 'z') must wrap around to the beginning ('a', 'b', etc.). For example, 't' + 4 = 'x'.
- **String Lengths**: Handle empty strings `""""` gracefully by returning `""""`.
- **Case Sensitivity**: Ensure that if uppercase letters are passed, they retain their case (or assume lowercase per the examples, but modulo arithmetic should preserve case if using ASCII values).

**4. Brief Plan / Approach**
- Calculate the shift value: `shift = 2 * 2` (which is `4`).
- Iterate through each character in the input string.
- For each character, check if it is a letter. If it is:
  - Determine its base ('a' for lowercase, 'A' for uppercase).
  - Convert the character to a 0-indexed integer (0-25).
  - Apply the shift using modulo 26: `(ord(char) - base + shift) % 26`.
  - Convert it back to a character and append to the result.
- If the character is not a letter, append it as-is.
- Return the newly constructed encrypted string.",none,1,humaneval
he_089,"Create a function encrypt that takes a string as an argument and
returns a string encrypted with the alphabet being rotated.
The alphabet should be rotated in a manner such that the letters
shift down by two multiplied to two places.
For example:
encrypt('hi') returns 'lm'
encrypt('asdfghjkl') returns 'ewhjklnop'
encrypt('gf') returns 'kj'
encrypt('et') returns 'ix'","**HANDOFF MESSAGE FOR AGENT B**

**1. Restatement of the Problem**
We need to implement a string encryption function that shifts the letters of the input string using a rotated alphabet. 

**2. Exact Function Signature**


**3. Key Edge Cases to Handle**

**4. Brief Plan / Approach**",tool_result_drop,0,humaneval
he_090,"You are given a list of integers.
Write a function next_smallest() that returns the 2nd smallest element of the list.
Return None if there is no such element.
next_smallest([1, 2, 3, 4, 5]) == 2
next_smallest([5, 1, 4, 3, 2]) == 2
next_smallest([]) == None
next_smallest([1, 1]) == None","AGENT B HANDOFF MESSAGE

**Task:** Write a Python function that finds the second smallest element in a list of integers.

**Function Signature:**
```python
def next_smallest(lst: list[int]) -> int | None:
```

**Requirements & Edge Cases:**
- Return the 2nd smallest element (strictly speaking, after removing duplicates or based on sorted order, but typically handled by sorting unique elements). Let's look at the behavior: `[1, 1]` returns `None` (since there is no distinct second smallest, or no element strictly greater than the minimum).
- Return `None` if the list has fewer than 2 elements or if all elements are identical (e.g., `[]`, `[1]`, `[1, 1]` all return `None`).
- Example behaviors:
  - `next_smallest([1, 2, 3, 4, 5])` -> `2`
  - `next_smallest([5, 1, 4, 3, 2])` -> `2`
  - `next_smallest([])` -> `None`
  - `next_smallest([1, 1])` -> `None`

**Suggested Approach:**
1. Convert the input list to a set to remove duplicates, then convert it back to a list and sort it.
2. Check if the length of the sorted unique list is less than 2. If so, return `None`.
3. Otherwise, return the element at index 1 (`sorted_unique[1]`).",none,1,humaneval
he_091,"You'll be given a string of words, and your task is to count the number
of boredoms. A boredom is a sentence that starts with the word ""I"".
Sentences are delimited by '.', '?' or '!'.
For example:
>>> is_bored(""Hello world"")
0
>>> is_bored(""The sky is blue. The sun is shining. I love this weather"")
1","### HANDOFF MESSAGE FOR AGENT B

**Function to Build:**
Write a Python function named `is_bored(S: str) -> int` that counts the number of ""boredoms"" in a given string of text. A boredom is defined as a sentence that starts with the word ""I"". 

**Definition of Sentences & Delimiters:**
- Sentences are separated by sentence-ending punctuation marks: `.`, `?`, or `!`.
- Words are typically separated by spaces.
- A sentence starts with ""I"" if the very first non-whitespace word in that sentence is strictly the uppercase letter ""I"".

**Function Signature:**
```python
def is_bored(S: str) -> int:
    pass
```

**Key Edge Cases to Handle:**
1. **Punctuation & Whitespace:** Sentences might have leading/trailing whitespace after splitting by delimiters. Make sure to `.strip()` each sentence.
2. **Word Boundary Check:** A sentence starting with ""In"" or ""If"" does *not* start with the word ""I"". The first word must be exactly `""I""`.
3. **Empty or Punctuation-Only Strings:** Strings like `""""`, `""...""`, or `""   ""` should return `0`.
4. **Multiple Delimiters:** Handle cases where multiple punctuation marks might appear together or sentences lack final punctuation.
5. **Case Sensitivity:** The starting word must be uppercase `""I""`. Lowercase `""i""` at the start of a sentence does not count (unless specified, but stick to strict matching of `""I""`).

**Suggested Approach:**
1. Split the input string `S` into individual sentences using a regular expression (e.g., splitting on `.`, `?`, `!`) or by replacing delimiters with a uniform separator and splitting.
2. Iterate through each extracted sentence:
   - Strip leading and trailing whitespace.
   - Split the sentence into words (using whitespace).
   - Check if the list of words is not empty and the first word is equal to `""I""`.
   - If it is, increment a counter.
3. Return the final counter.",none,1,humaneval
he_091,"You'll be given a string of words, and your task is to count the number
of boredoms. A boredom is a sentence that starts with the word ""I"".
Sentences are delimited by '.', '?' or '!'.
For example:
>>> is_bored(""Hello world"")
0
>>> is_bored(""The sky is blue. The sun is shining. I love this weather"")
1","- A sentence starts with ""I"" if the very first non-whitespace word in that sentence is strictly the uppercase letter ""I"".",over_summarization,0,humaneval
he_092,"Create a function that takes 3 numbers.
Returns true if one of the numbers is equal to the sum of the other two, and all numbers are integers.
Returns false in any other cases.
Examples
any_int(5, 2, 7) ➞ True
any_int(3, 2, 2) ➞ False
any_int(3, -2, 1) ➞ True
any_int(3.6, -2.2, 2) ➞ False","Agent B, here are the specifications for the function you need to write:

### Function Restatement
Create a Python function that takes 3 arguments and returns `True` if all 3 arguments are integers AND one of the numbers is equal to the sum of the other two. Otherwise, it should return `False`.

### Function Signature
```python
def any_int(a, b, c) -> bool:
```

### Key Edge Cases to Handle
1. **Float/Decimal inputs**: Even if a float mathematically equals an integer (e.g., `5.0`), it is NOT an integer type in Python and should return `False` (as seen in the example `any_int(3.6, -2.2, 2) ➞ False`, but also be mindful that booleans are a subclass of ints in Python, so explicit type checking for `bool` may be needed).
2. **Negative numbers**: Negative integers are valid integers and should be processed correctly (e.g., `any_int(3, -2, 1) ➞ True` since `3 + (-2) = 1`).
3. **Duplicate values**: Numbers can be the same, but the sum condition must strictly hold between distinct positions (e.g., `any_int(3, 2, 2) ➞ False` because no single number equals the sum of the other two: $3 \neq 2+2$, $2 \neq 3+2$).

### Implementation Plan
1. **Type Validation**: First, check if all three inputs are strictly instances of `int` (and not `bool`, since `isinstance(True, int)` evaluates to `True` in Python). If any input is not an integer, return `False`.
2. **Sum Condition Check**: Verify if any of the following three conditions are true:
   - `a == b + c`
   - `b == a + c`
   - `c == a + b`
3. **Return**: Return `True` if the condition is met, otherwise `False`.",none,1,humaneval
he_092,"Create a function that takes 3 numbers.
Returns true if one of the numbers is equal to the sum of the other two, and all numbers are integers.
Returns false in any other cases.
Examples
any_int(5, 2, 7) ➞ True
any_int(3, 2, 2) ➞ False
any_int(3, -2, 1) ➞ True
any_int(3.6, -2.2, 2) ➞ False","**Float/Decimal inputs**: Even if a float mathematically equals an integer (e.g., `5.0`), it is NOT an integer type in Python and should return `False` (as seen in the example `any_int(3.6, -2.2, 2) ➞ False`, but also be mindful that booleans are a subclass of ints in Python, so explicit type checking for `bool` may be needed).",over_summarization,0,humaneval
he_093,"Write a function that takes a message, and encodes in such a
way that it swaps case of all letters, replaces all vowels in
the message with the letter that appears 2 places ahead of that
vowel in the english alphabet.
Assume only letters.
Examples:
>>> encode('test')
'TGST'
>>> encode('This is a message')
'tHKS KS C MGSSCGG'","**HANDOFF MESSAGE FOR AGENT B**

**1. Function Goal:**
Write a Python function named `encode` that takes a string `message` (consisting only of letters, per the problem statement) and returns an encoded string according to two rules:
- **Case Swapping:** Swap the case of every letter (lowercase becomes uppercase, uppercase becomes lowercase).
- **Vowel Replacement:** Replace all vowels (case-insensitive: 'a', 'e', 'i', 'o', 'u') with the letter that appears exactly 2 places ahead of that vowel in the English alphabet (maintaining the correct shifted case after the case-swap rule, or apply the shift and then swap case consistently).

**2. Function Signature:**
```python
def encode(message: str) -> str:
```

**3. Examples & Behavior Breakdown:**
- `encode('test')` -> `'TGST'`
  - `'t'` -> swap case -> `'T'`
  - `'e'` -> vowel, 2 places ahead of 'e' is 'g' (or 'G' after case swap) -> `'G'`
  - `'s'` -> swap case -> `'S'`
  - `'t'` -> swap case -> `'T'`
  - Result: `'TGST'`
- `encode('This is a message')` -> `'tHKS KS C MGSSCGG'`

**4. Key Edge Cases to Handle:**
- Vowels can be uppercase or lowercase in the input; ensure both are correctly recognized and shifted.
- Alphabet wrapping is not strictly necessary for standard vowels ('a'->'c', 'e'->'g', 'i'->'k', 'o'->'q', 'u'->'w'), but good to keep in mind.
- Only letters are assumed in the input, so no special character or whitespace handling beyond preserving spaces is needed.

**5. Suggested Implementation Plan:**
1. Define the set of vowels (both lower and upper): `vowels = set('aeiouAEIOU')`.
2. Iterate through each character in the `message`.
3. For each character, check if it is a vowel:
   - If it is a vowel, find its shifted counterpart (2 positions ahead in the alphabet, e.g., using `ord()` and `chr()`), and then apply the case swap. Alternatively, swap case first, then shift, or vice versa—verify against the example `'e'` -> `'g'` -> uppercase `'G'`. (Note: in `'test'`, lower `'e'` becomes upper `'G'`, meaning shift happens before or alongside case swap).
   - If it is a consonant, simply swap its case (`char.swapcase()`).
4. Join the processed characters back into a single string and return it.",none,1,humaneval
he_093,"Write a function that takes a message, and encodes in such a
way that it swaps case of all letters, replaces all vowels in
the message with the letter that appears 2 places ahead of that
vowel in the english alphabet.
Assume only letters.
Examples:
>>> encode('test')
'TGST'
>>> encode('This is a message')
'tHKS KS C MGSSCGG'","**HANDOFF MESSAGE FOR AGENT B**

**1. Function Goal:**
Write a Python function named  that takes a string  (consisting only of letters, per the problem statement) and returns an encoded string according to two rules:

**2. Function Signature:**


**3. Examples & Behavior Breakdown:**

**4. Key Edge Cases to Handle:**

**5. Suggested Implementation Plan:**",tool_result_drop,0,humaneval
he_093,"Write a function that takes a message, and encodes in such a
way that it swaps case of all letters, replaces all vowels in
the message with the letter that appears 2 places ahead of that
vowel in the english alphabet.
Assume only letters.
Examples:
>>> encode('test')
'TGST'
>>> encode('This is a message')
'tHKS KS C MGSSCGG'","- **Vowel Replacement:** Replace all vowels (case-insensitive: 'a', 'e', 'i', 'o', 'u') with the letter that appears exactly 2 places ahead of that vowel in the English alphabet (maintaining the correct shifted case after the case-swap rule, or apply the shift and then swap case consistently).",over_summarization,0,humaneval
he_094,"You are given a list of integers.
You need to find the largest prime value and return the sum of its digits.
Examples:
For lst = [0,3,2,1,3,5,7,4,5,5,5,2,181,32,4,32,3,2,32,324,4,3] the output should be 10
For lst = [1,0,1,8,2,4597,2,1,3,40,1,2,1,2,4,2,5,1] the output should be 25
For lst = [1,3,1,32,5107,34,83278,109,163,23,2323,32,30,1,9,3] the output should be 13
For lst = [0,724,32,71,99,32,6,0,5,91,83,0,5,6] the output should be 11
For lst = [0,81,12,3,1,21] the output should be 3
For lst = [0,8,1,2,1,7] the output should be 7","Handoff Message for Agent B:

1. **Restatement of the Problem:**
   You need to write a Python function that takes a list of integers, finds the largest prime number present in that list, and returns the sum of the digits of that largest prime number.

2. **Function Name and Signature:**
   `def solve(lst: list[int]) -> int:`

3. **Key Edge Cases to Handle:**
   - The input list might contain numbers less than 2 (e.g., negative numbers, 0, 1), which are not prime.
   - There may be duplicate prime numbers; the maximum among them should be selected.
   - Assume there is always at least one prime number present in the input list based on the problem domain.
   - Single-digit primes and multi-digit primes should both be handled correctly (e.g., for 181, the sum of digits is $1 + 8 + 1 = 10$).

4. **Brief Plan/Approach:**
   - Create a helper function `is_prime(n: int) -> bool` to check if a number is prime (return `False` for $n \le 1$, check divisibility up to $\lfloor\sqrt{n}\rfloor$).
   - Filter the input list `lst` to retain only the prime numbers.
   - Find the maximum value among the filtered prime numbers.
   - Convert this maximum prime number to its string representation (or use arithmetic modulo 10) to sum its individual digits.
   - Return the resulting integer sum.",none,1,humaneval
he_095,"Given a dictionary, return True if all keys are strings in lower
case or all keys are strings in upper case, else return False.
The function should return False is the given dictionary is empty.
Examples:
check_dict_case({""a"":""apple"", ""b"":""banana""}) should return True.
check_dict_case({""a"":""apple"", ""A"":""banana"", ""B"":""banana""}) should return False.
check_dict_case({""a"":""apple"", 8:""banana"", ""a"":""apple""}) should return False.
check_dict_case({""Name"":""John"", ""Age"":""36"", ""City"":""Houston""}) should return False.
check_dict_case({""STATE"":""NC"", ""ZIP"":""12345"" }) should return True.","HANDOFF MESSAGE FOR AGENT B:

You need to write a Python function that checks the case consistency of all keys in a given dictionary.

**Function Signature:**
`def check_dict_case(d: dict) -> bool:`

**Requirements:**
- Return `True` if **all** keys in the dictionary are strings and are *either* entirely lowercase *or* entirely uppercase.
- Return `False` otherwise.
- Return `False` if the dictionary is empty.

**Edge Cases to Handle:**
1. **Empty Dictionary:** Must return `False`.
2. **Non-string keys:** If any key is not a string (e.g., an integer), return `False`. (Note: Built-in string methods like `.islower()` and `.isupper()` return `False` for non-strings, but ensure you explicitly validate key types or handle them safely).
3. **Mixed case keys:** If some string keys are uppercase and others are lowercase (or mixed case), return `False`.
4. **Single-element dictionary:** If it contains a single string key that is either all lowercase or all uppercase, it should return `True` (provided it's a valid string).

**Plan / Approach:**
1. Check if the dictionary is empty (`not d`). If so, return `False`.
2. Initialize two boolean flags or check conditions: `all_lower = True` and `all_upper = True`.
3. Iterate through each key in `d.keys()`:
   - If a key is not an instance of `str`, set both flags to `False` and break.
   - If the key is a string, check if it is lowercase (`key.islower()`). If not, set `all_lower = False`.
   - Check if the key is uppercase (`key.isupper()`). If not, set `all_upper = False`.
   - Optional optimization: If both flags become `False`, you can immediately return `False`.
4. After the loop, return `all_lower or all_upper`.",none,1,humaneval
he_095,"Given a dictionary, return True if all keys are strings in lower
case or all keys are strings in upper case, else return False.
The function should return False is the given dictionary is empty.
Examples:
check_dict_case({""a"":""apple"", ""b"":""banana""}) should return True.
check_dict_case({""a"":""apple"", ""A"":""banana"", ""B"":""banana""}) should return False.
check_dict_case({""a"":""apple"", 8:""banana"", ""a"":""apple""}) should return False.
check_dict_case({""Name"":""John"", ""Age"":""36"", ""City"":""Houston""}) should return False.
check_dict_case({""STATE"":""NC"", ""ZIP"":""12345"" }) should return True.","HANDOFF MESSAGE FOR AGENT B:

You need to write a Python function that checks the case consistency of all keys in a given dictionary.

**Function Signature:**


**Requirements:**

**Edge Cases to Handle:**

**Plan / Approach:**",tool_result_drop,0,humaneval
he_095,"Given a dictionary, return True if all keys are strings in lower
case or all keys are strings in upper case, else return False.
The function should return False is the given dictionary is empty.
Examples:
check_dict_case({""a"":""apple"", ""b"":""banana""}) should return True.
check_dict_case({""a"":""apple"", ""A"":""banana"", ""B"":""banana""}) should return False.
check_dict_case({""a"":""apple"", 8:""banana"", ""a"":""apple""}) should return False.
check_dict_case({""Name"":""John"", ""Age"":""36"", ""City"":""Houston""}) should return False.
check_dict_case({""STATE"":""NC"", ""ZIP"":""12345"" }) should return True.","**Single-element dictionary:** If it contains a single string key that is either all lowercase or all uppercase, it should return `True` (provided it's a valid string).",over_summarization,0,humaneval
he_096,"Implement a function that takes an non-negative integer and returns an array of the first n
integers that are prime numbers and less than n.
for example:
count_up_to(5) => [2,3]
count_up_to(11) => [2,3,5,7]
count_up_to(0) => []
count_up_to(20) => [2,3,5,7,11,13,17,19]
count_up_to(1) => []
count_up_to(18) => [2,3,5,7,11,13,17]","HANDOFF MESSAGE FOR AGENT B:

You need to implement a Python function that takes a single non-negative integer as input and returns a list of integers.

**Function Signature:**
```python
def count_up_to(n: int) -> list[int]:
```

**Requirements:**
The function should return all prime numbers that are strictly less than `n`. Note: The function name and examples imply finding primes *less than* `n`, regardless of the phrasing ""first n integers that are prime numbers and less than n"" (as confirmed by the examples `count_up_to(5) => [2,3]` and `count_up_to(11) => [2,3,5,7]`).

**Key Edge Cases:**
- `n = 0`: Should return `[]` (no primes less than 0).
- `n = 1`: Should return `[]` (no primes less than 1).
- `n = 2`: Should return `[]` (primes must be strictly less than `n`, so 2 is excluded).
- `n = 3`: Should return `[2]`.

**Suggested Approach:**
1. Check if `n <= 2`, and if so, immediately return an empty list `[]`.
2. Write a helper function or logic to check if a number is prime.
3. Iterate through all numbers from 2 up to `n - 1`.
4. Collect all numbers that are prime into a list and return it.",none,1,humaneval
he_097,"Complete the function that takes two integers and returns
the product of their unit digits.
Assume the input is always valid.
Examples:
multiply(148, 412) should return 16.
multiply(19, 28) should return 72.
multiply(2020, 1851) should return 0.
multiply(14,-15) should return 20.","HANDOFF MESSAGE FOR AGENT B:

You need to write a Python function that calculates the product of the unit digits (the last digits) of two input integers.

**Function Signature:**
```python
def multiply(a: int, b: int) -> int:
```

**Requirements & Edge Cases:**
- Inputs are always valid integers (can be positive, negative, or zero).
- The unit digit of a number should be taken in its absolute sense, or handled via modulo. Specifically, the last digit of a number $n$ can be obtained using `abs(n) % 10`. For example, the unit digit of `-15` is `5`.
- Examples:
  - `multiply(148, 412)` -> unit digits are 8 and 2 -> returns `16`
  - `multiply(19, 28)` -> unit digits are 9 and 8 -> returns `72`
  - `multiply(2020, 1851)` -> unit digits are 0 and 1 -> returns `0`
  - `multiply(14, -15)` -> unit digits are 4 and 5 (from `abs(-15)`) -> returns `20`

**Approach:**
1. Extract the unit digit of the first number: `digit_a = abs(a) % 10`.
2. Extract the unit digit of the second number: `digit_b = abs(b) % 10`.
3. Return the product of these two digits: `digit_a * digit_b`.",none,1,humaneval
he_098,"Given a string s, count the number of uppercase vowels in even indices.
For example:
count_upper('aBCdEf') returns 1
count_upper('abcdefg') returns 0
count_upper('dBBE') returns 0","HANDOFF MESSAGE FOR AGENT B:

You need to implement a Python function that counts the number of uppercase vowels located at even indices within a given string.

**Function Signature:**
```python
def count_upper(s: str) -> int:
```

**Definition & Rules:**
- **Uppercase vowels:** 'A', 'E', 'I', 'O', 'U'.
- **Even indices:** 0, 2, 4, 6, etc.

**Examples:**
- `count_upper('aBCdEf')` -> Returns `1` (Index 4 is 'E', which is an uppercase vowel. Index 0 is 'a' which is lowercase).
- `count_upper('abcdefg')` -> Returns `0`
- `count_upper('dBBE')` -> Returns `0` (Index 0 is 'd', index 2 is 'B' which is not a vowel).

**Key Edge Cases to Handle:**
- Empty string `""""` (should return `0`).
- Strings with no even indices containing uppercase vowels.
- Strings containing only lowercase vowels or only uppercase consonants.

**Approach/Plan:**
1. Initialize a counter to `0`.
2. Iterate through the string using a loop or slicing that targets only even indices (e.g., `for i in range(0, len(s), 2):` or `for i, char in enumerate(s): if i % 2 == 0:`).
3. Check if the character at the current even index is in the set of uppercase vowels (`{'A', 'E', 'I', 'O', 'U'}`).
4. If it matches, increment the counter.
5. Return the final counter value.",none,1,humaneval
he_099,"Create a function that takes a value (string) representing a number
and returns the closest integer to it. If the number is equidistant
from two integers, round it away from zero.
Examples
>>> closest_integer(""10"")
10
>>> closest_integer(""15.3"")
15
Note:
Rounding away from zero means that if the given number is equidistant
from two integers, the one you should return is the one that is the
farthest from zero. For example closest_integer(""14.5"") should
return 15 and closest_integer(""-14.5"") should return -15.","Handoff Message for Agent B:

1. Function Requirement:
Create a Python function that takes a string representation of a number and returns the closest integer as an integer type. If the number is exactly halfway between two integers (e.g., ends in .5), it must be rounded ""away from zero"".

2. Function Signature:
`def closest_integer(value: str) -> int:`

3. Key Edge Cases & Rules:
- Standard rounding: `""15.3""` -> `15`, `""10""` -> `10`.
- Equidistant rounding away from zero: 
  - `""14.5""` -> `15` (positive number rounds up in magnitude)
  - `""-14.5""` -> `-15` (negative number rounds down in magnitude, i.e., further from zero)
- Handle negative numbers correctly with string parsing or custom logic, as standard Python `round()` uses round-half-to-even.

4. Proposed Approach:
- Convert the input string `value` to a float.
- Since Python's built-in `round()` or `int()` behavior might not strictly follow ""round away from zero"" for halves (e.g., `round(14.5)` is 14 in Python 3 due to round-to-even), implement a safe rounding check:
  - Check the fractional part. If it ends in `.5` (or equivalent):
    - If the number is positive, take `math.floor(num + 0.5)` or equivalent upward adjustment away from zero.
    - If the number is negative, take `math.ceil(num - 0.5)` or equivalent downward adjustment away from zero.
  - Otherwise, use standard rounding (e.g., `int(round(float(value)))` or `math.floor(x + 0.5)` for positive and `math.ceil(x - 0.5)` for negative).
- Return the resulting integer.",none,1,humaneval
he_099,"Create a function that takes a value (string) representing a number
and returns the closest integer to it. If the number is equidistant
from two integers, round it away from zero.
Examples
>>> closest_integer(""10"")
10
>>> closest_integer(""15.3"")
15
Note:
Rounding away from zero means that if the given number is equidistant
from two integers, the one you should return is the one that is the
farthest from zero. For example closest_integer(""14.5"") should
return 15 and closest_integer(""-14.5"") should return -15.","Handoff Message for Agent B: 1. Function Requirement: Create a Python function that takes a string representation of a number and returns the closest integer as an integer type. If the number is exactly halfway between two integers (e.g., ends in .5), it must be rounded ""away from zero"". 2. Function Signature: `def closest_integer(value: str) -> int:` 3. Key Edge Cases & Rules: - Standard rounding: `""15.3""` -> `15`, `""10""`",truncation,0,humaneval
he_099,"Create a function that takes a value (string) representing a number
and returns the closest integer to it. If the number is equidistant
from two integers, round it away from zero.
Examples
>>> closest_integer(""10"")
10
>>> closest_integer(""15.3"")
15
Note:
Rounding away from zero means that if the given number is equidistant
from two integers, the one you should return is the one that is the
farthest from zero. For example closest_integer(""14.5"") should
return 15 and closest_integer(""-14.5"") should return -15.","Handoff Message for Agent B:

Create a Python function that takes a string representation of a number and returns the closest integer as an integer type. If the number is exactly halfway between two integers (e.g., ends in .5), it must be rounded ""away from zero"".



",tool_result_drop,0,humaneval
he_100,"Given a positive integer n, you have to make a pile of n levels of stones.
The first level has n stones.
The number of stones in the next level is:
- the next odd number if n is odd.
- the next even number if n is even.
Return the number of stones in each level in a list, where element at index
i represents the number of stones in the level (i+1).
Examples:
>>> make_a_pile(3)
[3, 5, 7]","Handoff Message for Agent B:

1. Restatement of the Problem:
You need to write a Python function that generates a list representing the number of stones in each level of a pile, given a positive integer `n` (the number of levels). 
- Level 1 has `n` stones.
- Each subsequent level has the *next* number of the same parity (odd/even) as the previous level's stone count. Specifically, if the current level has $x$ stones, the next level has $x + 2$ stones.
- Return a list of length `n` where the element at index `i` is the number of stones in level `i + 1`.

2. Function Signature:
```python
def make_a_pile(n: int) -> list[int]:
    pass
```

3. Key Edge Cases:
- `n = 1`: Should return `[n]`.
- Positive integer inputs of varying sizes (both odd and even starting values for `n`).

4. Brief Plan/Approach:
- Initialize a list with the first element as `n`.
- Use a loop to generate the remaining `n - 1` levels. In each iteration, add `2` to the previous level's stone count and append it to the list.
- Return the completed list.",none,1,humaneval
he_100,"Given a positive integer n, you have to make a pile of n levels of stones.
The first level has n stones.
The number of stones in the next level is:
- the next odd number if n is odd.
- the next even number if n is even.
Return the number of stones in each level in a list, where element at index
i represents the number of stones in the level (i+1).
Examples:
>>> make_a_pile(3)
[3, 5, 7]","Handoff Message for Agent B: 1. Restatement of the Problem: You need to write a Python function that generates a list representing the number of stones in each level of a pile, given a positive integer `n` (the number of levels). - Level 1 has `n` stones. - Each subsequent level has the *next* number of",truncation,0,humaneval
he_100,"Given a positive integer n, you have to make a pile of n levels of stones.
The first level has n stones.
The number of stones in the next level is:
- the next odd number if n is odd.
- the next even number if n is even.
Return the number of stones in each level in a list, where element at index
i represents the number of stones in the level (i+1).
Examples:
>>> make_a_pile(3)
[3, 5, 7]","Handoff Message for Agent B:

You need to write a Python function that generates a list representing the number of stones in each level of a pile, given a positive integer  (the number of levels). 



",tool_result_drop,0,humaneval
he_100,"Given a positive integer n, you have to make a pile of n levels of stones.
The first level has n stones.
The number of stones in the next level is:
- the next odd number if n is odd.
- the next even number if n is even.
Return the number of stones in each level in a list, where element at index
i represents the number of stones in the level (i+1).
Examples:
>>> make_a_pile(3)
[3, 5, 7]","Restatement of the Problem: You need to write a Python function that generates a list representing the number of stones in each level of a pile, given a positive integer `n` (the number of levels).",over_summarization,0,humaneval
he_101,"You will be given a string of words separated by commas or spaces. Your task is
to split the string into words and return an array of the words.
For example:
words_string(""Hi, my name is John"") == [""Hi"", ""my"", ""name"", ""is"", ""John""]
words_string(""One, two, three, four, five, six"") == [""One"", ""two"", ""three"", ""four"", ""five"", ""six""]","Agent B, please write the Python function for the following task:

### Function Purpose
Write a function that takes a string of words separated by commas, spaces, or a combination of both, and splits them into an array (list) of individual words.

### Function Signature
```python
def words_string(s: str) -> list[str]:
```

### Key Edge Cases to Handle
- **Mixed Delimiters:** Strings may contain commas, spaces, or both (e.g., `""One, two, three""` should result in `[""One"", ""two"", ""three""]`, where commas and the spaces following them are handled correctly without leaving empty strings).
- **Multiple spaces or commas:** Ensure extra whitespace or multiple delimiters do not create empty string elements in the output list.
- **Empty or Whitespace-only strings:** Should return an empty list `[]`.

### Plan / Approach
1. Handle empty or purely whitespace strings by returning `[]`.
2. Normalize the delimiters: you can replace commas with spaces first, then split by whitespace (e.g., using `s.replace(',', ' ').split()`). This naturally handles any combination of commas and spaces, as well as multiple consecutive spaces/commas, and strips out empty tokens automatically.
3. Return the resulting list of words.",none,1,humaneval
he_103,"You are given two positive integers n and m, and your task is to compute the
average of the integers from n through m (including n and m).
Round the answer to the nearest integer and convert that to binary.
If n is greater than m, return -1.
Example:
rounded_avg(1, 5) => ""0b11""
rounded_avg(7, 5) => -1
rounded_avg(10, 20) => ""0b1111""
rounded_avg(20, 33) => ""0b11010""","HANDOFF MESSAGE FOR AGENT B:

You need to write a Python function that computes the average of a range of integers, rounds it, and converts it to a binary string representation.

### Function Signature
```python
def rounded_avg(n: int, m: int) -> str | int:
```

### Problem Requirements & Logic
1. **Input validation**: You are given two positive integers, `n` and `m`. If `n > m`, the function must immediately return `-1`.
2. **Average calculation**: Compute the average of all integers from `n` through `m` inclusive. 
   - Note: The average of a consecutive sequence from `n` to `m` is simply `(n + m) / 2`.
3. **Rounding**: Round the resulting average to the nearest integer. (Standard Python rounding or `round()` function; for ties, standard Python 3 `round()` uses round-half-to-even, or you can use integer division `(n + m + 1) // 2` for positive numbers, but `round((n + m) / 2)` works).
4. **Binary conversion**: Convert the rounded integer to its binary string representation (using Python's `bin()` function, which prefixes with `""0b""`).
5. **Return type**: Return the binary string (e.g., `""0b11""`) on success, or `-1` (as an integer) if `n > m`.

### Key Edge Cases to Handle
- `n > m`: Must return `-1` (e.g., `rounded_avg(7, 5)` -> `-1`).
- `n == m`: The average is `n`, rounded is `n`, return `bin(n)`.
- Large numbers: Ensure division and rounding handle large integer inputs cleanly.

### Examples
- `rounded_avg(1, 5)` -> average is 3.0 -> rounded is 3 -> `""0b11""`
- `rounded_avg(7, 5)` -> `n > m` -> `-1`
- `rounded_avg(10, 20)` -> average is 15.0 -> rounded is 15 -> `""0b1111""`
- `rounded_avg(20, 33)` -> average is 26.5 -> rounded is 26 -> `""0b11010""`",none,1,humaneval
he_103,"You are given two positive integers n and m, and your task is to compute the
average of the integers from n through m (including n and m).
Round the answer to the nearest integer and convert that to binary.
If n is greater than m, return -1.
Example:
rounded_avg(1, 5) => ""0b11""
rounded_avg(7, 5) => -1
rounded_avg(10, 20) => ""0b1111""
rounded_avg(20, 33) => ""0b11010""","HANDOFF MESSAGE FOR AGENT B:

You need to write a Python function that computes the average of a range of integers, rounds it, and converts it to a binary string representation.

### Function Signature


### Problem Requirements & Logic

### Key Edge Cases to Handle

### Examples",tool_result_drop,0,humaneval
he_103,"You are given two positive integers n and m, and your task is to compute the
average of the integers from n through m (including n and m).
Round the answer to the nearest integer and convert that to binary.
If n is greater than m, return -1.
Example:
rounded_avg(1, 5) => ""0b11""
rounded_avg(7, 5) => -1
rounded_avg(10, 20) => ""0b1111""
rounded_avg(20, 33) => ""0b11010""","- `n == m`: The average is `n`, rounded is `n`, return `bin(n)`.",over_summarization,0,humaneval
he_104,"Given a list of positive integers x. return a sorted list of all
elements that hasn't any even digit.
Note: Returned list should be sorted in increasing order.
For example:
>>> unique_digits([15, 33, 1422, 1])
[1, 15, 33]
>>> unique_digits([152, 323, 1422, 10])
[]","**Handoff Message for Agent B**

**Function to Build:**
Write a Python function that takes a list of positive integers and returns a new sorted list (in increasing order) containing only those numbers from the input list that do not contain any even digits (i.e., every digit in the number must be odd: 1, 3, 5, 7, 9).

**Function Signature:**
```python
def unique_digits(x: list[int]) -> list[int]:
```

**Key Edge Cases to Handle:**
- Numbers with a mix of odd and even digits (e.g., `152`, `1422`, `10`) must be excluded.
- Single-digit numbers consisting only of odd digits (e.g., `1`, `3`, `5`) should be included.
- An input list where no numbers qualify should return an empty list `[]`.
- The output must be sorted in strictly increasing order.

**Plan/Approach:**
1. Initialize an empty list to store valid numbers.
2. Iterate through each number in the input list `x`.
3. To check if a number has any even digits, convert the integer to its string representation.
4. Iterate through each character (digit) in the string:
   - If any digit's integer value is divisible by 2 (or in `['0', '2', '4', '6', '8']`), mark the number as invalid and break.
5. If the number passes the check (no even digits found), add it to your results list.
6. Sort the results list in increasing order and return it.",none,1,humaneval
he_105,"Given an array of integers, sort the integers that are between 1 and 9 inclusive,
reverse the resulting array, and then replace each digit by its corresponding name from
""One"", ""Two"", ""Three"", ""Four"", ""Five"", ""Six"", ""Seven"", ""Eight"", ""Nine"".
For example:
arr = [2, 1, 1, 4, 5, 8, 2, 3]
-> sort arr -> [1, 1, 2, 2, 3, 4, 5, 8]
-> reverse arr -> [8, 5, 4, 3, 2, 2, 1, 1]
return [""Eight"", ""Five"", ""Four"", ""Three"", ""Two"", ""Two"", ""One"", ""One""]
If the array is empty, return an empty array:
arr = []
return []
If the array has any strange number ignore it:
arr = [1, -1 , 55]
-> sort arr -> [-1, 1, 55]
-> reverse arr -> [55, 1, -1]
return = ['One']","HANDOFF MESSAGE FOR AGENT B:

You need to write a Python function that processes a list of integers according to specific filtering, sorting, reversing, and mapping rules. 

### Function Signature
```python
def transform_array(arr: list[int]) -> list[str]:
```

### Problem Requirements & Steps
1. **Filter**: Keep *only* the integers that are strictly between 1 and 9 inclusive (i.e., numbers $n$ where $1 \le n \le 9$). Ignore any numbers outside this range (e.g., negative numbers, 0, numbers $\ge 10$).
2. **Sort**: Sort the filtered numbers in ascending order.
3. **Reverse**: Reverse the sorted array.
4. **Map**: Replace each digit with its corresponding English word capitalized:
   - `1`: `""One""`
   - `2`: `""Two""`
   - `3`: `""Three""`
   - `4`: `""Four""`
   - `5`: `""Five""`
   - `6`: `""Six""`
   - `7`: `""Seven""`
   - `8`: `""Eight""`
   - `9`: `""Nine""`

### Edge Cases to Handle
- **Empty Array**: If the input `arr` is empty (`[]`), return an empty list (`[]`).
- **No valid numbers**: If the input array contains no numbers between 1 and 9 (e.g., `[-1, 0, 10, 55]`), filtering out invalid numbers leaves an empty list, so return `[]`.
- **Duplicates**: Duplicate numbers should be preserved and sorted/mapped appropriately (e.g., `[2, 1, 1]` -> filtered `[2, 1, 1]` -> sorted `[1, 1, 2]` -> reversed `[2, 1, 1]` -> `['Two', 'One', 'One']`).

### Recommended Plan
1. Use a list comprehension or generator expression to filter `arr`: `filtered = [x for x in arr if 1 <= x <= 9]`.
2. Sort the filtered list: `filtered.sort()`.
3. Reverse the sorted list: `filtered.reverse()` (or slice[::-1]).
4. Create a mapping dictionary or list for digits 1 through 9 to their string representations.
5. Map each integer in the processed list to its corresponding string and return the resulting list of strings.",none,1,humaneval
he_105,"Given an array of integers, sort the integers that are between 1 and 9 inclusive,
reverse the resulting array, and then replace each digit by its corresponding name from
""One"", ""Two"", ""Three"", ""Four"", ""Five"", ""Six"", ""Seven"", ""Eight"", ""Nine"".
For example:
arr = [2, 1, 1, 4, 5, 8, 2, 3]
-> sort arr -> [1, 1, 2, 2, 3, 4, 5, 8]
-> reverse arr -> [8, 5, 4, 3, 2, 2, 1, 1]
return [""Eight"", ""Five"", ""Four"", ""Three"", ""Two"", ""Two"", ""One"", ""One""]
If the array is empty, return an empty array:
arr = []
return []
If the array has any strange number ignore it:
arr = [1, -1 , 55]
-> sort arr -> [-1, 1, 55]
-> reverse arr -> [55, 1, -1]
return = ['One']","HANDOFF MESSAGE FOR AGENT B: You need to write a Python function that processes a list of integers according to specific filtering, sorting, reversing, and mapping rules. ### Function Signature ```python def transform_array(arr: list[int]) -> list[str]: ``` ### Problem Requirements & Steps 1. **Filter**: Keep *only* the integers that are strictly between 1 and 9 inclusive (i.e., numbers $n$ where $1 \le n \le 9$). Ignore any numbers outside this range (e.g., negative numbers, 0, numbers $\ge 10$). 2. **Sort**: Sort the filtered numbers in ascending order.",truncation,0,humaneval
he_105,"Given an array of integers, sort the integers that are between 1 and 9 inclusive,
reverse the resulting array, and then replace each digit by its corresponding name from
""One"", ""Two"", ""Three"", ""Four"", ""Five"", ""Six"", ""Seven"", ""Eight"", ""Nine"".
For example:
arr = [2, 1, 1, 4, 5, 8, 2, 3]
-> sort arr -> [1, 1, 2, 2, 3, 4, 5, 8]
-> reverse arr -> [8, 5, 4, 3, 2, 2, 1, 1]
return [""Eight"", ""Five"", ""Four"", ""Three"", ""Two"", ""Two"", ""One"", ""One""]
If the array is empty, return an empty array:
arr = []
return []
If the array has any strange number ignore it:
arr = [1, -1 , 55]
-> sort arr -> [-1, 1, 55]
-> reverse arr -> [55, 1, -1]
return = ['One']","HANDOFF MESSAGE FOR AGENT B:

You need to write a Python function that processes a list of integers according to specific filtering, sorting, reversing, and mapping rules. 

### Function Signature


### Problem Requirements & Steps

### Edge Cases to Handle

### Recommended Plan",tool_result_drop,0,humaneval
he_105,"Given an array of integers, sort the integers that are between 1 and 9 inclusive,
reverse the resulting array, and then replace each digit by its corresponding name from
""One"", ""Two"", ""Three"", ""Four"", ""Five"", ""Six"", ""Seven"", ""Eight"", ""Nine"".
For example:
arr = [2, 1, 1, 4, 5, 8, 2, 3]
-> sort arr -> [1, 1, 2, 2, 3, 4, 5, 8]
-> reverse arr -> [8, 5, 4, 3, 2, 2, 1, 1]
return [""Eight"", ""Five"", ""Four"", ""Three"", ""Two"", ""Two"", ""One"", ""One""]
If the array is empty, return an empty array:
arr = []
return []
If the array has any strange number ignore it:
arr = [1, -1 , 55]
-> sort arr -> [-1, 1, 55]
-> reverse arr -> [55, 1, -1]
return = ['One']","- **No valid numbers**: If the input array contains no numbers between 1 and 9 (e.g., `[-1, 0, 10, 55]`), filtering out invalid numbers leaves an empty list, so return `[]`.",over_summarization,0,humaneval
he_106,"Implement the function f that takes n as a parameter,
and returns a list of size n, such that the value of the element at index i is the factorial of i if i is even
or the sum of numbers from 1 to i otherwise.
i starts from 1.
the factorial of i is the multiplication of the numbers from 1 to i (1 * 2 * ... * i).
Example:
f(5) == [1, 2, 6, 24, 15]","HANDOFF MESSAGE FOR AGENT B:

- Function Signature: `def f(n: int) -> list:`
- Restatement: Implement the function `f` that takes an integer `n` and returns a list of size `n`. The list elements correspond to indices $i$ from $1$ to $n$ (inclusive, so 1-indexed conceptually, meaning list indices $0$ to $n-1$ represent $i = 1$ to $n$).
  - If $i$ is even: the value at index corresponding to $i$ is the factorial of $i$ ($1 \times 2 \times \dots \times i$). Note: $0$ factorial is not needed since $i \ge 1$.
  - If $i$ is odd: the value at index corresponding to $i$ is the sum of numbers from $1$ to $i$ ($\frac{i(i+1)}{2}$).
- Example mapping:
  - $i=1$ (odd): sum(1..1) = 1
  - $i=2$ (even): fact(2) = 2
  - $i=3$ (odd): sum(1..3) = 6
  - $i=4$ (even): fact(4) = 24
  - $i=5$ (odd): sum(1..5) = 15
  Result for `f(5)`: `[1, 2, 6, 24, 15]`
- Edge Cases:
  - `n = 0`: Should return an empty list `[]`.
  - `n = 1`: Should return `[1]` (since $i=1$ is odd, sum(1..1) = 1).
- Plan:
  - Iterate $i$ from $1$ to $n$ (using a loop or list comprehension).
  - Check if $i \% 2 == 0$.
  - If even, compute $i!$ (can maintain a running factorial or compute via `math.factorial(i)`).
  - If odd, compute the sum from 1 to $i$ (can use the formula $i \times (i + 1) // 2$ or a running sum).
  - Append each result to a list and return it.",none,1,humaneval
he_106,"Implement the function f that takes n as a parameter,
and returns a list of size n, such that the value of the element at index i is the factorial of i if i is even
or the sum of numbers from 1 to i otherwise.
i starts from 1.
the factorial of i is the multiplication of the numbers from 1 to i (1 * 2 * ... * i).
Example:
f(5) == [1, 2, 6, 24, 15]","HANDOFF MESSAGE FOR AGENT B: - Function Signature: `def f(n: int) -> list:` - Restatement: Implement the function `f` that takes an integer `n` and returns a list of size `n`. The list elements correspond to indices $i$ from $1$ to $n$ (inclusive, so 1-indexed conceptually, meaning list indices $0$ to $n-1$ represent $i = 1$ to $n$). - If $i$ is even: the value at index corresponding to $i$ is the factorial of $i$ ($1",truncation,0,humaneval
he_106,"Implement the function f that takes n as a parameter,
and returns a list of size n, such that the value of the element at index i is the factorial of i if i is even
or the sum of numbers from 1 to i otherwise.
i starts from 1.
the factorial of i is the multiplication of the numbers from 1 to i (1 * 2 * ... * i).
Example:
f(5) == [1, 2, 6, 24, 15]","HANDOFF MESSAGE FOR AGENT B:

  Result for : ",tool_result_drop,0,humaneval
he_106,"Implement the function f that takes n as a parameter,
and returns a list of size n, such that the value of the element at index i is the factorial of i if i is even
or the sum of numbers from 1 to i otherwise.
i starts from 1.
the factorial of i is the multiplication of the numbers from 1 to i (1 * 2 * ... * i).
Example:
f(5) == [1, 2, 6, 24, 15]",- If $i$ is odd: the value at index corresponding to $i$ is the sum of numbers from $1$ to $i$ ($\frac{i(i+1)}{2}$).,over_summarization,0,humaneval
he_108,"Write a function count_nums which takes an array of integers and returns
the number of elements which has a sum of digits > 0.
If a number is negative, then its first signed digit will be negative:
e.g. -123 has signed digits -1, 2, and 3.
>>> count_nums([]) == 0
>>> count_nums([-1, 11, -11]) == 1
>>> count_nums([1, 1, 2]) == 3","Agent B, your task is to write a Python function named `count_nums` that processes a list of integers and returns the count of elements whose digit sum is strictly greater than 0.

### Function Signature
```python
def count_nums(arr: list[int]) -> int:
```

### Requirements & Digit Sum Rules
- For any given integer, compute the sum of its signed digits.
- **Negative numbers rule:** The first digit retains the negative sign, while subsequent digits are treated as positive. For example, `-123` has digits `-1`, `2`, and `3`, resulting in a sum of `-1 + 2 + 3 = 4`.
- **Positive numbers and zero:** Standard digit extraction applies (e.g., `11` -> `1 + 1 = 2`, `0` -> `0`).
- Count how many numbers in the input array have a total digit sum `> 0`.

### Edge Cases to Handle
- An empty list `[]` should return `0`.
- Numbers with a digit sum equal to `0` (e.g., `-11` -> `-1 + 1 = 0`) should not be counted.
- Single-digit numbers (both positive and negative).

### Suggested Plan
1. Iterate through each integer in the input list.
2. For each integer, convert it to a string or extract digits mathematically, ensuring the first digit preserves its sign if the number is negative.
3. Sum the extracted digits.
4. Check if the sum is greater than `0`, increment a counter if true, and return the final count.",none,1,humaneval
he_108,"Write a function count_nums which takes an array of integers and returns
the number of elements which has a sum of digits > 0.
If a number is negative, then its first signed digit will be negative:
e.g. -123 has signed digits -1, 2, and 3.
>>> count_nums([]) == 0
>>> count_nums([-1, 11, -11]) == 1
>>> count_nums([1, 1, 2]) == 3","Agent B, your task is to write a Python function named  that processes a list of integers and returns the count of elements whose digit sum is strictly greater than 0.

### Function Signature


### Requirements & Digit Sum Rules

### Edge Cases to Handle

### Suggested Plan",tool_result_drop,0,humaneval
he_108,"Write a function count_nums which takes an array of integers and returns
the number of elements which has a sum of digits > 0.
If a number is negative, then its first signed digit will be negative:
e.g. -123 has signed digits -1, 2, and 3.
>>> count_nums([]) == 0
>>> count_nums([-1, 11, -11]) == 1
>>> count_nums([1, 1, 2]) == 3","Agent B, your task is to write a Python function named `count_nums` that processes a list of integers and returns the count of elements whose digit sum is strictly greater than 0.",over_summarization,0,humaneval
he_109,"We have an array 'arr' of N integers arr[1], arr[2], ..., arr[N].The
numbers in the array will be randomly ordered. Your task is to determine if
it is possible to get an array sorted in non-decreasing order by performing
the following operation on the given array:
You are allowed to perform right shift operation any number of times.
One right shift operation means shifting all elements of the array by one
position in the right direction. The last element of the array will be moved to
the starting position in the array i.e. 0th index.
If it is possible to obtain the sorted array by performing the above operation
then return True else return False.
If the given array is empty then return True.
Note: The given list is guaranteed to have unique elements.
For Example:
move_one_ball([3, 4, 5, 1, 2])==>True
Explanation: By performin 2 right shift operations, non-decreasing order can
be achieved for the given array.
move_one_ball([3, 5, 4, 1, 2])==>False
Explanation:It is not possible to get non-decreasing order for the given
array by performing any number of right shift operations.","Function Requirements:
Write a Python function named `move_one_ball(arr)` that takes a list of unique integers `arr` of size $N$ and returns `True` if the array can be sorted in non-decreasing order by performing right shift operations any number of times, and `False` otherwise.

Function Signature:
```python
def move_one_ball(arr: list) -> bool:
```

Key Edge Cases to Handle:
1. Empty array: Should return `True`.
2. Array with 1 element: Should return `True`.
3. Already sorted array: Should return `True` (0 shifts needed).
4. Arrays where elements are unique but rotation doesn't yield a sorted array: Should return `False`.

Brief Plan/Approach:
1. If the array is empty or has length $\le 1$, return `True`.
2. A cyclically sorted array (which can be sorted by right shifts) can have at most one ""drop"" where `arr[i] > arr[i+1]`. 
3. Additionally, for a valid cyclic shift, the last element `arr[-1]` must be less than or equal to the first element `arr[0]` (considering the wrap-around).
4. Iterate through the array and count how many indices `i` satisfy `arr[i] > arr[i+1]` (using modulo for the wrap-around, i.e., `(i + 1) % N`).
5. If the count of such drops is greater than 1, return `False`. Otherwise, return `True`.",none,1,humaneval
he_110,"In this problem, you will implement a function that takes two lists of numbers,
and determines whether it is possible to perform an exchange of elements
between them to make lst1 a list of only even numbers.
There is no limit on the number of exchanged elements between lst1 and lst2.
If it is possible to exchange elements between the lst1 and lst2 to make
all the elements of lst1 to be even, return ""YES"".
Otherwise, return ""NO"".
For example:
exchange([1, 2, 3, 4], [1, 2, 3, 4]) => ""YES""
exchange([1, 2, 3, 4], [1, 5, 3, 4]) => ""NO""
It is assumed that the input lists will be non-empty.","HANDOFF MESSAGE FOR AGENT B:

Goal:
Implement a Python function named `exchange` that determines whether we can make all elements in `lst1` even by swapping any number of elements between `lst1` and `lst2`. Return `""YES""` if possible, and `""NO""` otherwise.

Function Signature:
```python
def exchange(lst1: list, lst2: list) -> str:
```

Key Details & Logic:
- We can exchange *any* number of elements between `lst1` and `lst2` (no limit on the number of swaps).
- An element already even in `lst1` contributes zero cost.
- An odd number in `lst1` *must* be replaced by an even number from `lst2`.
- Therefore, to fix all odd numbers in `lst1`, we need enough even numbers available in `lst2`.
- Specifically, let `odd_count` be the number of odd elements currently in `lst1`.
- Let `even_count_lst2` be the number of even elements currently in `lst2`.
- If `odd_count <= even_count_lst2`, it is possible (return `""YES""`). Otherwise, it is impossible (return `""NO""`).
- Also consider the case where `lst1` already has only even numbers (`odd_count == 0`), which should immediately return `""YES""`.

Edge Cases:
- Inputs are guaranteed to be non-empty lists of numbers (integers).
- `lst1` might already contain only even numbers.
- `lst2` might contain no even numbers at all.",none,1,humaneval
he_110,"In this problem, you will implement a function that takes two lists of numbers,
and determines whether it is possible to perform an exchange of elements
between them to make lst1 a list of only even numbers.
There is no limit on the number of exchanged elements between lst1 and lst2.
If it is possible to exchange elements between the lst1 and lst2 to make
all the elements of lst1 to be even, return ""YES"".
Otherwise, return ""NO"".
For example:
exchange([1, 2, 3, 4], [1, 2, 3, 4]) => ""YES""
exchange([1, 2, 3, 4], [1, 5, 3, 4]) => ""NO""
It is assumed that the input lists will be non-empty.","HANDOFF MESSAGE FOR AGENT B:

Goal:
Implement a Python function named  that determines whether we can make all elements in  even by swapping any number of elements between  and . Return  if possible, and  otherwise.

Function Signature:


Key Details & Logic:

Edge Cases:",tool_result_drop,0,humaneval
he_110,"In this problem, you will implement a function that takes two lists of numbers,
and determines whether it is possible to perform an exchange of elements
between them to make lst1 a list of only even numbers.
There is no limit on the number of exchanged elements between lst1 and lst2.
If it is possible to exchange elements between the lst1 and lst2 to make
all the elements of lst1 to be even, return ""YES"".
Otherwise, return ""NO"".
For example:
exchange([1, 2, 3, 4], [1, 2, 3, 4]) => ""YES""
exchange([1, 2, 3, 4], [1, 5, 3, 4]) => ""NO""
It is assumed that the input lists will be non-empty.",Goal: Implement a Python function named `exchange` that determines whether we can make all elements in `lst1` even by swapping any number of elements between `lst1` and `lst2`.,over_summarization,0,humaneval
he_111,"Given a string representing a space separated lowercase letters, return a dictionary
of the letter with the most repetition and containing the corresponding count.
If several letters have the same occurrence, return all of them.
Example:
histogram('a b c') == {'a': 1, 'b': 1, 'c': 1}
histogram('a b b a') == {'a': 2, 'b': 2}
histogram('a b c a b') == {'a': 2, 'b': 2}
histogram('b b b b a') == {'b': 4}
histogram('') == {}","HANDOFF MESSAGE FOR AGENT B:

Function to Build:
Write a Python function that takes a string of space-separated lowercase letters, counts the occurrences of each letter, and returns a dictionary containing the letter(s) with the maximum repetition along with their counts. If multiple letters share the highest repetition count, all of them must be included in the returned dictionary.

Exact Function Signature:
```python
def histogram(s: str) -> dict:
```

Key Edge Cases to Handle:
1. Empty string (`''`): Should return an empty dictionary `{}`.
2. Multiple letters with the exact same maximum frequency (e.g., `'a b b a'` or `'a b c a b'`): All tied letters must be present in the output dictionary with their correct counts (e.g., `{'a': 2, 'b': 2}`).
3. Single letter repeated (e.g., `'b b b b a'`): Should return only that letter with its maximum count (e.g., `{'b': 4}`).
4. Spaces: The input string consists of space-separated letters, so ensure spaces are ignored during counting (e.g., using `.split()`).

Brief Plan/Approach:
1. Handle the edge case where the input string is empty or contains only whitespace by returning `{}`.
2. Split the string into a list of individual letters.
3. Count the frequencies of each letter (e.g., using `collections.Counter` or a standard dictionary/loop).
4. Find the maximum frequency value among all counted letters.
5. Filter the counts to find all letters that match this maximum frequency.
6. Construct and return a dictionary containing these letters and their maximum count.",none,1,humaneval
he_112,"Task
We are given two strings s and c, you have to deleted all the characters in s that are equal to any character in c
then check if the result string is palindrome.
A string is called palindrome if it reads the same backward as forward.
You should return a tuple containing the result string and True/False for the check.
Example
For s = ""abcde"", c = ""ae"", the result should be ('bcd',False)
For s = ""abcdef"", c = ""b""  the result should be ('acdef',False)
For s = ""abcdedcba"", c = ""ab"", the result should be ('cdedc',True)","HANDOFF MESSAGE FOR AGENT B:

You need to implement a Python function that processes two strings, `s` and `c`, and determines if the resulting string after deletions is a palindrome.

### Function Signature
```python
def check_palindrome_after_deletion(s: str, c: str) -> tuple[str, bool]:
    """"""
    Deletes all characters in string s that appear in string c, 
    then checks if the resulting string is a palindrome.
    
    Returns:
        A tuple of (result_string, is_palindrome)
    """"""
```

### Requirements & Behavior
1. **Character Removal:** Remove *all* occurrences of any character present in string `c` from string `s`.
2. **Palindrome Check:** Check if the resulting string reads the same forwards and backwards.
3. **Return Value:** Return a tuple where the first element is the modified string (`str`) and the second element is a boolean (`bool`) representing whether it is a palindrome (`True`) or not (`False`).

### Examples
- `s = ""abcde"", c = ""ae""` -> result: `('bcd', False)`
- `s = ""abcdef"", c = ""b""` -> result: `('acdef', False)`
- `s = ""abcdedcba"", c = ""ab""` -> result: `('cdedc', True)`

### Key Edge Cases to Handle
- **Empty result string:** If all characters in `s` are removed (e.g., `s = ""aba"", c = ""ab""`), the result is an empty string `""""`. An empty string is generally considered a palindrome (`True`).
- **No characters to remove:** If `c` contains no characters found in `s` (e.g., `c = ""z""`), `s` remains unchanged.
- **`c` contains duplicate characters:** Handle cases where `c` has repeating characters efficiently.
- **Case sensitivity:** Treat characters case-sensitively unless specified otherwise (standard exact character matching).

### Suggested Approach
1. Convert string `c` into a `set` for $O(1)$ lookups.
2. Build the result string by iterating through `s` and keeping only characters not present in the `c` set (e.g., using a list comprehension joined by `""""`).
3. Check if the result string equals its reverse (`res == res[::-1]`).
4. Return the 2-tuple `(res, is_palindrome)`.",none,1,humaneval
he_112,"Task
We are given two strings s and c, you have to deleted all the characters in s that are equal to any character in c
then check if the result string is palindrome.
A string is called palindrome if it reads the same backward as forward.
You should return a tuple containing the result string and True/False for the check.
Example
For s = ""abcde"", c = ""ae"", the result should be ('bcd',False)
For s = ""abcdef"", c = ""b""  the result should be ('acdef',False)
For s = ""abcdedcba"", c = ""ab"", the result should be ('cdedc',True)","HANDOFF MESSAGE FOR AGENT B:

You need to implement a Python function that processes two strings,  and , and determines if the resulting string after deletions is a palindrome.

### Function Signature


### Requirements & Behavior

### Examples

### Key Edge Cases to Handle

### Suggested Approach",tool_result_drop,0,humaneval
he_107,"Given a positive integer n, return a tuple that has the number of even and odd
integer palindromes that fall within the range(1, n), inclusive.
Example 1:
Input: 3
Output: (1, 2)
Explanation:
Integer palindrome are 1, 2, 3. one of them is even, and two of them are odd.
Example 2:
Input: 12
Output: (4, 6)
Explanation:
Integer palindrome are 1, 2, 3, 4, 5, 6, 7, 8, 9, 11. four of them are even, and 6 of them are odd.
Note:
1. 1 <= n <= 10^3
2. returned tuple has the number of even and odd integer palindromes respectively.","### Handoff Message for Agent B

**Task Overview:**
Write a Python function that counts the number of even and odd integer palindromes within the inclusive range $[1, n]$, and returns the counts as a tuple `(even_count, odd_count)`.

**Function Signature:**
```python
def count_palindromes(n: int) -> tuple[int, int]:
    """"""
    Returns a tuple of (even_palindrome_count, odd_palindrome_count) 
    for integer palindromes in the range [1, n] inclusive.
    """"""
```

**Key Constraints & Edge Cases:**
- **Input range:** $1 \le n \le 10^3$. Because $n$ is very small, a brute-force approach iterating through every number from $1$ to $n$ will be extremely efficient and well within time limits.
- **Single-digit numbers:** Numbers 1 through 9 are all palindromes. Single-digit even numbers (2, 4, 6, 8) count as even palindromes; single-digit odd numbers (1, 3, 5, 7, 9) count as odd palindromes.
- **Inclusive range:** Make sure $n$ itself is checked and included if it's a palindrome.

**Step-by-Step Plan:**
1. Initialize two counters: `even_count = 0` and `odd_count = 0`.
2. Loop through every integer `i` from `1` to `n` (inclusive).
3. Determine if `i` is a palindrome. A simple and robust way to check is by converting the number to a string and comparing it to its reverse: `str(i) == str(i)[::-1]`.
4. If it is a palindrome:
   - Check if it is even (`i % 2 == 0`) and increment `even_count`.
   - Otherwise, increment `odd_count`.
5. Return the result as a tuple: `(even_count, odd_count)`.",none,1,humaneval
he_113,"Given a list of strings, where each string consists of only digits, return a list.
Each element i of the output should be ""the number of odd elements in the
string i of the input."" where all the i's should be replaced by the number
of odd digits in the i'th string of the input.
>>> odd_count(['1234567'])
[""the number of odd elements 4n the str4ng 4 of the 4nput.""]
>>> odd_count(['3',""11111111""])
[""the number of odd elements 1n the str1ng 1 of the 1nput."",
""the number of odd elements 8n the str8ng 8 of the 8nput.""]","**Handoff Message for Agent B**

You need to implement a Python function that processes a list of digit-only strings and returns a list of formatted strings based on the count of odd digits in each input string.

### Function Signature
```python
def odd_count(lst: list[str]) -> list[str]:
```

### Requirements & Behavior
For each string `s` at index `i` in the input list:
1. Count how many digits in `s` are odd numbers (i.e., digits `'1'`, `'3'`, `'5'`, `'7'`, `'9'`). Let this count be `c`.
2. Format the output template string by replacing the target characters with `c`:
   - Template: `""the number of odd elements Xn the strXng X of the Xnput.""`
   - Replace all `X` characters with the string representation of `c` (e.g., if `c = 4`, use `'4'`).
3. Return the list of all formatted strings.

### Examples from Problem Statement
- `odd_count(['1234567'])` 
  - Odd digits in `'1234567'` are `'1', '3', '5', '7'` (count = 4).
  - Output: `[""the number of odd elements 4n the str4ng 4 of the 4nput.""]`

- `odd_count(['3', '11111111'])`
  - For `'3'`: 1 odd digit. Output: `""the number of odd elements 1n the str1ng 1 of the 1nput.""`
  - For `'11111111'`: 8 odd digits. Output: `""the number of odd elements 8n the str8ng 8 of the 8nput.""`
  - Output: Both strings in a list.

### Edge Cases to Handle
- Empty input list `[]` should return `[]`.
- Strings with no odd digits (count = 0): Ensure `'0'` replaces the placeholder correctly.
- Strings containing only odd digits.

### Suggested Implementation Plan
1. Initialize an empty result list.
2. Loop through each string in the input list.
3. Convert each character to an integer (or check if `int(char) % 2 != 0`) to count the odd digits.
4. Use `.replace('X', str(count))` on the template string: `""the number of odd elements Xn the strXng X of the Xnput.""`
5. Append the formatted string to the result list and return it.",none,1,humaneval
he_113,"Given a list of strings, where each string consists of only digits, return a list.
Each element i of the output should be ""the number of odd elements in the
string i of the input."" where all the i's should be replaced by the number
of odd digits in the i'th string of the input.
>>> odd_count(['1234567'])
[""the number of odd elements 4n the str4ng 4 of the 4nput.""]
>>> odd_count(['3',""11111111""])
[""the number of odd elements 1n the str1ng 1 of the 1nput."",
""the number of odd elements 8n the str8ng 8 of the 8nput.""]","**Handoff Message for Agent B** You need to implement a Python function that processes a list of digit-only strings and returns a list of formatted strings based on the count of odd digits in each input string. ### Function Signature ```python def odd_count(lst: list[str]) -> list[str]: ``` ### Requirements & Behavior For each string `s` at index `i` in the input list: 1. Count how many digits in `s` are odd numbers (i.e., digits `'1'`, `'3'`, `'5'`, `'7'`, `'9'`). Let this count be `c`. 2. Format the output template string by replacing the target characters with `c`:",truncation,0,humaneval
he_113,"Given a list of strings, where each string consists of only digits, return a list.
Each element i of the output should be ""the number of odd elements in the
string i of the input."" where all the i's should be replaced by the number
of odd digits in the i'th string of the input.
>>> odd_count(['1234567'])
[""the number of odd elements 4n the str4ng 4 of the 4nput.""]
>>> odd_count(['3',""11111111""])
[""the number of odd elements 1n the str1ng 1 of the 1nput."",
""the number of odd elements 8n the str8ng 8 of the 8nput.""]","**Handoff Message for Agent B**

You need to implement a Python function that processes a list of digit-only strings and returns a list of formatted strings based on the count of odd digits in each input string.

### Function Signature


### Requirements & Behavior
For each string  at index  in the input list:

### Examples from Problem Statement


### Edge Cases to Handle

### Suggested Implementation Plan",tool_result_drop,0,humaneval
he_113,"Given a list of strings, where each string consists of only digits, return a list.
Each element i of the output should be ""the number of odd elements in the
string i of the input."" where all the i's should be replaced by the number
of odd digits in the i'th string of the input.
>>> odd_count(['1234567'])
[""the number of odd elements 4n the str4ng 4 of the 4nput.""]
>>> odd_count(['3',""11111111""])
[""the number of odd elements 1n the str1ng 1 of the 1nput."",
""the number of odd elements 8n the str8ng 8 of the 8nput.""]","Format the output template string by replacing the target characters with `c`: - Template: `""the number of odd elements Xn the strXng X of the Xnput.",over_summarization,0,humaneval
he_114,"Given an array of integers nums, find the minimum sum of any non-empty sub-array
of nums.
Example
minSubArraySum([2, 3, 4, 1, 2, 4]) == 1
minSubArraySum([-1, -2, -3]) == -6","Agent B, here is everything you need to implement the solution:

- **Function Name & Signature:** 
  `def minSubArraySum(nums: list[int]) -> int:`

- **Problem Restatement:** 
  You need to find the minimum possible sum of any non-empty contiguous sub-array within the given list of integers `nums`.

- **Key Edge Cases to Handle:**
  - Arrays with all negative numbers (e.g., `[-1, -2, -3]` should return `-6` because taking all of them yields the minimum sum).
  - Arrays with a single element (e.g., `[5]` should return `5`).
  - Arrays containing both positive and negative numbers (e.g., `[3, -2, 5]` should return `-2` from the sub-array `[-2]`).

- **Plan / Approach:**
  - This is the inverse of Kadane's Algorithm for maximum sub-array sum.
  - Initialize two variables: `min_so_far` and `current_min`, both set to the first element of `nums`.
  - Iterate through the array starting from the second element. For each element `x`, update `current_min = min(x, current_min + x)` (deciding whether to extend the existing sub-array or start a new one at `x`).
  - Update `min_so_far = min(min_so_far, current_min)`.
  - Return `min_so_far`. This runs in $O(n)$ time and $O(1)$ space.",none,1,humaneval
he_115,"You are given a rectangular grid of wells. Each row represents a single well,
and each 1 in a row represents a single unit of water.
Each well has a corresponding bucket that can be used to extract water from it,
and all buckets have the same capacity.
Your task is to use the buckets to empty the wells.
Output the number of times you need to lower the buckets.
Example 1:
Input:
grid : [[0,0,1,0], [0,1,0,0], [1,1,1,1]]
bucket_capacity : 1
Output: 6
Example 2:
Input:
grid : [[0,0,1,1], [0,0,0,0], [1,1,1,1], [0,1,1,1]]
bucket_capacity : 2
Output: 5
Example 3:
Input:
grid : [[0,0,0], [0,0,0]]
bucket_capacity : 5
Output: 0
Constraints:
* all wells have the same length
* 1 <= grid.length <= 10^2
* 1 <= grid[:,1].length <= 10^2
* grid[i][j] -> 0 | 1
* 1 <= capacity <= 10","**HANDOFF MESSAGE FOR AGENT B**

**Objective:**
Write a Python function that calculates the minimum number of times buckets need to be lowered to empty a grid of wells. 

- Each row in the 2D `grid` represents a well, and the `1`s in that row represent units of water.
- All buckets share the same integer capacity (`bucket_capacity`), which means a bucket can remove up to `bucket_capacity` units of water in a single lowering action, regardless of which well it is used on (or can we empty water across wells? Wait, let's re-read carefully: ""Each well has a corresponding bucket that can be used to extract water from it, and all buckets have the same capacity. Your task is to use the buckets to empty the wells. Output the number of times you need to lower the buckets."")
- Let's check Example 1: `grid = [[0,0,1,0], [0,1,0,0], [1,1,1,1]]`, `bucket_capacity = 1`.
  - Row 0 sum = 1 water. Capacity = 1 -> 1 lowering.
  - Row 1 sum = 1 water. Capacity = 1 -> 1 lowering.
  - Row 2 sum = 4 water. Capacity = 1 -> 4 lowerings.
  - Total = 1 + 1 + 4 = 6.
- Example 2: `grid = [[0,0,1,1], [0,0,0,0], [1,1,1,1], [0,1,1,1]]`, `bucket_capacity = 2`.
  - Row 0 sum = 2 water. Capacity = 2 -> $\lceil 2/2 \rceil = 1$ lowering.
  - Row 1 sum = 0 water. Capacity = 2 -> 0 lowerings.
  - Row 2 sum = 4 water. Capacity = 2 -> $\lceil 4/2 \rceil = 2$ lowerings.
  - Row 3 sum = 3 water. Capacity = 2 -> $\lceil 3/2 \rceil = 2$ lowerings.
  - Total = 1 + 0 + 2 + 2 = 5.
- Therefore, for each row, you simply count the total amount of water (sum of `1`s) and divide by `bucket_capacity`, rounding up to the nearest whole integer (since a partial bucket lowering is still a lowering operation). Sum this up across all rows.

**Function Signature:**
```python
def min_lowerings(grid: list[list[int]], bucket_capacity: int) -> int:
    pass
```

**Key Edge Cases to Handle:**
- Empty wells (rows with all `0`s): Should contribute `0` lowerings.
- `bucket_capacity` greater than the total water in a well: Should result in `1` lowering for that well (if water > 0) or `0` (if water == 0).
- Standard integer division/ceiling division logic (e.g., using `math.ceil(water_count / bucket_capacity)` or `(water_count + bucket_capacity - 1) // bucket_capacity`).

**Plan/Approach:**
1. Initialize a variable `total_lowerings = 0`.
2. Iterate through each row in `grid`.
3. For each row, calculate the total water amount by summing the elements in the row (`water = sum(row)`).
4. Compute the number of lowerings needed for that row using ceiling division: `(water + bucket_capacity - 1) // bucket_capacity`.
5. Add this to `total_lowerings`.
6. Return `total_lowerings`.",none,1,humaneval
he_115,"You are given a rectangular grid of wells. Each row represents a single well,
and each 1 in a row represents a single unit of water.
Each well has a corresponding bucket that can be used to extract water from it,
and all buckets have the same capacity.
Your task is to use the buckets to empty the wells.
Output the number of times you need to lower the buckets.
Example 1:
Input:
grid : [[0,0,1,0], [0,1,0,0], [1,1,1,1]]
bucket_capacity : 1
Output: 6
Example 2:
Input:
grid : [[0,0,1,1], [0,0,0,0], [1,1,1,1], [0,1,1,1]]
bucket_capacity : 2
Output: 5
Example 3:
Input:
grid : [[0,0,0], [0,0,0]]
bucket_capacity : 5
Output: 0
Constraints:
* all wells have the same length
* 1 <= grid.length <= 10^2
* 1 <= grid[:,1].length <= 10^2
* grid[i][j] -> 0 | 1
* 1 <= capacity <= 10","**HANDOFF MESSAGE FOR AGENT B**

**Objective:**
Write a Python function that calculates the minimum number of times buckets need to be lowered to empty a grid of wells. 


**Function Signature:**


**Key Edge Cases to Handle:**

**Plan/Approach:**",tool_result_drop,0,humaneval
he_115,"You are given a rectangular grid of wells. Each row represents a single well,
and each 1 in a row represents a single unit of water.
Each well has a corresponding bucket that can be used to extract water from it,
and all buckets have the same capacity.
Your task is to use the buckets to empty the wells.
Output the number of times you need to lower the buckets.
Example 1:
Input:
grid : [[0,0,1,0], [0,1,0,0], [1,1,1,1]]
bucket_capacity : 1
Output: 6
Example 2:
Input:
grid : [[0,0,1,1], [0,0,0,0], [1,1,1,1], [0,1,1,1]]
bucket_capacity : 2
Output: 5
Example 3:
Input:
grid : [[0,0,0], [0,0,0]]
bucket_capacity : 5
Output: 0
Constraints:
* all wells have the same length
* 1 <= grid.length <= 10^2
* 1 <= grid[:,1].length <= 10^2
* grid[i][j] -> 0 | 1
* 1 <= capacity <= 10","For each row, calculate the total water amount by summing the elements in the row (`water = sum(row)`).",over_summarization,0,humaneval
he_117,"Given a string s and a natural number n, you have been tasked to implement
a function that returns a list of all words from string s that contain exactly
n consonants, in order these words appear in the string s.
If the string s is empty then the function should return an empty list.
Note: you may assume the input string contains only letters and spaces.
Examples:
select_words(""Mary had a little lamb"", 4) ==> [""little""]
select_words(""Mary had a little lamb"", 3) ==> [""Mary"", ""lamb""]
select_words(""simple white space"", 2) ==> []
select_words(""Hello world"", 4) ==> [""world""]
select_words(""Uncle sam"", 3) ==> [""Uncle""]","**HANDOFF MESSAGE FOR AGENT B**

**Function to Build:**
Write a Python function named `select_words(s: str, n: int) -> list` that extracts and returns a list of all words from the input string `s` that contain *exactly* `n` consonants, preserving their original order of appearance.

**Function Signature:**
```python
def select_words(s: str, n: int) -> list:
```

**Definition of a Consonant:**
- Letters are 'a' through 'z' (case-insensitive: 'A'-'Z' and 'a'-'z').
- Consonants are all letters *except* vowels ('a', 'e', 'i', 'o', 'u' case-insensitively).

**Key Edge Cases to Handle:**
1. **Empty string (`s = """"`):** Must immediately return an empty list `[]`.
2. **String with no words / only spaces:** Should return an empty list `[]`.
3. **Words with zero consonants or fewer consonants than `n`:** Should be excluded.
4. **Case sensitivity:** Consonant counting should be case-insensitive (e.g., 'M', 'r', 'y' in ""Mary"").
5. **Multiple spaces:** The string may contain multiple consecutive spaces between words; splitting should handle this correctly without introducing empty string tokens into the word list.

**Brief Plan/Approach:**
1. Check if the string `s` is empty or consists solely of whitespace. If so, return `[]`.
2. Split the string `s` into individual words using `.split()` (which gracefully handles arbitrary whitespace).
3. Define a helper or inline check to count consonants in a word: iterate through each character, check if it's an alphabetic character and *not* in the set of vowels (`aeiouAEIOU`).
4. Iterate through the list of words, apply the consonant count check, and collect words where the consonant count equals `n`.
5. Return the resulting list of words in their original order.",none,1,humaneval
he_119,"You are given a list of two strings, both strings consist of open
parentheses '(' or close parentheses ')' only.
Your job is to check if it is possible to concatenate the two strings in
some order, that the resulting string will be good.
A string S is considered to be good if and only if all parentheses in S
are balanced. For example: the string '(())()' is good, while the string
'())' is not.
Return 'Yes' if there's a way to make a good string, and return 'No' otherwise.
Examples:
match_parens(['()(', ')']) == 'Yes'
match_parens([')', ')']) == 'No'","**Handoff Message for Agent B**

You need to write a Python function that determines if two strings consisting solely of opening and closing parentheses can be concatenated in some order to form a single ""good"" (balanced) parenthesis string.

### Function Signature
```python
def match_parens(lst: list[str]) -> str:
    """"""
    Checks if two strings of parentheses can be concatenated in some order
    to form a balanced (good) parenthesis string.
    
    Args:
        lst: A list of exactly two strings containing only '(' and ')'.
        
    Returns:
        'Yes' if a good string can be formed, 'No' otherwise.
    """"""
```

### Key Edge Cases to Handle
1. **Order of Concatenation:** There are only two possible orders to check: `string1 + string2` and `string2 + string1`. If either order results in a balanced string, return `'No'`. Wait, return `'Yes'`! (Return `'Yes'` if *any* valid concatenation order works).
2. **Empty Strings:** Though the problem implies typical parenthesis strings, handle cases where one or both strings might be empty correctly.
3. **Mismatched Counts:** If the total count of `'('` does not equal the total count of `')'` across both strings combined, it's immediately impossible, so return `'No'`.

### Approach / Algorithm
1. Extract the two strings from the input list: `s1, s2 = lst[0], lst[1]`.
2. Check the two possible combined strings: `comb1 = s1 + s2` and `comb2 = s2 + s1`.
3. Write a helper function (or inline check) to validate if a given string $S$ is balanced:
   - Iterate through each character, maintaining a balance counter (increment for `'('`, decrement for `')'`).
   - If the counter ever drops below `0`, the string is not balanced.
   - At the end of the string, the counter must equal `0`.
4. If either `comb1` or `comb2` passes the balance check, return `'No'`. Wait, return `'Yes'`! (Return `'Yes'` if valid, `'No'` otherwise).",none,1,humaneval
he_119,"You are given a list of two strings, both strings consist of open
parentheses '(' or close parentheses ')' only.
Your job is to check if it is possible to concatenate the two strings in
some order, that the resulting string will be good.
A string S is considered to be good if and only if all parentheses in S
are balanced. For example: the string '(())()' is good, while the string
'())' is not.
Return 'Yes' if there's a way to make a good string, and return 'No' otherwise.
Examples:
match_parens(['()(', ')']) == 'Yes'
match_parens([')', ')']) == 'No'","**Handoff Message for Agent B**

You need to write a Python function that determines if two strings consisting solely of opening and closing parentheses can be concatenated in some order to form a single ""good"" (balanced) parenthesis string.

### Function Signature


### Key Edge Cases to Handle

### Approach / Algorithm",tool_result_drop,0,humaneval
he_119,"You are given a list of two strings, both strings consist of open
parentheses '(' or close parentheses ')' only.
Your job is to check if it is possible to concatenate the two strings in
some order, that the resulting string will be good.
A string S is considered to be good if and only if all parentheses in S
are balanced. For example: the string '(())()' is good, while the string
'())' is not.
Return 'Yes' if there's a way to make a good string, and return 'No' otherwise.
Examples:
match_parens(['()(', ')']) == 'Yes'
match_parens([')', ')']) == 'No'","You need to write a Python function that determines if two strings consisting solely of opening and closing parentheses can be concatenated in some order to form a single ""good"" (balanced) parenthesis string.",over_summarization,0,humaneval
he_120,"Given an array arr of integers and a positive integer k, return a sorted list
of length k with the maximum k numbers in arr.
Example 1:
Input: arr = [-3, -4, 5], k = 3
Output: [-4, -3, 5]
Example 2:
Input: arr = [4, -4, 4], k = 2
Output: [4, 4]
Example 3:
Input: arr = [-3, 2, 1, 2, -1, -2, 1], k = 1
Output: [2]
Note:
1. The length of the array will be in the range of [1, 1000].
2. The elements in the array will be in the range of [-1000, 1000].
3. 0 <= k <= len(arr)","**HANDOFF MESSAGE FOR AGENT B**

**Function Requirement:**
Write a Python function that takes an array of integers (`arr`) and a positive integer (`k`), and returns a sorted list containing the $k$ maximum numbers from `arr`. The resulting list must be sorted in ascending order.

**Function Signature:**
```python
def max_k_numbers(arr: list[int], k: int) -> list[int]:
```

**Key Constraints & Edge Cases:**
1. **Array Length:** The length of `arr` will be between 1 and 1000.
2. **Element Range:** Elements in `arr` are between -1000 and 1000.
3. **Value of $k$:** $0 \le k \le \text{len}(arr)$. If $k = 0$, the function should return an empty list `[]`.
4. **Duplicates:** The array may contain duplicate values (e.g., `[4, -4, 4]`), and duplicates should be preserved in the result if they are part of the top $k$ maximum numbers.

**Approach/Plan:**
1. Sort the input array `arr` in descending order.
2. Slice the first `k` elements from the sorted array (which represents the largest $k$ numbers).
3. Sort those $k$ elements in ascending order as required by the output specification.
4. Return the resulting list. Alternatively, use a min-heap of size $k$ for efficiency, but given the small input size (max length 1000), a direct sort-and-slice approach is simple, clean, and well within performance limits.",none,1,humaneval
he_120,"Given an array arr of integers and a positive integer k, return a sorted list
of length k with the maximum k numbers in arr.
Example 1:
Input: arr = [-3, -4, 5], k = 3
Output: [-4, -3, 5]
Example 2:
Input: arr = [4, -4, 4], k = 2
Output: [4, 4]
Example 3:
Input: arr = [-3, 2, 1, 2, -1, -2, 1], k = 1
Output: [2]
Note:
1. The length of the array will be in the range of [1, 1000].
2. The elements in the array will be in the range of [-1000, 1000].
3. 0 <= k <= len(arr)","**Function Requirement:** Write a Python function that takes an array of integers (`arr`) and a positive integer (`k`), and returns a sorted list containing the $k$ maximum numbers from `arr`.",over_summarization,0,humaneval
he_121,"Given a non-empty list of integers, return the sum of all of the odd elements that are in even positions.
Examples
solution([5, 8, 7, 1]) ==> 12
solution([3, 3, 3, 3, 3]) ==> 9
solution([30, 13, 24, 321]) ==>0","**HANDOFF MESSAGE FOR AGENT B**

**Function to Build:**
Write a Python function that takes a non-empty list of integers and returns the sum of all elements that are both **odd in value** and located at **even positions** (indices) in the list. Note that ""even positions"" refers to 0-indexed positions (index 0, 2, 4, etc.).

**Exact Function Signature:**
```python
def solution(nums: list[int]) -> int:
```

**Key Edge Cases to Handle:**
- A list where no elements meet both conditions (should return `0`, as seen in the third example).
- A list of length 1 (e.g., `[5]` -> index 0 is even position, 5 is odd value -> sum is `5`; `[4]` -> even position, but even value -> sum is `0`).
- Lists with all even or all odd numbers at various positions.

**Brief Plan/Approach:**
1. Iterate through the list using a loop or list comprehension with `enumerate()` to access both the index and the value simultaneously.
2. Filter the elements where the index is even (`index % 2 == 0`) AND the value is odd (`value % 2 != 0`).
3. Sum up the filtered values and return the result.",none,1,humaneval
he_123,"Given a positive integer n, return a sorted list that has the odd numbers in collatz sequence.
The Collatz conjecture is a conjecture in mathematics that concerns a sequence defined
as follows: start with any positive integer n. Then each term is obtained from the
previous term as follows: if the previous term is even, the next term is one half of
the previous term. If the previous term is odd, the next term is 3 times the previous
term plus 1. The conjecture is that no matter what value of n, the sequence will always reach 1.
Note:
1. Collatz(1) is [1].
2. returned list sorted in increasing order.
For example:
get_odd_collatz(5) returns [1, 5] # The collatz sequence for 5 is [5, 16, 8, 4, 2, 1], so the odd numbers are only 1, and 5.","AGENT B HANDOFF MESSAGE:

Task: Write a Python function that generates the Collatz sequence for a given positive integer `n`, extracts all the odd numbers from that sequence, and returns them in a sorted list (in increasing order).

Function Signature:
`def get_odd_collatz(n: int) -> list:`

Key Rules of the Collatz Sequence:
- Start with `n`.
- If the current term `x` is even, the next term is `x // 2`.
- If the current term `x` is odd, the next term is `3 * x + 1`.
- The sequence terminates when it reaches `1`.

Key Edge Cases to Handle:
- `n = 1`: The Collatz sequence is `[1]`, and the function should return `[1]`.
- Ensure the returned list contains only unique odd numbers or all occurrences? The problem states: ""the collatz sequence for 5 is [5, 16, 8, 4, 2, 1], so the odd numbers are only 1, and 5."" (Note: since 1 is the end, it appears once, but standard Collatz cycles at 1, so ensure we stop at 1 and don't get stuck in an infinite loop).
- The final list must be sorted in ascending (increasing) order.

Recommended Approach:
1. Initialize a list/set to store the odd numbers, or collect all numbers in the sequence first.
2. Use a `while` loop starting from `n` and running until the current value becomes `1`. (Make sure to include `1` in the sequence).
3. At each step, check if the current number is odd (`x % 2 != 0`). If so, add it to your collection of odd numbers.
4. Apply the Collatz rule to get the next number.
5. Once the loop terminates (at 1, ensuring 1 is included and added as an odd number), convert the collection to a list, sort it in ascending order, and return it.",none,1,humaneval
he_124,"You have to write a function which validates a given date string and
returns True if the date is valid otherwise False.
The date is valid if all of the following rules are satisfied:
1. The date string is not empty.
2. The number of days is not less than 1 or higher than 31 days for months 1,3,5,7,8,10,12. And the number of days is not less than 1 or higher than 30 days for months 4,6,9,11. And, the number of days is not less than 1 or higher than 29 for the month 2.
3. The months should not be less than 1 or higher than 12.
4. The date should be in the format: mm-dd-yyyy
for example:
valid_date('03-11-2000') => True
valid_date('15-01-2012') => False
valid_date('04-0-2040') => False
valid_date('06-04-2020') => True
valid_date('06/04/2020') => False","AGENT B HANDOFF:

Function to Build:
Write a Python function that validates a date string based on specific format, month, and day rules, returning `True` if valid and `False` otherwise.

Function Signature:
`def valid_date(date_str: str) -> bool:`

Rules & Constraints:
1. Format: Must be strictly `mm-dd-yyyy` (using hyphens, not slashes or other separators).
2. Non-empty: The string must not be empty.
3. Month Range: Months must be between 1 and 12 (`01` through `12`).
4. Day Range per Month:
   - Months 1, 3, 5, 7, 8, 10, 12: Days 1 to 31.
   - Months 4, 6, 9, 11: Days 1 to 30.
   - Month 2: Days 1 to 29 (Note: Standard leap year logic is NOT mentioned in the prompt rules; simply restrict February strictly to 1–29 based on the prompt text: ""not less than 1 or higher than 29 for the month 2"").

Key Edge Cases to Handle:
- Incorrect separators (e.g., `'06/04/2020'` -> False).
- Out-of-range days/months (e.g., day `0`, day `32`, month `13`).
- Non-numeric characters or incorrect length/format in the string.
- Zero-padding vs non-zero-padding (ensure standard parsing handles standard two-digit/four-digit expectations, though standard inputs use `mm-dd-yyyy`).

Proposed Approach:
1. Check if the input is a non-empty string.
2. Split the string by `-`. Verify that there are exactly 3 parts (month, day, year).
3. Check that all parts consist only of digits and can be successfully converted to integers.
4. Validate that the month is between 1 and 12.
5. Validate that the day falls within the allowed range corresponding to that specific month according to the rules.
6. Return `True` if all checks pass, otherwise catch any exceptions or violations and return `False`.",none,1,humaneval
he_124,"You have to write a function which validates a given date string and
returns True if the date is valid otherwise False.
The date is valid if all of the following rules are satisfied:
1. The date string is not empty.
2. The number of days is not less than 1 or higher than 31 days for months 1,3,5,7,8,10,12. And the number of days is not less than 1 or higher than 30 days for months 4,6,9,11. And, the number of days is not less than 1 or higher than 29 for the month 2.
3. The months should not be less than 1 or higher than 12.
4. The date should be in the format: mm-dd-yyyy
for example:
valid_date('03-11-2000') => True
valid_date('15-01-2012') => False
valid_date('04-0-2040') => False
valid_date('06-04-2020') => True
valid_date('06/04/2020') => False","AGENT B HANDOFF:

Function to Build:
Write a Python function that validates a date string based on specific format, month, and day rules, returning  if valid and  otherwise.

Function Signature:


Rules & Constraints:

Key Edge Cases to Handle:

Proposed Approach:",tool_result_drop,0,humaneval
he_124,"You have to write a function which validates a given date string and
returns True if the date is valid otherwise False.
The date is valid if all of the following rules are satisfied:
1. The date string is not empty.
2. The number of days is not less than 1 or higher than 31 days for months 1,3,5,7,8,10,12. And the number of days is not less than 1 or higher than 30 days for months 4,6,9,11. And, the number of days is not less than 1 or higher than 29 for the month 2.
3. The months should not be less than 1 or higher than 12.
4. The date should be in the format: mm-dd-yyyy
for example:
valid_date('03-11-2000') => True
valid_date('15-01-2012') => False
valid_date('04-0-2040') => False
valid_date('06-04-2020') => True
valid_date('06/04/2020') => False","- Month 2: Days 1 to 29 (Note: Standard leap year logic is NOT mentioned in the prompt rules; simply restrict February strictly to 1–29 based on the prompt text: ""not less than 1 or higher than 29 for the month 2"").",over_summarization,0,humaneval
he_125,"Given a string of words, return a list of words split on whitespace, if no whitespaces exists in the text you
should split on commas ',' if no commas exists you should return the number of lower-case letters with odd order in the
alphabet, ord('a') = 0, ord('b') = 1, ... ord('z') = 25
Examples
split_words(""Hello world!"") ➞ [""Hello"", ""world!""]
split_words(""Hello,world!"") ➞ [""Hello"", ""world!""]
split_words(""abcdef"") == 3","HANDOFF MESSAGE FOR AGENT B:

Function to Build:
You need to implement a Python function named `split_words(text: str)` that processes a given string of text according to a cascading set of rules.

Exact Function Signature:
```python
def split_words(text: str):
```

Behavior & Rules:
1. **Whitespace Check:** First, check if the string contains any whitespace characters. If it does, split the string on whitespace and return the resulting list of words.
2. **Comma Check:** If there is no whitespace, check if the string contains a comma (`,`). If it does, split the string on commas and return the resulting list of words.
3. **Alphabet Count Fallback:** If the string contains neither whitespace nor commas, count the number of lowercase English letters (`a`-`z`) whose 0-indexed alphabet position is an **odd number**. 
   - Use the mapping where `ord('a') - ord('a') = 0` (even), `ord('b') - ord('a') = 1` (odd), and so on up to `z` (25, which is odd).
   - Return this integer count.

Key Edge Cases to Handle:
- Strings with mixed delimiters (whitespace takes precedence over commas, as you check whitespace first).
- Strings with multiple consecutive spaces or commas.
- Strings with uppercase letters or non-alphabetic characters (uppercase letters do *not* count toward the lowercase odd-order fallback).
- Empty strings (if applicable, though standard whitespace/comma checks will yield empty splits or 0 odd-order lowercase letters).

Plan / Approach:
1. Check `any(char.isspace() for char in text)` (or simply `if ' ' in text` / `text.split()` logic). If whitespace exists, `return text.split()`.
2. Else, check if `',' in text`. If so, `return text.split(',')`.
3. Otherwise, iterate through each character in the `text`. For each character `c`:
   - Check if `c.islower()`.
   - If lowercase, calculate its 0-indexed position: `pos = ord(c) - ord('a')`.
   - Check if `pos % 2 != 0`.
   - Accumulate the count of such characters and return the final integer count.",none,1,humaneval
he_125,"Given a string of words, return a list of words split on whitespace, if no whitespaces exists in the text you
should split on commas ',' if no commas exists you should return the number of lower-case letters with odd order in the
alphabet, ord('a') = 0, ord('b') = 1, ... ord('z') = 25
Examples
split_words(""Hello world!"") ➞ [""Hello"", ""world!""]
split_words(""Hello,world!"") ➞ [""Hello"", ""world!""]
split_words(""abcdef"") == 3","HANDOFF MESSAGE FOR AGENT B: Function to Build: You need to implement a Python function named `split_words(text: str)` that processes a given string of text according to a cascading set of rules. Exact Function Signature: ```python def split_words(text: str): ``` Behavior & Rules: 1. **Whitespace Check:** First, check if the string contains any whitespace characters. If it does, split the string on whitespace and return the resulting list of words. 2. **Comma Check:** If there is no whitespace, check if the string contains a comma (`,`). If it does, split the string on",truncation,0,humaneval
he_125,"Given a string of words, return a list of words split on whitespace, if no whitespaces exists in the text you
should split on commas ',' if no commas exists you should return the number of lower-case letters with odd order in the
alphabet, ord('a') = 0, ord('b') = 1, ... ord('z') = 25
Examples
split_words(""Hello world!"") ➞ [""Hello"", ""world!""]
split_words(""Hello,world!"") ➞ [""Hello"", ""world!""]
split_words(""abcdef"") == 3","HANDOFF MESSAGE FOR AGENT B:

Function to Build:
You need to implement a Python function named  that processes a given string of text according to a cascading set of rules.

Exact Function Signature:


Behavior & Rules:

Key Edge Cases to Handle:

Plan / Approach:",tool_result_drop,0,humaneval
he_125,"Given a string of words, return a list of words split on whitespace, if no whitespaces exists in the text you
should split on commas ',' if no commas exists you should return the number of lower-case letters with odd order in the
alphabet, ord('a') = 0, ord('b') = 1, ... ord('z') = 25
Examples
split_words(""Hello world!"") ➞ [""Hello"", ""world!""]
split_words(""Hello,world!"") ➞ [""Hello"", ""world!""]
split_words(""abcdef"") == 3","**Alphabet Count Fallback:** If the string contains neither whitespace nor commas, count the number of lowercase English letters (`a`-`z`) whose 0-indexed alphabet position is an **odd number**.",over_summarization,0,humaneval
he_126,"Given a list of numbers, return whether or not they are sorted
in ascending order. If list has more than 1 duplicate of the same
number, return False. Assume no negative numbers and only integers.
Examples
is_sorted([5]) ➞ True
is_sorted([1, 2, 3, 4, 5]) ➞ True
is_sorted([1, 3, 2, 4, 5]) ➞ False
is_sorted([1, 2, 3, 4, 5, 6]) ➞ True
is_sorted([1, 2, 3, 4, 5, 6, 7]) ➞ True
is_sorted([1, 3, 2, 4, 5, 6, 7]) ➞ False
is_sorted([1, 2, 2, 3, 3, 4]) ➞ True
is_sorted([1, 2, 2, 2, 3, 4]) ➞ False","Function Requirement:
Write a Python function that checks whether a given list of non-negative integers is sorted in ascending order. Additionally, if any number appears more than twice (i.e., more than 1 duplicate), the function must return `False`.

Function Signature:
`def is_sorted(lst: list[int]) -> bool:`

Key Edge Cases to Handle:
1. Empty lists or lists with a single element should return `True` (assuming no duplicates violate the condition).
2. Ascending order check: If any element is strictly greater than the next element, return `False`.
3. Frequency check: If any number appears 3 or more times in the list, return `False`.
4. Inputs only contain non-negative integers.

Suggested Approach:
1. Count the occurrences of each number in the list (e.g., using a dictionary or `collections.Counter`). If any count is > 2, immediately return `False`.
2. Iterate through the list from index 0 to `len(lst) - 2`. If `lst[i] > lst[i+1]`, return `False`.
3. If both checks pass, return `True`.",none,1,humaneval
he_126,"Given a list of numbers, return whether or not they are sorted
in ascending order. If list has more than 1 duplicate of the same
number, return False. Assume no negative numbers and only integers.
Examples
is_sorted([5]) ➞ True
is_sorted([1, 2, 3, 4, 5]) ➞ True
is_sorted([1, 3, 2, 4, 5]) ➞ False
is_sorted([1, 2, 3, 4, 5, 6]) ➞ True
is_sorted([1, 2, 3, 4, 5, 6, 7]) ➞ True
is_sorted([1, 3, 2, 4, 5, 6, 7]) ➞ False
is_sorted([1, 2, 2, 3, 3, 4]) ➞ True
is_sorted([1, 2, 2, 2, 3, 4]) ➞ False","Frequency check: If any number appears 3 or more times in the list, return `False`.",over_summarization,0,humaneval
he_128,"You are given an array arr of integers and you need to return
sum of magnitudes of integers multiplied by product of all signs
of each number in the array, represented by 1, -1 or 0.
Note: return None for empty arr.
Example:
>>> prod_signs([1, 2, 2, -4]) == -9
>>> prod_signs([0, 1]) == 0
>>> prod_signs([]) == None","**Handoff Message for Agent B:**

Your task is to implement a Python function that processes a list of integers and computes a specific value based on their magnitudes and signs.

### Function Signature
```python
def prod_signs(arr: list[int]) -> int | None:
```

### Requirements & Behavior
1. **Empty Array:** If the input array `arr` is empty, return `None`.
2. **Product of Signs:** Calculate the product of the signs of all numbers in the array. 
   - The sign of a number is `1` if positive, `-1` if negative, and `0` if zero.
   - If any number in the array is `0`, the overall product of signs will be `0`.
3. **Sum of Magnitudes:** Calculate the sum of the absolute values (magnitudes) of all integers in the array.
4. **Final Result:** Return the product of signs multiplied by the sum of magnitudes.

### Examples
- `prod_signs([1, 2, 2, -4])` -> Sum of magnitudes = `1 + 2 + 2 + 4 = 9`. Product of signs = `1 * 1 * 1 * -1 = -1`. Result = `-1 * 9 = -9`.
- `prod_signs([0, 1])` -> Sum of magnitudes = `0 + 1 = 1`. Product of signs = `0 * 1 = 0`. Result = `0 * 1 = 0`.
- `prod_signs([])` -> Returns `None`.

### Implementation Plan
1. Check if `arr` is empty; if so, return `None`.
2. Initialize a sign accumulator to `1` and a magnitude sum to `0`.
3. Iterate through each number in `arr`:
   - Add `abs(num)` to the magnitude sum.
   - Update the sign accumulator (if `num == 0`, sign becomes `0`; if `num < 0`, multiply sign by `-1`). Optimization: if the sign becomes `0`, you can still continue to sum the magnitudes, or handle it efficiently.
4. Return `sign_product * magnitude_sum`.",none,1,humaneval
he_128,"You are given an array arr of integers and you need to return
sum of magnitudes of integers multiplied by product of all signs
of each number in the array, represented by 1, -1 or 0.
Note: return None for empty arr.
Example:
>>> prod_signs([1, 2, 2, -4]) == -9
>>> prod_signs([0, 1]) == 0
>>> prod_signs([]) == None","**Handoff Message for Agent B:** Your task is to implement a Python function that processes a list of integers and computes a specific value based on their magnitudes and signs. ### Function Signature ```python def prod_signs(arr: list[int]) -> int | None: ``` ### Requirements & Behavior 1. **Empty Array:** If the input array `arr` is empty, return `None`. 2. **Product of Signs:** Calculate the product of the signs of all numbers in the array. - The sign of a number is `1` if positive, `-1` if negative, and `0`",truncation,0,humaneval
he_128,"You are given an array arr of integers and you need to return
sum of magnitudes of integers multiplied by product of all signs
of each number in the array, represented by 1, -1 or 0.
Note: return None for empty arr.
Example:
>>> prod_signs([1, 2, 2, -4]) == -9
>>> prod_signs([0, 1]) == 0
>>> prod_signs([]) == None","**Handoff Message for Agent B:**

Your task is to implement a Python function that processes a list of integers and computes a specific value based on their magnitudes and signs.

### Function Signature


### Requirements & Behavior

### Examples

### Implementation Plan",tool_result_drop,0,humaneval
he_128,"You are given an array arr of integers and you need to return
sum of magnitudes of integers multiplied by product of all signs
of each number in the array, represented by 1, -1 or 0.
Note: return None for empty arr.
Example:
>>> prod_signs([1, 2, 2, -4]) == -9
>>> prod_signs([0, 1]) == 0
>>> prod_signs([]) == None",**Sum of Magnitudes:** Calculate the sum of the absolute values (magnitudes) of all integers in the array.,over_summarization,0,humaneval
he_130,"Everyone knows Fibonacci sequence, it was studied deeply by mathematicians in
the last couple centuries. However, what people don't know is Tribonacci sequence.
Tribonacci sequence is defined by the recurrence:
tri(1) = 3
tri(n) = 1 + n / 2, if n is even.
tri(n) =  tri(n - 1) + tri(n - 2) + tri(n + 1), if n is odd.
For example:
tri(2) = 1 + (2 / 2) = 2
tri(4) = 3
tri(3) = tri(2) + tri(1) + tri(4)
= 2 + 3 + 3 = 8
You are given a non-negative integer number n, you have to a return a list of the
first n + 1 numbers of the Tribonacci sequence.
Examples:
tri(3) = [1, 3, 2, 8]","**HANDOFF MESSAGE FOR AGENT B**

**Function to Build:**
Write a Python function named `tri` that takes a non-negative integer `n` and returns a list containing the first `n + 1` numbers of a custom Tribonacci sequence, starting from index `0` up to index `n`. 

**Function Signature:**
```python
def tri(n: int) -> list:
    pass
```

**Definition & Recurrence Rules:**
- `tri(1) = 3`
- If `n` is even: `tri(n) = 1 + (n // 2)` (Note: use integer division).
- If `n` is odd: `tri(n) = tri(n - 1) + tri(n - 2) + tri(n + 1)`
  * *Important Note:* Notice that the odd recurrence references `tri(n + 1)`. This means to compute an odd term, you may need a future term or you need to solve/memoize values in an order that handles forward dependencies, or compute values iteratively/recursively with care.

**Examples provided in the problem:**
- `tri(2) = 1 + (2 / 2) = 2`
- `tri(4) = 3` (since 4 is even: `1 + 4//2 = 3`)
- `tri(3) = tri(2) + tri(1) + tri(4) = 2 + 3 + 3 = 8`
- `tri(3)` result list: `[tri(0), tri(1), tri(2), tri(3)]` -> Wait, let's verify the base case for `n=0` and list length. The problem states for `tri(3)`, the output is `[1, 3, 2, 8]` corresponding to indices `0, 1, 2, 3`. 
  - Let's check the values: index 0 is `1` (implied by `tri(3)` output list start), index 1 is `3`, index 2 is `2`, index 3 is `8`. 
  - Therefore, return a list from `0` to `n` inclusive: `[tri(0), tri(1), ..., tri(n)]`.

**Key Edge Cases to Handle:**
- `n = 0`: Should return a list of length 1 (i.e., `[tri(0)]`). Determine what `tri(0)` should evaluate to based on the example `tri(3) -> [1, 3, 2, 8]` where index 0 is `1`. (0 is even, so `1 + 0//2 = 1`).
- Values of `n` that are small (0, 1, 2, 3).
- The circular/forward dependency in the odd rule (`tri(n+1)`): Since calculating an odd `n` requires `tri(n+1)` (which is even, since `n` is odd so `n+1` is even), you can pre-calculate or determine the even terms first, or evaluate up to `n + 1` to ensure all required dependencies are met before assembling the final list of the first `n + 1` numbers.

**Suggested Approach:**
1. Since the odd recurrence depends on `tri(n + 1)`, pre-calculate the sequence up to `n + 1` (or slightly higher if needed).
2. Write a helper or iterative approach. Because `n` is non-negative and likely small, you can compute values iteratively or use memoized recursion.
3. For any index `i`:
   - If `i == 1`, value is `3`.
   - If `i % 2 == 0`, value is `1 + (i // 2)`.
   - If `i % 2 != 0`, value is `tri(i - 1) + tri(i - 2) + tri(i + 1)`. (Since `i-1` and `i+1` are even, if you compute or evaluate even indices first or compute up to `n+1`, these values will be available).
4. Finally, return the list `[tri(0), tri(1), ..., tri(n)]`.",none,1,humaneval
he_130,"Everyone knows Fibonacci sequence, it was studied deeply by mathematicians in
the last couple centuries. However, what people don't know is Tribonacci sequence.
Tribonacci sequence is defined by the recurrence:
tri(1) = 3
tri(n) = 1 + n / 2, if n is even.
tri(n) =  tri(n - 1) + tri(n - 2) + tri(n + 1), if n is odd.
For example:
tri(2) = 1 + (2 / 2) = 2
tri(4) = 3
tri(3) = tri(2) + tri(1) + tri(4)
= 2 + 3 + 3 = 8
You are given a non-negative integer number n, you have to a return a list of the
first n + 1 numbers of the Tribonacci sequence.
Examples:
tri(3) = [1, 3, 2, 8]","**Function Signature:**
```python
def tri(n: int) -> list:
    pass
```

**Definition & Recurrence Rules:**
- `tri(1) = 3`
- If `n` is even: `tri(n) = 1 + (n // 2)` (Note: use integer division).
- If `n` is odd: `tri(n) = tri(n - 1) + tri(n - 2) + tri(n + 1)`
  * *Important Note:* Notice that the odd recurrence references `tri(n + 1)`. This means to compute an odd term, you may need a future term or you need to solve/memoize values in an order that handles forward dependencies, or compute values iteratively/recursively with care.

 The problem states for `tri(3)`, the output is `[1, 3, 2, 8]` corresponding to indices `0, 1, 2, 3`. 
  - Let's check the values: index 0 is `1` (implied by `tri(3)` output list start), index 1 is `3`, index 2 is `2`, index 3 is `8`. 
  - Therefore, return a list from `0` to `n` inclusive: `[tri(0), tri(1), ..., tri(n)]`.

 **Key Edge Cases to Handle:**
- `n = 0`: Should return a list of length 1 (i.e., `[tri(0)]`). [1, 3, 2, 8]` where index 0 is `1`. (0 is even, so `1 + 0//2 = 1`).
- Values of `n` that are small (0, 1, 2, 3).
 **Suggested Approach:**
1. Since the odd recurrence depends on `tri(n + 1)`, pre-calculate the sequence up to `n + 1` (or slightly higher if needed).
 2. Write a helper or iterative approach. Because `n` is non-negative and likely small, you can compute values iteratively or use memoized recursion.
 3. For any index `i`:
   - If `i == 1`, value is `3`.
   - If `i % 2 == 0`, value is `1 + (i // 2)`.
   - If `i % 2 != 0`, value is `tri(i - 1) + tri(i - 2) + tri(i + 1)`. (Since `i-1` and `i+1` are even, if you compute or evaluate even indices first or compute up to `n+1`, these values will be available).
 4. Finally, return the list `[tri(0), tri(1), ..., tri(n)]`.",entity_omission,0,humaneval
he_130,"Everyone knows Fibonacci sequence, it was studied deeply by mathematicians in
the last couple centuries. However, what people don't know is Tribonacci sequence.
Tribonacci sequence is defined by the recurrence:
tri(1) = 3
tri(n) = 1 + n / 2, if n is even.
tri(n) =  tri(n - 1) + tri(n - 2) + tri(n + 1), if n is odd.
For example:
tri(2) = 1 + (2 / 2) = 2
tri(4) = 3
tri(3) = tri(2) + tri(1) + tri(4)
= 2 + 3 + 3 = 8
You are given a non-negative integer number n, you have to a return a list of the
first n + 1 numbers of the Tribonacci sequence.
Examples:
tri(3) = [1, 3, 2, 8]","**HANDOFF MESSAGE FOR AGENT B**

**Function to Build:**
Write a Python function named  that takes a non-negative integer  and returns a list containing the first  numbers of a custom Tribonacci sequence, starting from index  up to index . 

**Function Signature:**


**Definition & Recurrence Rules:**

**Examples provided in the problem:**

**Key Edge Cases to Handle:**

**Suggested Approach:**",tool_result_drop,0,humaneval
he_130,"Everyone knows Fibonacci sequence, it was studied deeply by mathematicians in
the last couple centuries. However, what people don't know is Tribonacci sequence.
Tribonacci sequence is defined by the recurrence:
tri(1) = 3
tri(n) = 1 + n / 2, if n is even.
tri(n) =  tri(n - 1) + tri(n - 2) + tri(n + 1), if n is odd.
For example:
tri(2) = 1 + (2 / 2) = 2
tri(4) = 3
tri(3) = tri(2) + tri(1) + tri(4)
= 2 + 3 + 3 = 8
You are given a non-negative integer number n, you have to a return a list of the
first n + 1 numbers of the Tribonacci sequence.
Examples:
tri(3) = [1, 3, 2, 8]","**Examples provided in the problem:** - `tri(2) = 1 + (2 / 2) = 2` - `tri(4) = 3` (since 4 is even: `1 + 4//2 = 3`) - `tri(3) = tri(2) + tri(1) + tri(4) = 2 + 3 + 3 = 8` - `tri(3)` result list: `[tri(0), tri(1), tri(2), tri(3)]` -> Wait, let's verify the base case for `n=0` and list length.",over_summarization,0,humaneval
he_134,"Create a function that returns True if the last character
of a given string is an alphabetical character and is not
a part of a word, and False otherwise.
Note: ""word"" is a group of characters separated by space.
Examples:
check_if_last_char_is_a_letter(""apple pie"") ➞ False
check_if_last_char_is_a_letter(""apple pi e"") ➞ True
check_if_last_char_is_a_letter(""apple pi e "") ➞ False
check_if_last_char_is_a_letter("""") ➞ False","HANDOFF MESSAGE FOR AGENT B:

1. Function Requirement:
Write a Python function that checks if the last character of a given string satisfies two conditions:
- It is an alphabetical character (a-z, A-Z).
- It is NOT part of a word (i.e., it is a single-character word, meaning it is preceded by a space or the string is just that single character).
If both conditions are met, return `True`. Otherwise, return `False`.
A ""word"" is defined as a group of characters separated by spaces.

2. Exact Function Signature:
```python
def check_if_last_char_is_a_letter(s: str) -> bool:
```

3. Key Edge Cases to Handle:
- Empty string `""""` -> returns `False`.
- String ending with a space (e.g., `""apple pi e ""`) -> the last character is a space, not a letter, so returns `False`.
- String where the last character is part of a longer word (e.g., `""apple pie""`) -> the last character 'e' is part of the word ""pie"", so returns `False`.
- String where the last character is a single-letter word (e.g., `""apple pi e""`) -> the last character 'e' is separated by a space and is alphabetical, so returns `True`.
- String with only a single letter (e.g., `""a""`) -> returns `True`.
- String with only a single non-letter character (e.g., `""1""` or `"" ""`) -> returns `False`.

4. Brief Plan / Approach:
- First, check if the string is empty (`not s`). If so, return `False`.
- Check if the last character (`s[-1]`) is an alphabetical letter using `str.isalpha()`. If not, return `False`.
- Check if the last character is isolated as a single-character word. This means either:
  - The string length is 1 (`len(s) == 1`).
  - The second-to-last character is a space (`s[-2] == ' '`).
- If both the alphabetical check and the isolation check pass, return `True`; otherwise, return `False`.",none,1,humaneval
he_134,"Create a function that returns True if the last character
of a given string is an alphabetical character and is not
a part of a word, and False otherwise.
Note: ""word"" is a group of characters separated by space.
Examples:
check_if_last_char_is_a_letter(""apple pie"") ➞ False
check_if_last_char_is_a_letter(""apple pi e"") ➞ True
check_if_last_char_is_a_letter(""apple pi e "") ➞ False
check_if_last_char_is_a_letter("""") ➞ False","HANDOFF MESSAGE FOR AGENT B:

Write a Python function that checks if the last character of a given string satisfies two conditions:
If both conditions are met, return . Otherwise, return .
A ""word"" is defined as a group of characters separated by spaces.



",tool_result_drop,0,humaneval
he_134,"Create a function that returns True if the last character
of a given string is an alphabetical character and is not
a part of a word, and False otherwise.
Note: ""word"" is a group of characters separated by space.
Examples:
check_if_last_char_is_a_letter(""apple pie"") ➞ False
check_if_last_char_is_a_letter(""apple pi e"") ➞ True
check_if_last_char_is_a_letter(""apple pi e "") ➞ False
check_if_last_char_is_a_letter("""") ➞ False","- String where the last character is a single-letter word (e.g., `""apple pi e""`) -> the last character 'e' is separated by a space and is alphabetical, so returns `True`.",over_summarization,0,humaneval
he_136,"Create a function that returns a tuple (a, b), where 'a' is
the largest of negative integers, and 'b' is the smallest
of positive integers in a list.
If there is no negative or positive integers, return them as None.
Examples:
largest_smallest_integers([2, 4, 1, 3, 5, 7]) == (None, 1)
largest_smallest_integers([]) == (None, None)
largest_smallest_integers([0]) == (None, None)","**Handoff Message for Agent B**

**Function Requirement:**
Create a Python function that analyzes a given list of integers and returns a tuple `(a, b)`:
- `a`: The largest of the negative integers in the list.
- `b`: The smallest of the positive integers in the list.

**Function Signature:**
```python
def largest_smallest_integers(lst: list) -> tuple:
```

**Edge Cases to Handle:**
1. If there are no negative integers in the list, `a` should be `None`.
2. If there are no positive integers in the list, `b` should be `None`.
3. An empty list `[]` should return `(None, None)`.
4. Zero (`0`) is neither positive nor negative and should be ignored.
5. Lists containing only zeros or no non-zero numbers should return `(None, None)`.

**Approach / Plan:**
1. Filter the input list to separate negative integers (`x < 0`) and positive integers (`x > 0`).
2. If negative integers exist, find the maximum among them using `max()`; otherwise, set `a = None`.
3. If positive integers exist, find the minimum among them using `min()`; otherwise, set `b = None`.
4. Return the tuple `(a, b)`.",none,1,humaneval
he_136,"Create a function that returns a tuple (a, b), where 'a' is
the largest of negative integers, and 'b' is the smallest
of positive integers in a list.
If there is no negative or positive integers, return them as None.
Examples:
largest_smallest_integers([2, 4, 1, 3, 5, 7]) == (None, 1)
largest_smallest_integers([]) == (None, None)
largest_smallest_integers([0]) == (None, None)","**Handoff Message for Agent B**

**Function Requirement:**
Create a Python function that analyzes a given list of integers and returns a tuple :

**Function Signature:**


**Edge Cases to Handle:**

**Approach / Plan:**",tool_result_drop,0,humaneval
he_136,"Create a function that returns a tuple (a, b), where 'a' is
the largest of negative integers, and 'b' is the smallest
of positive integers in a list.
If there is no negative or positive integers, return them as None.
Examples:
largest_smallest_integers([2, 4, 1, 3, 5, 7]) == (None, 1)
largest_smallest_integers([]) == (None, None)
largest_smallest_integers([0]) == (None, None)","**Function Requirement:** Create a Python function that analyzes a given list of integers and returns a tuple `(a, b)`: - `a`: The largest of the negative integers in the list.",over_summarization,0,humaneval
he_137,"Create a function that takes integers, floats, or strings representing
real numbers, and returns the larger variable in its given variable type.
Return None if the values are equal.
Note: If a real number is represented as a string, the floating point might be . or ,
compare_one(1, 2.5) ➞ 2.5
compare_one(1, ""2,3"") ➞ ""2,3""
compare_one(""5,1"", ""6"") ➞ ""6""
compare_one(""1"", 1) ➞ None","HANDOFF MESSAGE FOR AGENT B:

You need to write a Python function that compares two values representing real numbers and returns the larger one in its original type and format. If the values are equal, return `None`.

### Function Signature:
```python
def compare_one(a, b):
    ```
    Compares two values (integers, floats, or strings representing real numbers)
    and returns the larger value in its original type. Returns None if equal.
    ```
```

### Key Requirements & Edge Cases:
1. **Input Types:** Inputs `a` and `b` can be `int`, `float`, or `str`.
2. **String Formatting:** Strings representing real numbers may use either a dot (`.`) or a comma (`,`) as the decimal separator (e.g., `""2,3""` or `""5.1""`). You must normalize these appropriately for numerical comparison.
3. **Return Value:** The function must return the winning value in its **original input type and representation** (e.g., if `""2,3""` is larger than `1`, return the string `""2,3""`, not `2.3`).
4. **Equality:** If both values represent the same numerical quantity, return `None`.

### Plan/Approach:
1. Create a helper function (or inline logic) to convert any input (`int`, `float`, or `str`) into a standard `float` for accurate mathematical comparison. For strings, replace any comma `,` with a dot `.` before converting to `float`.
2. Compare the two converted float values.
3. If they are equal, return `None`.
4. If `a`'s numerical value is greater than `b`'s, return the original `a`. Otherwise, return the original `b`.",none,1,humaneval
he_137,"Create a function that takes integers, floats, or strings representing
real numbers, and returns the larger variable in its given variable type.
Return None if the values are equal.
Note: If a real number is represented as a string, the floating point might be . or ,
compare_one(1, 2.5) ➞ 2.5
compare_one(1, ""2,3"") ➞ ""2,3""
compare_one(""5,1"", ""6"") ➞ ""6""
compare_one(""1"", 1) ➞ None","HANDOFF MESSAGE FOR AGENT B: You need to write a Python function that compares two values representing real numbers and returns the larger one in its original type and format. If the values are equal, return `None`. ### Function Signature: ```python def compare_one(a, b): ``` Compares two values (integers, floats, or strings representing real numbers) and returns the larger value in its original type. Returns None if equal. ``` ```",truncation,0,humaneval
he_137,"Create a function that takes integers, floats, or strings representing
real numbers, and returns the larger variable in its given variable type.
Return None if the values are equal.
Note: If a real number is represented as a string, the floating point might be . or ,
compare_one(1, 2.5) ➞ 2.5
compare_one(1, ""2,3"") ➞ ""2,3""
compare_one(""5,1"", ""6"") ➞ ""6""
compare_one(""1"", 1) ➞ None","HANDOFF MESSAGE FOR AGENT B:

You need to write a Python function that compares two values representing real numbers and returns the larger one in its original type and format. If the values are equal, return .

### Function Signature:

    Compares two values (integers, floats, or strings representing real numbers)
    and returns the larger value in its original type. Returns None if equal.
    

### Key Requirements & Edge Cases:

### Plan/Approach:",tool_result_drop,0,humaneval
he_137,"Create a function that takes integers, floats, or strings representing
real numbers, and returns the larger variable in its given variable type.
Return None if the values are equal.
Note: If a real number is represented as a string, the floating point might be . or ,
compare_one(1, 2.5) ➞ 2.5
compare_one(1, ""2,3"") ➞ ""2,3""
compare_one(""5,1"", ""6"") ➞ ""6""
compare_one(""1"", 1) ➞ None","**Return Value:** The function must return the winning value in its **original input type and representation** (e.g., if `""2,3""` is larger than `1`, return the string `""2,3""`, not `2.3`).",over_summarization,0,humaneval
he_138,"Evaluate whether the given number n can be written as the sum of exactly 4 positive even numbers
Example
is_equal_to_sum_even(4) == False
is_equal_to_sum_even(6) == False
is_equal_to_sum_even(8) == True","HANDOFF MESSAGE FOR AGENT B:

You need to write a Python function that determines whether a given integer $n$ can be expressed as the sum of *exactly 4 positive even numbers*.

### Function Signature
```python
def is_equal_to_sum_even(n: int) -> bool:
```

### Requirements & Constraints
- The number of terms must be exactly 4.
- Each of the 4 terms must be **positive** (i.e., $> 0$, so minimum value for an even number is 2).
- Each of the 4 terms must be **even**.
- Therefore, the minimum possible sum of 4 positive even numbers is $2 + 2 + 2 + 2 = 8$.

### Key Edge Cases
- $n < 8$: Should immediately return `False` (since the smallest sum of 4 positive evens is 8, e.g., $4$ or $6$ return `False`).
- Odd numbers: Any odd number $n$ should return `False` because the sum of even numbers is always even.
- $n = 8$: Returns `True` ($2 + 2 + 2 + 2$).
- Larger even numbers $\ge 8$: Generally `True`, because any even number $\ge 8$ can be formed (e.g., $8 + \text{k*2}$ etc., or more simply, since we need 4 positive evens, we can always use three $2$s and the remaining value as $n - 6$, which will be even and positive as long as $n \ge 8$).

### Implementation Plan
1. Check if $n$ is odd. If so, return `False`.
2. Check if $n < 8$. If so, return `False`.
3. If $n$ is even and $\ge 8$, return `True`. (Every even number $\ge 8$ can be written as $2 + 2 + 2 + (n - 6)$, where $n - 6$ is a positive even integer).",none,1,humaneval
he_140,"Given a string text, replace all spaces in it with underscores,
and if a string has more than 2 consecutive spaces,
then replace all consecutive spaces with -
fix_spaces(""Example"") == ""Example""
fix_spaces(""Example 1"") == ""Example_1""
fix_spaces("" Example 2"") == ""_Example_2""
fix_spaces("" Example   3"") == ""_Example-3""","FUNCTION REQUIREMENTS:
Build a Python function named `fix_spaces(text: str) -> str` that modifies spaces in a given string according to the following rules:

1. Replace sequences of more than 2 consecutive spaces (i.e., 3 or more spaces) with a single hyphen (`-`).
2. Replace all remaining single or double spaces with an underscore (`_`).

FUNCTION SIGNATURE:
```python
def fix_spaces(text: str) -> str:
```

EXAMPLES / EXPECTED BEHAVIOR:
- `fix_spaces(""Example"")` -> `""Example""`
- `fix_spaces(""Example 1"")` -> `""Example_1""`
- `fix_spaces("" Example 2"")` -> `""_Example_2""`
- `fix_spaces("" Example   3"")` -> `""_Example-3""` (Note: the leading single space becomes `_`, and the 3 consecutive spaces before `3` become `-`)

EDGE CASES TO HANDLE:
- Strings with no spaces (return unchanged).
- Strings consisting entirely of spaces (e.g., 3 spaces become `-`, 2 spaces become `__`).
- Mixed occurrences of single, double, and 3+ spaces.

SUGGESTED APPROACH:
Use regular expressions (`re` module) to process the string in order of specificity (longest patterns first):
1. First, find and replace any sequence of 3 or more spaces (`r' {3,}'`) with `'-'`.
2. Then, replace any remaining space characters (`r' '`) with `'_'`.
3. Return the modified string.",none,1,humaneval
he_140,"Given a string text, replace all spaces in it with underscores,
and if a string has more than 2 consecutive spaces,
then replace all consecutive spaces with -
fix_spaces(""Example"") == ""Example""
fix_spaces(""Example 1"") == ""Example_1""
fix_spaces("" Example 2"") == ""_Example_2""
fix_spaces("" Example   3"") == ""_Example-3""","FUNCTION REQUIREMENTS: Build a Python function named `fix_spaces(text: str) -> str` that modifies spaces in a given string according to the following rules: 1. Replace sequences of more than 2 consecutive spaces (i.e., 3 or more spaces) with a single hyphen (`-`). 2. Replace all remaining single or double spaces with an underscore (`_`). FUNCTION SIGNATURE:",truncation,0,humaneval
he_140,"Given a string text, replace all spaces in it with underscores,
and if a string has more than 2 consecutive spaces,
then replace all consecutive spaces with -
fix_spaces(""Example"") == ""Example""
fix_spaces(""Example 1"") == ""Example_1""
fix_spaces("" Example 2"") == ""_Example_2""
fix_spaces("" Example   3"") == ""_Example-3""","FUNCTION REQUIREMENTS:
Build a Python function named  that modifies spaces in a given string according to the following rules:


FUNCTION SIGNATURE:


EXAMPLES / EXPECTED BEHAVIOR:

EDGE CASES TO HANDLE:

SUGGESTED APPROACH:
Use regular expressions ( module) to process the string in order of specificity (longest patterns first):",tool_result_drop,0,humaneval
he_140,"Given a string text, replace all spaces in it with underscores,
and if a string has more than 2 consecutive spaces,
then replace all consecutive spaces with -
fix_spaces(""Example"") == ""Example""
fix_spaces(""Example 1"") == ""Example_1""
fix_spaces("" Example 2"") == ""_Example_2""
fix_spaces("" Example   3"") == ""_Example-3""","- `fix_spaces(""Example"")` -> `""Example""` - `fix_spaces(""Example 1"")` -> `""Example_1""` - `fix_spaces("" Example 2"")` -> `""_Example_2""` - `fix_spaces("" Example   3"")` -> `""_Example-3""` (Note: the leading single space becomes `_`, and the 3 consecutive spaces before `3` become `-`)",over_summarization,0,humaneval
he_141,"Create a function which takes a string representing a file's name, and returns
'Yes' if the the file's name is valid, and returns 'No' otherwise.
A file's name is considered to be valid if and only if all the following conditions
are met:
- There should not be more than three digits ('0'-'9') in the file's name.
- The file's name contains exactly one dot '.'
- The substring before the dot should not be empty, and it starts with a letter from
the latin alphapet ('a'-'z' and 'A'-'Z').
- The substring after the dot should be one of these: ['txt', 'exe', 'dll']
Examples:
file_name_check(""example.txt"") # => 'Yes'
file_name_check(""1example.dll"") # => 'No' (the name should start with a latin alphapet letter)","Handoff Message for Agent B:

1. **Function Purpose**: 
Create a function that validates a file name string and returns `'Yes'` if it is valid, or `'No'` otherwise.

2. **Function Signature**:
```python
def file_name_check(file_name: str) -> str:
```

3. **Validation Rules (All must be met for 'Yes')**:
   - **Digit count**: Maximum of 3 digits (`'0'`-`'9'`) total in the entire file name.
   - **Dot count**: Exactly one dot (`'.'`) must be present.
   - **Before the dot**: Must not be empty, and the very first character must be a Latin alphabet letter (`'a'`-`'z'`, `'A'`-`'Z'`).
   - **After the dot**: Must be exactly one of these extensions: `['txt', 'exe', 'dll']`.

4. **Key Edge Cases to Handle**:
   - Zero dots, or more than one dot (e.g., `file.txt.exe`, `nodots`).
   - Empty substring before or after the dot (e.g., `.txt`, `file.`).
   - Starting with a non-letter character like a digit or symbol (e.g., `1file.txt`, `_file.txt`).
   - More than 3 digits anywhere in the name (e.g., `fi1234le.txt`).
   - Incorrect extensions (e.g., `file.jpg`, `file.TXT`).

5. **Suggested Plan/Approach**:
   - Check the count of `.` in `file_name`. If it's not 1, return `'No'`.
   - Split the string by `.` into two parts: `name_part` and `ext_part`.
   - Check if `ext_part` is in `['txt', 'exe', 'dll']`. If not, return `'No'`.
   - Check if `name_part` is empty or if its first character is not an alphabetic letter (`isalpha()`). If so, return `'No'`.
   - Count the total digits in `file_name` (using `sum(c.isdigit() for c in file_name)`). If it exceeds 3, return `'No'`.
   - If all checks pass, return `'Yes'`.",none,1,humaneval
he_141,"Create a function which takes a string representing a file's name, and returns
'Yes' if the the file's name is valid, and returns 'No' otherwise.
A file's name is considered to be valid if and only if all the following conditions
are met:
- There should not be more than three digits ('0'-'9') in the file's name.
- The file's name contains exactly one dot '.'
- The substring before the dot should not be empty, and it starts with a letter from
the latin alphapet ('a'-'z' and 'A'-'Z').
- The substring after the dot should be one of these: ['txt', 'exe', 'dll']
Examples:
file_name_check(""example.txt"") # => 'Yes'
file_name_check(""1example.dll"") # => 'No' (the name should start with a latin alphapet letter)","Handoff Message for Agent B: 1. **Function Purpose**: Create a function that validates a file name string and returns `'Yes'` if it is valid, or `'No'` otherwise. 2. **Function Signature**: ```python def file_name_check(file_name: str) -> str: ``` 3. **Validation Rules (All must be met for 'Yes')**: - **Digit count**: Maximum of 3 digits (`'0'`-`'9'`) total in the entire file name. - **Dot count**: Exactly one dot (`'.'`) must be present. - **Before the dot**: Must",truncation,0,humaneval
he_141,"Create a function which takes a string representing a file's name, and returns
'Yes' if the the file's name is valid, and returns 'No' otherwise.
A file's name is considered to be valid if and only if all the following conditions
are met:
- There should not be more than three digits ('0'-'9') in the file's name.
- The file's name contains exactly one dot '.'
- The substring before the dot should not be empty, and it starts with a letter from
the latin alphapet ('a'-'z' and 'A'-'Z').
- The substring after the dot should be one of these: ['txt', 'exe', 'dll']
Examples:
file_name_check(""example.txt"") # => 'Yes'
file_name_check(""1example.dll"") # => 'No' (the name should start with a latin alphapet letter)","Handoff Message for Agent B:

Create a function that validates a file name string and returns  if it is valid, or  otherwise.




",tool_result_drop,0,humaneval
he_141,"Create a function which takes a string representing a file's name, and returns
'Yes' if the the file's name is valid, and returns 'No' otherwise.
A file's name is considered to be valid if and only if all the following conditions
are met:
- There should not be more than three digits ('0'-'9') in the file's name.
- The file's name contains exactly one dot '.'
- The substring before the dot should not be empty, and it starts with a letter from
the latin alphapet ('a'-'z' and 'A'-'Z').
- The substring after the dot should be one of these: ['txt', 'exe', 'dll']
Examples:
file_name_check(""example.txt"") # => 'Yes'
file_name_check(""1example.dll"") # => 'No' (the name should start with a latin alphapet letter)","- **Before the dot**: Must not be empty, and the very first character must be a Latin alphabet letter (`'a'`-`'z'`, `'A'`-`'Z'`).",over_summarization,0,humaneval
he_143,"You are given a string representing a sentence,
the sentence contains some words separated by a space,
and you have to return a string that contains the words from the original sentence,
whose lengths are prime numbers,
the order of the words in the new string should be the same as the original one.
Example 1:
Input: sentence = ""This is a test""
Output: ""is""
Example 2:
Input: sentence = ""lets go for swimming""
Output: ""go for""
Constraints:
* 1 <= len(sentence) <= 100
* sentence contains only letters","**Handoff Message for Agent B**

We need to build a Python function that takes a sentence (a string of words separated by spaces) and returns a new string containing only the words whose lengths are prime numbers, preserving their original relative order.

### Function Signature
```python
def filter_prime_length_words(sentence: str) -> str:
    """"""
    Filters words from a sentence, keeping only those whose lengths are prime numbers.
    """"""
    pass
```

### Requirements & Rules
1. **Input:** A string `sentence` consisting of words separated by spaces. Contains only letters (a-z, A-Z) and spaces. Length constraint: $1 \le \text{len(sentence)} \le 100$.
2. **Output:** A string containing the filtered words, separated by a single space.
3. **Prime Definition:** A prime number is a whole number greater than 1 whose only divisors are 1 and itself (e.g., 2, 3, 5, 7, 11, 13, 17, 19, 23, 29, ...).

### Edge Cases to Handle
- **No words with prime lengths:** Return an empty string `""""`.
- **Single-word sentence:** Check if that single word's length is prime. If yes, return the word; if no, return `""""`.
- **Duplicate spaces / formatting:** The problem states words are separated by a space. Standard `.split()` will handle splitting correctly.

### Implementation Plan
1. Helper function `is_prime(n)`: Return `False` if $n < 2$, otherwise check for divisors up to $\lfloor\sqrt{n}\rfloor$.
2. Split the `sentence` into a list of words using `.split()`.
3. Filter the list, keeping only the words where `is_prime(len(word))` evaluates to `True`.
4. Join the filtered words back into a single string using `"" "".join(...)` and return it.",none,1,humaneval
he_146,"Write a function that takes an array of numbers as input and returns
the number of elements in the array that are greater than 10 and both
first and last digits of a number are odd (1, 3, 5, 7, 9).
For example:
specialFilter([15, -73, 14, -15]) => 1
specialFilter([33, -2, -3, 45, 21, 109]) => 2","**HANDOFF MESSAGE FOR AGENT B**

**Function Requirement:**
Write a function that processes an array of numbers and returns the count of elements that satisfy all of the following conditions:
1. The number is strictly greater than 10 ($> 10$).
2. The *first* digit of the number is odd (1, 3, 5, 7, 9).
3. The *last* digit of the number is odd (1, 3, 5, 7, 9).

**Exact Function Signature:**
```javascript
function specialFilter(arr)
```
*(Note: If working in Python, use `def specialFilter(arr):`)*

**Examples:**
- `specialFilter([15, -73, 14, -15]) => 1` 
  *(Explanation: 15 > 10, first digit 1 (odd), last digit 5 (odd). Valid!)*
- `specialFilter([33, -2, -3, 45, 21, 109]) => 2`

**Key Edge Cases to Handle:**
- **Negative Numbers:** Numbers can be negative (e.g., `-73`, `-15`). Ensure your digit extraction logic correctly handles the negative sign so that you look at the actual first and last digits, not the minus sign.
- **Single-digit or numbers $\le 10$:** Must be strictly greater than 10 (e.g., `10` itself should fail the $> 10$ check).
- **Even digits:** Ensure both the first and last digits independently check as odd.

**Brief Plan / Approach:**
1. Initialize a counter to `0`.
2. Iterate through each number in the input array `arr`.
3. Check if the number is greater than 10. If not, skip to the next number.
4. Convert the number to a string (or use absolute value conversion) to easily inspect its characters/digits:
   - Extract the first digit (ignoring any leading negative sign).
   - Extract the last digit.
5. Check if both the first and last digits are in the set of odd digits `{'1', '3', '5', '7', '9'}` (or numeric equivalents).
6. If both digits are odd, increment the counter.
7. Return the final counter value.",none,1,humaneval
he_146,"Write a function that takes an array of numbers as input and returns
the number of elements in the array that are greater than 10 and both
first and last digits of a number are odd (1, 3, 5, 7, 9).
For example:
specialFilter([15, -73, 14, -15]) => 1
specialFilter([33, -2, -3, 45, 21, 109]) => 2","Ensure your digit extraction logic correctly handles the negative sign so that you look at the actual first and last digits, not the minus sign.",over_summarization,0,humaneval
he_148,"There are eight planets in our solar system: the closerst to the Sun
is Mercury, the next one is Venus, then Earth, Mars, Jupiter, Saturn,
Uranus, Neptune.
Write a function that takes two planet names as strings planet1 and planet2.
The function should return a tuple containing all planets whose orbits are
located between the orbit of planet1 and the orbit of planet2, sorted by
the proximity to the sun.
The function should return an empty tuple if planet1 or planet2
are not correct planet names.
Examples
bf(""Jupiter"", ""Neptune"") ==> (""Saturn"", ""Uranus"")
bf(""Earth"", ""Mercury"") ==> (""Venus"")
bf(""Mercury"", ""Uranus"") ==> (""Venus"", ""Earth"", ""Mars"", ""Jupiter"", ""Saturn"")","Handoff Message for Agent B:

1. Function Purpose:
Write a Python function named `bf` that takes two planet names as strings (`planet1` and `planet2`). The function must return a tuple containing all planets in our solar system whose orbits are strictly located between the orbit of `planet1` and the orbit of `planet2`, sorted by proximity to the Sun (closest to farthest).

2. Exact Function Signature:
`def bf(planet1: str, planet2: str) -> tuple:`

3. Planet Ordering Reference (Closest to Sun):
The eight planets in order are:
1. Mercury
2. Venus
3. Earth
4. Mars
5. Jupiter
6. Saturn
7. Uranus
8. Neptune

4. Key Edge Cases & Requirements:
- **Invalid Planet Names:** If either `planet1` or `planet2` is not a valid planet name from the list above, return an empty tuple `()`.
- **Order Independence:** The function should work regardless of whether `planet1` is closer to the Sun than `planet2` or vice versa (e.g., `bf(""Jupiter"", ""Neptune"")` and `bf(""Neptune"", ""Jupiter"")` should yield the same result).
- **Adjacent Planets / No Planets Between:** If the two planets are adjacent in the list or are the same planet, return an empty tuple `()`. Note: Example 2 in the prompt shows `bf(""Earth"", ""Mercury"") ==> (""Venus"")` — wait, note that the return type should strictly be a tuple, so make sure single-element results are returned as a tuple like `(""Venus"",)` (Python syntax `(""Venus"",)` instead of just `(""Venus"")` string).

5. Brief Plan/Approach:
- Define a constant list/tuple of the 8 planets in order from the Sun.
- Validate that both `planet1` and `planet2` exist in this list. If not, return `()`.
- Find the indices of `planet1` and `planet2` in the list.
- Determine the lower and upper bounds of these indices (minimum index and maximum index).
- Slice the planets list strictly between these two indices (`min_idx + 1` to `max_idx`).
- Return the resulting slice converted to a tuple.",none,1,humaneval
he_148,"There are eight planets in our solar system: the closerst to the Sun
is Mercury, the next one is Venus, then Earth, Mars, Jupiter, Saturn,
Uranus, Neptune.
Write a function that takes two planet names as strings planet1 and planet2.
The function should return a tuple containing all planets whose orbits are
located between the orbit of planet1 and the orbit of planet2, sorted by
the proximity to the sun.
The function should return an empty tuple if planet1 or planet2
are not correct planet names.
Examples
bf(""Jupiter"", ""Neptune"") ==> (""Saturn"", ""Uranus"")
bf(""Earth"", ""Mercury"") ==> (""Venus"")
bf(""Mercury"", ""Uranus"") ==> (""Venus"", ""Earth"", ""Mars"", ""Jupiter"", ""Saturn"")","Handoff Message for Agent B:

Write a Python function named  that takes two planet names as strings ( and ). The function must return a tuple containing all planets in our solar system whose orbits are strictly located between the orbit of  and the orbit of , sorted by proximity to the Sun (closest to farthest).



The eight planets in order are:

",tool_result_drop,0,humaneval
he_149,"Write a function that accepts a list of strings as a parameter,
deletes the strings that have odd lengths from it,
and returns the resulted list with a sorted order,
The list is always a list of strings and never an array of numbers,
and it may contain duplicates.
The order of the list should be ascending by length of each word, and you
should return the list sorted by that rule.
If two words have the same length, sort the list alphabetically.
The function should return a list of strings in sorted order.
You may assume that all words will have the same length.
For example:
assert list_sort([""aa"", ""a"", ""aaa""]) => [""aa""]
assert list_sort([""ab"", ""a"", ""aaa"", ""cd""]) => [""ab"", ""cd""]","HANDOFF MESSAGE FOR AGENT B:

You need to write a Python function that processes a list of strings. 

**Function Signature:**
`def list_sort(strings: list[str]) -> list[str]:`

**Requirements:**
1. **Filter:** Remove any strings from the input list that have an odd length (keep only even-length strings).
2. **Sort:** Return the resulting list sorted in ascending order by string length. If two or more strings have the exact same length, sort them alphabetically.
3. **Duplicates:** The input may contain duplicates, and duplicates should be preserved (unless specified otherwise, standard sorting applies).
4. **Input guarantee:** The input is always a list of strings (never numbers). Note: The prompt mentions ""You may assume that all words will have the same length"" in one sentence, but the examples show mixed lengths (e.g., `[""ab"", ""a"", ""aaa"", ""cd""]` -> `[""ab"", ""cd""]`). You should correctly handle filtering out odd lengths first, so standard length-based sorting will naturally apply to the remaining even-length words.

**Example Walkthroughs:**
- `list_sort([""aa"", ""a"", ""aaa""])` -> `""a""` (len 1, odd) and `""aaa""` (len 3, odd) are removed. `""aa""` (len 2, even) remains. Result: `[""aa""]`.
- `list_sort([""ab"", ""a"", ""aaa"", ""cd""])` -> `""a""` and `""aaa""` removed. Remaining: `""ab""` and `""cd""`. Both have length 2. Alphabetical sort: `[""ab"", ""cd""]`.

**Approach:**
1. Iterate through the input list and filter out strings where `len(s) % 2 != 0`.
2. Sort the filtered list using a multi-key sorting approach: primary key is `len(s)`, secondary key is the string itself `s` (for alphabetical tie-breaking). Python's `sorted()` with a custom `key=lambda x: (len(x), x)` handles this cleanly.
3. Return the resulting sorted list.",none,1,humaneval
he_149,"Write a function that accepts a list of strings as a parameter,
deletes the strings that have odd lengths from it,
and returns the resulted list with a sorted order,
The list is always a list of strings and never an array of numbers,
and it may contain duplicates.
The order of the list should be ascending by length of each word, and you
should return the list sorted by that rule.
If two words have the same length, sort the list alphabetically.
The function should return a list of strings in sorted order.
You may assume that all words will have the same length.
For example:
assert list_sort([""aa"", ""a"", ""aaa""]) => [""aa""]
assert list_sort([""ab"", ""a"", ""aaa"", ""cd""]) => [""ab"", ""cd""]","HANDOFF MESSAGE FOR AGENT B: You need to write a Python function that processes a list of strings. **Function Signature:** `def list_sort(strings: list[str]) -> list[str]:` **Requirements:** 1. **Filter:** Remove any strings from the input list that have an odd length (keep only even-length strings). 2. **Sort:** Return the resulting list sorted in ascending order by string length. If two or more strings have the exact same length, sort them alphabetically. 3. **Duplicates:** The input may contain duplicates, and",truncation,0,humaneval
he_149,"Write a function that accepts a list of strings as a parameter,
deletes the strings that have odd lengths from it,
and returns the resulted list with a sorted order,
The list is always a list of strings and never an array of numbers,
and it may contain duplicates.
The order of the list should be ascending by length of each word, and you
should return the list sorted by that rule.
If two words have the same length, sort the list alphabetically.
The function should return a list of strings in sorted order.
You may assume that all words will have the same length.
For example:
assert list_sort([""aa"", ""a"", ""aaa""]) => [""aa""]
assert list_sort([""ab"", ""a"", ""aaa"", ""cd""]) => [""ab"", ""cd""]","HANDOFF MESSAGE FOR AGENT B:

You need to write a Python function that processes a list of strings. 

**Function Signature:**


**Requirements:**

**Example Walkthroughs:**

**Approach:**",tool_result_drop,0,humaneval
he_149,"Write a function that accepts a list of strings as a parameter,
deletes the strings that have odd lengths from it,
and returns the resulted list with a sorted order,
The list is always a list of strings and never an array of numbers,
and it may contain duplicates.
The order of the list should be ascending by length of each word, and you
should return the list sorted by that rule.
If two words have the same length, sort the list alphabetically.
The function should return a list of strings in sorted order.
You may assume that all words will have the same length.
For example:
assert list_sort([""aa"", ""a"", ""aaa""]) => [""aa""]
assert list_sort([""ab"", ""a"", ""aaa"", ""cd""]) => [""ab"", ""cd""]","Note: The prompt mentions ""You may assume that all words will have the same length"" in one sentence, but the examples show mixed lengths (e.g., `[""ab"", ""a"", ""aaa"", ""cd""]` -> `[""ab"", ""cd""]`).",over_summarization,0,humaneval
he_151,"Given a list of numbers, return the sum of squares of the numbers
in the list that are odd. Ignore numbers that are negative or not integers.
double_the_difference([1, 3, 2, 0]) == 1 + 9 + 0 + 0 = 10
double_the_difference([-1, -2, 0]) == 0
double_the_difference([9, -2]) == 81
double_the_difference([0]) == 0
If the input list is empty, return 0.","AGENT B HANDOFF:

1. Function Requirement:
Write a Python function that takes a list of numbers as input, filters the list based on specific criteria, squares the valid numbers, and returns their sum.

2. Function Signature:
```python
def double_the_difference(lst: list) -> int:
    pass
```
*(Note: Despite the function name historically implying doubling, the problem description explicitly states to return the sum of squares of the filtered numbers: `[1, 3, 2, 0] == 1 + 9 + 0 + 0 = 10` for 1^2 + 3^2 + 0 + 0. Follow the math in the examples: square the odd integers >= 0 and sum them).*

3. Filtering Rules & Edge Cases:
- **Odd numbers only**: Must check if a number is odd (`num % 2 != 0`).
- **Non-negative only**: Ignore negative numbers (`num >= 0`).
- **Integers only**: Ignore non-integers (e.g., floats like `1.5`, strings, etc. `isinstance(num, int)` and not a boolean since booleans are a subclass of int in Python).
- **Empty list**: If the input list is empty `[]`, return `0`.
- **Zero**: `0` is even, so it is ignored (and 0 squared is 0 anyway).

4. Implementation Plan:
- Initialize a `total_sum = 0`.
- Iterate through each element `x` in the input `lst`.
- Check if `isinstance(x, int)` and `not isinstance(x, bool)`.
- Check if `x >= 0`.
- Check if `x % 2 != 0`.
- If all conditions pass, compute `x ** 2` and add it to `total_sum`.
- Return `total_sum`.",none,1,humaneval
he_151,"Given a list of numbers, return the sum of squares of the numbers
in the list that are odd. Ignore numbers that are negative or not integers.
double_the_difference([1, 3, 2, 0]) == 1 + 9 + 0 + 0 = 10
double_the_difference([-1, -2, 0]) == 0
double_the_difference([9, -2]) == 81
double_the_difference([0]) == 0
If the input list is empty, return 0.","Function Signature: ```python def double_the_difference(lst: list) -> int: pass ``` *(Note: Despite the function name historically implying doubling, the problem description explicitly states to return the sum of squares of the filtered numbers: `[1, 3, 2, 0] == 1 + 9 + 0 + 0 = 10` for 1^2 + 3^2 + 0 + 0.",over_summarization,0,humaneval
he_152,"I think we all remember that feeling when the result of some long-awaited
event is finally known. The feelings and thoughts you have at that moment are
definitely worth noting down and comparing.
Your task is to determine if a person correctly guessed the results of a number of matches.
You are given two arrays of scores and guesses of equal length, where each index shows a match.
Return an array of the same length denoting how far off each guess was. If they have guessed correctly,
the value is 0, and if not, the value is the absolute difference between the guess and the score.
example:
compare([1,2,3,4,5,1],[1,2,3,4,2,-2]) -> [0,0,0,0,3,3]
compare([0,5,0,0,0,4],[4,1,1,0,0,-2]) -> [4,4,1,0,0,6]","Agent B, here is everything you need to build the requested function.

### Function Restatement
You need to write a function that compares a person's guessed scores against the actual match scores. For each match (at each index), if the guess is correct, the result is `0`. If the guess is incorrect, the result is the absolute difference between the guess and the actual score. The function must return an array of these differences with the same length as the input arrays.

### Function Signature
```python
def compare(scores: list[int], guesses: list[int]) -> list[int]:
```
*(Note: If you are working in JavaScript/TypeScript or another language, use the equivalent signature accepting two arrays of numbers and returning an array of numbers).*

### Key Edge Cases to Handle
- **Exact matches:** When the guess equals the score, the output for that index must be `0`.
- **Negative numbers:** Guesses and scores can include negative integers (as seen in the examples, e.g., `-2`). The absolute difference calculation must handle negative values correctly.
- **Empty arrays:** If both input arrays are empty, return an empty array.
- **Equal length guaranteed:** You can assume `scores` and `guesses` will always be of equal length based on the problem statement.

### Brief Plan / Approach
1. Initialize an empty result list or use a list comprehension.
2. Iterate through both arrays simultaneously using their indices (e.g., using `zip` or a standard loop).
3. For each pair `(score, guess)`, check if `score == guess`. 
   - If true, append `0`.
   - If false, compute `abs(score - guess)` and append that value.
4. Return the resulting array.",none,1,humaneval
he_152,"I think we all remember that feeling when the result of some long-awaited
event is finally known. The feelings and thoughts you have at that moment are
definitely worth noting down and comparing.
Your task is to determine if a person correctly guessed the results of a number of matches.
You are given two arrays of scores and guesses of equal length, where each index shows a match.
Return an array of the same length denoting how far off each guess was. If they have guessed correctly,
the value is 0, and if not, the value is the absolute difference between the guess and the score.
example:
compare([1,2,3,4,5,1],[1,2,3,4,2,-2]) -> [0,0,0,0,3,3]
compare([0,5,0,0,0,4],[4,1,1,0,0,-2]) -> [4,4,1,0,0,6]","If the guess is incorrect, the result is the absolute difference between the guess and the actual score.",over_summarization,0,humaneval
he_153,"You will be given the name of a class (a string) and a list of extensions.
The extensions are to be used to load additional classes to the class. The
strength of the extension is as follows: Let CAP be the number of the uppercase
letters in the extension's name, and let SM be the number of lowercase letters
in the extension's name, the strength is given by the fraction CAP - SM.
You should find the strongest extension and return a string in this
format: ClassName.StrongestExtensionName.
If there are two or more extensions with the same strength, you should
choose the one that comes first in the list.
For example, if you are given ""Slices"" as the class and a list of the
extensions: ['SErviNGSliCes', 'Cheese', 'StuFfed'] then you should
return 'Slices.SErviNGSliCes' since 'SErviNGSliCes' is the strongest extension
(its strength is -1).
Example:
for Strongest_Extension('my_class', ['AA', 'Be', 'CC']) == 'my_class.AA'","Agent B, here are the requirements and specifications for the function you need to implement.

### Function Signature
```python
def Strongest_Extension(class_name: str, extensions: list[str]) -> str:
```

### Problem Restatement
You need to find the ""strongest"" extension from a given list of extension names for a specified class, and return a formatted string in the format: `ClassName.StrongestExtensionName`.

### Strength Calculation Rules
For each extension name in the list:
- Count the number of uppercase letters (`CAP`).
- Count the number of lowercase letters (`SM`).
- The strength is calculated as the value: `CAP - SM`.
- **Note on problem description wording:** The prompt says ""fraction CAP - SM"", but the examples show standard subtraction (`CAP - SM`). For example, in the prompt's example:
  - `'SErviNGSliCes'`: Uppercase = `S, E, N, G, S, C` (6), Lowercase = `E, r, v, i, i, S, l, i, C, e, s` (wait, let's count properly: 'S' (1), 'E' (2), 'r' (3), 'v' (4), 'i' (5), 'N' (6), 'G' (7), 'S' (8), 'l' (9), 'i' (10), 'C' (11), 'e' (12), 's' (13)... wait, let's use the example from the prompt: 
  - `'AA'`: CAP = 2, SM = 0 -> strength = 2 - 0 = 2.
  - `'Be'`: CAP = 1, SM = 1 -> strength = 1 - 1 = 0.
  - `'CC'`: CAP = 2, SM = 0 -> strength = 2 - 0 = 2.
  - Since `'AA'` and `'CC'` tie with a strength of 2, choose the first one that appears in the list (`'AA'`), resulting in `'my_class.AA'`.

### Tie-Breaking Rule
If two or more extensions share the exact same maximum strength, you must choose the one that appears **first** in the input list.

### Key Edge Cases to Handle
- Extensions might contain non-alphabetic characters (like underscores, numbers, etc.); these should be ignored when counting uppercase and lowercase letters.
- The input list of extensions is guaranteed to have at least one element.

### Implementation Plan
1. Initialize variables to keep track of the `max_strength` (set to negative infinity initially) and the `strongest_extension` (set to `None`).
2. Iterate through the `extensions` list. For each extension:
   - Count uppercase letters: `sum(1 for c in ext if c.isupper())`
   - Count lowercase letters: `sum(1 for c in ext if c.islower())`
   - Calculate strength: `strength = cap_count - sm_count`
3. Compare the calculated strength with `max_strength`. Update the strongest extension **only if** `strength > max_strength` (strict inequality ensures that ties favor the first occurrence).
4. Return the formatted string: `f""{class_name}.{strongest_extension}""`.",none,1,humaneval
he_153,"You will be given the name of a class (a string) and a list of extensions.
The extensions are to be used to load additional classes to the class. The
strength of the extension is as follows: Let CAP be the number of the uppercase
letters in the extension's name, and let SM be the number of lowercase letters
in the extension's name, the strength is given by the fraction CAP - SM.
You should find the strongest extension and return a string in this
format: ClassName.StrongestExtensionName.
If there are two or more extensions with the same strength, you should
choose the one that comes first in the list.
For example, if you are given ""Slices"" as the class and a list of the
extensions: ['SErviNGSliCes', 'Cheese', 'StuFfed'] then you should
return 'Slices.SErviNGSliCes' since 'SErviNGSliCes' is the strongest extension
(its strength is -1).
Example:
for Strongest_Extension('my_class', ['AA', 'Be', 'CC']) == 'my_class.AA'","For example, in the prompt's example: - `'SErviNGSliCes'`: Uppercase = `S, E, N, G, S, C` (6), Lowercase = `E, r, v, i, i, S, l, i, C, e, s` (wait, let's count properly: 'S' (1), 'E' (2), 'r' (3), 'v' (4), 'i' (5), 'N' (6), 'G' (7), 'S' (8), 'l' (9), 'i' (10), 'C' (11), 'e' (12), 's' (13)... wait, let's use the example from the prompt: - `'AA'`: CAP = 2, SM = 0 -> strength = 2 - 0 = 2.",over_summarization,0,humaneval
he_154,"You are given 2 words. You need to return True if the second word or any of its rotations is a substring in the first word
cycpattern_check(""abcd"",""abd"") => False
cycpattern_check(""hello"",""ell"") => True
cycpattern_check(""whassup"",""psus"") => False
cycpattern_check(""abab"",""baa"") => True
cycpattern_check(""efef"",""eeff"") => False
cycpattern_check(""himenss"",""simen"") => True","**HANDOFF MESSAGE FOR AGENT B**

**Function to Build:**
Write a Python function named `cycpattern_check(word1, word2)` that takes two strings as input and returns `True` if `word2` or any of its cyclic rotations is a substring of `word1`, and `False` otherwise.

**Exact Signature:**
```python
def cycpattern_check(word1: str, word2: str) -> bool:
```

**Examples / Test Cases:**
- `cycpattern_check(""abcd"", ""abd"")` -> `False`
- `cycpattern_check(""hello"", ""ell"")` -> `True`
- `cycpattern_check(""whassup"", ""psus"")` -> `False`
- `cycpattern_check(""abab"", ""baa"")` -> `True` (`baa` is a rotation of `aab`? Wait, rotations of `baa` are `baa`, `aab`, `aba`. `aba` is in `abab`, so `True`)
- `cycpattern_check(""efef"", ""eeff"")` -> `False`
- `cycpattern_check(""himenss"", ""simen"")` -> `True`

**Key Edge Cases to Handle:**
- `word2` is longer than `word1` (should immediately return `False`).
- Empty strings for `word1` or `word2`.
- `word2` has length 1.

**Recommended Approach / Plan:**
1. Generate all possible rotations of `word2`. If `word2` has length $n$, you can obtain all rotations by concatenating `word2 + word2` and taking every substring of length $n$ (or by iterating $n$ times and shifting characters).
2. Check if any of these generated rotation strings exist as a substring inside `word1`.
3. If a match is found, return `True`. If the loop finishes without finding any match, return `False`.",none,1,humaneval
he_154,"You are given 2 words. You need to return True if the second word or any of its rotations is a substring in the first word
cycpattern_check(""abcd"",""abd"") => False
cycpattern_check(""hello"",""ell"") => True
cycpattern_check(""whassup"",""psus"") => False
cycpattern_check(""abab"",""baa"") => True
cycpattern_check(""efef"",""eeff"") => False
cycpattern_check(""himenss"",""simen"") => True","**HANDOFF MESSAGE FOR AGENT B**

**Function to Build:**
Write a Python function named  that takes two strings as input and returns  if  or any of its cyclic rotations is a substring of , and  otherwise.

**Exact Signature:**


**Examples / Test Cases:**

**Key Edge Cases to Handle:**

**Recommended Approach / Plan:**",tool_result_drop,0,humaneval
he_155,"Given an integer. return a tuple that has the number of even and odd digits respectively.
Example:
even_odd_count(-12) ==> (1, 1)
even_odd_count(123) ==> (1, 2)","Agent B, your task is to implement a Python function that counts the number of even and odd digits in a given integer and returns them as a tuple `(even_count, odd_count)`.

### Function Signature
```python
def even_odd_count(num: int) -> tuple[int, int]:
```

### Requirements & Edge Cases
1. **Negative Numbers:** The input integer may be negative (e.g., `-12`). The negative sign should be ignored when counting digits (so `-12` has one even digit `2` and one odd digit `1`, resulting in `(1, 1)`).
2. **Zero:** The input could be `0`. `0` is an even digit, so `even_odd_count(0)` should return `(1, 0)`.
3. **Return Format:** The function must return a tuple of two integers: `(number_of_even_digits, number_of_odd_digits)`.

### Approach
1. Convert the input integer to its absolute value to handle negative numbers easily: `num = abs(num)`.
2. Handle the edge case where `num == 0` explicitly or convert the number to a string to iterate through its digits.
3. Alternatively, use a `while` loop with modulo (`num % 10`) and integer division (`num // 10`) to extract each digit.
4. For each digit, check if `digit % 2 == 0` to determine if it is even or odd, and increment the respective counter.
5. Return the counts as a tuple `(even_count, odd_count)`.",none,1,humaneval
he_158,"Write a function that accepts a list of strings.
The list contains different words. Return the word with maximum number
of unique characters. If multiple strings have maximum number of unique
characters, return the one which comes first in lexicographical order.
find_max([""name"", ""of"", ""string""]) == ""string""
find_max([""name"", ""enam"", ""game""]) == ""enam""
find_max([""aaaaaaa"", ""bb"" ,""cc""]) == """"aaaaaaa""","HANDOFF MESSAGE FOR AGENT B:

Your task is to implement a Python function that takes a list of strings and finds the word with the highest number of unique characters. 

**Function Signature:**
```python
def find_max(words: list[str]) -> str:
```

**Requirements & Tie-Breaker:**
- Count the number of *unique* characters in each string (e.g., `""enam""` has 4 unique characters: 'e', 'n', 'a', 'm').
- Return the word with the maximum count of unique characters.
- If multiple strings share the maximum count of unique characters, return the one that appears *first in lexicographical (alphabetical) order*.

**Examples:**
- `find_max([""name"", ""of"", ""string""])` -> `""string""` (lengths of unique chars: name=4, of=2, string=6)
- `find_max([""name"", ""enam"", ""game""])` -> `""enam""` (all have 4 unique chars; ""enam"" is lexicographically first among the max)
- `find_max([""aaaaaaa"", ""bb"", ""cc""])` -> `""aaaaaaa""` (aaaaaaa=1, bb=1, cc=1; ""aaaaaaa"" is lexicographically first)

**Recommended Approach:**
1. Iterate through the list of words.
2. For each word, compute its score (e.g., `len(set(word))`).
3. Find the maximum unique character count.
4. Filter or find the words that achieve this maximum count.
5. From those candidate words, return the minimum one according to standard string comparison (`min(...)`), which handles the lexicographical tie-breaker automatically.",none,1,humaneval
he_158,"Write a function that accepts a list of strings.
The list contains different words. Return the word with maximum number
of unique characters. If multiple strings have maximum number of unique
characters, return the one which comes first in lexicographical order.
find_max([""name"", ""of"", ""string""]) == ""string""
find_max([""name"", ""enam"", ""game""]) == ""enam""
find_max([""aaaaaaa"", ""bb"" ,""cc""]) == """"aaaaaaa""","HANDOFF MESSAGE FOR AGENT B: Your task is to implement a Python function that takes a list of strings and finds the word with the highest number of unique characters. **Function Signature:** ```python def find_max(words: list[str]) -> str: ``` **Requirements & Tie-Breaker:** - Count the number of *unique* characters in each string (e.g., `""enam""` has 4 unique characters:",truncation,0,humaneval
he_158,"Write a function that accepts a list of strings.
The list contains different words. Return the word with maximum number
of unique characters. If multiple strings have maximum number of unique
characters, return the one which comes first in lexicographical order.
find_max([""name"", ""of"", ""string""]) == ""string""
find_max([""name"", ""enam"", ""game""]) == ""enam""
find_max([""aaaaaaa"", ""bb"" ,""cc""]) == """"aaaaaaa""","HANDOFF MESSAGE FOR AGENT B:

Your task is to implement a Python function that takes a list of strings and finds the word with the highest number of unique characters. 

**Function Signature:**


**Requirements & Tie-Breaker:**

**Examples:**

**Recommended Approach:**",tool_result_drop,0,humaneval
he_158,"Write a function that accepts a list of strings.
The list contains different words. Return the word with maximum number
of unique characters. If multiple strings have maximum number of unique
characters, return the one which comes first in lexicographical order.
find_max([""name"", ""of"", ""string""]) == ""string""
find_max([""name"", ""enam"", ""game""]) == ""enam""
find_max([""aaaaaaa"", ""bb"" ,""cc""]) == """"aaaaaaa""",Your task is to implement a Python function that takes a list of strings and finds the word with the highest number of unique characters.,over_summarization,0,humaneval
he_159,"You're a hungry rabbit, and you already have eaten a certain number of carrots,
but now you need to eat more carrots to complete the day's meals.
you should return an array of [ total number of eaten carrots after your meals,
the number of carrots left after your meals ]
if there are not enough remaining carrots, you will eat all remaining carrots, but will still be hungry.
Example:
* eat(5, 6, 10) -> [11, 4]
* eat(4, 8, 9) -> [12, 1]
* eat(1, 10, 10) -> [11, 0]
* eat(2, 11, 5) -> [7, 0]
Variables:
@number : integer
the number of carrots that you have eaten.
@need : integer
the number of carrots that you need to eat.
@remaining : integer
the number of remaining carrots thet exist in stock
Constrain:
* 0 <= number <= 1000
* 0 <= need <= 1000
* 0 <= remaining <= 1000
Have fun :)","Agent B, your task is to write a function that calculates a hungry rabbit's carrot consumption.

### Function Signature
Write a function named `eat(number, need, remaining)` (or language-appropriate equivalent, taking three integer parameters: `number`, `need`, and `remaining`).

### Requirements & Behavior
The function must return an array/list containing two integers:
`[total_eaten_after_meals, remaining_carrots_after_meals]`

1. **Calculate consumption**: 
   - Determine how many carrots the rabbit actually eats. The rabbit wants to eat `need` carrots, but can only eat as many as are available in `remaining`.
   - Specifically, the number of carrots eaten in this meal is `min(need, remaining)`.
2. **Total Eaten**: 
   - The first element of the return array is the initial `number` plus the carrots eaten in this meal.
3. **Remaining Carrots**: 
   - The second element is the stock left over, which is `max(0, remaining - need)`.

### Examples
- `eat(5, 6, 10)` -> `[11, 4]` (eats 5+6=11, 10-6=4 left)
- `eat(4, 8, 9)` -> `[12, 1]` (eats 4+8=12, 9-8=1 left)
- `eat(1, 10, 10)` -> `[11, 0]` (eats 1+10=11, 10-10=0 left)
- `eat(2, 11, 5)` -> `[7, 0]` (not enough remaining: needs 11 but only 5 exist; eats 2+5=7, 0 left)

### Constraints
- `0 <= number <= 1000`
- `0 <= need <= 1000`
- `0 <= remaining <= 1000`

### Plan
1. Compute `carrots_to_eat = min(need, remaining)`.
2. Compute `new_total = number + carrots_to_eat`.
3. Compute `new_remaining = remaining - carrots_to_eat` (ensuring it doesn't drop below 0).
4. Return `[new_total, new_remaining]`.",none,1,humaneval
he_159,"You're a hungry rabbit, and you already have eaten a certain number of carrots,
but now you need to eat more carrots to complete the day's meals.
you should return an array of [ total number of eaten carrots after your meals,
the number of carrots left after your meals ]
if there are not enough remaining carrots, you will eat all remaining carrots, but will still be hungry.
Example:
* eat(5, 6, 10) -> [11, 4]
* eat(4, 8, 9) -> [12, 1]
* eat(1, 10, 10) -> [11, 0]
* eat(2, 11, 5) -> [7, 0]
Variables:
@number : integer
the number of carrots that you have eaten.
@need : integer
the number of carrots that you need to eat.
@remaining : integer
the number of remaining carrots thet exist in stock
Constrain:
* 0 <= number <= 1000
* 0 <= need <= 1000
* 0 <= remaining <= 1000
Have fun :)","Agent B, your task is to write a function that calculates a hungry rabbit's carrot consumption. ### Function Signature Write a function named `eat(number, need, remaining)` (or language-appropriate equivalent, taking three integer parameters: `number`, `need`, and `remaining`). ### Requirements & Behavior The function must return an array/list containing two integers: `[total_eaten_after_meals, remaining_carrots_after_meals]` 1. **Calculate consumption**: - Determine how many carrots the rabbit actually eats. The rabbit wants to eat `need` carrots, but",truncation,0,humaneval
he_159,"You're a hungry rabbit, and you already have eaten a certain number of carrots,
but now you need to eat more carrots to complete the day's meals.
you should return an array of [ total number of eaten carrots after your meals,
the number of carrots left after your meals ]
if there are not enough remaining carrots, you will eat all remaining carrots, but will still be hungry.
Example:
* eat(5, 6, 10) -> [11, 4]
* eat(4, 8, 9) -> [12, 1]
* eat(1, 10, 10) -> [11, 0]
* eat(2, 11, 5) -> [7, 0]
Variables:
@number : integer
the number of carrots that you have eaten.
@need : integer
the number of carrots that you need to eat.
@remaining : integer
the number of remaining carrots thet exist in stock
Constrain:
* 0 <= number <= 1000
* 0 <= need <= 1000
* 0 <= remaining <= 1000
Have fun :)","Agent B, your task is to write a function that calculates a hungry rabbit's carrot consumption.

### Function Signature
Write a function named  (or language-appropriate equivalent, taking three integer parameters: , , and ).

### Requirements & Behavior
The function must return an array/list containing two integers:



### Examples

### Constraints

### Plan",tool_result_drop,0,humaneval
he_159,"You're a hungry rabbit, and you already have eaten a certain number of carrots,
but now you need to eat more carrots to complete the day's meals.
you should return an array of [ total number of eaten carrots after your meals,
the number of carrots left after your meals ]
if there are not enough remaining carrots, you will eat all remaining carrots, but will still be hungry.
Example:
* eat(5, 6, 10) -> [11, 4]
* eat(4, 8, 9) -> [12, 1]
* eat(1, 10, 10) -> [11, 0]
* eat(2, 11, 5) -> [7, 0]
Variables:
@number : integer
the number of carrots that you have eaten.
@need : integer
the number of carrots that you need to eat.
@remaining : integer
the number of remaining carrots thet exist in stock
Constrain:
* 0 <= number <= 1000
* 0 <= need <= 1000
* 0 <= remaining <= 1000
Have fun :)",**Total Eaten**: - The first element of the return array is the initial `number` plus the carrots eaten in this meal.,over_summarization,0,humaneval
he_160,"Given two lists operator, and operand. The first list has basic algebra operations, and
the second list is a list of integers. Use the two given lists to build the algebric
expression and return the evaluation of this expression.
The basic algebra operations:
Addition ( + )
Subtraction ( - )
Multiplication ( * )
Floor division ( // )
Exponentiation ( ** )
Example:
operator['+', '*', '-']
array = [2, 3, 4, 5]
result = 2 + 3 * 4 - 5
=> result = 9
Note:
The length of operator list is equal to the length of operand list minus one.
Operand is a list of of non-negative integers.
Operator list has at least one operator, and operand list has at least two operands.","**Handoff Message for Agent B**

You need to write a Python function that evaluates an algebraic expression constructed by interleaving two given lists: `operator` (a list of string symbols representing basic math operations) and `operand` (a list of non-negative integers).

### Function Signature
```python
def evaluate_expression(operator: list[str], operand: list[int]) -> int:
    pass
```

### Problem Details & Constraints
- `operator` contains strings from the set: `+`, `-`, `*`, `//`, `**`.
- `operand` contains non-negative integers.
- Length relation: `len(operator) == len(operand) - 1`.
- `operator` has at least 1 element; `operand` has at least 2 elements.
- **Standard order of operations does NOT apply here.** The expression must be evaluated strictly from left to right as constructed by alternating operands and operators (or by building the expression string and evaluating it sequentially, while respecting Python's operator precedence if building a standard mathematical expression string, but note the example: `2 + 3 * 4 - 5` evaluates as `(2 + 3) * 4 - 5 = 15 - 5 = 10`? Wait, let's look at the example carefully: `2 + 3 * 4 - 5` with standard Python evaluation `2 + (3 * 4) - 5 = 2 + 12 - 5 = 9`. So standard Python operator precedence should naturally be preserved if you construct a valid mathematical string or expression).

### Plan / Approach
1. Interleave the `operand` and `operator` lists to form a single expression string. For example, zip operands and operators together, append the final operand, and join them into a string like `""2 + 3 * 4 - 5""`.
2. Use Python's built-in `eval()` function on the constructed expression string to compute the result.
3. Return the evaluated result as an integer (note: floor division `//` naturally returns an int or can be cast accordingly).

### Edge Cases to Handle
- Floor division by zero (though standard inputs in tests are likely valid, be mindful if any operand is 0 on the right side of `//`).
- Large numbers resulting from exponentiation (`**`).",none,1,humaneval
he_160,"Given two lists operator, and operand. The first list has basic algebra operations, and
the second list is a list of integers. Use the two given lists to build the algebric
expression and return the evaluation of this expression.
The basic algebra operations:
Addition ( + )
Subtraction ( - )
Multiplication ( * )
Floor division ( // )
Exponentiation ( ** )
Example:
operator['+', '*', '-']
array = [2, 3, 4, 5]
result = 2 + 3 * 4 - 5
=> result = 9
Note:
The length of operator list is equal to the length of operand list minus one.
Operand is a list of of non-negative integers.
Operator list has at least one operator, and operand list has at least two operands.","** The expression must be evaluated strictly from left to right as constructed by alternating operands and operators (or by building the expression string and evaluating it sequentially, while respecting Python's operator precedence if building a standard mathematical expression string, but note the example: `2 + 3 * 4 - 5` evaluates as `(2 + 3) * 4 - 5 = 15 - 5 = 10`?",over_summarization,0,humaneval
he_161,"You are given a string s.
if s[i] is a letter, reverse its case from lower to upper or vise versa,
otherwise keep it as it is.
If the string contains no letters, reverse the string.
The function should return the resulted string.
Examples
solve(""1234"") = ""4321""
solve(""ab"") = ""AB""
solve(""#a@C"") = ""#A@c""","**Handoff Message for Agent B**

Your task is to implement a Python function that transforms a given string according to specific rules based on the characters it contains.

### Function Signature
```python
def solve(s: str) -> str:
```

### Transformation Rules
1. **Case Toggle:** If the string contains at least one alphabetical letter (i.e., `str.isalpha()` is true for at least one character), iterate through each character of the string:
   - If a character is a letter, swap its case (lowercase to uppercase, and uppercase to lowercase).
   - If a character is **not** a letter (e.g., digits, symbols, spaces), leave it exactly as it is.
2. **Fallback Reversal:** If the string contains **no** alphabetical letters at all, completely reverse the string.

### Examples
- `solve(""1234"")` -> `""4321""` (No letters, so the string is reversed)
- `solve(""ab"")` -> `""AB""` (Contains letters, cases are toggled)
- `solve(""#a@C"")` -> `""#A@c""` (Contains letters; symbols remain unchanged, letters swap case)

### Key Edge Cases to Handle
- Empty string `""""`: Should return `""""`.
- Strings with only numbers or only punctuation: Should be fully reversed.
- Mixed strings with special characters, numbers, and letters: Ensure non-letter characters are untouched while letters are correctly swapped.

### Recommended Approach
1. Check if the string contains any alphabetic characters (e.g., using `any(c.isalpha() for c in s)`).
2. If `False`, return the reversed string using slicing `s[::-1]`.
3. If `True`, use a list comprehension or generator with `c.swapcase()` for each character `c` in `s`, then join them back into a single string using `"""".join()`.",none,1,humaneval
he_161,"You are given a string s.
if s[i] is a letter, reverse its case from lower to upper or vise versa,
otherwise keep it as it is.
If the string contains no letters, reverse the string.
The function should return the resulted string.
Examples
solve(""1234"") = ""4321""
solve(""ab"") = ""AB""
solve(""#a@C"") = ""#A@c""","**Handoff Message for Agent B** Your task is to implement a Python function that transforms a given string according to specific rules based on the characters it contains. ### Function Signature ```python def solve(s: str) -> str: ``` ### Transformation Rules 1. **Case Toggle:** If the string contains at least one alphabetical letter (i.e., `str.isalpha()` is true for at least one character), iterate through each character of the string: - If a character is a letter,",truncation,0,humaneval
he_161,"You are given a string s.
if s[i] is a letter, reverse its case from lower to upper or vise versa,
otherwise keep it as it is.
If the string contains no letters, reverse the string.
The function should return the resulted string.
Examples
solve(""1234"") = ""4321""
solve(""ab"") = ""AB""
solve(""#a@C"") = ""#A@c""","**Handoff Message for Agent B**

Your task is to implement a Python function that transforms a given string according to specific rules based on the characters it contains.

### Function Signature


### Transformation Rules

### Examples

### Key Edge Cases to Handle

### Recommended Approach",tool_result_drop,0,humaneval
he_161,"You are given a string s.
if s[i] is a letter, reverse its case from lower to upper or vise versa,
otherwise keep it as it is.
If the string contains no letters, reverse the string.
The function should return the resulted string.
Examples
solve(""1234"") = ""4321""
solve(""ab"") = ""AB""
solve(""#a@C"") = ""#A@c""","**Case Toggle:** If the string contains at least one alphabetical letter (i.e., `str.isalpha()` is true for at least one character), iterate through each character of the string: - If a character is a letter, swap its case (lowercase to uppercase, and uppercase to lowercase).",over_summarization,0,humaneval
he_162,"Given a string 'text', return its md5 hash equivalent string.
If 'text' is an empty string, return None.
>>> string_to_md5('Hello world') == '3e25960a79dbc69b674cd4ec67a72c62'","Agent B, your task is to write a Python function that computes the MD5 hash of a given string.

### Function Signature
```python
def string_to_md5(text: str) -> str | None:
```

### Requirements & Edge Cases
1. **Input**: A string `text`.
2. **Output**: The hexadecimal MD5 hash equivalent of the input string as a string.
3. **Edge Case**: If `text` is an empty string (`""""`), the function must return `None`.

### Approach
1. Check if the input `text` is empty (`text == """"`). If so, return `None`.
2. Encode the string to bytes (e.g., using `.encode('utf-8')`) since hashing functions operate on bytes.
3. Use Python's built-in `hashlib` library to generate the MD5 hash (`hashlib.md5(...)`).
4. Convert the hash digest to its hexadecimal string representation using `.hexdigest()`.
5. Return the resulting hex string.",none,1,humaneval
he_162,"Given a string 'text', return its md5 hash equivalent string.
If 'text' is an empty string, return None.
>>> string_to_md5('Hello world') == '3e25960a79dbc69b674cd4ec67a72c62'","Agent B, your task is to write a Python function that computes the MD5 hash of a given string. ### Function Signature ```python def string_to_md5(text: str) -> str | None: ``` ### Requirements & Edge Cases 1. **Input**: A",truncation,0,humaneval
he_162,"Given a string 'text', return its md5 hash equivalent string.
If 'text' is an empty string, return None.
>>> string_to_md5('Hello world') == '3e25960a79dbc69b674cd4ec67a72c62'","Agent B, your task is to write a Python function that computes the MD5 hash of a given string.

### Function Signature


### Requirements & Edge Cases

### Approach",tool_result_drop,0,humaneval
he_162,"Given a string 'text', return its md5 hash equivalent string.
If 'text' is an empty string, return None.
>>> string_to_md5('Hello world') == '3e25960a79dbc69b674cd4ec67a72c62'",**Output**: The hexadecimal MD5 hash equivalent of the input string as a string.,over_summarization,0,humaneval
mbpp_062,Write a python function to find smallest number in a list.,"AGENT B HANDOFF MESSAGE

Task: Write a Python function to find and return the smallest number in a given list of numbers.

Function Signature:
```python
def find_smallest_number(numbers: list) -> int | float:
    pass
```

Key Edge Cases to Handle:
1. Empty list: Raise a `ValueError` or return `None` (let's raise a `ValueError(""The list is empty"")` to be safe and explicit).
2. Lists with negative numbers, floating-point numbers, or a mix of both.
3. Lists with a single element (should return that element).
4. Invalid inputs (e.g., non-list inputs or lists containing non-numeric types) - you can assume standard numeric inputs, but handling or noting type assumptions is good.

Approach:
1. Check if the input list is empty. If so, raise a `ValueError`.
2. Use Python's built-in `min()` function, which operates in $O(N)$ time complexity, to find the smallest element.
3. Return the result.",none,1,mbpp
mbpp_062,Write a python function to find smallest number in a list.,"AGENT B HANDOFF MESSAGE

Task: Write a Python function to find and return the smallest number in a given list of numbers.

 Function Signature:
```python
def find_smallest_number(numbers: list) -> int | float:
    pass
```

Key Edge Cases to Handle:
1. Empty list: Raise a `ValueError` or return `None` (let's raise a `ValueError(""The list is empty"")` to be safe and explicit).
 2. Lists with negative numbers, floating-point numbers, or a mix of both.
 4. Invalid inputs (e.g., non-list inputs or lists containing non-numeric types) - you can assume standard numeric inputs, but handling or noting type assumptions is good.

 Approach:
1. Check if the input list is empty. If so, raise a `ValueError`.
2. Use Python's built-in `min()` function, which operates in $O(N)$ time complexity, to find the smallest element.
3. Return the result.",entity_omission,0,mbpp
mbpp_086,Write a function to find nth centered hexagonal number.,"AGENT B HANDOFF MESSAGE:

Task: Write a Python function to calculate the $n$-th centered hexagonal number.

Function Signature:
`def centered_hexagonal_number(n: int) -> int:`

Mathematical Background:
The $n$-th centered hexagonal number represents a centered hexagonal lattice (a dot surrounded by a hexagonal ring of dots, and so on). The formula for the $n$-th centered hexagonal number is:
$H_n = 3n(n - 1) + 1$
(where $n \ge 1$).

Sequence preview:
- $n = 1 \implies 1$
- $n = 2 \implies 7$
- $n = 3 \implies 19$
- $n = 4 \implies 37$

Edge Cases to Handle:
- $n = 1$: Should return 1.
- $n \le 0$: Raise a `ValueError` since centered hexagonal numbers are typically defined for positive integers ($n \ge 1$).
- Large inputs: Ensure standard integer arithmetic (Python handles arbitrarily large integers automatically, but keep efficiency in $O(1)$).

Implementation Plan:
1. Validate that $n$ is an integer greater than 0. If not, raise `ValueError`.
2. Compute the result using the direct $O(1)$ formula: `3 * n * (n - 1) + 1`.
3. Return the resulting integer.",none,1,mbpp
mbpp_089,Write a function to find the closest smaller number than n.,"AGENT B HANDOFF MESSAGE

**Task:** Write a function that finds the closest strictly smaller number than a given integer `n`. 

Wait, the problem statement is a bit ambiguous on what ""closest smaller number"" means. Let's assume it means finding the largest integer strictly less than `n`. (Since any number strictly less than $n-1$ is closer to $n-1$, the immediate predecessor $n-1$ is always the closest smaller integer). 

However, to be robust and cover potential interpretations (such as rearranging digits, e.g., finding the largest number smaller than `n` formed by the same digits, or simply $n-1$), let's define the requirement clearly for both common interpretations:
1. **Standard mathematical interpretation:** Return $n - 1$.
2. **Digit-permutation interpretation (often seen in coding problems):** Find the largest number strictly less than `n` that can be formed by rearranging the digits of `n`. 

Let's assume the **standard mathematical interpretation** (simply $n - 1$) unless specified otherwise, but let's make the function flexible or clearly implement $n - 1$ as the baseline while documenting it. Actually, standard interpretation for ""closest smaller number than n"" mathematically is just `n - 1`. Let's provide the signature and plan for this straightforward approach, but design it cleanly.

**Function Signature:**
```python
def closest_smaller(n: int) -> int:
    """"""
    Returns the closest smaller number than n.
    For standard integer input, this is n - 1.
    """"""
```

**Key Edge Cases to Handle:**
- Negative numbers (e.g., if $n = -5$, the closest smaller number is $-6$).
- Zero ($n = 0$, closest smaller is $-1$).
- Large integers (ensure it handles arbitrarily large ints if Python handles them natively, which it does).
- Non-integer inputs (optional: type checking or raising TypeError).

**Plan / Approach:**
1. Define the function `closest_smaller(n)`.
2. Validate that `n` is an integer.
3. Return `n - 1`.
4. Write unit tests covering positive integers, zero, negative integers, and edge cases.",none,1,mbpp
mbpp_089,Write a function to find the closest smaller number than n.,"However, to be robust and cover potential interpretations (such as rearranging digits, e.g., finding the largest number smaller than `n` formed by the same digits, or simply $n-1$), let's define the requirement clearly for both common interpretations: 1.",over_summarization,0,mbpp
mbpp_094,"Given a list of tuples, write a function that returns the first value of the tuple with the smallest second value.","Handoff Message for Agent B:

1. **Function Purpose**: Write a Python function that takes a list of tuples (where each tuple contains at least two elements, e.g., `(first, second)`) and returns the first value of the tuple that has the smallest second value.

2. **Function Signature**:
   ```python
   def get_first_of_smallest_second(tuples_list: list[tuple]) -> any:
   ```

3. **Key Edge Cases to Handle**:
   - Empty list input: Define how to handle this (e.g., raise a `ValueError` or return `None`).
   - Multiple tuples sharing the exact same minimum second value: Specify that the function should return the first encountered one (which is standard behavior for Python's `min()`).
   - Tuples with more than two elements: Only consider the second element (index 1) for the comparison, but ensure the function safely extracts it.

4. **Brief Plan/Approach**:
   - Use Python's built-in `min()` function.
   - Pass the `tuples_list` into `min()` with a custom `key` argument. The key should extract the second element of each tuple: `key=lambda x: x[1]`.
   - Once the tuple with the minimum second value is identified, return its first element (`index 0`).
   - Add a check for an empty list at the beginning to prevent `ValueError`.",none,1,mbpp
mbpp_094,"Given a list of tuples, write a function that returns the first value of the tuple with the smallest second value.","Handoff Message for Agent B:


   

",tool_result_drop,0,mbpp
mbpp_095,Write a python function to find the length of the smallest list in a list of lists.,"HANDOFF MESSAGE FOR AGENT B:

You need to write a Python function that takes a list of lists and returns the length of the smallest (shortest) list among them.

**Function Signature:**
```python
def smallest_list_length(list_of_lists: list[list]) -> int:
    pass
```

**Key Edge Cases to Handle:**
- The input list itself could be empty (what should be returned? Usually `0` or raising an error—please handle an empty outer list gracefully, e.g., returning `0`).
- Lists containing empty inner lists (length 0 should be correctly identified).
- Inner lists of varying lengths.

**Plan/Approach:**
1. Check if the input `list_of_lists` is empty. If so, return `0`.
2. Use Python's built-in `min()` function with a generator expression or mapping function to find the minimum length efficiently.
3. Example: `return min(len(inner_list) for inner_list in list_of_lists)`
4. Ensure the solution runs in $O(N)$ time complexity where $N$ is the total number of lists.",none,1,mbpp
mbpp_098,Write a function to multiply all the numbers in a list and divide with the length of the list.,"Agent B, here are the requirements and instructions for your coding task:

**Function Objective:**
Write a Python function that takes a list of numbers, multiplies all the numbers together, and then divides that product by the length of the list.

**Function Signature:**
```python
def multiply_and_divide_by_length(numbers: list) -> float:
```

**Key Edge Cases to Handle:**
1. **Empty list:** If the input list is empty (`len(numbers) == 0`), the function must handle the potential division by zero. Return `0` (or `None`, but `0` is preferred for numerical stability) to prevent a `ZeroDivisionError`.
2. **Data types:** The list may contain integers, floats, or a mix of both. Ensure the multiplication and division handle these correctly (returning a float).
3. **Single-element list:** A list with one element should return that exact element divided by 1 (which is the element itself).

**Brief Plan / Approach:**
1. Check if the list is empty. If it is, return `0`.
2. Initialize a variable (e.g., `product`) to 1.
3. Iterate through the `numbers` list, multiplying each element into `product`.
4. Divide `product` by `len(numbers)`.
5. Return the resulting float value.",none,1,mbpp
mbpp_099,"Write a function to convert the given decimal number to its binary equivalent, represented as a string with no leading zeros.","Agent B, here are the specifications for the function you need to write.

**Function Objective:**
Write a Python function that converts a given non-negative decimal integer into its binary equivalent, returned as a string with no leading zeros (except for the number 0 itself, which should return `""0""`).

**Exact Function Signature:**
```python
def decimal_to_binary(n: int) -> str:
```

**Key Edge Cases to Handle:**
1. **Zero (`0`):** Should return `""0""`, not an empty string.
2. **Negative numbers:** The problem statement implies standard decimal numbers, but if a negative number is passed, raise a `ValueError`.
3. **Large integers:** Ensure the conversion handles arbitrarily large integers correctly without overflow.

**Brief Plan/Approach:**
1. Check if `n < 0`, and raise a `ValueError` if true.
2. Handle the edge case for `n == 0` explicitly by returning `""0""`.
3. Use Python's built-in `bin()` function (e.g., `bin(n)` returns a string like `'0b101'`).
4. Slice the prefix (`[2:]`) to remove the `'0b'` leading identifier, which inherently strips any leading zeros.
5. Return the resulting binary string.",none,1,mbpp
mbpp_100,"Write a function to find the next smallest palindrome of a specified integer, returned as an integer.","HANDOFF MESSAGE FOR AGENT B:

You need to write a Python function that takes an integer and finds the strictly next smallest palindrome greater than the given integer, returning it as an integer.

### Function Signature
```python
def next_smallest_palindrome(n: int) -> int:
    """"""
    Finds the next smallest palindrome strictly greater than n.
    """"""
    pass
```

### Key Edge Cases to Handle
1. **Single-digit numbers (0-8):** The next palindrome is simply `n + 1` (e.g., input `5` -> `6`). For `9`, the next palindrome is `11`.
2. **All-nines numbers:** Numbers like `99`, `999`, etc. The next palindrome is always `n + 2` (e.g., `99` -> `101`).
3. **Even vs. Odd length numbers:** Mirroring logic differs slightly depending on whether the digit count is even or odd.
4. **Mirroring is smaller than original:** If mirroring the left half onto the right half results in a number less than or equal to `n`, you must increment the middle digit(s) and re-mirror.

### Recommended Approach / Algorithm
1. Convert the integer `n` to a string or list of digits.
2. Handle the all-nines edge case explicitly: if all digits are `9`, return `n + 2`.
3. Compare the left half mirrored onto the right half with the original number:
   - If the mirrored version is greater than `n`, it is your answer.
   - If not, increment the middle element(s) of the number (with proper carry-over propagation if it results in `10`) and then mirror the left half to the right half again.
4. Convert the result back to an integer and return it.",none,1,mbpp
mbpp_100,"Write a function to find the next smallest palindrome of a specified integer, returned as an integer.","Compare the left half mirrored onto the right half with the original number: - If the mirrored version is greater than `n`, it is your answer.",over_summarization,0,mbpp
mbpp_104,Write a function to sort each sublist of strings in a given list of lists.,"**Handoff Message for Agent B**

Your task is to write a Python function that sorts the strings within each sublist of a given list of lists. 

### Function Signature
```python
def sort_sublists(list_of_lists: list[list[str]]) -> list[list[str]]:
```

### Requirements & Behavior
- Iterate through each sublist in the provided list of lists.
- Sort the strings within each sublist in-place or return a new list of lists with the sorted sublists (returning a new structure is preferred to avoid mutating the input unexpectedly).
- By default, standard lexicographical (alphabetical) sorting for strings should be used.

### Key Edge Cases to Handle
- **Empty outer list:** If the input list is empty `[]`, return `[]`.
- **Empty sublists:** Sublists containing no elements `[]` should remain empty without causing errors.
- **Lists with a single element:** Sublists with only one string `[""apple""]` should remain unchanged.
- **Mixed case strings:** Ensure standard Python string sorting is applied (case-sensitive, where uppercase letters come before lowercase).

### Suggested Approach
1. Iterate over each sublist using a list comprehension or a standard `for` loop.
2. For each sublist, use Python's built-in `sorted()` function (or `.sort()` method if mutating in-place) to order the strings alphabetically.
3. Return the resulting list of sorted sublists.",none,1,mbpp
mbpp_104,Write a function to sort each sublist of strings in a given list of lists.,**Handoff Message for Agent B** Your task is to write a Python function that sorts the strings within each sublist of a given list of lists. ### Function Signature ```python def sort_sublists(list_of_lists: list[list[str]]) -> list[list[str]]: ``` ### Requirements & Behavior - Iterate through each sublist in the provided list of lists. - Sort the strings within each sublist in-place or return,truncation,0,mbpp
mbpp_104,Write a function to sort each sublist of strings in a given list of lists.,"**Handoff Message for Agent B**

Your task is to write a Python function that sorts the strings within each sublist of a given list of lists. 

### Function Signature


### Requirements & Behavior

### Key Edge Cases to Handle

### Suggested Approach",tool_result_drop,0,mbpp
mbpp_113,Write a function to check if a string represents an integer or not.,"Here is the handoff message for Agent B:

**Task Overview:**
Write a Python function that checks whether a given string represents a valid integer (both positive and negative). 

**Function Signature:**
```python
def is_integer(s: str) -> bool:
    """"""
    Returns True if the string represents a valid integer, False otherwise.
    """"""
```

**Key Edge Cases to Handle:**
1. **Sign characters:** Strings can start with a single optional `+` or `-` sign (e.g., `""+123""`, `""-456""`). A standalone sign (`""+""`, `""-""`) should return `False`.
2. **Whitespace:** Leading and trailing whitespace should be handled (either stripped or considered invalid depending on strictness—let's strip leading/trailing spaces via `s.strip()` before validation).
3. **Empty strings & non-digit characters:** An empty string `""""` or strings containing alphabets, decimals, or special characters (e.g., `""12.34""`, `""abc""`, `""1a2""`) must return `False`.
4. **Leading zeros:** Numbers like `""0""` or `""-0""` are valid integers. Strings like `""0123""` should generally be considered valid integers in standard programming logic, unless strict octal is required (treat them as valid integers).

**Plan / Approach:**
1. Strip leading and trailing whitespace from the string.
2. Check if the string is empty after stripping; if so, return `False`.
3. Check if the first character is `+` or `-`. If it is, slice the string to remove that character and ensure the remaining string is not empty.
4. Check if all remaining characters in the string are digits (using `.isdigit()`).
5. Return `True` if all checks pass, otherwise `False`. Alternatively, you can attempt to cast the string to an `int` inside a `try-except` block, handling appropriate edge cases.",none,1,mbpp
mbpp_113,Write a function to check if a string represents an integer or not.,"If it is, slice the string to remove that character and ensure the remaining string is not empty.",over_summarization,0,mbpp
mbpp_118,Write a function to convert a string to a list of strings split on the space character.,"HANDOFF MESSAGE FOR AGENT B:

1. Restatement of the task:
Write a function that takes a single string as input and splits it into a list of strings based on the space character.

2. Exact function signature:
`def string_to_list(s: str) -> list[str]:`

3. Key edge cases to handle:
- Empty string `""""`: should return `[""""]` or `[]` depending on standard split behavior (typically, Python's default `.split(' ')` on `""""` returns `['']`, or if splitting by whitespace generally, consider if multiple spaces or leading/trailing spaces need specific handling. Let's specify standard space splitting: `s.split(' ')`).
- String with no spaces: should return a list containing the original string `['word']`.
- String with multiple consecutive spaces: handle accordingly (standard `.split(' ')` will produce empty strings for consecutive spaces).
- Non-string inputs: ensure type hinting and basic robustness if applicable, but assume well-formed string input.

4. Brief plan/approach:
- Use Python's built-in string `.split(' ')` method to divide the string at every space character.
- Return the resulting list.",none,1,mbpp
mbpp_126,Write a python function to find the sum of common divisors of two given numbers.,"**HANDOFF MESSAGE FOR AGENT B**

**Objective:**
Write a Python function that calculates the sum of all common divisors of two given positive integers.

**Function Signature:**
```python
def sum_of_common_divisors(a: int, b: int) -> int:
```

**Key Edge Cases to Handle:**
1. **Zero inputs:** If either `a` or `b` is `0`, handle appropriately (though standard inputs for this problem are typically positive integers, ensure division by zero is avoided).
2. **Negative numbers:** If negative numbers are passed, consider their absolute values or return `0` (or raise a ValueError based on standard positive integer assumptions).
3. **Coprime numbers:** If the numbers share no common divisors other than `1`, the function should return `1`.
4. **Large inputs:** Ensure the algorithm is efficient enough to handle reasonably large numbers without timing out.

**Recommended Approach / Plan:**
1. Find the greatest common divisor (GCD) of `a` and `b` using Python's built-in `math.gcd(a, b)`.
2. Initialize a variable `total_sum` to `0`.
3. Iterate through all integers from `1` up to the square root of the GCD (`int(math.isqrt(g))`):
   - If a number `i` divides the GCD evenly (`gcd % i == 0`):
     - Add `i` to `total_sum`.
     - If the complementary divisor `gcd // i` is different from `i`, add `gcd // i` to `total_sum` as well.
4. Return `total_sum`.",none,1,mbpp
mbpp_126,Write a python function to find the sum of common divisors of two given numbers.,Iterate through all integers from `1` up to the square root of the GCD (`int(math.isqrt(g))`): - If a number `i` divides the GCD evenly (`gcd % i == 0`): - Add `i` to `total_sum`.,over_summarization,0,mbpp
mbpp_131,Write a python function to reverse only the vowels of a given string (where y is not a vowel).,"Handoff Message for Agent B:

You need to write a Python function that reverses only the vowels in a given input string, leaving all other characters in their original positions. Note that 'y' (and 'Y') should NOT be treated as a vowel (only 'a', 'e', 'i', 'o', 'u' and their uppercase equivalents are vowels).

Function Signature:
`def reverse_vowels(s: str) -> str:`

Key Edge Cases to Handle:
- Strings with no vowels at all (should return the original string unchanged).
- Strings with only vowels.
- Strings with mixed-case vowels (e.g., preserving their respective cases or positions, though standard reversal just swaps the positions of the vowels found).
- Empty strings `""""` and single-character strings.

Brief Plan/Approach:
1. Convert the input string `s` to a list of characters (since strings are immutable in Python).
2. Define a set or string containing all valid vowels (both lowercase and uppercase: ""aeiouAEIOU"").
3. Use a two-pointer approach: initialize one pointer (`left`) at the beginning of the list and another (`right`) at the end.
4. Move `left` inward until it points to a vowel.
5. Move `right` inward until it points to a vowel.
6. Swap the vowels at the `left` and `right` pointers, then increment `left` and decrement `right` to continue the search.
7. Stop when `left` meets or passes `right`.
8. Join the list of characters back into a string and return it.",none,1,mbpp
mbpp_139,Write a function to find the circumference of a circle.,"**HANDOFF MESSAGE FOR AGENT B**

**Task:** Write a Python function to calculate the circumference of a circle given its radius.

**Function Signature:**
```python
def circle_circumference(radius: float) -> float:
```

**Key Edge Cases to Handle:**
1. **Zero Radius:** If the radius is `0`, the circumference should be `0.0`.
2. **Negative Radius:** If the radius is negative, raise a `ValueError` with an appropriate error message.
3. **Invalid Types:** Handle or let Python raise a `TypeError` if non-numeric inputs (like strings) are passed.
4. **Floating-Point Precision:** Use `math.pi` for the value of $\pi$ to ensure high precision.

**Plan / Approach:**
1. Import the `math` module to access `math.pi`.
2. Check if the input `radius` is less than `0`. If so, raise a `ValueError`.
3. Apply the mathematical formula: $\text{Circumference} = 2 \times \pi \times \text{radius}$.
4. Return the calculated floating-point result.",none,1,mbpp
mbpp_140,Write a function to flatten the list of lists into a single set of numbers.,"**HANDOFF MESSAGE FOR AGENT B**

**Objective:**
Write a Python function that takes a list of lists containing numbers and flattens it into a single Python `set` of numbers (removing any duplicates and ignoring nested structure).

**Function Signature:**
```python
def flatten_to_set(list_of_lists: list[list[int | float]]) -> set[int | float]:
```

**Key Edge Cases to Handle:**
1. **Empty input list or empty inner lists:** Should return an empty set `set()`.
2. **Duplicate numbers:** Since the output must be a `set`, duplicates across and within the inner lists must be automatically deduplicated.
3. **Mixed types (ints and floats):** Ensure numeric types are handled correctly (e.g., `1` and `1.0` might be treated as equivalent in sets depending on Python's hashing, which is standard behavior).
4. **Deeply nested lists (if any):** The problem specifies ""list of lists"", but to be safe, assume a flat 2D structure (one level of iteration over the outer list, and one over each inner list). 

**Plan / Approach:**
1. Initialize a generator expression or a list comprehension that iterates through each sublist in the `list_of_lists`, and then through each element in the sublist.
2. Pass this collection of elements directly into the `set()` constructor to flatten and deduplicate in a single, efficient step.
3. Return the resulting set.",none,1,mbpp
mbpp_141,Write a function to sort a list of elements.,"HANDOFF MESSAGE FOR AGENT B:

You need to write a Python function that sorts a list of elements. 

**Function Signature:**
```python
def sort_list(elements: list) -> list:
```

**Requirements & Edge Cases to Handle:**
- The function should return a new sorted list (or sort in place and return it, but returning a new sorted list is preferred for purity).
- Handle empty lists `[]` gracefully by returning an empty list.
- Handle single-element lists `[x]` by returning the list as-is.
- Handle lists with duplicate values correctly.
- The elements in the list should be comparable (assume homogeneous types like all integers, all floats, or all strings).

**Plan / Approach:**
- Utilize Python's built-in Timsort algorithm via the `sorted()` function, which is efficient ($O(n \log n)$ time complexity) and handles all edge cases natively. 
- Implement the function wrapper around `sorted(elements)`.",none,1,mbpp
mbpp_141,Write a function to sort a list of elements.,HANDOFF MESSAGE FOR AGENT B: You need to write a Python function that sorts a list of elements. **Function Signature:** ```python def sort_list(elements: list) -> list: ``` **Requirements & Edge Cases to Handle:** - The function should return a new sorted list,truncation,0,mbpp
mbpp_142,Write a function to count number items that are identical in the same position of three given lists.,"Agent B, here is your task for the coding pipeline.

### Restatement of the Problem
We need a function that counts how many items are identical in the exact same index (position) across three given lists. That means for any index $i$, if $list1[i] == list2[i] == list3[i]$, we increment our count.

### Function Signature
```python
def count_identical_positions(list1: list, list2: list, list3: list) -> int:
```

### Key Edge Cases to Handle
1. **Empty lists:** If any or all of the lists are empty, the function should return `0`.
2. **Lists of unequal lengths:** The problem implies comparing positions across three lists. We should only compare up to the length of the *shortest* list to avoid `IndexError`, or handle them gracefully (using `zip` naturally stops at the shortest list).
3. **Different data types:** Elements at the same index might be of mixed types (e.g., `1`, `1.0`, `""1""`). Python's `==` operator handles type-sensitive equality correctly, but we should be aware of it.
4. **No matches:** If no positions match across all three lists, return `0`.

### Plan / Approach
1. Use Python's built-in `zip()` function to iterate through elements of all three lists simultaneously: `zip(list1, list2, list3)`. Since `zip` stops at the shortest list, it safely handles unequal lengths.
2. Use a generator expression combined with `sum()` to count how many tuples $(a, b, c)$ satisfy the condition $a == b == c$.
3. Return the resulting integer count. 

Example implementation sketch:
```python
def count_identical_positions(list1, list2, list3):
    return sum(1 for a, b, c in zip(list1, list2, list3) if a == b == c)
```

Write the code for this function now.",none,1,mbpp
mbpp_142,Write a function to count number items that are identical in the same position of three given lists.,"We should only compare up to the length of the *shortest* list to avoid `IndexError`, or handle them gracefully (using `zip` naturally stops at the shortest list).",over_summarization,0,mbpp
mbpp_145,Write a python function to find the maximum difference between any two elements in a given array.,"**HANDOFF MESSAGE FOR AGENT B**

**Objective:**
Write a Python function that calculates the maximum difference between any two elements in a given array (i.e., the difference between the maximum and minimum values in the array).

**Function Signature:**
```python
def max_difference(arr: list) -> int/float:
```

**Key Edge Cases to Handle:**
1. **Empty array:** If the array is empty, the function should raise a `ValueError` or return a sensible default (specify in your implementation).
2. **Single-element array:** If the array contains only one element, the maximum difference is `0`.
3. **Negative numbers and mixed signs:** The logic must correctly handle arrays with negative numbers, zeros, and floating-point numbers.
4. **All identical elements:** If all elements are the same, the maximum difference should be `0`.

**Plan / Approach:**
1. Check if the input array is empty and handle the edge case accordingly.
2. Find the maximum value and the minimum value in the array using Python's built-in `max()` and `min()` functions. (This achieves $O(n)$ time complexity).
3. Return the result of `max(arr) - min(arr)`.",none,1,mbpp
mbpp_161,Write a function to remove all elements from a given list present in another list.,"**HANDOFF MESSAGE FOR AGENT B**

**Objective:**
Write a Python function that removes all elements from a target list that are present in a second (reference) list.

**Function Signature:**
```python
def remove_elements(target_list: list, reference_list: list) -> list:
```

**Key Edge Cases to Handle:**
1. **Empty Lists:** If `target_list` is empty, return an empty list. If `reference_list` is empty, return a copy of `target_list` (or the original list, depending on mutability requirements—returning a new list is safest).
2. **Duplicates:** Handle multiple occurrences of elements in `target_list` that appear in `reference_list` (all occurrences should be removed).
3. **Type Consistency / Unhashable Types:** Ensure the solution handles standard data types gracefully. (Converting the reference list to a `set` is optimal for $O(1)$ lookups, assuming elements are hashable).

**Plan / Approach:**
1. Convert `reference_list` into a `set` to achieve optimal $O(1)$ average time complexity for membership testing.
2. Iterate through `target_list` using a list comprehension to filter out any items that exist within the reference set.
3. Return the newly filtered list. 

*Example implementation logic:*
```python
ref_set = set(reference_list)
return [item for item in target_list if item not in ref_set]
```",none,1,mbpp
mbpp_162,"Write a function to calculate the sum (n - 2*i) from i=0 to n // 2, for instance n + (n-2) + (n-4)... (until n-x =< 0).","HANDOFF MESSAGE FOR AGENT B:

You need to write a Python function that calculates the sum of the expression `(n - 2*i)` starting from `i = 0` up to `i = n // 2`. Mathematically, this represents the series `n + (n-2) + (n-4) + ...` continuing as long as the term is greater than 0 (i.e., stopping when the term becomes less than or equal to 0, though the loop bounds `i` from `0` to `n // 2` naturally govern this).

**Function Signature:**
```python
def sum_n_minus_2i(n: int) -> int:
```

**Key Edge Cases to Handle:**
- `n = 0`: The term is `0 - 0 = 0`, sum should be `0`.
- Negative numbers (if passed): Should return `0` or handle gracefully based on the sequence definition.
- Small positive numbers like `n = 1` or `n = 2`: Ensure the sequence computes correctly (e.g., for `n=1`: `i=0` gives term `1`, `i=1` gives `-1` (if included, but `n//2` is `0`, so sum is `1`). For `n=2`: `i=0` gives `2`, `i=1` gives `0`, sum is `2`).

**Plan/Approach:**
1. Use a simple `for` loop iterating `i` from `0` up to `n // 2` (inclusive).
2. Inside the loop, compute `n - 2 * i`.
3. Add values to a running total accumulator.
4. Return the total sum. Alternatively, a generator expression with `sum()` can be used for a concise one-liner: `return sum(n - 2 * i for i in range((n // 2) + 1))` (ensure the range is inclusive of `n // 2`).",none,1,mbpp
mbpp_162,"Write a function to calculate the sum (n - 2*i) from i=0 to n // 2, for instance n + (n-2) + (n-4)... (until n-x =< 0).","HANDOFF MESSAGE FOR AGENT B:

You need to write a Python function that calculates the sum of the expression  starting from  up to . Mathematically, this represents the series  continuing as long as the term is greater than 0 (i.e., stopping when the term becomes less than or equal to 0, though the loop bounds  from  to  naturally govern this).

**Function Signature:**


**Key Edge Cases to Handle:**

**Plan/Approach:**",tool_result_drop,0,mbpp
mbpp_223,"Write a function that takes in a sorted array, its length (n), and an element and returns whether the element is the majority element in the given sorted array. (The majority element is the element that occurs more than n/2 times.)","HANDOFF MESSAGE FOR AGENT B:

Goal: Write a function that determines if a given element is the ""majority element"" in a sorted array. A majority element is defined as an element that strictly occurs more than $n / 2$ times, where $n$ is the length of the array.

Function Signature:
`bool isMajority(int arr[], int n, int target);` 
*(Note: Adjust types as appropriate for the language, assuming C/C++ style based on passing length and array, but ensure it accepts an array/vector, array length `n`, and the `target` element, returning a boolean).*

Key Edge Cases to Handle:
1. `n = 0`: An empty array should return `false`.
2. `target` is not present in the array at all: Return `false`.
3. `n = 1`: If the single element equals the `target`, return `true`; otherwise `false`.
4. Elements that appear $\le n / 2$ times (e.g., exactly $n / 2$ times): Return `false`.

Approach/Plan:
Since the array is sorted, all instances of the `target` element will appear contiguously. 
1. Use binary search (e.g., `std::lower_bound` and `std::upper_bound` in C++, or custom binary search) to find the first and last occurrence indices of the `target` in the array.
2. If the `target` is not found, return `false`.
3. Calculate the total frequency of the `target` using the indices: `last_index - first_index + 1`.
4. Check if this frequency is strictly greater than `n / 2`. Return `true` if it is, otherwise `false`. This achieves $O(\log n)$ time complexity.",none,1,mbpp
mbpp_223,"Write a function that takes in a sorted array, its length (n), and an element and returns whether the element is the majority element in the given sorted array. (The majority element is the element that occurs more than n/2 times.)","HANDOFF MESSAGE FOR AGENT B:

Goal: Write a function that determines if a given element is the ""majority element"" in a sorted array. A majority element is defined as an element that strictly occurs more than $n / 2$ times, where $n$ is the length of the array.

 *

Key Edge Cases to Handle:
1. `n = 0`: An empty array should return `false`.
 2. `target` is not present in the array at all: Return `false`.
 3. `n = 1`: If the single element equals the `target`, return `true`; otherwise `false`.
 4. Elements that appear $\le n / 2$ times (e.g., exactly $n / 2$ times): Return `false`.

 Approach/Plan:
Since the array is sorted, all instances of the `target` element will appear contiguously. 
 1. 2. If the `target` is not found, return `false`.
3. Calculate the total frequency of the `target` using the indices: `last_index - first_index + 1`.
 4. Check if this frequency is strictly greater than `n / 2`. Return `true` if it is, otherwise `false`. This achieves $O(\log n)$ time complexity.",entity_omission,0,mbpp
mbpp_223,"Write a function that takes in a sorted array, its length (n), and an element and returns whether the element is the majority element in the given sorted array. (The majority element is the element that occurs more than n/2 times.)","Function Signature: `bool isMajority(int arr[], int n, int target);` *(Note: Adjust types as appropriate for the language, assuming C/C++ style based on passing length and array, but ensure it accepts an array/vector, array length `n`, and the `target` element, returning a boolean).",over_summarization,0,mbpp
mbpp_228,Write a python function to check whether all the bits are unset in the given range or not.,"HANDOFF MESSAGE FOR AGENT B:

You need to write a Python function that checks whether all bits are unset (i.e., all 0s) within a specified bit range for a given number.

**Function Signature:**
```python
def check_bits_unset_in_range(n: int, l: int, r: int) -> bool:
    """"""
    Checks if all bits from the l-th bit to the r-th bit are unset (0) in the integer n.
    Note: Assume 1-based or 0-based indexing? Let's use 1-based indexing from the right 
    (standard for bit manipulation problems of this type, where l and r are inclusive, 
    1 <= l <= r <= number of bits). Let's support standard bit positions: 
    If l and r are given, we want to check bits from position l to r. 
    To be safe and robust, let's assume standard 1-based indexing from the right, 
    where the rightmost bit is position 1.
    """"""
```
Wait, let's clarify the indexing or make it flexible/standard. Usually, in these competitive programming problems, positions are 1-indexed from the right. Let's specify:
- `n`: The integer to check.
- `l`: Starting bit position (inclusive, 1-indexed from the right).
- `r`: Ending bit position (inclusive, 1-indexed from the right).
*(If 0-indexed is preferred, or if it's bit shifts, let's provide a clear implementation using bit masks).*

**Plan / Approach:**
1. Create a bit mask that has 1s in the range from `l` to `r` and 0s elsewhere.
   - A mask for bits from `l` to `r` (1-indexed) can be constructed by:
     `mask = ((1 << r) - 1) ^ ((1 << (l - 1)) - 1)`
2. Perform a bitwise AND between `n` and `mask`.
3. If the result is `0`, it means all bits in that range are unset, so return `True`. Otherwise, return `False`.

**Edge Cases to Handle:**
- `l` equals `r` (checking a single bit).
- `l` and `r` spanning the entire length of the number.
- `n = 0` (all bits are already unset, should return `True` for any valid range).
- Large values of `n`, `l`, and `r`. Python handles arbitrarily large integers, so bit shifts will not overflow.

Please write the function cleanly with type hints and docstrings.",none,1,mbpp
mbpp_228,Write a python function to check whether all the bits are unset in the given range or not.,"Let's support standard bit positions: If l and r are given, we want to check bits from position l to r. To be safe and robust, let's assume standard 1-based indexing from the right, where the rightmost bit is position 1. """"""",over_summarization,0,mbpp
mbpp_230,"Write a function that takes in a string and character, replaces blank spaces in the string with the character, and returns the string.","HANDOFF MESSAGE FOR AGENT B:

Your task is to write a Python function that replaces all whitespace characters (spaces) in a given string with a specified replacement character, and returns the modified string.

**Function Signature:**
```python
def replace_spaces(text: str, char: str) -> str:
```

**Key Edge Cases to Handle:**
1. **Empty string (`""""`)**: Should return an empty string.
2. **No spaces in the string**: Should return the original string unchanged.
3. **String with only spaces**: Should replace every space with the given character.
4. **Multiple consecutive spaces**: Each consecutive space should be replaced by the character (unless specified otherwise, standard replacement applies to all space characters).
5. **Character argument (`char`)**: Ensure it handles standard characters, special characters, or even an empty string (though usually a single character is expected).

**Plan / Approach:**
Use Python's built-in `.replace()` string method, replacing `' '` (space) with the provided `char`, and return the resulting string. 

Example:
```python
replace_spaces(""Hello World"", ""-"") # returns ""Hello-World""
```",none,1,mbpp
mbpp_232,Write a function that takes in a list and an integer n and returns a list containing the n largest items from the list.,"**HANDOFF MESSAGE FOR AGENT B**

**Objective:**
Write a Python function that takes a list of items and an integer `n`, and returns a new list containing the `n` largest items from the input list.

**Function Signature:**
```python
def n_largest_items(items: list, n: int) -> list:
```

**Key Edge Cases to Handle:**
1. **`n` is greater than or equal to the length of the list:** Return all items from the list (ideally sorted in descending order, or as determined by your sorting logic).
2. **`n` is less than or equal to 0:** Return an empty list `[]`.
3. **Empty input list:** Return an empty list `[]`.
4. **Duplicate values:** Handle lists with duplicate values correctly (e.g., if finding the 2 largest of `[5, 5, 3]`, return `[5, 5]`).
5. **Data types:** Assume the list contains comparable elements (e.g., all numbers or all strings).

**Brief Plan / Approach:**
- First, handle edge cases where `n <= 0` or the input list is empty by returning `[]`.
- Handle the case where `n >= len(items)` by returning a sorted copy of the list in descending order.
- For a clean and efficient approach, you can use Python's built-in `heapq.nlargest(n, items)` from the `heapq` module, which handles these edge cases natively and runs in $O(N \log n)$ or $O(N + n \log K)$ time. Alternatively, sort the list in descending order and slice the first `n` elements (`sorted(items, reverse=True)[:n]`).",none,1,mbpp
mbpp_238,Write a python function to count the number of non-empty substrings of a given string.,"HANDOFF MESSAGE FOR AGENT B:

You need to write a Python function that calculates the total number of non-empty substrings for a given input string.

**Function Signature:**
`def count_non_empty_substrings(s: str) -> int:`

**Key Edge Cases to Handle:**
- Empty string (`""""`): should return `0`.
- Single-character string (`""a""`): should return `1`.
- Strings with repeating characters (e.g., `""aaa""`): all substrings must still be counted by their index positions, meaning unique values do not reduce the count; the formula depends strictly on length.

**Plan/Approach:**
- A string of length $n$ has a total number of substrings given by the mathematical formula: $\frac{n(n + 1)}{2}$.
- Alternatively, you can compute this in $O(1)$ time by getting the length of the string `n = len(s)` and returning `n * (n + 1) // 2`.",none,1,mbpp
mbpp_238,Write a python function to count the number of non-empty substrings of a given string.,**Plan/Approach:** - A string of length $n$ has a total number of substrings given by the mathematical formula: $\frac{n(n + 1)}{2}$.,over_summarization,0,mbpp
mbpp_250,Write a python function that takes in a tuple and an element and counts the occcurences of the element in the tuple.,"HANDOFF MESSAGE FOR AGENT B:

You need to write a Python function that counts the number of times a specific element appears in a given tuple.

- **Function Signature:** `def count_element(tup: tuple, element) -> int:`
- **Key Edge Cases to Handle:**
  - An empty tuple (should return `0`).
  - The element is not present in the tuple (should return `0`).
  - The tuple contains mixed data types (e.g., strings, integers, floats) and nested structures (ensure matching types are counted correctly).
  - The element appears multiple times (consecutive or non-consecutive).
- **Brief Plan/Approach:**
  - Utilize Python's built-in tuple method `.count(element)`, which is optimized, highly readable, and handles type matching and missing elements out of the box. 
  - Ensure the function returns an integer.",none,1,mbpp
mbpp_252,Write a python function to convert complex numbers to polar coordinates.,"HANDOFF MESSAGE FOR AGENT B:

Your task is to write a Python function that converts a complex number into its polar coordinates (magnitude and phase angle).

**Function Signature:**
```python
def to_polar(z: complex) -> tuple[float, float]:
    """"""
    Converts a complex number to polar coordinates.
    
    Parameters:
    z (complex): The complex number to convert.
    
    Returns:
    tuple[float, float]: A tuple containing the radius (magnitude) and 
                         the angle (phase in radians) as floats.
    """"""
```

**Key Edge Cases to Handle:**
1. **Zero (0 + 0j):** The magnitude is `0.0`. The phase angle should be handled gracefully (typically `0.0` is standard, avoiding any division-by-zero or domain errors).
2. **Pure Real Numbers:** (e.g., `3 + 0j` or `-3 + 0j`). Ensure correct magnitude and angles ($0$ or $\pi$).
3. **Pure Imaginary Numbers:** (e.g., `0 + 4j` or `0 - 4j`). Ensure correct magnitude and angles ($\pi/2$ or $-\pi/2$).
4. **Input Validation:** Ensure the function behaves correctly or raises a `TypeError` if a non-complex (or non-numeric that can't be interpreted) value is passed, though type hinting expects `complex`.

**Brief Plan / Approach:**
1. Use Python's built-in `cmath` module, specifically `cmath.polar(z)`.
2. The `cmath.polar()` function directly returns a tuple `(r, phi)` where `r` is the radius and `phi` is the phase angle in radians.
3. Wrap this functionality neatly inside the `to_polar` function, ensuring return types are strictly `float`.",none,1,mbpp
mbpp_255,"Write a function that takes in a list and length n, and generates all combinations (with repetition) of the elements of the list and returns a list with a tuple for each combination.","**HANDOFF MESSAGE FOR AGENT B**

**Objective:**
Write a Python function that generates all possible combinations with repetition of elements from a given list, where each combination has a specified length $n$. The function must return a list containing a tuple for each combination.

**Function Signature:**
```python
def generate_combinations_with_repetition(elements: list, n: int) -> list[tuple]:
```

**Key Edge Cases to Handle:**
1. **$n = 0$:** Should return a list containing a single empty tuple `[()]`, as there is one way to choose 0 elements.
2. **Empty input list (`elements = []`) and $n > 0$:** Should return an empty list `[]` since no combinations can be formed.
3. **Large $n$ or large input list:** Be mindful of performance, though standard recursive or iterative approaches (or leveraging standard libraries) are expected.
4. **Duplicate elements in the input list:** The function should treat elements based on their positions/indices (standard combinatorial behavior), meaning if the input list has duplicates, the output will reflect combinations of those distinct positions/instances.

**Plan / Approach:**
1. The most Pythonic and efficient way to achieve combinations with repetition is by using the `itertools.combinations_with_replacement` function from the standard library.
2. Import `itertools`.
3. Call `itertools.combinations_with_replacement(elements, n)`.
4. Convert the resulting iterator into a list of tuples and return it.",none,1,mbpp
mbpp_255,"Write a function that takes in a list and length n, and generates all combinations (with repetition) of the elements of the list and returns a list with a tuple for each combination.","**Duplicate elements in the input list:** The function should treat elements based on their positions/indices (standard combinatorial behavior), meaning if the input list has duplicates, the output will reflect combinations of those distinct positions/instances.",over_summarization,0,mbpp
mbpp_256,Write a python function that takes in a non-negative number and returns the number of prime numbers less than the given non-negative number.,"**Handoff Message for Agent B:**

Please write a Python function that calculates the number of prime numbers strictly less than a given non-negative number. 

**Function Signature:**
```python
def count_primes(n: int) -> int:
```

**Key Edge Cases to Handle:**
- `n = 0`: Should return `0` (no primes less than 0).
- `n = 1`: Should return `0` (no primes less than 1).
- `n = 2`: Should return `1` (the only prime less than 2 is 2? Wait, primes less than 2: none, since 2 is not *less than* 2. So primes less than 2 are none, return `0`).
- `n = 3`: Should return `1` (only `2` is less than 3).
- Non-integer or negative inputs: You can assume the input is a valid non-negative integer, but handling or type-hinting as `int` is expected.

**Plan/Approach:**
- Use the **Sieve of Eratosthenes** algorithm for optimal performance ($O(n \log \log n)$ time complexity).
- If `n <= 2`, immediately return `0`.
- Create a boolean array `is_prime` of size `n`, initialized to `True` for all indices, with `is_prime[0]` and `is_prime[1]` set to `False`.
- Iterate from `p = 2` up to `int(n**0.5)`:
  - If `is_prime[p]` is true, mark all multiples of `p` starting from `p*p` up to `n-1` as `False`.
- Count and return the number of `True` values remaining in the `is_prime` array.",none,1,mbpp
mbpp_261,Write a function that takes in two tuples and performs mathematical division operation element-wise across the given tuples.,"**Handoff Message for Agent B:**

**Task Overview:**
We need to write a Python function that performs element-wise mathematical division of two input tuples. 

**Function Signature:**
```python
def elementwise_division(tuple1: tuple, tuple2: tuple) -> tuple:
```

**Key Edge Cases to Handle:**
1. **Length Mismatch:** If `tuple1` and `tuple2` do not have the same number of elements, raise a `ValueError`.
2. **Division by Zero:** If any element in `tuple2` is `0`, handle the resulting `ZeroDivisionError` (either let it raise naturally or raise a custom error/return `float('inf')`—let's raise a `ZeroDivisionError` with a clear message, or let Python's native exception bubble up).
3. **Data Types:** Assume elements are numeric (integers or floats).

**Plan / Approach:**
1. Check if `len(tuple1) != len(tuple2)`. If so, raise a `ValueError`.
2. Use a generator expression or a loop to divide corresponding elements: `a / b` for `a, b` in `zip(tuple1, tuple2)`.
3. Cast the result back to a `tuple` and return it.",none,1,mbpp
mbpp_267,Write a python function that takes in an integer n and returns the sum of the squares of the first n odd natural numbers.,"**HANDOFF MESSAGE FOR AGENT B**

**Objective:**
Write a Python function that calculates and returns the sum of the squares of the first $n$ odd natural numbers.

**Function Signature:**
```python
def sum_of_squares_of_odd_numbers(n: int) -> int:
```

**Key Edge Cases to Handle:**
- `n <= 0`: The function should return `0` since there are no positive odd natural numbers to sum.
- Large values of `n`: Ensure the implementation is efficient (ideally $O(1)$ time complexity using mathematical formulas rather than slow iterative loops, though a clean loop/comprehension is also acceptable for standard ranges).

**Plan / Approach:**
1. Check if `n <= 0`; if so, return `0`.
2. The $i$-th odd natural number (1-indexed) is given by the formula $2i - 1$.
3. You can implement this either:
   - **Math approach ($O(1)$):** The sum of squares of the first $n$ odd numbers can be computed using the closed-form formula: $\frac{n(4n^2 - 1)}{3}$.
   - **Iterative/Functional approach ($O(n)$):** Use a generator expression or list comprehension: `sum((2 * i - 1) ** 2 for i in range(1, n + 1))`.
4. Return the resulting integer.",none,1,mbpp
mbpp_271,Write a python function that takes in an integer n and finds the sum of the first n even natural numbers that are raised to the fifth power.,"**HANDOFF MESSAGE FOR AGENT B**

**Function Objective:**
Write a Python function that calculates the sum of the first $n$ even natural numbers, where each number in the sequence is raised to the fifth power ($\text{even\_number}^5$). 

**Function Signature:**
```python
def sum_even_powers_of_five(n: int) -> int:
```

**Key Edge Cases to Handle:**
- `n <= 0`: Return `0`, since there are no natural numbers to sum.
- `n = 1`: Return the first even natural number raised to the fifth power ($2^5 = 32$).
- Large values of `n`: Ensure the function handles standard integer scaling efficiently (Python handles arbitrarily large integers automatically, so overflow is not an issue, but efficiency should still be considered).

**Brief Plan / Approach:**
1. Validate the input `n`. If `n <= 0`, return `0`.
2. Generate the first $n$ even natural numbers. The $i$-th even natural number (1-indexed) can be represented as $2i$ (for $i$ from 1 to $n$).
3. Raise each generated even number to the 5th power: $(2i)^5$.
4. Sum all these values together and return the result. 
5. *Optimized approach (optional):* You can use a simple generator expression inside the built-in `sum()` function, e.g., `sum((2 * i) ** 5 for i in range(1, n + 1))`.",none,1,mbpp
mbpp_274,Write a python function that takes in a positive integer n and finds the sum of even index binomial coefficients.,"AGENT B HANDOFF: Sum of Even-Index Binomial Coefficients

Your task is to write a Python function that calculates the sum of binomial coefficients at even indices for a given positive integer $n$. That is, compute $\sum_{k=0}^{\lfloor n/2 \rfloor} \binom{n}{2k}$.

**Function Signature:**
```python
def sum_even_binomial_coefficients(n: int) -> int:
    """"""
    Takes a positive integer n and returns the sum of binomial coefficients 
    at even indices (i.e., C(n, 0) + C(n, 2) + C(n, 4) + ...).
    """"""
```

**Key Mathematical Insight & Approach:**
- The sum of all binomial coefficients for a given $n$ is $2^n$.
- The sum of binomial coefficients at even indices is mathematically equal to the sum of binomial coefficients at odd indices, and both equal $2^{n-1}$ for any $n \ge 1$.
- Therefore, the most efficient and elegant approach for $n \ge 1$ is simply $2^{n-1}$ (or `1 << (n - 1)` using bitwise shift).

**Key Edge Cases to Handle:**
- `n = 1`: $\binom{1}{0} = 1$. Formula gives $2^0 = 1$. Correct.
- Standard positive integers (e.g., $n = 2, 3, 4, \dots$).
- Input validation: Ensure $n$ is a positive integer ($n > 0$). Raise a `ValueError` or `TypeError` if $n$ is non-positive or not an integer.",none,1,mbpp
mbpp_281,Write a python function to check if the elements of a given list are unique or not.,"HANDOFF MESSAGE FOR AGENT B:

You need to write a Python function that determines whether all elements in a given list are unique (i.e., all elements are distinct, with no duplicates) or not.

**Function Signature:**
```python
def check_elements_unique(lst: list) -> bool:
```
- Returns `True` if all elements in the list are unique.
- Returns `False` if there are any duplicate elements.

**Key Edge Cases to Handle:**
1. **Empty list (`[]`):** Should return `True` (vacuously true, no duplicates exist).
2. **Single-element list (`[x]`):** Should return `True`.
3. **Lists with duplicates (`[1, 2, 2, 3]`):** Should return `False`.
4. **Lists with mixed types or hashable/unhashable types:** Ensure it handles standard Python lists correctly (assume elements are hashable for set-based approaches).

**Plan / Approach:**
- The most efficient and Pythonic way to check for uniqueness is to compare the length of the list with the length of a `set` created from the list (`len(set(lst)) == len(lst)`). 
- Alternatively, you can iterate through the list while keeping track of seen elements using a `set` for early exit (returning `False` as soon as a duplicate is found), which operates in $O(N)$ time complexity and $O(N)$ space complexity. Both approaches are acceptable, but the set-length comparison is concise and idiomatic.",none,1,mbpp
mbpp_283,Write a python function takes in an integer and check whether the frequency of each digit in the integer is less than or equal to the digit itself.,"**HANDOFF MESSAGE FOR AGENT B**

**Objective:**
Write a Python function that takes an integer and checks whether the frequency of each digit in the integer is less than or equal to the numerical value of that digit itself. Return `True` if this condition holds for all unique digits present in the number, and `False` otherwise.

**Function Signature:**
```python
def check_digit_frequencies(n: int) -> bool:
```

**Key Edge Cases to Handle:**
1. **Negative numbers:** The function should handle negative integers by considering the absolute value of the number (e.g., `-22` has two `2`s, and frequency `2 <= 2`).
2. **Zero (`0`):** The digit `0` has a value of `0`. If `0` appears at all in the number, its frequency (at least 1) will be greater than its value (`0`), so any number containing `0` should return `False`.
3. **Single-digit numbers:** E.g., `5` has one `5`, and `1 <= 5` (Returns `True`). E.g., `0` has one `0`, and `1 <= 0` is false (Returns `False`).
4. **Large integers:** Ensure the approach scales well for standard large integer inputs.

**Plan / Approach:**
1. Convert the input integer `n` to its absolute value to handle negatives, then convert it to a string to easily iterate over its characters (digits).
2. Use a frequency map (like `collections.Counter` or a standard dictionary) to count the occurrences of each digit.
3. Iterate through the unique digits in the frequency map. Convert each digit character back to an integer.
4. Compare the frequency of the digit to the integer value of the digit. If any frequency is strictly greater than the digit's value, return `False`.
5. If the loop completes without finding any violations, return `True`.",none,1,mbpp
mbpp_287,Write a python function takes in an integer n and returns the sum of squares of first n even natural numbers.,"HANDOFF MESSAGE FOR AGENT B:

You need to write a Python function that calculates the sum of the squares of the first $n$ even natural numbers.

**Function Signature:**
`def sum_of_squares_even(n: int) -> int:`

**Requirements & Edge Cases:**
- The first $n$ even natural numbers are $2, 4, 6, \dots, 2n$.
- You need to compute $2^2 + 4^2 + 6^2 + \dots + (2n)^2$.
- Edge case: If $n \le 0$, the function should return `0`.

**Suggested Approach:**
You can achieve this efficiently using either:
1. A loop/comprehension: `sum((2 * i) ** 2 for i in range(1, n + 1))`
2. A mathematical formula derived from the sum of squares: $4 \times \frac{n(n + 1)(2n + 1)}{6}$.",none,1,mbpp
mbpp_291,Write a function to find out the number of ways of painting the fence such that at most 2 adjacent posts have the same color for the given fence with n posts and k colors.,"HANDOFF MESSAGE FOR AGENT B:

You need to write a Python function that calculates the number of ways to paint a fence with `n` posts using `k` colors, such that **at most 2 adjacent posts** have the same color.

**Function Signature:**
```python
def count_ways(n: int, k: int) -> int:
```

**Key Edge Cases to Handle:**
- `n = 0`: Should return `0` (or `1` depending on convention, but typically `0` if there are no posts).
- `n = 1`: Should return `k` (each post can be painted with any of the `k` colors).
- `k = 0`: Should return `0` (no colors available).
- `n` and `k` values where constraints prevent any valid painting (though standard DP handles this, ensure large inputs don't cause recursion depth issues, use iterative DP).

**Approach / Algorithm:**
Use Dynamic Programming (bottom-up approach):
- Let `same` be the number of ways where the last two posts have the **same** color.
- Let `diff` be the number of ways where the last two posts have **different** colors.
- Total ways for a given post = `same + diff`.

**Base Cases (for `n = 2`):**
- `same = k` (Post 2 has the same color as Post 1; there are `k` choices for the color).
- `diff = k * (k - 1)` (Post 2 has a different color than Post 1; `k` choices for the first, `k-1` for the second).
- If `n = 1`, return `k`.

**Transitions (for `i` from 3 to `n`):**
- `new_same = diff` (To have the same color as the previous, the previous two must have been different).
- `new_diff = (same + diff) * (k - 1)` (The new post can be any of the `k-1` colors different from the previous post).
- Update `same = new_same`, `diff = new_diff`.

Return `same + diff` after the loop. Ensure time complexity is $O(n)$ and space complexity is $O(1)$.",none,1,mbpp
mbpp_292,Write a python function to find quotient of two numbers (rounded down to the nearest integer).,"HANDOFF MESSAGE FOR AGENT B:

Your task is to write a Python function that calculates the quotient of two numbers and rounds the result down to the nearest integer (floor division).

**Function Signature:**
```python
def floor_division(a: int | float, b: int | float) -> int:
```

**Key Edge Cases to Handle:**
1. **Division by zero:** You must handle or raise a `ZeroDivisionError` appropriately if the denominator (`b`) is zero.
2. **Negative numbers:** Ensure standard floor division behavior (e.g., `-5 // 2` should evaluate to `-3`, not `-2`).
3. **Floating-point inputs:** The function should accept both integers and floats, returning an integer (or properly floored integer result).

**Plan / Approach:**
1. Use Python's built-in floor division operator (`//`) which automatically divides two numbers and rounds down to the nearest integer.
2. Ensure types are handled correctly (or let Python raise the `ZeroDivisionError` naturally if `b == 0`).
3. Write clean, well-commented code meeting the signature above.",none,1,mbpp
mbpp_293,Write a function to find the third side of a right angled triangle.,"Agent B, your task is to write a Python function that calculates the length of the third side of a right-angled triangle. 

Here are the specifications for the function:

- **Function Signature:** `def find_third_side(a: float, b: float, is_hypotenuse: bool = False) -> float:`
  - `a` and `b`: The lengths of the two known sides provided as inputs.
  - `is_hypotenuse`: A boolean flag. If `True`, `a` is treated as one of the legs and `b` is treated as the hypotenuse, and the function will solve for the missing leg. If `False` (default), `a` and `b` are treated as the two legs, and the function will solve for the hypotenuse ($c = \sqrt{a^2 + b^2}$).

- **Key Edge Cases to Handle:**
  - Zero or negative side lengths: Raise a `ValueError` since triangle side lengths must be strictly positive.
  - Invalid triangle dimensions (when solving for a leg where the leg is greater than or equal to the hypotenuse): Raise a `ValueError`.
  - Floating-point precision: Ensure the result is accurately computed using square roots.

- **Plan/Approach:**
  1. Validate that both input sides `a` and `b` are greater than zero.
  2. Check `is_hypotenuse`:
     - If `False`, compute the hypotenuse using the Pythagorean theorem: $\sqrt{a^2 + b^2}$.
     - If `True`, ensure the hypotenuse (`b`) is strictly greater than the known leg (`a`), then compute the missing leg: $\sqrt{b^2 - a^2}$.
  3. Return the calculated floating-point value.",none,1,mbpp
mbpp_293,Write a function to find the third side of a right angled triangle.,"If `True`, `a` is treated as one of the legs and `b` is treated as the hypotenuse, and the function will solve for the missing leg.",over_summarization,0,mbpp
mbpp_297,Write a function to flatten a given nested list structure.,"HANDOFF MESSAGE FOR AGENT B:

You need to write a Python function that flattens an arbitrarily nested list structure into a single, flat list containing all the non-list elements in their original order.

**Function Signature:**
```python
def flatten(nested_list: list) -> list:
```

**Key Edge Cases to Handle:**
1. **Already flat lists:** Passing a list with no nesting should return an equivalent copy of the list.
2. **Deeply nested lists:** Lists nested multiple levels deep (e.g., `[1, [2, [3, [4]]]]`) must be fully flattened.
3. **Empty lists:** Handling empty lists (`[]`) and empty nested lists (`[[], [[]]]`) gracefully without failing or leaving artifacts.
4. **Mixed data types:** The structure may contain integers, strings, floats, booleans, or `None` values mixed with sub-lists; all non-list elements must be preserved correctly.
5. **Non-list inputs:** Ensure the function behaves predictably if invalid types are passed (optional, but good practice).

**Brief Plan / Approach:**
- Implement a recursive helper function or an iterative approach using a stack/queue.
- Iterate through each element of the input list.
- Check if the element is an instance of `list`.
- If it is a list, recursively call the flatten function on it (or extend your results with its flattened contents).
- If it is not a list, append it directly to the result list.
- Return the final flattened list.",none,1,mbpp
mbpp_392,"Write a function to find the maximum sum possible by using the given equation f(n) = max( (f(n/2) + f(n/3) + f(n/4) + f(n/5)), n).","HANDOFF MESSAGE FOR AGENT B:

Goal: Write a Python function to find the maximum sum/value possible using the given recursive equation with memoization:
$f(n) = \max(f(n/2) + f(n/3) + f(n/4) + f(n/5), n)$
Note that division operations $n/2, n/3, n/4, n/5$ are integer divisions (floor division).

Function Signature:
```python
def max_sum(n: int) -> int:
```

Key Edge Cases to Handle:
- $n = 0$: Should return 0.
- $n < 0$: Should handle appropriately (though problem domain typically implies $n \ge 0$, returning 0 or $n$ is safe).
- Large values of $n$: To prevent recursion depth limits and redundant calculations, use memoization (e.g., `functools.lru_cache` or a dictionary).

Plan/Approach:
1. Define the function `max_sum(n)` using recursion.
2. Apply memoization (such as `@functools.lru_cache(maxsize=None)`) since subproblems will overlap significantly.
3. Base case: If $n == 0$, return 0.
4. Recursive step: Compute the sum of the function values for integer divisions: `f(n//2) + f(n//3) + f(n//4) + f(n//5)`.
5. Return the maximum between this sum and $n$ itself, as defined by the equation.",none,1,mbpp
mbpp_394,Write a function to check if given tuple contains no duplicates.,"**HANDOFF MESSAGE FOR AGENT B**

**Objective:**
Write a Python function to check whether a given tuple contains no duplicate elements (i.e., all elements are unique).

**Exact Function Signature:**
```python
def has_no_duplicates(tup: tuple) -> bool:
    """"""
    Returns True if the tuple contains no duplicates, False otherwise.
    """"""
```

**Key Edge Cases to Handle:**
1. **Empty tuple (`()`):** Should return `True` (zero duplicates).
2. **Single-element tuple (`(x,)}`):** Should return `True`.
3. **Tuple with adjacent duplicates (`(1, 1, 2)`):** Should return `False`.
4. **Tuple with non-adjacent duplicates (`(1, 2, 1)`):** Should return `False`.
5. **Tuples with unhashable types (if applicable):** Assume standard Python types, but keep performance in mind.

**Brief Plan / Approach:**
- Compare the length of the tuple to the length of the `set` created from the tuple. 
- Since sets automatically remove duplicates, if `len(tup) == len(set(tup))`, there are no duplicates, and the function should return `True`. Otherwise, return `False`. 
- This approach is clean, readable, and runs in $O(n)$ time complexity.",none,1,mbpp
mbpp_401,Write a function to perform index wise addition of tuple elements in the given two nested tuples.,"**HANDOFF MESSAGE FOR AGENT B**

**Objective:**
Write a Python function that performs index-wise (element-wise) addition of two nested tuples. 

**Exact Function Signature:**
```python
def add_nested_tuples(tuple1: tuple, tuple2: tuple) -> tuple:
```

**Key Requirements & Edge Cases to Handle:**
1. **Nesting Structure:** The input tuples will be nested (e.g., `((1, 2), (3, 4))`). You need to add corresponding elements at the same nested indices.
2. **Data Types:** Assume all elements within the innermost tuples are numeric (integers or floats).
3. **Shape Mismatch (Bonus/Safety):** Ensure your code handles or assumes standard matching dimensions between the two input tuples. If standard inputs are guaranteed to be of the exact same shape and depth, a recursive or nested comprehension approach is ideal.

**Brief Plan / Approach:**
1. Check the type of the elements. If the elements are themselves tuples, recursively call the addition function on them.
2. If the elements are numbers (integers/floats), add them directly (`a + b`).
3. Use Python's `zip()` function combined with tuple comprehension or recursion to traverse the nested structure cleanly and return a new nested tuple with the sums.",none,1,mbpp
task_001,Write a function that returns the sum of all even numbers in a list of integers.,"HANDOFF MESSAGE FOR AGENT B:

You need to write a Python function that calculates and returns the sum of all even integers present in a given list of numbers.

**Function Signature:**
`def sum_even_numbers(numbers: list[int]) -> int:`

**Key Edge Cases to Handle:**
- An empty list (`[]`) should return `0`.
- A list containing no even numbers (e.g., `[1, 3, 5]`) should return `0`.
- Negative even numbers (e.g., `[-2, -4, 3]`) should be included in the sum.
- A list with mixed positive, negative, and zero values should be processed correctly.

**Approach:**
1. Initialize a variable (e.g., `total_sum`) to `0`.
2. Iterate through each integer in the input list.
3. Check if the integer is even using the modulo operator (`num % 2 == 0`).
4. If it is even, add it to `total_sum`.
5. Return `total_sum` after checking all elements. (Alternatively, this can be implemented cleanly using a generator expression inside the built-in `sum()` function).",none,1,hand_easy
task_001,Write a function that returns the sum of all even numbers in a list of integers.,HANDOFF MESSAGE FOR AGENT B: You need to write a Python function that calculates and returns the sum of all even integers present in a given list of numbers. **Function Signature:** `def sum_even_numbers(numbers: list[int]) -> int:` **Key Edge Cases to Handle:** - An empty list (`[]`),truncation,0,hand_easy
he_062,"xs represent coefficients of a polynomial.
xs[0] + xs[1] * x + xs[2] * x^2 + ....
Return derivative of this polynomial in the same form.
>>> derivative([3, 1, 2, 4, 5])
[1, 4, 12, 20]
>>> derivative([1, 2, 3])
[2, 6]","**HANDOFF MESSAGE FOR AGENT B**

**Objective:**
Write a Python function that computes the derivative of a polynomial. The input is a list of coefficients representing a polynomial in increasing order of powers ($xs[0] + xs[1]x + xs[2]x^2 + \dots$), and the output should be a list of coefficients representing the derivative in the exact same format.

**Function Signature:**
```python
def derivative(xs: list[int | float]) -> list[int | float]:
```

**Mathematical Rule:**
For a term $c \cdot x^n$, its derivative is $(c \cdot n) \cdot x^{n-1}$.
Therefore, given an input list `xs` where `xs[i]` is the coefficient of $x^i$, the $i$-th coefficient of the derivative comes from the original $(i+1)$-th term:
`derivative_xs[i] = xs[i + 1] * (i + 1)` for $i \ge 0$.

**Key Edge Cases to Handle:**
1. **Empty list (`[]`) or single-element list (`[c]`):** 
   - A constant polynomial (degree 0) has a derivative of `0`. Depending on the expected representation of the zero polynomial or empty derivative, handling length 0 or 1 should return `[]`.
2. **All zeros (`[0, 0, 0]`):** Should return `[0, 0]` (or `[]` if stripping trailing zeros, but standard polynomial derivative keeps length minus one; verify with examples: `[1, 2, 3]` of length 3 returns `[2, 6]` of length 2).
3. **Data types:** Inputs can be integers or floats.

**Plan / Approach:**
1. Check if the input list has fewer than 2 elements; if so, return `[]`.
2. Use a list comprehension or a loop from index `1` to the end of the list.
3. Multiply each element `xs[i]` by its index `i`.
4. Return the resulting new list. 

*Example implementation logic:*
```python
def derivative(xs):
    if not xs:
        return []
    return [xs[i] * i for i in range(1, len(xs))]
```",none,1,humaneval
he_062,"xs represent coefficients of a polynomial.
xs[0] + xs[1] * x + xs[2] * x^2 + ....
Return derivative of this polynomial in the same form.
>>> derivative([3, 1, 2, 4, 5])
[1, 4, 12, 20]
>>> derivative([1, 2, 3])
[2, 6]","**HANDOFF MESSAGE FOR AGENT B** **Objective:** Write a Python function that computes the derivative of a polynomial. The input is a list of coefficients representing a polynomial in increasing order of powers ($xs[0] + xs[1]x + xs[2]x^2 + \dots$), and the output should be a list of coefficients representing the derivative in the exact same format. **Function Signature:** ```python def derivative(xs: list[int | float]) -> list[int | float]: ``` **Mathematical Rule:** For a term $c \cdot x^n$, its derivative is $(c \cdot n) \cdot x^{n-1}$.",truncation,0,humaneval
he_062,"xs represent coefficients of a polynomial.
xs[0] + xs[1] * x + xs[2] * x^2 + ....
Return derivative of this polynomial in the same form.
>>> derivative([3, 1, 2, 4, 5])
[1, 4, 12, 20]
>>> derivative([1, 2, 3])
[2, 6]","**HANDOFF MESSAGE FOR AGENT B**

**Objective:**
Write a Python function that computes the derivative of a polynomial. The input is a list of coefficients representing a polynomial in increasing order of powers ($xs[0] + xs[1]x + xs[2]x^2 + \dots$), and the output should be a list of coefficients representing the derivative in the exact same format.

**Function Signature:**


**Mathematical Rule:**
For a term $c \cdot x^n$, its derivative is $(c \cdot n) \cdot x^{n-1}$.
Therefore, given an input list  where  is the coefficient of $x^i$, the $i$-th coefficient of the derivative comes from the original $(i+1)$-th term:
 for $i \ge 0$.

**Key Edge Cases to Handle:**

**Plan / Approach:**

*Example implementation logic:*
",tool_result_drop,0,humaneval
he_062,"xs represent coefficients of a polynomial.
xs[0] + xs[1] * x + xs[2] * x^2 + ....
Return derivative of this polynomial in the same form.
>>> derivative([3, 1, 2, 4, 5])
[1, 4, 12, 20]
>>> derivative([1, 2, 3])
[2, 6]","The input is a list of coefficients representing a polynomial in increasing order of powers ($xs[0] + xs[1]x + xs[2]x^2 + \dots$), and the output should be a list of coefficients representing the derivative in the exact same format.",over_summarization,0,humaneval
he_084,"Given a positive integer N, return the total sum of its digits in binary.
Example
For N = 1000, the sum of digits will be 1 the output should be ""1"".
For N = 150, the sum of digits will be 6 the output should be ""110"".
For N = 147, the sum of digits will be 12 the output should be ""1100"".
Variables:
@N integer
Constraints: 0 ≤ N ≤ 10000.
Output:
a string of binary number","### HANDOFF MESSAGE FOR AGENT B

You need to write a Python function that takes a positive integer $N$ and returns the sum of its decimal digits, represented as a binary string (without the `'0b'` prefix).

#### Function Signature
```python
def solve(N: int) -> str:
```
*(Note: If the exact function name isn't strictly mandated by a test wrapper, use `def sum_of_digits_binary(N: int) -> str:` but make sure to handle typical input names).* Let's use `solve(N: int) -> str:` as the primary entry point, or whatever standard wrapper is expected. To be safe, implement `solve(N: int) -> str:`.

#### Requirements & Examples
1. Convert integer `N` to its decimal digits, sum them up as integers.
2. Convert that sum into its binary representation as a string.
3. Examples:
   - `N = 1000` -> sum of digits is `1 + 0 + 0 + 0 = 1` -> binary `""1""`
   - `N = 150` -> sum of digits is `1 + 5 + 0 = 6` -> binary `""110""`
   - `N = 147` -> sum of digits is `1 + 4 + 7 = 12` -> binary `""1100""`

#### Constraints & Edge Cases
- $0 \le N \le 10000$.
- If $N = 0$, the sum of digits is `0`, and its binary representation is `""0""`.

#### Plan / Approach
1. Convert the integer `N` to a string to easily iterate over its characters.
2. Convert each character back to an integer and calculate the total sum.
3. Use Python's built-in `bin()` function on the sum (e.g., `bin(total_sum)[2:]`) to get the binary string without the leading `0b`.
4. Return the resulting string.",none,1,humaneval
he_116,"In this Kata, you have to sort an array of non-negative integers according to
number of ones in their binary representation in ascending order.
For similar number of ones, sort based on decimal value.
It must be implemented like this:
>>> sort_array([1, 5, 2, 3, 4]) == [1, 2, 3, 4, 5]
>>> sort_array([-2, -3, -4, -5, -6]) == [-6, -5, -4, -3, -2]
>>> sort_array([1, 0, 2, 3, 4]) [0, 1, 2, 3, 4]","**Handoff Message for Agent B**

You need to implement a Python function that sorts an array of integers based on the count of `1`s in their binary representation (popcount) in ascending order. 

### Function Signature
```python
def sort_array(arr: list[int]) -> list[int]:
```

### Sorting Rules
1. **Primary Key:** Number of `1`s in the binary representation in ascending order. (Note: For negative numbers in Python, `bin()` returns a string with a leading minus sign, e.g., `-0b...`. You should count the `1`s in the binary representation of the value, or use standard built-ins like `bin(x).count('1')`).
2. **Secondary Key (Tie-breaker):** If two numbers have the same number of `1`s, sort them by their decimal value in ascending order.

### Examples
- `sort_array([1, 5, 2, 3, 4])` -> `[1, 2, 3, 4, 5]`
- `sort_array([-2, -3, -4, -5, -6])` -> `[-6, -5, -4, -3, -2]`
- `sort_array([1, 0, 2, 3, 4])` -> `[0, 1, 2, 3, 4]`

### Edge Cases to Handle
- Negative numbers (ensure binary digit counting works correctly or handle them consistently via Python's string representation or bitwise approach).
- Zeros (0 has zero `1`s).
- Empty arrays or single-element arrays.

### Approach / Plan
Use Python's built-in `sorted()` or `.sort()` method with a custom `key` function. The key can return a tuple: `(bin(x).count('1'), x)`. Because Python tuples compare element-by-element, this will automatically sort primarily by the number of `1`s and secondarily by the integer's decimal value.",none,1,humaneval
he_116,"In this Kata, you have to sort an array of non-negative integers according to
number of ones in their binary representation in ascending order.
For similar number of ones, sort based on decimal value.
It must be implemented like this:
>>> sort_array([1, 5, 2, 3, 4]) == [1, 2, 3, 4, 5]
>>> sort_array([-2, -3, -4, -5, -6]) == [-6, -5, -4, -3, -2]
>>> sort_array([1, 0, 2, 3, 4]) [0, 1, 2, 3, 4]","**Handoff Message for Agent B** You need to implement a Python function that sorts an array of integers based on the count of `1`s in their binary representation (popcount) in ascending order. ### Function Signature ```python def sort_array(arr: list[int]) -> list[int]: ``` ### Sorting Rules 1. **Primary Key:** Number of `1`s in the binary representation in ascending order. (Note: For negative numbers in Python, `bin()` returns a string with a",truncation,0,humaneval
he_122,"Given a non-empty array of integers arr and an integer k, return
the sum of the elements with at most two digits from the first k elements of arr.
Example:
Input: arr = [111,21,3,4000,5,6,7,8,9], k = 4
Output: 24 # sum of 21 + 3
Constraints:
1. 1 <= len(arr) <= 100
2. 1 <= k <= len(arr)","HANDOFF MESSAGE FOR AGENT B:

You need to implement a Python function that calculates the sum of elements from the first `k` elements of a given integer array `arr` that have at most two digits.

### Function Signature:
```python
def sum_at_most_two_digits(arr: list[int], k: int) -> int:
```

### Requirements & Constraints:
- Consider only the first `k` elements of `arr` (i.e., `arr[:k]`).
- An element has ""at most two digits"" if the number of digits in its absolute value is $\le 2$. (Note: negative numbers should be considered based on their digit count excluding the negative sign, e.g., `-99` has 2 digits, `-100` has 3 digits).
- Constraints: $1 \le \text{len}(arr) \le 100$, $1 \le k \le \text{len}(arr)$.

### Example:
- `arr = [111, 21, 3, 4000, 5, 6, 7, 8, 9]`, `k = 4`
- First `k` elements: `[111, 21, 3, 4000]`
- Elements with $\le 2$ digits: `21` (2 digits), `3` (1 digit). (`111` and `4000` have 4 digits).
- Sum: `21 + 3 = 24`.

### Plan/Approach:
1. Slice the array to get the first `k` elements: `subset = arr[:k]`.
2. Iterate through `subset`, and for each number, determine its digit count. A reliable way to count digits is by converting the absolute value of the number to a string and taking its length: `len(str(abs(num)))`.
3. If the digit count is $\le 2$, add the number to a running sum.
4. Return the total sum.",none,1,humaneval
he_139,"The Brazilian factorial is defined as:
brazilian_factorial(n) = n! * (n-1)! * (n-2)! * ... * 1!
where n > 0
For example:
>>> special_factorial(4)
288
The function will receive an integer as input and should return the special
factorial of this integer.","### HANDOFF MESSAGE FOR AGENT B

**Objective:**
Implement a Python function that calculates the ""Brazilian factorial"" (also referred to in the problem description as `special_factorial`).

**Function Signature:**
```python
def special_factorial(n: int) -> int:
    """"""
    Computes the Brazilian factorial of n:
    special_factorial(n) = n! * (n-1)! * (n-2)! * ... * 1!
    where n > 0.
    """"""
```
*(Note: Although the concept is called `brazilian_factorial` in the prompt text, the example uses `special_factorial(4)`. Use `special_factorial` as the function name to match the example usage, but handle inputs correctly as specified.)*

**Mathematical Definition:**
- For a given positive integer $n$, the Brazilian factorial is the product of standard factorials from $n!$ down to $1!$.
- Example for $n = 4$:
  - $4! = 24$
  - $3! = 6$
  - $2! = 2$
  - $1! = 1$
  - Result = $24 \times 6 \times 2 \times 1 = 288$.

**Key Edge Cases to Handle:**
- $n = 1$: `special_factorial(1)` should return $1! = 1$.
- Ensure validation or correct behavior for standard positive integers as defined ($n > 0$).

**Proposed Approach / Plan:**
1. Maintain a running total for the result (starting at 1).
2. Maintain a running factorial value (or compute factorials iteratively) from $1$ up to $n$, or compute standard factorials decrementing from $n$ down to $1$.
3. A clean approach is to write a helper or nested loop:
   - Loop $i$ from $1$ to $n$: compute $i!$ (or reuse the previous factorial multiplied by $i$).
   - Multiply the running total by each computed factorial.
4. Return the final product.",none,1,humaneval
he_139,"The Brazilian factorial is defined as:
brazilian_factorial(n) = n! * (n-1)! * (n-2)! * ... * 1!
where n > 0
For example:
>>> special_factorial(4)
288
The function will receive an integer as input and should return the special
factorial of this integer.","### HANDOFF MESSAGE FOR AGENT B

**Objective:**
Implement a Python function that calculates the ""Brazilian factorial"" (also referred to in the problem description as ).

**Function Signature:**

*(Note: Although the concept is called  in the prompt text, the example uses . Use  as the function name to match the example usage, but handle inputs correctly as specified.)*

**Mathematical Definition:**

**Key Edge Cases to Handle:**

**Proposed Approach / Plan:**",tool_result_drop,0,humaneval
he_142,"""
This function will take a list of integers. For all entries in the list, the function shall square the integer entry if its index is a
multiple of 3 and will cube the integer entry if its index is a multiple of 4 and not a multiple of 3. The function will not
change the entries in the list whose indexes are not a multiple of 3 or 4. The function shall then return the sum of all entries.
Examples:
For lst = [1,2,3] the output should be 6
For lst = []  the output should be 0
For lst = [-1,-5,2,-1,-5]  the output should be -126","HANDOFF MESSAGE FOR AGENT B:

Goal:
Build a Python function that processes a list of integers based on their indices according to specific rules, and then returns the sum of the modified entries.

Function Signature:
```python
def process_and_sum(lst: list[int]) -> int:
```
*(Note: You can name the function whatever you like as long as it accepts a single list of integers and returns an integer, but let's use `transform_and_sum(lst)`).*

Processing Rules (applied in order of index `i`):
1. If the index `i` is a multiple of 3 (`i % 3 == 0`), square the integer: `val ** 2`.
2. If the index `i` is a multiple of 4 AND NOT a multiple of 3 (`i % 4 == 0 and i % 3 != 0`), cube the integer: `val ** 3`.
   - *Conflict resolution*: Notice that indices that are multiples of both 3 and 4 (e.g., index 0, 12, etc.) satisfy rule 1 first. Rule 1 takes precedence (square it).
3. Otherwise (indices not a multiple of 3 or 4), leave the integer unchanged.

Finally, return the sum of all elements in the list after applying these transformations.

Key Edge Cases to Handle:
- An empty list `[]`: Should return `0`.
- Indices 0: Index 0 is a multiple of both 3 and 4 ($0 \pmod 3 == 0$). It must be squared ($val^2$).
- Negative numbers in the list (e.g., squaring or cubing negative values correctly).
- Lists of length 1, 2, etc.

Implementation Plan:
1. Initialize a variable to keep track of the running sum, or iterate through the list using `enumerate(lst)`.
2. For each element at index `i` with value `val`:
   - Check `if i % 3 == 0:` -> add `val ** 2` to the sum.
   - Else, check `if i % 4 == 0:` -> add `val ** 3` to the sum.
   - Else -> add `val` to the sum.
3. Return the total sum.",none,1,humaneval
he_142,"""
This function will take a list of integers. For all entries in the list, the function shall square the integer entry if its index is a
multiple of 3 and will cube the integer entry if its index is a multiple of 4 and not a multiple of 3. The function will not
change the entries in the list whose indexes are not a multiple of 3 or 4. The function shall then return the sum of all entries.
Examples:
For lst = [1,2,3] the output should be 6
For lst = []  the output should be 0
For lst = [-1,-5,2,-1,-5]  the output should be -126","HANDOFF MESSAGE FOR AGENT B: Goal: Build a Python function that processes a list of integers based on their indices according to specific rules, and then returns the sum of the modified entries. Function Signature: ```python def process_and_sum(lst: list[int]) -> int: ``` *(Note: You can name the function whatever you like as long as it accepts a single list of integers and returns an integer, but let's use `transform_and_sum(lst)`).* Processing Rules (applied in order of index `i`): 1. If the index `i` is a multiple of 3 (`i % 3 == 0`), square the integer: `val",truncation,0,humaneval
he_142,"""
This function will take a list of integers. For all entries in the list, the function shall square the integer entry if its index is a
multiple of 3 and will cube the integer entry if its index is a multiple of 4 and not a multiple of 3. The function will not
change the entries in the list whose indexes are not a multiple of 3 or 4. The function shall then return the sum of all entries.
Examples:
For lst = [1,2,3] the output should be 6
For lst = []  the output should be 0
For lst = [-1,-5,2,-1,-5]  the output should be -126","HANDOFF MESSAGE FOR AGENT B:

Goal:
Build a Python function that processes a list of integers based on their indices according to specific rules, and then returns the sum of the modified entries.

Function Signature:

*(Note: You can name the function whatever you like as long as it accepts a single list of integers and returns an integer, but let's use ).*

Processing Rules (applied in order of index ):

Finally, return the sum of all elements in the list after applying these transformations.

Key Edge Cases to Handle:

Implementation Plan:",tool_result_drop,0,humaneval
he_142,"""
This function will take a list of integers. For all entries in the list, the function shall square the integer entry if its index is a
multiple of 3 and will cube the integer entry if its index is a multiple of 4 and not a multiple of 3. The function will not
change the entries in the list whose indexes are not a multiple of 3 or 4. The function shall then return the sum of all entries.
Examples:
For lst = [1,2,3] the output should be 6
For lst = []  the output should be 0
For lst = [-1,-5,2,-1,-5]  the output should be -126","If the index `i` is a multiple of 4 AND NOT a multiple of 3 (`i % 4 == 0 and i % 3 != 0`), cube the integer: `val ** 3`.",over_summarization,0,humaneval
he_156,"Given a positive integer, obtain its roman numeral equivalent as a string,
and return it in lowercase.
Restrictions: 1 <= num <= 1000
Examples:
>>> int_to_mini_roman(19) == 'xix'
>>> int_to_mini_roman(152) == 'clii'
>>> int_to_mini_roman(426) == 'cdxxvi'","AGENT B HANDOFF MESSAGE:

Task: Write a Python function that converts a given positive integer into its Roman numeral equivalent, and returns that string in lowercase.

Function Signature:
`def int_to_mini_roman(num: int) -> str:`

Restrictions:
- Input is an integer: `1 <= num <= 1000`

Examples:
- `int_to_mini_roman(19) == 'xix'`
- `int_to_mini_roman(152) == 'clii'`
- `int_to_mini_roman(426) == 'cdxxvi'`

Key Edge Cases to Handle:
- Standard Roman numeral subtractive combinations (e.g., 4 = iv, 9 = ix, 40 = xl, 90 = xc, 400 = cd, 900 = cm).
- Numbers at the boundary limits ($1$ and $1000$ -> 'i' and 'm').
- Ensuring the final output string is entirely in lowercase.

Suggested Approach:
1. Define a list of tuples or parallel lists mapping integer values to their standard Roman numeral representations in descending order, including subtractive pairs (e.g., `(1000, 'm'), (900, 'cm'), (500, 'd'), (400, 'cd'), (100, 'c'), (90, 'xc'), (50, 'l'), (40, 'xl'), (10, 'x'), (9, 'ix'), (5, 'v'), (4, 'iv'), (1, 'i')`).
2. Iterate through the values, greedily subtracting from `num` and appending the corresponding Roman characters to a list or string accumulator.
3. Once `num` reaches 0, join the accumulated characters and return the result converted to lowercase via `.lower()`.",none,1,humaneval
he_156,"Given a positive integer, obtain its roman numeral equivalent as a string,
and return it in lowercase.
Restrictions: 1 <= num <= 1000
Examples:
>>> int_to_mini_roman(19) == 'xix'
>>> int_to_mini_roman(152) == 'clii'
>>> int_to_mini_roman(426) == 'cdxxvi'","Iterate through the values, greedily subtracting from `num` and appending the corresponding Roman characters to a list or string accumulator.",over_summarization,0,humaneval
mbpp_012,Write a function to sort a given matrix in ascending order according to the sum of its rows.,"Handoff Message for Agent B:

1. **Function Purpose**: Write a function that sorts the rows of a given 2D matrix (list of lists) in ascending order based on the sum of the elements in each row. If two rows have the same sum, their relative order should ideally be preserved (stable sort).

2. **Function Signature**:
   ```python
   def sort_matrix_by_row_sum(matrix: list[list[int|float]]) -> list[list[int|float]]:
   ```

3. **Key Edge Cases to Handle**:
   - Empty matrix (`[]`): Should return an empty matrix without error.
   - Matrix with a single row: Should return the matrix as-is.
   - Rows with negative numbers or mixed signs (sum calculation must handle these correctly).
   - Rows of varying lengths (though standard matrices are rectangular, handle potential irregularities gracefully if applicable, or assume standard 2D grid).

4. **Plan/Approach**:
   - Iterate through each row in the input matrix and calculate its sum using the built-in `sum()` function.
   - Use Python's `sorted()` function or `list.sort()`, passing a custom `key` argument. The key function will compute `sum(row)` for each row.
   - Return a new sorted matrix (or modify in place, but returning a new list of lists is safer and preferred).",none,1,mbpp
mbpp_088,"Write a function to get the frequency of all the elements in a list, returned as a dictionary.","HANDOFF MESSAGE FOR AGENT B:

You need to write a Python function that calculates the frequency of each element in a given list and returns the result as a dictionary where the keys are the list elements and the values are their respective counts.

**Function Signature:**
```python
def get_element_frequency(elements: list) -> dict:
    pass
```

**Key Edge Cases to Handle:**
1. **Empty list:** Should return an empty dictionary (`{}`).
2. **List with a single element:** Should return `{{element: 1}}`.
3. **Lists with mixed/hashable data types:** The list can contain strings, integers, floats, and tuples. (Note: Ensure elements are hashable, though standard Python lists usually contain hashable types in these contexts).
4. **Duplicate elements:** Accurately count occurrences when elements appear multiple times.

**Plan / Approach:**
- You can implement this efficiently using `collections.Counter` from the standard library, which is designed precisely for counting hashable objects.
- Alternatively, you can iterate through the list and build the dictionary manually using a standard `for` loop and the `.get()` method (e.g., `counts[item] = counts.get(item, 0) + 1`).
- Ensure the function returns a standard Python `dict`.",none,1,mbpp
mbpp_088,"Write a function to get the frequency of all the elements in a list, returned as a dictionary.","HANDOFF MESSAGE FOR AGENT B:

You need to write a Python function that calculates the frequency of each element in a given list and returns the result as a dictionary where the keys are the list elements and the values are their respective counts.

 **Function Signature:**
```python
def get_element_frequency(elements: list) -> dict:
    pass
```

**Key Edge Cases to Handle:**
1. **Empty list:** 2. **List with a single element:** Should return `{{element: 1}}`.
 3. ** Lists with mixed/hashable data types:** The list can contain strings, integers, floats, and tuples. (Note: Ensure elements are hashable, though standard Python lists usually contain hashable types in these contexts).
 4. **Duplicate elements:** Accurately count occurrences when elements appear multiple times.

 **Plan / Approach:**
- You can implement this efficiently using `collections. Counter` from the standard library, which is designed precisely for counting hashable objects.
- Alternatively, you can iterate through the list and build the dictionary manually using a standard `for` loop and the `.get()` method (e.g., `counts[item] = counts.get(item, 0) + 1`).
 - Ensure the function returns a standard Python `dict`.",entity_omission,0,mbpp
mbpp_115,Write a function to check whether all dictionaries in a list are empty or not.,"**HANDOFF MESSAGE FOR AGENT B**

**Objective:**
Write a Python function that checks whether all dictionaries in a given list are empty (`{}`) or not. The function should return `True` if every dictionary in the list is empty (or if the list itself is empty), and `False` otherwise.

**Exact Function Signature:**
```python
def all_dictionaries_empty(lst: list[dict]) -> bool:
```

**Key Edge Cases to Handle:**
1. **Empty list:** An empty list `[]` should return `True` (vacuous truth: all zero dictionaries are empty).
2. **List with empty dictionaries:** `[{}, {}, {}]` should return `True`.
3. **List with at least one non-empty dictionary:** `[{}, {""a"": 1}, {}]` should return `False`.
4. **Non-dictionary elements:** (Optional safety) If the list contains non-dictionary elements, decide how to handle them (though you can assume inputs strictly conform to `list[dict]` as per the signature).

**Plan / Approach:**
1. Use Python's built-in `all()` function combined with a generator expression.
2. For each element `d` in the list, check if `not d` (which evaluates to `True` if the dictionary is empty, and `False` otherwise).
3. Return the result of the `all()` check. 
4. Example implementation structure:
   ```python
   def all_dictionaries_empty(lst: list[dict]) -> bool:
       return all(not d for d in lst)
   ```",none,1,mbpp
mbpp_115,Write a function to check whether all dictionaries in a list are empty or not.,"**HANDOFF MESSAGE FOR AGENT B** **Objective:** Write a Python function that checks whether all dictionaries in a given list are empty (`{}`) or not. The function should return `True` if every dictionary in the list is empty (or if the list itself is empty), and `False` otherwise. **Exact Function Signature:** ```python def all_dictionaries_empty(lst: list[dict]) -> bool: ``` **Key Edge",truncation,0,mbpp
mbpp_133,Write a function to calculate the sum of the negative numbers of a given list of numbers.,"HANDOFF MESSAGE FOR AGENT B:

You need to write a Python function that calculates the sum of all negative numbers in a given list of numbers.

**Function Signature:**
```python
def sum_of_negatives(numbers: list[int | float]) -> int | float:
    pass
```

**Key Edge Cases to Handle:**
- An empty list `[]` should return `0`.
- A list containing only positive numbers and/or zeros `[0, 1, 5, 10]` should return `0`.
- A list containing only negative numbers `[-1, -2, -3]` should correctly return their sum (`-6`).
- Lists with mixed positive and negative numbers (`[3, -1, 4, -5, 0]`) should only sum the negative values (`-6`).
- Support both integers and floating-point numbers.

**Plan/Approach:**
1. Initialize a variable (e.g., `total_sum`) to `0`.
2. Iterate through each number in the input list.
3. Check if the number is strictly less than `0`.
4. If it is negative, add it to `total_sum`.
5. Return `total_sum` after the loop completes. (Alternatively, this can be implemented concisely using a generator expression inside the built-in `sum()` function, e.g., `sum(n for n in numbers if n < 0)`).",none,1,mbpp
mbpp_133,Write a function to calculate the sum of the negative numbers of a given list of numbers.,HANDOFF MESSAGE FOR AGENT B: You need to write a Python function that calculates the sum of all negative numbers in a given list of numbers. **Function Signature:** ```python def sum_of_negatives(numbers: list[int | float]) -> int | float: pass ``` **Key Edge Cases to Handle:** - An empty list `[]` should return `0`. -,truncation,0,mbpp
mbpp_165,Write a function to count the number of characters in a string that occur at the same position in the string as in the English alphabet (case insensitive).,"Handoff Message for Agent B:

1. **Function Purpose**: Write a function that counts how many characters in a given string appear at the exact same 1-indexed position as they do in the standard English alphabet (A-Z / a-z). The comparison must be case-insensitive (e.g., 'a' and 'A' both count for position 1).

2. **Function Signature**:
   ```python
   def count_alphabet_matches(s: str) -> int:
   ```

3. **Key Edge Cases to Handle**:
   - Empty string (`""""`): should return `0`.
   - Strings with non-alphabetic characters (e.g., spaces, punctuation, numbers): these should simply not match their index (or be ignored without crashing).
   - Uppercase and lowercase letters (e.g., `'A'` at index 0 should match `'a'` at position 1).
   - Strings longer than 26 characters: indices beyond 26 will never match an alphabet position and should just return `0` for those positions.

4. **Plan / Approach**:
   - Initialize a counter variable to 0.
   - Loop through the string using `enumerate` to get both the 0-based index and the character.
   - Convert the character to lowercase (or uppercase) to ensure case-insensitivity.
   - Calculate the 1-based expected alphabet position (e.g., `ord(char.lower()) - ord('a') + 1`).
   - Compare the 1-based index (`index + 1`) to the expected alphabet position. If they match, increment the counter.
   - Return the final counter.",none,1,mbpp
mbpp_165,Write a function to count the number of characters in a string that occur at the same position in the string as in the English alphabet (case insensitive).,"Handoff Message for Agent B:


   

",tool_result_drop,0,mbpp
mbpp_166,Write a function that counts the number of pairs of integers in a list that xor to an even number.,"HANDOFF MESSAGE FOR AGENT B:

You need to write a Python function that counts the number of pairs of integers in a given list whose XOR sum results in an even number.

### Function Signature:
```python
def count_xor_even_pairs(nums: list[int]) -> int:
    pass
```

### Key Rules & Behavior:
- A ""pair"" refers to two distinct indices $(i, j)$ with $i < j$, or more simply, choosing 2 elements from the list.
- Two integers $a$ and $b$ XOR to an **even** number if and only if they have the same parity. (Recall: XOR of two numbers is even if they are both even or both odd, because the least significant bit of their XOR will be 0).
- Therefore, the problem reduces to counting how many pairs can be formed from the even numbers in the list, plus how many pairs can be formed from the odd numbers in the list.

### Edge Cases to Handle:
- **Empty list or single-element list**: Should return `0` since no pairs can be formed.
- **Lists with all evens or all odds**: Combinations should be calculated correctly.
- **Duplicate values**: Each element in the list is treated by its index/position, not its unique value. For example, `[2, 2]` has 1 pair that XORs to `0` (even).

### Approach:
1. Count the total number of even integers (`count_evens`) and odd integers (`count_odds`) in the input list `nums`.
2. The number of valid pairs from the evens is given by the combination formula: `count_evens * (count_evens - 1) // 2`.
3. The number of valid pairs from the odds is: `count_odds * (count_odds - 1) // 2`.
4. Return the sum of these two values.
5. This approach runs in $O(N)$ time complexity and $O(1)$ space complexity.",none,1,mbpp
mbpp_167,Write a python function to find the smallest power of 2 greater than or equal to n.,"**HANDOFF MESSAGE FOR AGENT B**

**Objective:**
Write a Python function that finds the smallest power of 2 that is greater than or equal to a given integer $n$.

**Function Signature:**
```python
def smallest_power_of_two(n: int) -> int:
```

**Key Edge Cases to Handle:**
1. **$n \le 0$**: Since powers of 2 are strictly positive, if $n$ is 0 or negative, the smallest power of 2 greater than or equal to $n$ should be $1$ (which is $2^0$).
2. **$n$ is already a power of 2**: If $n = 4$, the function should return $4$, not the *next* power up ($8$).
3. **Large integers**: The solution should handle arbitrarily large integers efficiently (Python handles arbitrarily large ints automatically, but bitwise operations or `math` approaches should remain performant).

**Plan / Approach:**
- **Approach 1 (Bit Manipulation - Recommended):** 
  - If $n \le 0$, return $1$.
  - Check if $n$ is already a power of 2 using `(n & (n - 1)) == 0`. If so, return $n$.
  - Otherwise, find the bit length of $n$ (or use `1 << (n - 1).bit_length()`) to find the next highest power of 2.
- **Approach 2 (Bit Shifting Loop):**
  - Start with a power of 2 equal to `1`.
  - While the power is less than $n$, left-shift the power by 1 (`power <<= 1`).
  - Handle $n \le 0$ as a special case returning `1`.",none,1,mbpp
mbpp_226,Write a python function to remove the characters which have odd index values of a given string.,"HANDOFF MESSAGE FOR AGENT B:

You need to write a Python function that removes characters at odd index values from a given string, returning the remaining characters (which were at the even indices). 

**Function Signature:**
```python
def remove_odd_indices(s: str) -> str:
```

**Key Edge Cases to Handle:**
- Empty string (`""""`): Should return `""""`.
- Single-character string (`""a""`): Should return `""a""` (since index 0 is even).
- Strings with spaces, special characters, or numeric digits.

**Approach:**
- Use Python slicing with a step of 2. Specifically, `s[::2]` starts at index 0 and takes every second character, effectively keeping all even indices and dropping all odd indices. This is both concise and efficient ($O(N)$ time complexity).",none,1,mbpp
mbpp_227,Write a function to find minimum of three numbers.,"HANDOFF MESSAGE FOR AGENT B:

You need to write a Python function that finds and returns the minimum of three given numbers.

**Function Signature:**
```python
def find_minimum(a, b, c):
    """"""
    Returns the minimum of three numbers a, b, and c.
    """"""
```

**Key Edge Cases to Handle:**
- Negative numbers (e.g., `-5, -1, -10` should return `-10`).
- Floating-point numbers alongside integers.
- Duplicate values (e.g., `3, 3, 5` or `2, 1, 1` should return the correct minimum).
- All three numbers being equal.

**Plan/Approach:**
1. You can use Python's built-in `min()` function, passing all three arguments directly (`return min(a, b, c)`), as it is efficient and handles all numeric types and edge cases natively.
2. Alternatively, implement a standard conditional comparison (`if-elif-else`) if custom logic is preferred, but `min()` is the standard and most robust approach.",none,1,mbpp
mbpp_266,Write a function to find the lateral surface area of a cube given its side length.,"Agent B, here is your task for the coding pipeline:

- **Restatement:** Write a function that calculates the lateral surface area of a cube given the length of its side. (Note: The lateral surface area of a cube consists of the 4 vertical/side faces, excluding the top and bottom bases. The formula is $4 \times \text{side}^2$).
- **Function Signature:** `def lateral_surface_area_cube(side_length: float) -> float:`
- **Key Edge Cases to Handle:**
  - Zero side length (`side_length == 0`): should return `0.0`.
  - Negative side lengths: should raise a `ValueError` since physical dimensions cannot be negative.
  - Floating-point numbers: should handle decimals correctly.
- **Plan/Approach:**
  1. Check if `side_length < 0` and raise a `ValueError` if true.
  2. Compute the lateral surface area using the formula `4 * (side_length ** 2)`.
  3. Return the resulting float value.",none,1,mbpp
mbpp_266,Write a function to find the lateral surface area of a cube given its side length.,"Agent B, here is your task for the coding pipeline:

- **Restatement:** Write a function that calculates the lateral surface area of a cube given the length of its side. (Note: The lateral surface area of a cube consists of the 4 vertical/side faces, excluding the top and bottom bases. **Function Signature:** `def lateral_surface_area_cube(side_length: float) -> float:`
- **Key Edge Cases to Handle:**
  - Zero side length (`side_length == 0`): should return `0.0`.
  - Negative side lengths: should raise a `ValueError` since physical dimensions cannot be negative.
  - Floating-point numbers: should handle decimals correctly.
- **Plan/Approach:**
  1. Check if `side_length < 0` and raise a `ValueError` if true.
   2. Compute the lateral surface area using the formula `4 * (side_length ** 2)`.
   3. Return the resulting float value.",entity_omission,0,mbpp
mbpp_268,Write a function to find the n'th star number.,"HANDOFF MESSAGE FOR AGENT B:

Goal: Write a Python function that calculates the n-th star number. 

A star number is a centered figurate number that represents a centered hexagram (a star of David, such as the one on the Israeli flag). 

Function Signature:
```python
def star_number(n: int) -> int:
```

Mathematical Definition & Approach:
- The formula for the $n$-th star number is given by: 
  $S_n = 6n(n - 1) + 1$
- Alternatively, it can be computed as $S_n = 6n^2 - 6n + 1$.
- The sequence for $n = 1, 2, 3, \dots$ starts as: 1, 13, 37, 73, 121, ...

Key Edge Cases to Handle:
- $n = 1$: Should return the 1st star number, which is $1$.
- Non-positive integers ($n \le 0$): Depending on standard sequence conventions, raise a `ValueError` or handle appropriately (assume $n$ is a positive integer $\ge 1$, but check for invalid inputs like 0 or negative numbers).
- Large inputs: Ensure the implementation handles reasonably large integer values of $n$ efficiently (the $O(1)$ mathematical formula natively handles this).",none,1,mbpp
mbpp_285,Write a function that checks whether a string contains the 'a' character followed by two or three 'b' characters.,"**HANDOFF MESSAGE FOR AGENT B**

**Objective:**
Write a Python function that checks whether a given string contains the character 'a' followed immediately by either two or three 'b' characters (i.e., ""abb"" or ""abbb"").

**Function Signature:**
```python
def check_a_and_bs(s: str) -> bool:
    """"""
    Checks if the string s contains 'abb' or 'abbb' as a substring.
    """"""
```

**Key Edge Cases to Handle:**
- Empty strings (`""""`) -> should return `False`.
- Strings shorter than 3 characters -> should return `False`.
- Multiple occurrences (e.g., `""aabbb""` or `""abbabbb""`) -> should return `True` if at least one valid match exists.
- Case sensitivity: The problem specifies lowercase 'a' and 'b'. (Assume strict lowercase unless specified otherwise).
- Overlapping or boundary conditions (e.g., `""ab""`, `""abbbb""` without a prior valid 2-3 'b' sequence) -> should return `False`.

**Plan / Approach:**
- You can solve this efficiently and cleanly using regular expressions:
  1. Import the `re` module.
  2. Use a regex pattern like `r'abb{1,2}'` (which matches 'a' followed by 2 or 3 'b's) or `r'abbb?'`.
  3. Use `bool(re.search(pattern, s))` to return `True` if a match is found anywhere in the string, and `False` otherwise.",none,1,mbpp
mbpp_397,Write a function to find the median of three numbers.,"HANDOFF MESSAGE FOR AGENT B:

You need to write a Python function that calculates and returns the median of three given numbers.

**Function Signature:**
```python
def median_of_three(a: float, b: float, c: float) -> float:
```

**Key Edge Cases to Handle:**
- Duplicate values (e.g., `(5, 5, 2)` or `(1, 2, 2)`).
- All three numbers being equal (`(4, 4, 4)`).
- Negative numbers and floating-point values.
- Numbers passed in any arbitrary order (the function must not assume the inputs are sorted).

**Plan / Approach:**
1. Put the three numbers into a list or tuple.
2. Sort the collection.
3. Return the middle element (index 1). Alternatively, you can use mathematical comparisons or arithmetic (`(a + b + c) - max(a, b, c) - min(a, b, c)`), but sorting is clean and robust for all edge cases.",none,1,mbpp
mbpp_397,Write a function to find the median of three numbers.,"HANDOFF MESSAGE FOR AGENT B:

You need to write a Python function that calculates and returns the median of three given numbers.

 **Function Signature:**
```python
def median_of_three(a: float, b: float, c: float) -> float:
```

**Key Edge Cases to Handle:**
- Duplicate values (e.g., `(5, 5, 2)` or `(1, 2, 2)`).
- All three numbers being equal (`(4, 4, 4)`).
- Negative numbers and floating-point values.
 - Numbers passed in any arbitrary order (the function must not assume the inputs are sorted).

 **Plan / Approach:**
1. Put the three numbers into a list or tuple.
 2. Sort the collection.
 3. Return the middle element (index 1).",entity_omission,0,mbpp
mbpp_406,Write a python function to find whether the parity of a given number is odd.,"AGENT B HANDOFF:

Task: Write a Python function that determines if the parity of a given integer is odd (i.e., returns True if the number is odd, and False if it is even).

Function Signature:
```python
def is_parity_odd(n: int) -> bool:
    pass
```

Key Edge Cases to Handle:
- Negative numbers (e.g., -3 should return True, -4 should return False).
- Zero (0 is even, so it should return False).
- Large integers.

Approach:
- Use the modulo operator (`n % 2 != 0` or `n % 2 == 1` combined with handling negatives correctly in Python, where `% 2` on negative numbers still behaves as expected for parity checks).
- Alternatively, use bitwise AND (`n & 1 != 0`).",none,1,mbpp
mbpp_409,Write a function to find the minimum product from the pairs of tuples within a given list.,"HANDOFF MESSAGE FOR AGENT B:

You need to write a Python function that calculates the minimum product among all pairs of values contained within a list of tuples.

**Function Signature:**
```python
def min_product_tuple(tuples_list: list[tuple]) -> int | float:
```

**Requirements & Details:**
- The input is a list of tuples, where each tuple typically contains two numeric elements (e.g., `(a, b)`). The product of a tuple is `a * b`.
- You need to compute the product for every tuple in the list and find the minimum of these products.

**Key Edge Cases to Handle:**
- Empty list: The function should handle or raise an appropriate error/return a default (please decide a safe approach, or assume non-empty based on standard constraints, but checking for empty input with a `ValueError` is recommended).
- Negative numbers: Products involving negative numbers can result in large negative minimums (e.g., `(-5, 4)` gives `-20`, which is smaller than `(2, 3)` giving `6`). Ensure multiplication handles signs correctly.
- Floating-point vs. integers: Support both types of numbers.

**Plan / Approach:**
1. Validate that the input list is not empty.
2. Use a generator expression inside the built-in `min()` function to calculate the product of each tuple on the fly, keeping memory efficiency to $O(1)$ auxiliary space.
3. Return the minimum product found.",none,1,mbpp
mbpp_409,Write a function to find the minimum product from the pairs of tuples within a given list.,"HANDOFF MESSAGE FOR AGENT B:

You need to write a Python function that calculates the minimum product among all pairs of values contained within a list of tuples.

**Function Signature:**


**Requirements & Details:**

**Key Edge Cases to Handle:**

**Plan / Approach:**",tool_result_drop,0,mbpp
mbpp_409,Write a function to find the minimum product from the pairs of tuples within a given list.,"**Key Edge Cases to Handle:** - Empty list: The function should handle or raise an appropriate error/return a default (please decide a safe approach, or assume non-empty based on standard constraints, but checking for empty input with a `ValueError` is recommended).",over_summarization,0,mbpp
mbpp_422,Write a python function to find the average of cubes of first n natural numbers.,"HANDOFF MESSAGE FOR AGENT B:

Please implement a Python function that calculates the average of the cubes of the first $n$ natural numbers.

**Function Signature:**
```python
def average_of_cubes(n: int) -> float:
```

**Requirements & Edge Cases:**
- $n$ is an integer representing the count of the first $n$ natural numbers (typically starting from 1 up to $n$, i.e., $1, 2, ..., n$).
- Handle edge cases where $n \le 0$: raise a `ValueError` (or return `0.0` if specified, but raising an error for non-positive natural number counts is standard).
- Ensure the division results in a float, even for large values of $n$.

**Plan / Approach:**
1. Validate that $n > 0$. If not, raise a `ValueError`.
2. Recall the mathematical formulas to optimize performance:
   - Sum of the first $n$ natural numbers: $S = \frac{n(n+1)}{2}$
   - Sum of cubes of the first $n$ natural numbers: $C = S^2 = \left(\frac{n(n+1)}{2}\right)^2$
   - Average of cubes = $\frac{C}{n} = \frac{S^2}{n}$
3. Compute and return the average as a float.",none,1,mbpp
mbpp_428,Write a function to sort the given array by using shell sort.,"**HANDOFF MESSAGE FOR AGENT B**

**Objective:**
Implement the Shell Sort algorithm to sort an array of elements in ascending order. 

**Function Signature:**
```python
def shell_sort(arr: list) -> list:
```
*(Note: You can sort the array in-place and also return it).*

**Key Edge Cases to Handle:**
1. **Empty array (`[]`):** Should return `[]` without error.
2. **Single-element array (`[x]`):** Should return the array as-is.
3. **Already sorted array:** Should remain correctly sorted with minimal overhead.
4. **Reverse-sorted array:** Should correctly sort in ascending order.
5. **Array with duplicate elements:** Should handle duplicates correctly (stable or unstable is fine, standard shell sort is typically unstable).
6. **Data Types:** Assume the array contains comparable elements (e.g., integers or floats).

**Algorithm Plan / Approach:**
1. Get the length of the array, `n`.
2. Choose a gap sequence. A standard and efficient choice is the Knuth sequence or simply starting with `gap = n // 2` and reducing `gap` by half (`gap //= 2`) in each iteration until `gap == 0`.
3. Perform a gapped insertion sort for each gap size:
   - For each element from index `gap` to `n - 1`, store it in a temporary variable (`temp`).
   - Shift earlier gap-separated elements up until the correct insertion position for `temp` is found.
   - Insert `temp` into its correct position.
4. Return the sorted array.",none,1,mbpp
mbpp_436,Write a python function to return the negative numbers in a list.,"AGENT B HANDOFF:

Your task is to write a Python function that filters and returns all the negative numbers from a given list of numbers, preserving their original relative order.

### Function Signature:
```python
def get_negative_numbers(numbers: list[int | float]) -> list[int | float]:
```

### Key Edge Cases to Handle:
1. **Empty list (`[]`)**: Should return an empty list `[]`.
2. **All positive numbers or zero**: Should return an empty list `[]` (note: zero is neither positive nor negative).
3. **Mixed types**: The list may contain both integers and floats.
4. **All negative numbers**: Should return the exact list (or a copy of it).

### Approach/Plan:
Use a simple list comprehension with a conditional check to filter out numbers strictly less than zero. 
Example implementation logic:
```python
return [num for num in numbers if num < 0]
```",none,1,mbpp
mbpp_439,Write a function to join a list of multiple integers into a single integer.,"HANDOFF MESSAGE FOR AGENT B:

Your task is to write a Python function that takes a list of multiple integers and joins them together into a single large integer. 

**Function Signature:**
```python
def join_integers(int_list: list[int]) -> int:
```

**Key Edge Cases to Handle:**
1. **Single-digit and multi-digit integers:** The function must handle a mix of single-digit (e.g., `[1, 2, 3]`) and multi-digit numbers (e.g., `[12, 345]`), concatenating them directly as strings rather than performing arithmetic addition.
2. **Zeros:** Handle leading, trailing, or middle zeros correctly (e.g., `[0, 5, 0]` should result in the integer `50` or `5` depending on standard integer representation—wait, standard concatenation of `0`, `5`, `0` gives string `""050""`, which converts to integer `50`).
3. **Negative numbers:** Decide whether negative numbers are expected. If present, ensure standard string conversion handles the negative sign appropriately (e.g., `[-1, 23]` -> `""-123""` -> `-123`).
4. **Empty list:** If the input list is empty, define a sensible behavior (e.g., return `0` or raise a ValueError).

**Plan / Approach:**
1. Convert each integer in the input list to its string representation.
2. Join all the string representations together using an empty string as a separator (`"""".join(...)`).
3. Convert the resulting concatenated string back into an integer using `int()`.
4. Return the final integer.",none,1,mbpp
mbpp_441,Write a function to find the surface area of a cube of a given size.,"HANDOFF MESSAGE FOR AGENT B:

Your task is to implement a Python function that calculates the total surface area of a cube given the length of one of its sides.

**Function Signature:**
```python
def cube_surface_area(side_length: float) -> float:
```

**Requirements & Approach:**
- **Mathematical Formula:** A cube has 6 equal square faces. The area of one face is $\text{side\_length}^2$. Therefore, the total surface area is $6 \times \text{side\_length}^2$.
- **Edge Cases to Handle:**
  - **Zero:** If `side_length` is 0, the surface area should be 0.
  - **Negative Numbers:** If a negative `side_length` is provided, raise a `ValueError`, as physical dimensions cannot be negative.
  - **Types:** Handle both integers and floating-point numbers gracefully.

Implement this function cleanly and include appropriate docstrings and type hints.",none,1,mbpp
mbpp_451,Write a function to remove all whitespaces from the given string.,"HANDOFF MESSAGE FOR AGENT B:

You need to write a Python function that removes all whitespace characters from a given string.

**Function Signature:**
`def remove_whitespaces(s: str) -> str:`

**Requirements & Edge Cases to Handle:**
- Remove ALL whitespace characters (spaces, tabs `\t`, newlines `\n`, carriage returns `\r`, etc.).
- Input will be a string (`str`). Return the modified string (`str`).
- Handle edge cases such as:
  - An empty string `""""` (should return `""""`).
  - A string consisting entirely of whitespaces (should return `""""`).
  - A string with no whitespaces (should return the original string unchanged).
  - Strings containing mixed whitespace characters (spaces, tabs, newlines).

**Suggested Approach:**
Use Python's `str.translate()` with `str.maketrans()` or a regular expression (`re.sub(r'\s+', '', s)`), or simply use `.join()` combined with a generator expression filtering out whitespace (`"""".join(c for c in s if not c.isspace())`). Ensure the solution is efficient and handles all standard whitespace characters.",none,1,mbpp
mbpp_453,Write a python function to find the sum of even factors of a number.,"Handoff Message for Agent B:

Please write a Python function that calculates the sum of all even factors (divisors) of a given integer.

**Function Signature:**
```python
def sum_even_factors(n: int) -> int:
    pass
```

**Key Edge Cases to Handle:**
- **Negative numbers:** Since factors are typically considered for positive integers, if `n <= 0`, the function should return `0`.
- **Odd numbers:** If `n` has no even factors (e.g., `n = 3`), the function should return `0`.
- **Large numbers:** The solution should be efficient enough to handle reasonably large integers (up to $10^{12}$) without timing out, ideally checking up to $\sqrt{n}$.

**Plan / Approach:**
1. Check if `n <= 0`. If so, return `0`.
2. Iterate through all integers $i$ from $1$ up to $\lfloor\sqrt{n}\rfloor$.
3. For each $i$ that evenly divides $n$ (i.e., `n % i == 0`):
   - Check if $i$ is even; if so, add it to the sum.
   - Check if the complementary factor `n // i` is even and different from $i$; if so, add `n // i` to the sum.
4. Return the accumulated sum of even factors.",none,1,mbpp
mbpp_453,Write a python function to find the sum of even factors of a number.,"- Check if the complementary factor `n // i` is even and different from $i$; if so, add `n // i` to the sum.",over_summarization,0,mbpp
mbpp_454,Write a function that matches a word containing 'z'.,"Handoff Message for Agent B:

1. **Function Purpose**: Write a Python function that checks if a given word contains the letter 'z' (case-insensitive, or specifically lowercase 'z' depending on standard behavior—let's handle both or specify lowercase).
2. **Function Signature**: `def matches_z(word: str) -> bool:`
3. **Key Edge Cases to Handle**:
   - Empty string (`""""`) should return `False`.
   - Words with uppercase 'Z' (decide whether to match both 'z' and 'Z'; let's match both for robustness, or stick strictly to 'z'). Let's check `if 'z' in word.lower()`.
   - Words without any 'z' or 'Z' should return `False`.
   - Non-string inputs (though assuming standard string input, handle gracefully if needed, or stick to type hints).
4. **Approach**: Use the Python `in` operator combined with `.lower()` to check for the presence of the character `'z'` in the provided string, returning a boolean result.",none,1,mbpp
mbpp_454,Write a function that matches a word containing 'z'.,"Handoff Message for Agent B:
",tool_result_drop,0,mbpp
mbpp_454,Write a function that matches a word containing 'z'.,"- Words with uppercase 'Z' (decide whether to match both 'z' and 'Z'; let's match both for robustness, or stick strictly to 'z').",over_summarization,0,mbpp
mbpp_457,Write a python function to find the sublist having minimum length.,"HANDOFF MESSAGE FOR AGENT B:

Your task is to write a Python function that finds and returns the sublist (or list of lists) having the minimum length from a given list of lists. 

**Function Signature:**
```python
def find_min_length_sublist(sublists: list[list]) -> list:
    pass
```

**Key Edge Cases to Handle:**
1. **Empty input list (`[]`):** The function should handle this gracefully (e.g., return `None` or raise a `ValueError`, let's return `None`).
2. **Multiple sublists with the same minimum length:** Return the *first* one encountered in the input.
3. **Empty sublists (`[]` inside the main list):** An empty sublist has a length of `0`, which is a valid minimum length.
4. **Non-list elements:** Assume well-formed input (all elements are lists/iterables), but ensure the `.length` or `len()` is safely computed.

**Plan / Approach:**
- Use Python's built-in `min()` function with a custom `key` argument.
- Specifically, `min(sublists, key=len)` is the most Pythonic and efficient $O(N)$ approach.
- Wrap this in a conditional check to ensure the input list is not empty, returning `None` if it is.",none,1,mbpp
mbpp_458,Write a function to find the area of a rectangle.,"HANDOFF MESSAGE FOR AGENT B:

You need to write a Python function to calculate the area of a rectangle. 

**Function Signature:**
`def rectangle_area(length: float, width: float) -> float:`

**Key Edge Cases to Handle:**
1. Zero values: If either length or width is 0, the area should be 0.
2. Negative values: If either length or width is negative, raise a `ValueError` (since dimensions cannot be negative).
3. Data types: Handle both integers and floats gracefully.

**Plan / Approach:**
1. Check if `length` or `width` is less than 0. If so, raise a `ValueError`.
2. Multiply `length` by `width`.
3. Return the result as a float (or int depending on inputs, but standard multiplication will naturally handle numeric types).",none,1,mbpp
mbpp_459,Write a function to remove uppercase substrings from a given string.,"Handoff Message for Agent B:

1. Function Purpose:
Write a Python function that removes all uppercase substrings (sequences of consecutive uppercase letters) from a given input string.

2. Function Signature:
`def remove_uppercase_substrings(s: str) -> str:`

3. Key Edge Cases to Handle:
- Strings with no uppercase letters (should return the original string unchanged).
- Strings consisting entirely of uppercase letters (should return an empty string).
- Mixed-case strings with single uppercase letters, e.g., ""Hello World"" -> should ""Hello"" and ""World"" be treated as uppercase substrings? Wait, a single uppercase letter is technically an uppercase substring of length 1. Let's define an uppercase substring as any contiguous sequence of 1 or more uppercase letters (`[A-Z]+`).
- Punctuation, spaces, and numbers should be preserved correctly around the removed substrings.
- Empty string input `""""` (should return `""""`).

4. Brief Plan / Approach:
- Use regular expressions (`re` module) to find all contiguous sequences of uppercase letters.
- The regex pattern `r'[A-Z]+'` matches one or more consecutive uppercase letters.
- Use `re.sub()` to replace these matches with an empty string `""""`.
- Return the resulting string. (Note: Depending on whether extra spaces are left behind, a simple regex replacement of `[A-Z]+` is usually standard unless spacing cleanup is explicitly requested. Let's just remove the exact uppercase character sequences).",none,1,mbpp
mbpp_460,Write a python function to get the first element of each sublist.,"HANDOFF MESSAGE FOR AGENT B:

You need to write a Python function that extracts the first element from each sublist within a given list of lists.

**Function Signature:**
```python
def get_first_elements(sublists: list) -> list:
```

**Key Edge Cases to Handle:**
- **Empty outer list:** If the input list is empty (`[]`), return an empty list (`[]`).
- **Empty inner sublists:** If any sublist is empty (`[]`), you should decide on a safe behavior (e.g., skip it or raise an error, but preferably handle it gracefully—skipping or returning `None`, or assuming well-formed input where every sublist has at least one element. Let's assume standard input where sublists are non-empty, but check for empty lists to prevent `IndexError`).
- **Mixed types:** The input will be a list containing iterables (lists/tuples). Ensure it works robustly for standard lists.

**Plan / Approach:**
1. Use a list comprehension to iterate through each sublist in the main list.
2. For each sublist, check if it is not empty (to avoid `IndexError`), then access the element at index `0`.
3. Return the newly constructed list containing these first elements.

Example:
`get_first_elements([[1, 2], [3, 4, 5], [6]])` should return `[1, 3, 6]`.",none,1,mbpp
mbpp_460,Write a python function to get the first element of each sublist.,"**Key Edge Cases to Handle:** - **Empty outer list:** If the input list is empty (`[]`), return an empty list (`[]`).",over_summarization,0,mbpp
mbpp_463,Write a function to find the maximum product subarray of the given array.,"HANDOFF MESSAGE FOR AGENT B:

You need to write a Python function that finds the contiguous subarray within a one-dimensional array of numbers (containing at least one number) which has the largest product, and return that product.

### Function Signature:
```python
def maxProduct(nums: list[int]) -> int:
    pass
```

### Key Edge Cases to Handle:
1. **Single Element:** An array with only one element should return that element (e.g., `[5]` -> `5`).
2. **Negative Numbers:** Multiplying two negative numbers results in a positive number. A large negative minimum product can become the maximum product if multiplied by another negative number.
3. **Zeros:** A zero resets the current product streak. Ensure zeros are handled correctly so the algorithm restarts the product calculation after a zero (e.g., `[-2, 0, -1]` -> `0`).
4. **All Negatives:** An array with all negative numbers (e.g., `[-2, -3, -4]`) should correctly return the maximum possible product (`6` from `[-2, -3]`).

### Approach / Algorithm:
Use a dynamic programming approach, similar to Kadane's Algorithm, but tracking both the maximum and minimum products ending at the current position. 

1. Initialize `max_so_far`, `min_so_far`, and `result` to the first element of the array (`nums[0]`).
2. Iterate through the array starting from the second element (`index 1` to `len(nums) - 1`):
   - Since a negative number can flip a minimum product into a maximum product, store the current `max_so_far` in a temporary variable.
   - Update `max_so_far` to be the maximum of: the current element itself, `current element * old max_so_far`, and `current element * min_so_far`.
   - Update `min_so_far` to be the minimum of: the current element itself, `current element * old max_so_far`, and `current element * min_so_far`.
   - Update `result` to be the maximum of `result` and `max_so_far`.
3. Return `result`.",none,1,mbpp
mbpp_472,Write a python function to check whether the given list contains consecutive numbers or not.,"HANDOFF MESSAGE FOR AGENT B:

Your task is to write a Python function that checks whether a given list of integers contains consecutive numbers (i.e., numbers that form a sequence differing by 1 when ordered, though they do not need to be sorted in the input list).

**Function Signature:**
```python
def is_consecutive(lst: list[int]) -> bool:
```

**Behavior:**
- Return `True` if the numbers in the list can be arranged to form a contiguous sequence of integers (e.g., `[4, 2, 3, 5]` -> `True`, because they form 2, 3, 4, 5).
- Return `False` otherwise (e.g., `[1, 3, 4]` -> `False`, because 2 is missing).

**Key Edge Cases to Handle:**
1. **Empty lists or single-element lists (`[]`, `[5]`):** Should return `True` (vacuously true).
2. **Duplicates (`[1, 2, 2, 3]`):** Should return `False` unless duplicates are handled such that unique elements form a consecutive sequence (typically, duplicates mean it's not a strict sequence of unique consecutive numbers; handle this by checking if `len(set(lst)) == len(lst)`).
3. **Unsorted lists (`[3, 1, 4, 2]`):** Must correctly identify them as consecutive.
4. **Negative numbers and zero (`[-1, 0, 1]`):** Must handle negative ranges correctly.

**Plan / Approach:**
1. Check if the list is empty or has length 1; if so, return `True`.
2. Check for duplicates by comparing the length of the list to the length of the set of the list. If they differ, return `False`.
3. Find the minimum and maximum values in the list.
4. Alternatively, sort the list and check if `lst[i] - lst[i-1] == 1` for all adjacent elements. A sorting approach runs in $O(N \log N)$, which is simple and efficient for standard list sizes.",none,1,mbpp
mbpp_472,Write a python function to check whether the given list contains consecutive numbers or not.,Check for duplicates by comparing the length of the list to the length of the set of the list.,over_summarization,0,mbpp
mbpp_554,Write a python function which takes a list of integers and only returns the odd ones.,"Agent B, here are the specifications for the function you need to write:

- **Function Goal:** Create a Python function that takes a list of integers as input and returns a new list containing only the odd integers from the input list, preserving their original relative order.
- **Function Signature:** `def get_odd_numbers(numbers: list[int]) -> list[int]:`
- **Key Edge Cases to Handle:**
  - An empty list (`[]`) should return an empty list.
  - A list containing only even numbers should return an empty list.
  - A list containing negative odd numbers (e.g., `-3`) should correctly identify and include them as odd.
  - Zeros should be ignored (treated as even).
- **Plan/Approach:** Use a list comprehension combined with the modulo operator (`n % 2 != 0` or `n % 2 == 1` for positive numbers, but `n % 2 != 0` is safer for negatives) to filter the input list in a single, readable line of code.",none,1,mbpp
mbpp_554,Write a python function which takes a list of integers and only returns the odd ones.,"Agent B, here are the specifications for the function you need to write:
",tool_result_drop,0,mbpp
mbpp_567,Write a function to check whether a specified list is sorted or not.,"Handoff Message for Agent B:

1. Function Purpose:
Write a Python function that checks whether a given list of elements is sorted in non-decreasing order (i.e., each element is less than or equal to the next element). It should return `True` if the list is sorted, and `False` otherwise.

2. Function Signature:
```python
def is_sorted(lst: list) -> bool:
```

3. Key Edge Cases to Handle:
- Empty lists (`[]`): Should return `True` (vacuously sorted).
- Lists with a single element (`[5]`): Should return `True`.
- Lists with duplicate elements (`[1, 2, 2, 3]`): Should return `True`.
- Lists containing negative numbers or mixed comparable types.
- Already sorted vs. unsorted lists (`[1, 3, 2]` should return `False`).

4. Plan / Approach:
- Iterate through the list from index `0` to `len(lst) - 2`.
- For each element at index `i`, compare it with the next element at index `i + 1`.
- If any element is strictly greater than the next element (`lst[i] > lst[i+1]`), immediately return `False`.
- If the loop finishes without finding any violations, return `True`.
- Time complexity should be $O(n)$ and space complexity $O(1)$.",none,1,mbpp
mbpp_568,Write a function to create a list of N empty dictionaries.,"HANDOFF MESSAGE FOR AGENT B:

You need to write a Python function that creates and returns a list containing $N$ separate, empty dictionaries.

**Function Signature:**
```python
def create_empty_dicts(n: int) -> list:
```

**Key Requirements & Edge Cases:**
1. **Uniqueness:** Each dictionary in the list must be a *distinct* object in memory (i.e., modifying one dictionary should not affect the others). Do **not** use list multiplication like `[{} * n]`, as that references the exact same dictionary object multiple times.
2. **Edge Cases:** 
   - If $N = 0$, the function should return an empty list `[]`.
   - If $N < 0$, you should handle it gracefully (e.g., return an empty list or raise a `ValueError`, depending on standard practices—returning `[]` is safest).

**Approach:**
Use a list comprehension to instantiate a new dictionary in each iteration: `[{} for _ in range(n)]`.",none,1,mbpp
mbpp_569,Write a function to sort each sublist of strings in a given list of lists.,"HANDOFF MESSAGE FOR AGENT B:

Your task is to implement a Python function that sorts the strings within each sublist of a given list of lists.

**Function Signature:**
```python
def sort_sublists(list_of_lists: list[list[str]]) -> list[list[str]]:
```

**Requirements & Edge Cases to Handle:**
1. **In-place vs. New List:** Return a new list of lists with sorted sublists, leaving the original input unmodified (or clearly document if it's in-place, but returning a new structure is preferred for safety).
2. **Empty inputs:** Handle an empty main list (`[]`) and sublists that are empty (`[[]]`).
3. **Case Sensitivity:** Use standard lexicographical (ASCII) sorting for the strings unless specified otherwise.
4. **Data Types:** Assume all elements within the sublists are strictly strings.

**Suggested Approach:**
- Iterate through each sublist in the input list using a list comprehension or a standard loop.
- For each sublist, use Python's built-in `sorted()` function (or `.sort()`) to sort the strings.
- Return the resulting list of sorted sublists.",none,1,mbpp
mbpp_576,Write a python function to check whether a list is sublist of another or not.,"HANDOFF MESSAGE FOR AGENT B:

Goal: Write a Python function that checks whether one list is a sublist of another list (i.e., the elements of the first list appear in the exact same contiguous order within the second list).

Function Signature:
`def is_sublist(sub: list, main: list) -> bool`

Key Edge Cases to Handle:
1. Empty `sub` list: Should return `True` for any `main` list (including an empty one).
2. Empty `main` list with a non-empty `sub` list: Should return `False`.
3. `sub` list longer than `main` list: Should return `False`.
4. Duplicate elements and partial matches (e.g., `sub = [1, 2]`, `main = [1, 1, 2]` should return `True`).

Proposed Approach:
- Iterate through possible starting indices in the `main` list up to `len(main) - len(sub) + 1`.
- For each starting index, slice or compare elements of `main` with `sub` of length `len(sub)`.
- If a complete match is found, return `True`. If the loop finishes without a match, return `False`.",none,1,mbpp
mbpp_583,Write a function which returns nth catalan number.,"HANDOFF MESSAGE FOR AGENT B:

You need to write a Python function that calculates and returns the $n$-th Catalan number.

### Function Signature
```python
def catalan_number(n: int) -> int:
    """"""
    Returns the n-th Catalan number.
    """"""
```

### Key Edge Cases to Handle
1. **$n < 0$**: The function should raise a `ValueError` since Catalan numbers are only defined for non-negative integers.
2. **$n = 0$ and $n = 1$**: Both should return `1`.
3. **Large $n$**: Ensure the implementation handles integer growth correctly (Python handles arbitrarily large integers automatically, but avoid recursion without memoization/iteration to prevent stack overflows or exponential time complexity).

### Approach
Use an iterative dynamic programming approach to compute the $n$-th Catalan number efficiently in $O(n^2)$ time and $O(n)$ space (or $O(1)$ auxiliary space if optimizing the DP array, though $O(n)$ is fine). 

The $n$-th Catalan number $C_n$ can be defined using the summation formula:
$$C_0 = 1$$
$$C_n = \sum_{i=0}^{n-1} C_i C_{n-1-i}$$

Alternatively, you can use the binomial coefficient formula:
$$C_n = \frac{1}{n+1} \binom{2n}{n}$$

The iterative summation approach is straightforward and avoids potential floating-point precision issues with division. Implement the summation approach using a list to store previously computed Catalan numbers up to $n$.",none,1,mbpp
mbpp_586,Write a python function to split a list at the nth eelment and add the first part to the end.,"**HANDOFF MESSAGE FOR AGENT B**

**Objective:**
Write a Python function that splits a given list at a specified 0-indexed position $n$, and moves the first part (elements from index $0$ up to $n-1$) to the end of the list.

**Function Signature:**
```python
def split_and_rotate(lst: list, n: int) -> list:
```

**Key Edge Cases to Handle:**
1. **$n \le 0$**: If $n$ is less than or equal to $0$, no elements are moved; the function should return a copy of the original list.
2. **$n \ge \text{len}(lst)$**: If $n$ is greater than or equal to the length of the list, all elements are effectively moved (or it's a full rotation cycle); the function should return a copy of the original list.
3. **Empty List ($[]$)**: If the input list is empty, return an empty list regardless of $n$.
4. **Mutations**: Do not mutate the original input list; return a *new* list (or a properly rearranged copy).

**Plan / Approach:**
1. Check for edge cases: if the list is empty, or if $n \le 0$ or $n \ge \text{len}(lst)$, return `list(lst)` (a copy of the input).
2. Slice the list into two parts:
   - First part: `lst[:n]`
   - Second part: `lst[n:]`
3. Concatenate the second part with the first part (`lst[n:] + lst[:n]`) and return the result.",none,1,mbpp
mbpp_591,Write a python function to interchange the first and last elements in a list.,"**HANDOFF MESSAGE FOR AGENT B**

**Objective:**
Write a Python function that takes a list as input, swaps its first and last elements in-place (or returns a new list, but in-place modification or returning the modified list is standard), and outputs the resulting list.

**Function Signature:**
```python
def swap_first_last(lst: list) -> list:
```

**Key Edge Cases to Handle:**
1. **Empty list (`[]`):** Should return an empty list without raising an index error.
2. **Single-element list (`[x]`):** Should return the list as-is since the first and last elements are the same.
3. **Two-element list (`[x, y]`):** Should correctly swap them to `[y, x]`.
4. **Different data types:** The list may contain integers, strings, floats, or mixed types; the function should handle them generically.

**Plan / Approach:**
1. Check if the input list is empty or has only one element (length < 2). If so, return the list immediately.
2. Swap the elements using Python's simultaneous assignment: `lst[0], lst[-1] = lst[-1], lst[0]`.
3. Return the modified list.",none,1,mbpp
mbpp_593,Write a function to remove leading zeroes from an ip address.,"**HANDOFF MESSAGE FOR AGENT B**

**1. Restatement of the Problem:**
You need to write a Python function that takes a standard IPv4 address string as input and removes any leading zeroes from each of its four octets (e.g., ""192.168.001.001"" becomes ""192.168.1.1""). 

**2. Function Name and Signature:**
```python
def remove_leading_zeroes(ip_address: str) -> str:
    """"""
    Removes leading zeroes from each octet of an IPv4 address.
    """"""
    pass
```

**3. Key Edge Cases to Handle:**
* **All-zero octets:** An octet consisting entirely of zeroes (like `""000""`) should be reduced to a single `""0""`.
* **Already clean IPs:** An IP address without any leading zeroes (like `""192.168.1.1""`) should remain unchanged.
* **Single-digit octets:** Octets like `""05""` should become `""5""`.
* **Invalid or malformed inputs:** Assume standard IPv4 dot-decimal notation, but ensure the splitting and joining logic safely handles the 4 parts.

**4. Brief Plan / Approach:**
* Split the input `ip_address` string by the `.` character into a list of 4 octet strings.
* Iterate through each octet, convert it to an integer (which automatically strips leading zeroes), and then convert it back to a string. (Alternatively, use string manipulation like `str(int(octet))` for each part).
* Join the processed octet strings back together using the `.` character.
* Return the resulting string.",none,1,mbpp
mbpp_596,Write a function to find the size in bytes of the given tuple.,"**Handoff Message for Agent B:**

**Objective:**
Write a Python function to determine the total size of a given tuple in bytes. 

**Function Signature:**
```python
import tuple

def get_tuple_size(t: tuple) -> int:
    """"""
    Returns the size of the given tuple in bytes.
    """"""
```
*(Note: You can name the function `get_tuple_size` or simply `tuple_size` taking a single tuple argument).*

**Key Edge Cases to Handle:**
1. **Empty tuples:** Should return a valid base size (the memory footprint of an empty tuple object in Python).
2. **Nested tuples/objects:** Decide whether to calculate shallow size (using `sys.getsizeof`) or deep recursive size. For standard compliance with ""size of the given tuple"", use Python's built-in `sys.getsizeof()`. If deep memory footprint is expected, consider recursive traversal, but standard `sys.getsizeof` is typically the expected baseline. Let's use `sys.getsizeof()` which includes the container itself and pointers to its elements.
3. **Invalid input:** Ensure proper handling or type checking if a non-tuple is passed (optional, but raising a `TypeError` is good practice).

**Plan / Approach:**
1. Import the built-in `sys` module.
2. Define the function accepting the tuple.
3. Return `sys.getsizeof(t)`.
4. (Optional) If recursive/deep size is required, iterate through the elements and sum up their sizes along with `sys.getsizeof(t)`. However, for a straightforward ""size of the given tuple"", `sys.getsizeof(t)` is the exact and most idiomatic solution. We will use `sys.getsizeof(t)`.",none,1,mbpp
mbpp_596,Write a function to find the size in bytes of the given tuple.,"**Handoff Message for Agent B:** **Objective:** Write a Python function to determine the total size of a given tuple in bytes. **Function Signature:** ```python import tuple def get_tuple_size(t: tuple) -> int: """""" Returns the size of the given tuple in bytes. """""" ``` *(Note: You can name the function `get_tuple_size` or simply `tuple_size` taking a single tuple argument).* **Key Edge Cases to Handle:** 1. **Empty tuples:**",truncation,0,mbpp
mbpp_596,Write a function to find the size in bytes of the given tuple.,"**Handoff Message for Agent B:**

**Objective:**
Write a Python function to determine the total size of a given tuple in bytes. 

**Function Signature:**

*(Note: You can name the function  or simply  taking a single tuple argument).*

**Key Edge Cases to Handle:**

**Plan / Approach:**",tool_result_drop,0,mbpp
mbpp_602,Write a python function to find the first repeated character in a given string.,"HANDOFF MESSAGE FOR AGENT B:

You need to write a Python function that finds and returns the first repeated character in a given string.

**Function Signature:**
```python
def first_repeated_char(s: str) -> str | None:
```

**Requirements & Edge Cases to Handle:**
1. **Return Value:** Return the first character that appears more than once in the string (checking from left to right). If no characters are repeated (or if the string is empty/has a length of 1), return `None`.
2. **Case Sensitivity:** Treat uppercase and lowercase characters as distinct (e.g., 'A' and 'a' are different), unless specified otherwise. Standard Python character equality applies.
3. **Empty/Null Inputs:** Handle empty strings `""""` gracefully by returning `None`.

**Approach/Plan:**
- Use a hash set (or a dictionary/ordered structure) to keep track of the characters you have seen so far as you iterate through the string from left to right.
- For each character in the string, check if it is already in your set.
- The first time you encounter a character that is already in the set, immediately return that character.
- If the loop finishes without finding any duplicates, return `None`. 
- This approach operates in $O(N)$ time complexity and $O(N)$ space complexity.",none,1,mbpp
mbpp_604,Write a function to reverse words seperated by spaces in a given string.,"HANDOFF MESSAGE FOR AGENT B:

You need to write a Python function that reverses the words in a given string. The words are separated by spaces. 

Here are the requirements for your implementation:

1. **Function Signature:**
   ```python
   def reverse_words(s: str) -> str:
   ```

2. **Problem Description:**
   Given a string `s`, reverse the order of the words. Words are defined as sequences of non-space characters. The returned string should contain the same words in reverse order, separated by a single space.

3. **Key Edge Cases to Handle:**
   - **Leading/Trailing Spaces:** The input string may have leading or trailing spaces. These should be stripped out of the final output.
   - **Multiple Spaces:** There may be multiple consecutive spaces between words in the input. The output should normalize these so that words are separated by exactly a single space.
   - **Empty String or Only Spaces:** If the input is an empty string `""""` or consists entirely of spaces `""   ""`, the function should return an empty string `""""`.
   - **Single Word:** If the string contains only a single word (with or without surrounding spaces), it should return that word alone.

4. **Recommended Approach:**
   - Use the `.split()` method on the string without arguments. This automatically handles splitting by arbitrary whitespace and discards empty strings resulting from multiple spaces.
   - Reverse the resulting list of words (e.g., using slicing `[::-1]` or `reversed()`).
   - Join the reversed list back into a single string using `' '.join()`.
   - Return the result.",none,1,mbpp
mbpp_605,Write a function to check if the given integer is a prime number.,"HANDOFF MESSAGE FOR AGENT B:

You need to write a Python function that determines whether a given integer is a prime number. 

**Function Signature:**
`def is_prime(n: int) -> bool:`

**Requirements & Edge Cases to Handle:**
- Numbers less than or equal to 1 are not prime (should return `False`).
- 2 is the only even prime number (should return `True`).
- All other even numbers greater than 2 are not prime (should return `False`).
- Handle negative numbers appropriately (should return `False`).

**Plan/Approach:**
1. Check if $n \le 1$. If so, return `False`.
2. Check if $n == 2$ or $n == 3$. If so, return `True`.
3. Check if $n$ is even or divisible by 3. If so, return `False`.
4. Iterate with a step of 6 from $i = 5$ up to $\lfloor\sqrt{n}\rfloor$ (testing both $i$ and $i + 2$). If $n$ is divisible by any such $i$, return `False`.
5. Otherwise, return `True`.",none,1,mbpp
mbpp_606,Write a function to convert degrees to radians.,"Agent B, here is the specification for the function you need to write.

**Function Objective:**
Write a Python function that converts an angle given in degrees to its equivalent value in radians.

**Function Signature:**
```python
def degrees_to_radians(degrees: float) -> float:
```

**Key Edge Cases to Handle:**
- **Zero:** Converting `0` degrees should return `0.0`.
- **Negative numbers:** Handle negative angles correctly (e.g., `-180` degrees should return $-\pi$).
- **Full rotations and beyond:** Handle values greater than 360 degrees or less than -360 degrees without loss of precision.
- **Type safety:** Ensure inputs are treated as floats/ints and return a float.

**Plan / Approach:**
1. Use the standard mathematical conversion formula: $\text{radians} = \text{degrees} \times \left(\frac{\pi}{180}\right)$.
2. You can use `math.pi` from Python's built-in `math` module for high precision.
3. Return the resulting float value.",none,1,mbpp
mbpp_606,Write a function to convert degrees to radians.,"Agent B, here is the specification for the function you need to write. **Function Objective:** Write a Python function that converts an angle given in degrees to its equivalent value in radians. **Function Signature:** ```python def degrees_to_radians(degrees: float) -> float:",truncation,0,mbpp
mbpp_611,Write a function which given a matrix represented as a list of lists returns the max of the n'th column.,"**Handoff Message for Agent B:**

Your task is to write a Python function that finds the maximum value in the $n$-th column of a given matrix (represented as a list of lists). 

**Function Signature:**
```python
def max_in_column(matrix: list[list[int | float]], n: int) -> int | float:
```

**Key Edge Cases to Handle:**
1. **Index out of bounds:** The requested column index `n` might be out of range for some or all rows. Raise a `ValueError` or `IndexError` (or handle gracefully as appropriate).
2. **Empty matrix or empty rows:** If the input matrix is empty (`[]`) or contains empty rows, handle it appropriately (e.g., raise a `ValueError`).
3. **Negative indices:** Decide whether negative column indices (counting from the right) should be supported or if they should raise an error. Standard Python indexing supports negative indices, so utilizing standard indexing or explicitly checking bounds is required.
4. **Data types:** The matrix will contain numeric values (integers or floats).

**Plan/Approach:**
1. Validate that the matrix is not empty and that the column index `n` is valid for at least the first row (or all rows, depending on whether ragged matrices are expected—assume standard rectangular matrices unless otherwise, but check row lengths).
2. Extract the $n$-th element from each row using a list comprehension: `[row[n] for row in matrix]`.
3. Return the maximum value of that extracted list using Python's built-in `max()` function.
4. Wrap the extraction in a `try-except` block to catch `IndexError` if rows have varying lengths, raising a descriptive `ValueError`.",none,1,mbpp
mbpp_618,Write a function to divide two lists element wise.,"Handoff Message for Agent B:

1. **Function Purpose**: Write a Python function that performs element-wise division of two lists. That is, it should divide each element in the first list by the corresponding element in the second list and return a new list of the results.

2. **Function Signature**:
   ```python
   def divide_lists(list1: list, list2: list) -> list:
   ```

3. **Key Edge Cases to Handle**:
   * **Length Mismatch**: Raise a `ValueError` (or appropriate exception) if `list1` and `list2` do not have the same number of elements.
   * **Division by Zero**: Raise a `ZeroDivisionError` if any element in `list2` is `0`.
   * **Non-numeric Types**: Optionally handle or let Python raise a `TypeError` if elements cannot be divided.
   * **Empty Lists**: Return an empty list `[]` if both input lists are empty.

4. **Brief Plan/Approach**:
   * First, check if the lengths of `list1` and `list2` are equal. If not, raise a `ValueError`.
   * Use a list comprehension combined with `zip(list1, list2)` to iterate through corresponding elements.
   * Perform the division `a / b` for each pair `(a, b)` (Python will naturally raise a `ZeroDivisionError` if `b == 0`).
   * Return the resulting list of floats/ints.",none,1,mbpp
mbpp_618,Write a function to divide two lists element wise.,"**Function Purpose**: Write a Python function that performs element-wise division of two lists. That is, it should divide each element in the first list by the corresponding element in the second list and return a new list of the results.

 2. **Function Signature**:
   ```python
   def divide_lists(list1: list, list2: list) -> list:
   ```

 3. **Key Edge Cases to Handle**:
   * **Length Mismatch**: Raise a `ValueError` (or appropriate exception) if `list1` and `list2` do not have the same number of elements.
    * **Non-numeric Types**: Optionally handle or let Python raise a `TypeError` if elements cannot be divided.
    * **Empty Lists**: Return an empty list `[]` if both input lists are empty.

 4. **Brief Plan/Approach**:
   * * Use a list comprehension combined with `zip(list1, list2)` to iterate through corresponding elements.
    * Perform the division `a / b` for each pair `(a, b)` (Python will naturally raise a `ZeroDivisionError` if `b == 0`).
    * Return the resulting list of floats/ints.",entity_omission,0,mbpp
mbpp_618,Write a function to divide two lists element wise.,"Handoff Message for Agent B:


   

",tool_result_drop,0,mbpp
mbpp_619,Write a function to move all the numbers to the end of the given string.,"**Handoff Message for Agent B**

Your task is to write a Python function that rearranges a given string by moving all numeric characters (digits '0'-'9') to the end of the string, while preserving the relative order of all non-numeric characters and all numeric characters respectively.

**Function Signature:**
```python
def move_numbers_to_end(s: str) -> str:
    """"""
    Moves all numeric characters to the end of the string.
    """"""
```

**Key Edge Cases to Handle:**
1. **Empty string (`""""`)**: Should return an empty string.
2. **String with no numbers**: Should return the original string unchanged.
3. **String with only numbers**: Should return the original string unchanged.
4. **Special characters, spaces, and mixed casing**: Must be treated as non-numeric and retain their relative positions.

**Brief Plan / Approach:**
1. Initialize two separate lists or strings (or accumulators): one for non-numeric characters and one for numeric characters.
2. Iterate through each character of the input string `s`.
3. Use the `.isdigit()` method to check if a character is a number. If it is, append it to the numbers collection; otherwise, append it to the non-numbers collection.
4. Concatenate the non-numbers collection followed by the numbers collection and return the resulting string.",none,1,mbpp
mbpp_624,Write a python function to convert a given string to uppercase.,"HANDOFF MESSAGE FOR AGENT B:

Your task is to write a Python function that converts a given string to uppercase. 

- **Function Signature:** `def to_uppercase(s: str) -> str:`
- **Requirements:** Take a string input `s` and return the string with all cased characters converted to uppercase.
- **Edge Cases to Handle:**
  - Empty strings (`""""`) should return an empty string.
  - Strings containing non-alphabetic characters (numbers, punctuation, symbols) should remain unchanged for those characters while converting any lowercase letters.
  - Strings that are already fully uppercase should remain unchanged.
- **Approach:** Utilize the built-in Python string method `.upper()` on the input string and return the result. Ensure type checking or handling if necessary, assuming standard string inputs per the signature.",none,1,mbpp
mbpp_625,Write a python function to interchange the first and last element in a given list.,"**HANDOFF MESSAGE FOR AGENT B**

**Objective:**
Write a Python function that takes a list as input and returns the list with the first and last elements swapped (interchanged).

**Function Signature:**
```python
def swap_first_last(lst: list) -> list:
```

**Key Edge Cases to Handle:**
1. **Empty list (`[]`):** Should handle gracefully and return an empty list without raising an IndexError.
2. **Single-element list (`[x]`):** Should return the list as is, since the first and last elements are the same.
3. **Two-element list (`[x, y]`):** Should successfully swap them to `[y, x]`.
4. **Data Types:** The function should work with lists containing mixed data types (integers, strings, etc.).
5. **In-place vs. New List:** The prompt implies modifying the given list or returning a modified one. For safety and consistency, modify the list in-place AND return it, or return a new list. Let's do in-place modification and return it for efficiency.

**Plan/Approach:**
1. Check the length of the list using `len(lst)`.
2. If the length is less than 2, simply return `lst`.
3. Otherwise, use Python's simultaneous assignment to swap the elements: 
   `lst[0], lst[-1] = lst[-1], lst[0]`
4. Return the modified `lst`.",none,1,mbpp
mbpp_627,Write a python function to find the smallest missing number from a sorted list of natural numbers.,"**HANDOFF MESSAGE FOR AGENT B**

**Objective:**
Write a Python function to find the smallest missing natural number from a given sorted list of natural numbers (integers starting from 0).

**Function Signature:**
```python
def find_smallest_missing(arr: list[int]) -> int:
```

**Key Edge Cases to Handle:**
1. **Missing number at the beginning:** If the list does not start with `0` (e.g., `[1, 2, 3]`), the smallest missing number is `0`.
2. **No missing numbers in the sequence:** If the list contains a continuous sequence from `0` to `n-1` (e.g., `[0, 1, 2]`), the smallest missing number is the next consecutive integer (`3`).
3. **Empty list:** If `arr` is empty (`[]`), the smallest missing number is `0`.
4. **Single-element lists:** 
   - `[0]` -> missing is `1`
   - `[1]` -> missing is `0`

**Proposed Plan / Approach:**
- Use a **Binary Search** approach to achieve $O(\log n)$ time complexity, given that the input list is already sorted.
- Compare the middle element's value with its index:
  - If `arr[mid] == mid`, the missing number must be in the right half (move `left = mid + 1`).
  - If `arr[mid] > mid`, the missing number is at `mid` or to its left (move `right = mid`).
- At the end of the search, the `left` pointer will converge on the index of the smallest missing natural number.
- Return the value of the `left` pointer.",none,1,mbpp
mbpp_628,Write a function to replace all spaces in the given string with '%20'.,"HANDOFF MESSAGE FOR AGENT B:

You need to write a Python function that URL-encodes a given string by replacing every space character (' ') with the sequence '%20'. 

### Function Signature:
```python
def replace_spaces(s: str) -> str:
    """"""
    Replaces all spaces in the input string with '%20'.
    """"""
```

### Key Edge Cases to Handle:
1. **Empty string (`""""`)**: Should return an empty string.
2. **String with no spaces (e.g., `""hello""`)**: Should return the original string unchanged.
3. **String with only spaces (e.g., `""   ""`)**: Should correctly replace all spaces (e.g., `""   ""` becomes `""%20%20%20""`).
4. **Leading, trailing, and consecutive spaces**: All spaces must be replaced, preserving multiple consecutive spaces (e.g., `""a  b""` becomes `""a%20%20b""`).

### Proposed Approach:
You can achieve this efficiently in Python using the built-in string `replace()` method. Specifically, returning `s.replace(' ', '%20')` handles all standard cases and edge cases cleanly in $O(N)$ time complexity.",none,1,mbpp
mbpp_629,Write a python function to find even numbers from a list of numbers.,"Agent B, here are the requirements and instructions for your coding task:

**Function Objective:**
Write a Python function that takes a list of numbers as input and returns a new list containing only the even numbers from the input list, preserving their original relative order.

**Function Signature:**
```python
def find_even_numbers(numbers: list[int | float]) -> list[int | float]:
```

**Key Edge Cases to Handle:**
1. **Empty List:** If the input list is empty (`[]`), return an empty list.
2. **No Even Numbers:** If the list contains only odd numbers, return an empty list.
3. **Negative Numbers:** Properly identify negative even numbers (e.g., `-4` is even).
4. **Zero:** Zero should be treated as an even number.
5. **Mixed Types:** The input list will contain integers and/or floats (though typically integers). Ensure the modulo operation works correctly (e.g., `num % 2 == 0`).

**Plan/Approach:**
- Use a list comprehension to iterate through the input `numbers`.
- For each number, check if it is even using the modulo operator (`num % 2 == 0`).
- Return the filtered list.",none,1,mbpp
mbpp_637,Write a function to check whether the given amount has no profit and no loss,"Agent B, here is your task specification for the upcoming coding implementation.

### Function Overview
You need to write a function that determines whether a given financial amount (or transaction) results in ""no profit and no loss."" In the context of standard financial transactions, a break-even (no profit, no loss) state occurs when the Cost Price (CP) equals the Selling Price (SP). 

### Function Signature
Use the following function name and signature:
```python
def check_no_profit_no_loss(cost_price: float, selling_price: float) -> bool:
    """"""
    Checks whether a transaction has no profit and no loss.
    Returns True if cost_price equals selling_price, False otherwise.
    """"""
```
*(Note: If the problem implies a single numerical amount representing net profit/loss where 0 means break-even, use `def check_no_profit_no_loss(amount: float) -> bool:`, but handling it via `cost_price` and `selling_price` is the standard robust approach. Please implement the `cost_price` and `selling_price` signature as it covers the foundational logic).*

### Key Edge Cases to Handle
1. **Floating-Point Precision:** Due to floating-point arithmetic issues in Python (e.g., `0.1 + 0.2 != 0.3`), do not use a strict `==` comparison directly if decimals are involved. Instead, use a tolerance threshold (e.g., `abs(cost_price - selling_price) < 1e-9`).
2. **Zero and Negative Values:** Ensure the function behaves correctly if prices are zero or negative (though negative prices are physically invalid, the logic should still evaluate mathematical equality safely).
3. **Data Types:** Handle both integers and floats seamlessly.

### Brief Plan / Approach
1. Accept `cost_price` and `selling_price` as inputs.
2. Calculate the absolute difference between `cost_price` and `selling_price`.
3. Compare this difference against a very small epsilon (e.g., `1e-9`) to account for floating-point inaccuracies.
4. Return `True` if the difference is within the tolerance (meaning CP == SP), and `False` otherwise.",none,1,mbpp
mbpp_637,Write a function to check whether the given amount has no profit and no loss,"Agent B, here is your task specification for the upcoming coding implementation.

### Function Overview
You need to write a function that determines whether a given financial amount (or transaction) results in ""no profit and no loss."" In the context of standard financial transactions, a break-even (no profit, no loss) state occurs when the Cost Price (CP) equals the Selling Price (SP). 

### Function Signature
Use the following function name and signature:
```python
def check_no_profit_no_loss(cost_price: float, selling_price: float) -> bool:
    """"""
    Checks whether a transaction has no profit and no loss.
     Returns True if cost_price equals selling_price, False otherwise.
     Please implement the `cost_price` and `selling_price` signature as it covers the foundational logic). Due to floating-point arithmetic issues in Python (e.g., `0.1 + 0.2 != 0.3`), do not use a strict `==` comparison directly if decimals are involved. Instead, use a tolerance threshold (e.g., `abs(cost_price - selling_price) < 1e-9`).
 2. **Zero and Negative Values:** 3. **Data Types:** Handle both integers and floats seamlessly.

 ### Brief Plan / Approach
1. Accept `cost_price` and `selling_price` as inputs.
 2. Calculate the absolute difference between `cost_price` and `selling_price`.
3. Compare this difference against a very small epsilon (e.g., `1e-9`) to account for floating-point inaccuracies.
",entity_omission,0,mbpp
mbpp_637,Write a function to check whether the given amount has no profit and no loss,"### Function Signature Use the following function name and signature: ```python def check_no_profit_no_loss(cost_price: float, selling_price: float) -> bool: """""" Checks whether a transaction has no profit and no loss.",over_summarization,0,mbpp
mbpp_639,Write a function to sum the length of the names of a given list of names after removing the names that start with a lowercase letter.,"HANDOFF MESSAGE FOR AGENT B:

1. RESTATEMENT:
You need to write a Python function that takes a list of strings (names), filters out any names that start with a lowercase letter (i.e., keep only the names starting with an uppercase letter), and returns the sum of the lengths of the remaining names.

2. FUNCTION SIGNATURE:
`def sum_valid_name_lengths(names: list[str]) -> int:`

3. KEY EDGE CASES TO HANDLE:
- Empty list `[]`: Should return `0`.
- List with no valid names (all start with lowercase): Should return `0`.
- List with all valid names (all start with uppercase): Should return the sum of all their lengths.
- Names with leading whitespace (e.g., `"" john""`): Treat strictly based on the first character. If it's lowercase, filter it out.
- Empty strings `""""`: `"""".startswith()` returns `False` for lowercase checks, but handling them gracefully (or ignoring them since they don't start with a lowercase letter) is important. Usually, an empty string has a length of 0, so it won't affect the sum.

4. BRIEF PLAN/APPROACH:
- Initialize a variable `total_length = 0`.
- Iterate through each `name` in the input `names` list.
- Check if the `name` is not empty and its first character is **not** lowercase (you can use `name[0].isupper()` or `not name[0].islower()`, or check `name[0].istitle()`). Alternatively, filter out names where `name and name[0].islower()` is True.
- For every name that passes the filter, add its `len(name)` to the total.
- Return the final sum.",none,1,mbpp
mbpp_720,Write a function to add a dictionary to the tuple. The output should be a tuple.,"Handoff Message for Agent B:

1. Function Restatement:
Write a Python function that appends or adds a dictionary to an existing tuple, returning a new tuple containing all the original elements of the tuple plus the dictionary as the final element.

2. Exact Function Signature:
```python
def add_dict_to_tuple(tup: tuple, d: dict) -> tuple:
```

3. Key Edge Cases:
- Empty tuple input (should return a tuple containing just the dictionary: `(d,)`).
- Empty dictionary input (should return a tuple with the empty dict appended: `(..., {})`).
- Non-tuple or non-dictionary inputs (optional type checking, but assuming valid inputs as per signature).

4. Plan/Approach:
Since tuples are immutable in Python, you cannot modify them in place. The standard and most efficient way to add an element to a tuple is by using tuple concatenation. 
- Convert the dictionary into a single-element tuple: `(d,)`
- Concatenate the original tuple with the new single-element tuple: `tup + (d,)`
- Return the resulting tuple.",none,1,mbpp
mbpp_723,The input is defined as two lists of the same length. Write a function to count indices where the lists have the same values.,"**HANDOFF MESSAGE FOR AGENT B**

**Function Requirement:**
Write a Python function that takes two lists of the exact same length and counts the number of indices at which both lists contain the exact same value.

**Function Signature:**
```python
def count_matching_indices(list1: list, list2: list) -> int:
```

**Key Edge Cases to Handle:**
1. **Empty lists:** Two empty lists (`[]`, `[]`) should return `0`.
2. **Different types/mixed data types:** The lists may contain integers, strings, floats, booleans, etc. Ensure standard equality checks (`==`) are used so types and values match correctly.
3. **No matches vs. All matches:** Handle cases where there is zero overlap and cases where every single element matches.
4. **Length assumption:** You can assume the input lists will always be of the same length, per the problem specification.

**Plan / Approach:**
1. Use Python's built-in `zip()` function to iterate through both lists simultaneously, pairing up elements at the same indices.
2. Use a generator expression or a simple loop combined with `sum()` to count how many pairs satisfy the condition `a == b`.
3. Return the resulting integer count. 

Example implementation thought:
`return sum(1 for a, b in zip(list1, list2) if a == b)`",none,1,mbpp
mbpp_726,"Write a function that takes as input a tuple of numbers (t_1,...,t_{N+1}) and returns a tuple of length N where the i-th element of the tuple is equal to t_i * t_{i+1}.","Handoff Message for Agent B:

1. **Restatement of the Problem:**
   Write a Python function that takes a tuple of numbers $(t_1, t_2, \dots, t_{N+1})$ of length $N+1$ (where $N \ge 0$) and returns a new tuple of length $N$. The $i$-th element of the resulting tuple must be the product of adjacent elements from the input tuple, specifically $t_i \times t_{i+1}$ for $i = 1, 2, \dots, N$.

2. **Function Signature:**
   ```python
   def multiply_adjacent(t: tuple[float, ...]) -> tuple[float, ...]:
   ```

3. **Key Edge Cases to Handle:**
   - **Empty tuple or single-element tuple ($N=0$):** If the input tuple has fewer than 2 elements, there are no adjacent pairs. The function should return an empty tuple `()`.
   - **Data types:** The input tuple may contain integers, floats, or a mix of both. The multiplication should preserve the appropriate numeric type.

4. **Plan / Approach:**
   - Check if the length of the input tuple `t` is less than 2. If so, return `()`.
   - Use a generator expression or a list comprehension to iterate through the indices from `0` to `len(t) - 2`.
   - For each index `i`, compute `t[i] * t[i+1]`.
   - Convert the resulting sequence back into a tuple and return it.
   - Example implementation snippet:
     ```python
     def multiply_adjacent(t):
         if len(t) < 2:
             return ()
         return tuple(t[i] * t[i+1] for i in range(len(t) - 1))
     ```",none,1,mbpp
mbpp_732,"Write a function to replace all occurrences of spaces, commas, or dots with a colon.","Handoff Message for Agent B:

You need to write a Python function that replaces all occurrences of spaces (` `), commas (`,`), and dots (`.`) in a given string with a colon (`:`).

**Function Signature:**
```python
def replace_with_colon(text: str) -> str:
    """"""
    Replaces all spaces, commas, and dots in the input string with colons.
    """"""
```

**Key Edge Cases to Handle:**
1. **Empty string (`""""`)**: Should return an empty string.
2. **Strings with no target characters**: Should return the original string unchanged.
3. **Consecutive target characters** (e.g., `""a..b, c""`): Each individual space, comma, and dot should be replaced (resulting in `""a::b::c""`).
4. **Strings containing only target characters** (e.g., `"" ,.""`): Should be replaced entirely by colons (`"":::""`).
5. **Non-string inputs / Type handling**: Assume the input is a valid string, but ensure it works properly for standard ASCII and Unicode strings.

**Plan / Approach:**
Use Python's built-in `str.translate()` method with a translation table created via `str.maketrans()`, or use `re.sub()` with a regular expression character class `[ ,.]`. A regex approach like `re.sub(r'[ ,.]', ':', text)` is clean, readable, and handles all target characters efficiently in a single pass.",none,1,mbpp
mbpp_732,"Write a function to replace all occurrences of spaces, commas, or dots with a colon.","**Function Signature:**
```python
def replace_with_colon(text: str) -> str:
    """"""
    Replaces all spaces, commas, and dots in the input string with colons.
     """"""
```

**Key Edge Cases to Handle:**
1. **Empty string (`""""`)**: Should return an empty string.
 3. **Consecutive target characters** (e.g., `""a..b, c""`): Each individual space, comma, and dot should be replaced (resulting in `""a::b::c""`).
 4. **Strings containing only target characters** (e.g., `"" ,. **Plan / Approach:**
Use Python's built-in `str.translate()` method with a translation table created via `str.maketrans()`, or use `re.sub()` with a regular expression character class `[ ,.] `. A regex approach like `re.sub(r'[ ,.]', ':', text)` is clean, readable, and handles all target characters efficiently in a single pass.",entity_omission,0,mbpp
task_071,"Write a function `split_expense(total, participants, exempt)` for the bill-splitting feature in the app used by roommates Devon, Priya, and Marco. `participants` is a list of names, and `exempt` is a set of names who should not pay (e.g. someone who didn't attend). Split `total` evenly among non-exempt participants, rounding each share DOWN to the nearest cent, then add any leftover cents (from the rounding) one cent at a time to the non-exempt participants in the order they appear in `participants`, until the leftover is fully distributed. Edge case: if every participant is exempt, raise a ValueError with message 'no one to split with'.","Handoff Message for Agent B:

Please implement the bill-splitting function for the roommate app. Below are the details and requirements.

### Function Signature
```python
def split_expense(total: float | int, participants: list[str], exempt: set[str]) -> dict[str, float]:
```
*(Note: Return a dictionary mapping each participant's name to their final share amount as a float/decimal, or adjust the return type based on standard currency representation if needed—typically a dictionary of `{name: amount}`).*

### What the Function Needs to Do
1. **Filter Participants**: Determine who is paying by excluding anyone in the `exempt` set from the `participants` list.
2. **Even Split with Rounding**: Divide the `total` amount evenly among the non-exempt participants. Each share must be rounded **DOWN** to the nearest cent (2 decimal places).
3. **Distribute Leftovers**: Due to rounding down, there may be leftover cents. Distribute these leftover cents **one cent at a time** to the non-exempt participants in the exact order they appear in the original `participants` list until the leftover is fully exhausted.

### Key Edge Cases to Handle
- **No one to split with**: If all participants are in the `exempt` set (or `participants` is empty of non-exempt users), raise a `ValueError` with the exact message: `'no one to split with'`.
- **Floating-point precision**: Handle currency arithmetic carefully (e.g., working with integer cents to avoid floating-point inaccuracies).

### Recommended Approach
1. Convert the `total` into integer cents (e.g., `int(round(total * 100))`) to avoid float precision issues.
2. Filter the `participants` list to get an ordered list of non-exempt payers. If this filtered list is empty, raise `ValueError('no one to split with')`.
3. Calculate the base share in cents: `base_share = total_cents // len(non_exempt)` and the remainder/leftover: `leftover = total_cents % len(non_exempt)`.
4. Initialize everyone's share to `base_share`.
5. Iterate through the non-exempt participants up to `leftover` number of times (in their original order), adding `1` cent to their share.
6. Convert the final cent values back to dollar floats (divide by 100) and return them in a dictionary mapping participant names to their shares.",none,1,hand_hard
task_071,"Write a function `split_expense(total, participants, exempt)` for the bill-splitting feature in the app used by roommates Devon, Priya, and Marco. `participants` is a list of names, and `exempt` is a set of names who should not pay (e.g. someone who didn't attend). Split `total` evenly among non-exempt participants, rounding each share DOWN to the nearest cent, then add any leftover cents (from the rounding) one cent at a time to the non-exempt participants in the order they appear in `participants`, until the leftover is fully distributed. Edge case: if every participant is exempt, raise a ValueError with message 'no one to split with'.","Handoff Message for Agent B: Please implement the bill-splitting function for the roommate app. Below are the details and requirements. ### Function Signature ```python def split_expense(total: float | int, participants: list[str], exempt: set[str]) -> dict[str, float]: ``` *(Note: Return a dictionary mapping each participant's name to their final share amount as a float/decimal, or adjust the return type based on standard currency representation if needed—typically a dictionary of `{name: amount}`).* ### What the Function Needs to Do 1. **Filter Participants**: Determine who is paying by excluding anyone in the `exempt` set from the `participants` list. 2. **Even Split with Rounding**:",truncation,0,hand_hard
task_071,"Write a function `split_expense(total, participants, exempt)` for the bill-splitting feature in the app used by roommates Devon, Priya, and Marco. `participants` is a list of names, and `exempt` is a set of names who should not pay (e.g. someone who didn't attend). Split `total` evenly among non-exempt participants, rounding each share DOWN to the nearest cent, then add any leftover cents (from the rounding) one cent at a time to the non-exempt participants in the order they appear in `participants`, until the leftover is fully distributed. Edge case: if every participant is exempt, raise a ValueError with message 'no one to split with'.","Handoff Message for Agent B:

Please implement the bill-splitting function for the roommate app. Below are the details and requirements.

### Function Signature

*(Note: Return a dictionary mapping each participant's name to their final share amount as a float/decimal, or adjust the return type based on standard currency representation if needed—typically a dictionary of ).*

### What the Function Needs to Do

### Key Edge Cases to Handle

### Recommended Approach",tool_result_drop,0,hand_hard
task_071,"Write a function `split_expense(total, participants, exempt)` for the bill-splitting feature in the app used by roommates Devon, Priya, and Marco. `participants` is a list of names, and `exempt` is a set of names who should not pay (e.g. someone who didn't attend). Split `total` evenly among non-exempt participants, rounding each share DOWN to the nearest cent, then add any leftover cents (from the rounding) one cent at a time to the non-exempt participants in the order they appear in `participants`, until the leftover is fully distributed. Edge case: if every participant is exempt, raise a ValueError with message 'no one to split with'.","### Key Edge Cases to Handle - **No one to split with**: If all participants are in the `exempt` set (or `participants` is empty of non-exempt users), raise a `ValueError` with the exact message: `'no one to split with'`.",over_summarization,0,hand_hard
he_132,"Create a function that takes a string as input which contains only square brackets.
The function should return True if and only if there is a valid subsequence of brackets
where at least one bracket in the subsequence is nested.
is_nested('[[]]') ➞ True
is_nested('[]]]]]]][[[[[]') ➞ False
is_nested('[][]') ➞ False
is_nested('[]') ➞ False
is_nested('[[][]]') ➞ True
is_nested('[[]][[') ➞ True","HANDOFF MESSAGE FOR AGENT B:

**Function Requirements:**
Write a Python function that takes a string of square brackets as input and returns `True` if and only if there exists a valid subsequence of brackets containing at least one nested pair (i.e., `[...]`), and `False` otherwise. 

**Exact Function Signature:**
```python
def is_nested(bracket_string: str) -> bool:
```

**Key Edge Cases to Handle:**
- Empty strings or strings with no brackets (should return `False`).
- Strings with only flat/non-nested valid pairs like `'[]'` or `'[][]'` (should return `False`).
- Strings with unmatched or incorrectly ordered brackets (e.g., `'][`, `'[]]]]]]][[[[[]'`).
- Multiple nested levels (e.g., `'[[]]'`, `'[[][]]'`) which must return `True`.

**Brief Plan / Approach:**
1. A valid bracket sequence requires that running sums of `[` (+1) and `]` (-1) never drop below zero, and end at zero.
2. However, the problem asks for a *subsequence* of brackets that forms a valid nested structure. 
3. Practically, a string contains a valid nested subsequence if and only if it contains a `[` followed somewhere later by another `[`, followed eventually by a `]`, and then a `]`. 
4. More simply, a stack-based approach or counting consecutive opening brackets `[` can work: if you encounter at least two consecutive `[` characters (meaning `[[`) followed by at least two closing `]` characters later in the string, a nested pair is guaranteed to exist. Alternatively, iterate through the string and track the maximum nesting depth encountered by keeping a running balance of open brackets. If the maximum depth reaches $\ge 2$, return `True`.",none,1,humaneval
he_132,"Create a function that takes a string as input which contains only square brackets.
The function should return True if and only if there is a valid subsequence of brackets
where at least one bracket in the subsequence is nested.
is_nested('[[]]') ➞ True
is_nested('[]]]]]]][[[[[]') ➞ False
is_nested('[][]') ➞ False
is_nested('[]') ➞ False
is_nested('[[][]]') ➞ True
is_nested('[[]][[') ➞ True","- Strings with only flat/non-nested valid pairs like `'[]'` or `'[][]'` (should return `False`).
- Strings with unmatched or incorrectly ordered brackets (e.g., `'] [`, `'[]]]]]]] [[[[[]'`).
- Multiple nested levels (e.g., `'[[]]'`, `' [[][]]'`) which must return `True`.

 **Brief Plan / Approach:**
1. A valid bracket sequence requires that running sums of `[` (+1) and `]` (-1) never drop below zero, and end at zero.
 2. However, the problem asks for a *subsequence* of brackets that forms a valid nested structure. 
 3. Practically, a string contains a valid nested subsequence if and only if it contains a `[` followed somewhere later by another `[`, followed eventually by a `]`, and then a `]`. 
 4. More simply, a stack-based approach or counting consecutive opening brackets `[` can work: if you encounter at least two consecutive `[` characters (meaning `[[`) followed by at least two closing `]` characters later in the string, a nested pair is guaranteed to exist. Alternatively, iterate through the string and track the maximum nesting depth encountered by keeping a running balance of open brackets.",entity_omission,0,humaneval
he_132,"Create a function that takes a string as input which contains only square brackets.
The function should return True if and only if there is a valid subsequence of brackets
where at least one bracket in the subsequence is nested.
is_nested('[[]]') ➞ True
is_nested('[]]]]]]][[[[[]') ➞ False
is_nested('[][]') ➞ False
is_nested('[]') ➞ False
is_nested('[[][]]') ➞ True
is_nested('[[]][[') ➞ True","**Function Requirements:** Write a Python function that takes a string of square brackets as input and returns `True` if and only if there exists a valid subsequence of brackets containing at least one nested pair (i.e., `[...]`), and `False` otherwise.",over_summarization,0,humaneval
mbpp_105,Write a python function to count true booleans in the given list.,"HANDOFF MESSAGE FOR AGENT B:

Goal: Write a Python function that counts the number of `True` boolean values in a given list.

Function Signature:
```python
def count_trues(lst: list) -> int:
```

Key Edge Cases to Handle:
- The list might be empty (should return `0`).
- The list may contain mixed data types (e.g., strings, integers, `False`, `None`); only strict boolean `True` should be counted, not truthy values like `1` or `""True""`.
- The input might not be a list (though you can assume standard list inputs, handling or type-checking isn't strictly required unless desired).

Plan / Approach:
- Iterate through the elements of the list using a generator expression or a simple loop.
- Use `is True` (e.g., `x is True`) to ensure type safety, preventing integers like `1` from being counted as `True`.
- Return the total count.",none,1,mbpp
mbpp_105,Write a python function to count true booleans in the given list.,"HANDOFF MESSAGE FOR AGENT B:

Goal: Write a Python function that counts the number of  boolean values in a given list.

Function Signature:


Key Edge Cases to Handle:

Plan / Approach:",tool_result_drop,0,mbpp
mbpp_111,Write a function to find the common elements in given nested lists.,"Handoff Message for Agent B:

1. **Function Purpose**: Write a Python function that takes a list of nested lists (arbitrarily nested lists/iterables) and returns a list or set containing the elements that are common to all of the nested lists.

2. **Function Signature**:
   ```python
   def find_common_elements(nested_lists):
       """"""
       Finds common elements across multiple nested lists.
       
       :param nested_lists: List of lists (can contain nested structures)
       :return: A list/set of common elements
       """"""
   ```

3. **Key Edge Cases to Handle**:
   - Empty input list (e.g., `[]`): Should return an empty list or set.
   - Nested lists containing duplicates: Should be handled gracefully (e.g., using set intersections).
   - Deeply nested structures: Consider flattening or recursively processing if the input implies arbitrary depth, or assume the top-level structure is a list of 1D lists. *(Assumption for standard interpretation: Flatten each sub-list or find intersections of the primary sub-lists. Let's design it to intersect the elements of the top-level sub-lists after converting them to sets).*
   - No common elements: Should return an empty collection.
   - Single sub-list provided: Should return the unique elements of that sub-list.

4. **Plan / Approach**:
   - Validate the input: if `nested_lists` is empty, return `[]`.
   - Convert the first sub-list to a `set` as the baseline.
   - Iterate through the remaining sub-lists, converting each to a `set` and updating the baseline using set intersection (`&`).
   - Convert the final intersection set back to a `list` (or return as a set) and return the result.",none,1,mbpp
mbpp_135,Write a function to find the nth hexagonal number.,"**HANDOFF MESSAGE FOR AGENT B**

**Objective:**
Write a Python function that calculates the $n$-th hexagonal number. A hexagonal number is a figurate number that represents a hexagon. The formula for the $n$-th hexagonal number ($H_n$) is given by:
$H_n = n(2n - 1)$

**Function Signature:**
```python
def nth_hexagonal_number(n: int) -> int:
    """"""
    Returns the nth hexagonal number.
    """"""
```

**Key Edge Cases to Handle:**
1. **$n = 0$:** Should return `0` (or handle appropriately based on standard 1-based indexing where $H_1 = 1$). Let's assume standard 1-based indexing, so $n=1$ yields $1$, $n=2$ yields $6$, etc.
2. **Negative numbers ($n < 0$):** Raise a `ValueError` since hexagonal numbers are defined for positive integers (and zero).
3. **Large integers:** Ensure the function handles large inputs efficiently (Python handles arbitrarily large integers automatically, so standard arithmetic will suffice, but keep time complexity at $O(1)$).

**Plan / Approach:**
1. Validate the input $n$. If $n < 0$, raise a `ValueError`.
2. Apply the direct mathematical formula: `n * (2 * n - 1)`.
3. Return the result. The time complexity will be $O(1)$ and space complexity will be $O(1)$.",none,1,mbpp
mbpp_171,Write a function to find the perimeter of a regular pentagon from the length of its sides.,"HANDOFF MESSAGE FOR AGENT B:

You need to write a Python function that calculates the perimeter of a regular pentagon given the length of its sides.

**Function Signature:**
`def pentagon_perimeter(side_length: float) -> float:`

**Key Edge Cases to Handle:**
- Zero side length: Should return `0.0`.
- Negative side length: Should raise a `ValueError` since a geometric shape cannot have negative side lengths.
- Non-numeric inputs (e.g., strings, None): Should ideally handle or let TypeError raise naturally, but ensuring robust type checking is a plus.

**Plan/Approach:**
1. Check if `side_length` is less than 0; if so, raise a `ValueError`.
2. Check if `side_length` is 0 or valid.
3. A regular pentagon has 5 equal sides, so the perimeter is simply $5 \times \text{side\_length}$.
4. Return the result as a float.",none,1,mbpp
mbpp_244,Write a python function to find the next perfect square greater than a given number.,"HANDOFF MESSAGE FOR AGENT B:

You need to write a Python function that finds the strictly next perfect square integer that is greater than a given input number.

**Function Signature:**
```python
def next_perfect_square(n: int) -> int:
```

**Requirements & Edge Cases:**
- The input `n` will be an integer (can be positive, zero, or negative).
- The returned value must be an integer that is a perfect square ($k^2$ for some integer $k$) and strictly greater than `n` ($result > n$).
- If `n` is negative or zero, the next perfect square greater than it is `0` (if $n < 0$) or `1` (if $n = 0$).

**Proposed Approach:**
1. Handle the input `n`. If `n < 0`, the next perfect square is `0`.
2. Otherwise, find the integer square root of `n` (e.g., using `math.isqrt(n)`).
3. Increment this integer square root by 1.
4. Square the incremented value and return it. This guarantees the smallest integer whose square is strictly greater than `n`.",none,1,mbpp
mbpp_244,Write a python function to find the next perfect square greater than a given number.,HANDOFF MESSAGE FOR AGENT B: You need to write a Python function that finds the strictly next perfect square integer that is greater than a given input number. **Function Signature:** ```python def next_perfect_square(n: int) -> int: ``` **Requirements & Edge Cases:** - The input `n` will be an integer,truncation,0,mbpp
mbpp_257,Write a function that takes in two numbers and returns a tuple with the second number and then the first number.,"HANDOFF MESSAGE FOR AGENT B:

You need to write a Python function that takes two numbers as arguments and returns them in reverse order as a tuple.

- **Function Name & Signature:**
  ```python
  def reverse_two_numbers(a, b):
  ```
  *(Note: You can name the parameters whatever is convenient, but the function must accept two positional arguments.)*

- **Inputs:** Two numeric values (integers or floats).
- **Output:** A tuple containing the second number first, followed by the first number `(b, a)`.

- **Edge Cases to Handle:**
  - Standard integers and floating-point numbers.
  - Negative numbers and zero.
  - Type handling: Ensure it works for any standard numeric types, though no complex type-checking is strictly required beyond Python's normal tuple construction.

- **Plan / Approach:**
  1. Define the function accepting two parameters, say `num1` and `num2`.
  2. Return a tuple formatted as `(num2, num1)`.
  3. No complex logic is needed; a simple one-liner return statement is sufficient.",none,1,mbpp
mbpp_308,"Write a function to find the specified number of largest products from two given lists, selecting one factor from each list.","Agent B, your task is to write a Python function that finds the $N$ largest possible products that can be formed by multiplying one number from the first list and one number from the second list.

Here are the requirements for your implementation:

### Function Signature
```python
def largest_n_products(list1: list, list2: list, n: int) -> list:
    """"""
    Finds the 'n' largest products formed by selecting one factor from list1 and one from list2.
    
    Parameters:
    - list1: List of integers/floats
    - list2: List of integers/floats
    - n: The number of largest products to return
    
    Returns:
    - A list of the 'n' largest products, sorted in descending order.
    """"""
```

### Key Edge Cases to Handle
1. **Values of $N$ larger than total possible combinations**: If $n$ is greater than $\text{len}(\text{list1}) \times \text{len}(\text{list2})$, return all available products sorted in descending order.
2. **$N \le 0$**: Return an empty list `[]`.
3. **Empty input lists**: If either `list1` or `list2` is empty, return an empty list `[]`.
4. **Duplicate values and negative numbers**: Ensure the algorithm correctly handles negative numbers (which can yield large positive products when multiplied together) and duplicate elements from the lists.

### Suggested Approach
1. **Brute Force with Heap**: 
   - Generate all possible pairwise products (using a list comprehension or nested loops).
   - Use a min-heap (via Python's `heapq` module) of size $n$ to keep track of the largest $n$ products efficiently without needing to sort the entire collection of products fully, or simply sort all products in descending order if the input lists are guaranteed to be reasonably sized.
   - Return the top $n$ products sorted in descending order.",none,1,mbpp
mbpp_412,Write a python function to remove odd numbers from a given list.,"**HANDOFF MESSAGE FOR AGENT B**

**Objective:**
Write a Python function that removes all odd numbers from a given list of integers and returns the filtered list containing only the even numbers (or maintains the original order of even numbers).

**Function Signature:**
```python
def remove_odd_numbers(numbers: list[int]) -> list[int]:
    """"""
    Removes odd numbers from the input list and returns a new list of even numbers.
    """"""
    pass
```

**Key Edge Cases to Handle:**
1. **Empty list:** Passing `[]` should return `[]`.
2. **All odd numbers:** Passing `[1, 3, 5]` should return `[]`.
3. **All even numbers:** Passing `[2, 4, 6]` should return `[2, 4, 6]`.
4. **Mixed numbers (including zero and negatives):** Zero (`0`) is even and should be kept. Negative even numbers (e.g., `-2`) should be kept; negative odd numbers (e.g., `-3`) should be removed.
5. **Data types:** Assume inputs are integers. 

**Plan/Approach:**
- Use a list comprehension with a modulo check (`num % 2 == 0`) to filter out odd numbers efficiently in a single pass.
- Alternatively, use Python's built-in `filter()` function. 
- Ensure the function returns a *new* list rather than mutating the input list in-place (or specify if in-place mutation is preferred—returning a new list is generally safer).",none,1,mbpp
mbpp_424,Write a function to extract only the rear index element of each string in the given tuple.,"HANDOFF MESSAGE FOR AGENT B:

You need to write a Python function that extracts the last character (the rear index element) from every string contained within a given tuple of strings, and returns these extracted characters as a new collection (e.g., a list or tuple).

**Function Signature:**
```python
def extract_rear_elements(string_tuple: tuple) -> list:
    """"""
    Extracts the last character of each string in the given tuple.
    """"""
```

**Key Edge Cases to Handle:**
- Empty tuple: Should return an empty list/tuple without error.
- Strings of varying lengths: The function should correctly handle strings of length 1 as well as longer strings.
- Note: Assume all elements in the input tuple are valid strings.

**Plan / Approach:**
1. Initialize an empty list to store the results.
2. Iterate through each string in the input `string_tuple`.
3. For each string, access the last element using negative indexing (`string[-1]`).
4. Append the extracted character to the result list.
5. Return the result list.",none,1,mbpp
mbpp_471,Write a python function to find the product of the array multiplication modulo n.,"HANDOFF MESSAGE FOR AGENT B:

You need to write a Python function that calculates the product of all elements in an array, and returns that product modulo $n$.

**Function Signature:**
```python
def array_product_mod(arr: list[int], n: int) -> int:
    """"""
    Returns the product of all elements in arr modulo n.
    """"""
```

**Key Edge Cases to Handle:**
1. **Empty Array (`arr = []`):** The product of an empty set/array is typically 1. Therefore, the function should return `1 % n`.
2. **Modulo by Zero (`n = 0`):** Division/modulo by zero is undefined. Raise a `ZeroDivisionError` if $n == 0$.
3. **Negative Numbers:** Ensure standard Python modulo behavior works correctly (e.g., `-5 % 3` is `1`, which is correct for modular arithmetic).
4. **Large Numbers / Overflow:** Python handles arbitrarily large integers automatically, but to keep performance optimal and avoid memory bloat with extremely large arrays, you should apply the modulo operation at each step of the multiplication (i.e., `current_product = (current_product * x) % n`).

**Brief Plan/Approach:**
1. Check if $n == 0$, and if so, raise `ZeroDivisionError`.
2. Initialize a variable `result = 1`.
3. Iterate through each element `x` in `arr`.
4. Update `result = (result * x) % n` at each iteration to prevent integer overflow and keep numbers small.
5. Return `result`.",none,1,mbpp
mbpp_558,Write a python function to find the sum of the per-digit difference between two integers.,"Agent B, your task is to write a Python function that calculates the sum of the absolute differences between corresponding digits of two integers. 

Here are the details you need:

**Function Signature:**
`def sum_of_digit_differences(a: int, b: int) -> int:`

**What it needs to do:**
1. Take two integers (`a` and `b`), convert them to their absolute values to handle negative numbers, and convert them to strings to process them digit by digit.
2. Align the two numbers by their rightmost digits (pad the shorter number with leading zeros on the left so they are of equal length).
3. For each corresponding pair of digits, calculate the absolute difference.
4. Return the sum of all these per-digit differences.

**Key Edge Cases to Handle:**
- **Negative numbers:** The function should treat inputs as positive (e.g., `-12` and `12` should be treated as `12` and `12`, or handle the sign appropriately—standard practice for per-digit problems on integers is to use absolute values, so let's use `abs(a)` and `abs(b)`).
- **Different lengths:** If integers have a different number of digits (e.g., `5` and `123`), pad the shorter one with leading zeros (effectively `005` and `123`) so every digit has a pair.
- **Single-digit numbers:** Works normally.
- **Zeros:** `0` and `0` should return `0`.

**Plan / Approach:**
1. Convert `a` and `b` to `abs(a)` and `abs(b)`, then convert them to strings.
2. Determine the maximum length between the two string representations (`max_len = max(len(str_a), len(str_b))`).
3. Zero-pad both strings on the left using `.zfill(max_len)` so they have the exact same length.
4. Iterate through the characters of both padded strings simultaneously using `zip`.
5. For each pair of character digits, convert them to integers, find the absolute difference, and accumulate the total sum.
6. Return the final integer sum.",none,1,mbpp
mbpp_566,Write a function to get the sum of the digits of a non-negative integer.,"Handoff Message for Agent B:

1. **Function Purpose**: Write a function that calculates the sum of the digits of a given non-negative integer.

2. **Function Signature**: 
   `def sum_of_digits(n: int) -> int:`

3. **Key Edge Cases**:
   - `n = 0`: Should return `0`.
   - Single-digit numbers (e.g., `n = 5`): Should return the number itself (`5`).
   - Large non-negative integers: Ensure the function handles standard arbitrarily large integers correctly without overflow issues.

4. **Approach/Plan**:
   - Convert the integer to its string representation to easily iterate through each character (digit).
   - Alternatively, use a mathematical approach with a `while` loop using modulo (`n % 10`) and integer division (`n // 10`) until `n` becomes 0.
   - Sum the individual digits and return the result.",none,1,mbpp
mbpp_573,Write a python function to calculate the product of the unique numbers in a given list.,"To Agent B:

Please write a Python function that calculates the product of all unique numbers in a given list.

**Function Signature:**
`def product_of_unique_numbers(numbers: list) -> int/float:`

**Key Edge Cases to Handle:**
- **Empty list:** Should return `1` (the multiplicative identity) or `0` depending on convention, but typically `1` is standard for empty products (or explicitly handle as needed).
- **Duplicates:** Numbers that appear more than once in the list must only be included *once* in the product calculation.
- **Negative numbers and zeros:** Zero should be handled properly (if a unique zero is present, the final product will be zero).
- **Data types:** Assume inputs are integers or floats.

**Plan/Approach:**
1. Convert the input list to a `set` to automatically filter out duplicates and isolate the unique numbers.
2. Initialize a variable (e.g., `product`) to `1`.
3. Iterate through the set of unique numbers and multiply them together.
4. Return the final product.",none,1,mbpp
mbpp_579,Write a function to find the dissimilar elements in the given two tuples.,"HANDOFF MESSAGE FOR AGENT B:

You need to write a Python function that identifies and returns all dissimilar (unique) elements between two given tuples. That is, it should return elements that are present in either of the two tuples, but not in both (the symmetric difference).

**Function Signature:**
```python
def dissimilar_elements(tuple1: tuple, tuple2: tuple) -> tuple:
```

**Key Edge Cases to Handle:**
1. **Identical tuples:** If both input tuples are identical, the function should return an empty tuple `()`.
2. **Disjoint tuples:** If the tuples share no common elements, return a tuple containing all elements from both inputs.
3. **Empty tuples:** If one or both tuples are empty, correctly handle them (e.g., comparing an empty tuple with a non-empty tuple should return the non-empty tuple's elements).
4. **Duplicate elements:** The input tuples may contain duplicates. The output should contain unique dissimilar elements (or follow set-like symmetric difference behavior, returned as a tuple).
5. **Data types:** Elements within the tuples are hashable (standard Python objects suitable for set operations).

**Plan/Approach:**
1. Convert both input `tuple1` and `tuple2` into Python `set` objects.
2. Use the symmetric difference operation (`^` operator or `.symmetric_difference()` method) to find elements found in either set, but not in both.
3. Convert the resulting set back into a `tuple`. (Optional: sort the resulting tuple if a deterministic order is desired, though a standard conversion is sufficient).
4. Return the new tuple.",none,1,mbpp
mbpp_579,Write a function to find the dissimilar elements in the given two tuples.,"HANDOFF MESSAGE FOR AGENT B:

You need to write a Python function that identifies and returns all dissimilar (unique) elements between two given tuples. **Function Signature:**
```python
def dissimilar_elements(tuple1: tuple, tuple2: tuple) -> tuple:
```

**Key Edge Cases to Handle:**
1. **Identical tuples:** If both input tuples are identical, the function should return an empty tuple `()`.
 2. **Disjoint tuples:** If the tuples share no common elements, return a tuple containing all elements from both inputs.
 3. **Empty tuples:** If one or both tuples are empty, correctly handle them (e.g., comparing an empty tuple with a non-empty tuple should return the non-empty tuple's elements).
 4. **Duplicate elements:** The input tuples may contain duplicates. The output should contain unique dissimilar elements (or follow set-like symmetric difference behavior, returned as a tuple).
 5. **Data types:** Elements within the tuples are hashable (standard Python objects suitable for set operations).

 **Plan/Approach:**
1. 2. Use the symmetric difference operation (`^` operator or `.symmetric_difference()` method) to find elements found in either set, but not in both.
3. (Optional: sort the resulting tuple if a deterministic order is desired, though a standard conversion is sufficient).
 4. Return the new tuple.",entity_omission,0,mbpp
mbpp_579,Write a function to find the dissimilar elements in the given two tuples.,"HANDOFF MESSAGE FOR AGENT B:

You need to write a Python function that identifies and returns all dissimilar (unique) elements between two given tuples. That is, it should return elements that are present in either of the two tuples, but not in both (the symmetric difference).

**Function Signature:**


**Key Edge Cases to Handle:**

**Plan/Approach:**",tool_result_drop,0,mbpp
mbpp_620,Write a function to find the size of the largest subset of a list of numbers so that every pair is divisible.,"HANDOFF MESSAGE FOR AGENT B:

Goal: Write a Python function that finds the size of the largest subset from a given list of numbers such that every pair $(a, b)$ in the subset satisfies the divisibility condition (i.e., either $a$ % $b == 0$ or $b$ % $a == 0$).

Function Signature:
`def largest_divisible_subset_size(nums: list[int]) -> int:`

Key Edge Cases to Handle:
- Empty list: Should return `0`.
- List with a single element: Should return `1`.
- Duplicate numbers in the input list: Should be handled correctly (sorting and sorting-based DP naturally handle duplicates if we process elements sequentially).
- Numbers in the list are not sorted initially; the order does not matter.

Brief Plan/Approach:
1. If the input list `nums` is empty, return 0.
2. Sort the `nums` list in ascending order. Sorting is crucial because if $a$ divides $b$, then $a \le b$, ensuring we only need to check divisibility in one direction for subsequent elements.
3. Use Dynamic Programming. Create a DP array `dp` of the same length as `nums`, initialized to 1 (since every number is a valid subset of size 1 by itself). `dp[i]` will store the size of the largest divisible subset ending with `nums[i]`.
4. Iterate through each element $i$ from 1 to $n-1$, and for each $i$, iterate through all previous elements $j$ from 0 to $i-1$.
5. If `nums[i] % nums[j] == 0`, update `dp[i] = max(dp[i], dp[j] + 1)`.
6. Return the maximum value found in the `dp` array.",none,1,mbpp
mbpp_725,"Write a function to extract values between quotation marks "" "" of the given string.","HANDOFF MESSAGE FOR AGENT B:

Goal: Write a Python function that extracts and returns all substrings found enclosed within double quotation marks (`"" ""`) in a given input string.

Function Signature:
```python
def extract_quoted_values(text: str) -> list[str]:
    """"""
    Extracts values between quotation marks "" "" from the given string.
    """"""
```

Key Edge Cases to Handle:
- Strings with no quotation marks should return an empty list `[]`.
- Strings with an odd number of quotation marks (unmatched quote at the end) should handle it gracefully (e.g., ignore the unclosed quote).
- Nested or adjacent quotes (e.g., `""a""""b""` or `""a ""b"" c""`) should be parsed correctly.
- Empty quotes (e.g., `""""`) should return an empty string value or be handled as specified by standard regex extraction (usually capturing the empty string or ignoring it; let's capture whatever is strictly inside the quotes, including empty strings if applicable, or rely on standard non-greedy matching).

Brief Plan/Approach:
1. Use Python's `re` (regular expression) module.
2. Define a regex pattern using non-greedy matching to find text between double quotes, such as `r'""([^""]*)""'`.
3. Use `re.findall()` to extract all matches of the captured group.
4. Return the resulting list of strings.",none,1,mbpp
mbpp_733,Write a function to find the index of the first occurrence of a given number in a sorted array.,"**HANDOFF MESSAGE FOR AGENT B**

**Objective:** 
Write a function that finds the index of the first occurrence of a given target number in a sorted array (in ascending order). If the target is not present in the array, the function should return `-1`.

**Function Signature:**
```python
def find_first_occurrence(arr: list[int], target: int) -> int:
```

**Key Edge Cases to Handle:**
1. **Target not present:** Return `-1` if the target is not in the array.
2. **Empty array:** Return `-1` if `arr` is empty (`[]`).
3. **Multiple occurrences:** If the target appears multiple times, the function must return the index of the *first* (leftmost) occurrence.
4. **All elements are duplicates:** If all elements equal the target, return `0`.
5. **Target smaller/larger than all elements:** Return `-1` if the target is less than `arr[0]` or greater than `arr[-1]`.

**Plan / Approach:**
- Since the array is sorted, we should use a modified **Binary Search** to achieve $O(\log n)$ time complexity.
- Initialize `low = 0` and `high = len(arr) - 1`, and a variable `result = -1` to store the index of the first occurrence.
- While `low <= high`:
  - Calculate `mid = (low + high) // 2`.
  - If `arr[mid] == target`, update `result = mid`, and then search the left half for an earlier occurrence by setting `high = mid - 1`.
  - If `arr[mid] < target`, the target must be in the right half, so set `low = mid + 1`.
  - If `arr[mid] > target`, the target must be in the left half, so set `high = mid - 1`.
- Return `result`.",none,1,mbpp
mbpp_737,Write a function to check whether the given string is starting with a vowel or not using regex.,"**HANDOFF MESSAGE FOR AGENT B**

**Objective:**
Build a Python function using regular expressions (`re` module) to check if a given string starts with a vowel (case-insensitive: 'A', 'E', 'I', 'O', 'U').

**Function Signature:**
```python
def starts_with_vowel(s: str) -> bool:
    """"""
    Checks if the string 's' starts with a vowel using regex.
    Returns True if it starts with a vowel, False otherwise.
    """"""
```

**Key Edge Cases to Handle:**
1. **Empty strings (`""""`):** Should return `False` without throwing an error.
2. **Case sensitivity:** Vowels at the start can be lowercase or uppercase (`a`, `e`, `i`, `o`, `u`, `A`, `E`, `I`, `O`, `U`).
3. **Leading whitespace:** If a string starts with spaces before a vowel (e.g., `"" apple""`), should it be considered starting with a vowel? (By default, `^` matches the absolute start of the string, so `"" apple""` returns `False`. Stick to absolute start unless specified, but ensure the regex uses the start anchor `^`).
4. **Non-string inputs:** (Optional, but good to handle safely or assume valid string inputs per type hints).

**Plan / Approach:**
1. Import the `re` module.
2. Compile or use a regular expression pattern using the start-of-string anchor `^` followed by a character set of vowels: `r""^[aeiouAEIOU]""`.
3. Use `bool(re.match(pattern, s))` to evaluate the string. `re.match` automatically checks from the beginning of the string, making the `^` anchor explicit and robust.
4. Return the boolean result.",none,1,mbpp
mbpp_738,Write a function to calculate the geometric sum of n-1. https://www.w3resource.com/python-exercises/data-structures-and-algorithms/python-recursion-exercise-9.php,"HANDOFF MESSAGE FOR AGENT B:

1. Restatement of the Problem:
Write a recursive function in Python to calculate the geometric sum of $n-1$. 
A geometric sum is a series of numbers where each term after the first is found by multiplying the previous term by a fixed, non-zero number (specifically, the standard geometric series for this problem is represented as: $1 + 1/2 + 1/4 + 1/8 + ... + 1/2^{n-1}$). 

2. Exact Function Name and Signature:
`def geometric_sum(n):`
- Input: An integer `n` (representing the number of terms or the power limit).
- Output: A float representing the sum of the geometric series up to $n-1$.

3. Key Edge Cases to Handle:
- When `n = 0`, the function should return `0.0`.
- When `n = 1`, the function should return `1.0` (representing the first term $1/2^0$).
- Handle negative integers for `n` gracefully (return `0.0` or handle as appropriate for recursion termination).

4. Brief Plan/Approach:
- Use recursion, as specified by the algorithm exercise.
- Base case: If `n < 0`, return `0.0`. If `n == 0`, return `1.0` (or `0.0` depending on whether `n` is the number of terms. Standard implementation for this specific exercise: `if n < 0: return 0` else return `1.0 / (2 ** n) + geometric_sum(n - 1)` or similar recursive reduction).
- Specifically, the standard recursive formula for this w3resource problem is:
  `if n > 0:`
      `return 1.0 / (float)(pow(2, n)) + geometric_sum(n - 1)`
  `else:`
      `return 1` (or adjust based on whether `n` starts at the maximum power). Let's use:
  ```python
  def geometric_sum(n):
      if n < 0:
          return 0
      return 1.0 / (2 ** n) + geometric_sum(n - 1)
  ```
  Wait, let's verify: for $n=3$, terms are $1 + 1/2 + 1/4 + 1/8$. 
  Let's make sure the implementation strictly follows this recursive summation logic.",none,1,mbpp
mbpp_738,Write a function to calculate the geometric sum of n-1. https://www.w3resource.com/python-exercises/data-structures-and-algorithms/python-recursion-exercise-9.php,"HANDOFF MESSAGE FOR AGENT B: 1. Restatement of the Problem: Write a recursive function in Python to calculate the geometric sum of $n-1$. A geometric sum is a series of numbers where each term after the first is found by multiplying the previous term by a fixed, non-zero number (specifically, the standard geometric series for this problem is represented as: $1 + 1/2 + 1/4 + 1/8 + ... + 1/2^{n-1}$). 2. Exact Function Name and Signature: `def geometric_sum(n):` - Input: An integer `n` (representing the number of terms or the",truncation,0,mbpp
mbpp_740,Write a function to convert the given tuple to a key-value dictionary using adjacent elements. https://www.geeksforgeeks.org/python-convert-tuple-to-adjacent-pair-dictionary/,"**HANDOFF MESSAGE FOR AGENT B**

**Objective:**
Write a Python function that converts a given tuple into a dictionary where adjacent elements form key-value pairs. For example, the tuple `(1, 2, 3, 4, 5, 6)` should be converted into the dictionary `{1: 2, 3: 4, 5: 6}`.

**Function Signature:**
```python
def tuple_to_dict(tup: tuple) -> dict:
```

**Key Edge Cases to Handle:**
1. **Empty Tuple:** If the input tuple is empty `()`, the function should return an empty dictionary `{}`.
2. **Odd Number of Elements:** If the input tuple has an odd number of elements, decide on a handling strategy (typically, ignore the last unpaired element or raise a ValueError). Let's ignore the last unpaired element or assume valid even-length inputs based on standard GFG patterns, but ensure it doesn't throw an `IndexError`.
3. **Non-hashable Keys:** If an element intended to be a key is not hashable (though rare for standard tuples in this context), handle appropriately. 

**Plan / Approach:**
1. Use Python's slicing or zip function to iterate through the tuple in steps of 2.
2. Specifically, `zip(tup[0::2], tup[1::2])` pairs every even-indexed element with its adjacent odd-indexed element.
3. Pass this zipped iterator into the `dict()` constructor to create and return the final dictionary.
4. Ensure the implementation is concise, efficient, and handles edge cases gracefully.",none,1,mbpp
mbpp_742,Write a function to caluclate the area of a tetrahedron.,"**HANDOFF MESSAGE FOR AGENT B**

**Objective:**
Write a Python function to calculate the surface area of a regular tetrahedron. 

**Function Signature:**
```python
def calculate_tetrahedron_area(edge_length: float) -> float:
    """"""
    Calculates the total surface area of a regular tetrahedron given its edge length.
    """"""
```

**Key Edge Cases to Handle:**
- **Zero or Negative Edge Lengths:** The function should raise a `ValueError` if `edge_length` is less than or equal to $0$, as physical tetrahedra cannot have zero or negative dimensions.
- **Type Validation:** The function should handle numeric inputs (both `int` and `float`), but raise a `TypeError` if non-numeric inputs are provided.
- **Floating-Point Precision:** Ensure the calculation handles standard float precision appropriately.

**Plan / Approach:**
1. Validate the input `edge_length` to ensure it is a number and strictly greater than zero.
2. Use the mathematical formula for the surface area of a regular tetrahedron: 
   $$\text{Area} = \sqrt{3} \times a^2$$ 
   where $a$ is the length of an edge (since a regular tetrahedron consists of $4$ equilateral triangles, and the area of one is $\frac{\sqrt{3}}{4} a^2$).
3. Return the calculated float value.",none,1,mbpp
mbpp_743,Write a function to rotate a given list by specified number of items to the right direction. https://www.geeksforgeeks.org/python-program-right-rotate-list-n/,"HANDOFF MESSAGE FOR AGENT B:

Your task is to write a Python function that rotates a given list to the right by a specified number of items ($n$). 

Here are the precise requirements and details for your implementation:

### 1. Function Signature
```python
def right_rotate_list(lst: list, n: int) -> list:
    """"""
    Rotates the input list 'lst' to the right by 'n' positions.
    Returns a new list (or modifies in-place, but returning a new list is preferred for safety).
    """"""
```

### 2. Behavior
- Shifting to the right by 1 means the last element of the list moves to the index 0, and all other elements shift one position to the right.
- Example: `right_rotate_list([1, 2, 3, 4, 5], 2)` should result in `[4, 5, 1, 2, 3]`.

### 3. Key Edge Cases to Handle
- **$n$ is greater than the list length:** If $n > \text{len(lst)}$, the effective rotation is $n \pmod{\text{len(lst)}}$. Handle this so you don't do redundant full rotations.
- **Empty list:** If `lst` is empty (`[]`), return `[]` regardless of $n$.
- **$n = 0$ or $n$ is a multiple of list length:** Return a copy of the original list unchanged.
- **Negative $n$:** (Optional/Defensive) Though the problem specifies right rotation, consider if $n$ could be negative (treating it as a left rotation or handling it gracefully). At minimum, assume $n \ge 0$.

### 4. Recommended Approach
1. Handle the base case where `lst` is empty.
2. Normalize $n$ using modulo arithmetic: `n = n % len(lst)`.
3. If `n == 0`, return `lst.copy()`.
4. Slice the list to separate the last $n$ elements and the remaining elements, then concatenate them:
   `return lst[-n:] + lst[:-n]`",none,1,mbpp
mbpp_744,Write a function to check if the given tuple has any none value or not.,"**HANDOFF MESSAGE FOR AGENT B**

**Objective:**
Write a Python function that checks whether a given tuple contains any `None` values. It should return `True` if at least one element in the tuple is `None`, and `False` otherwise.

**Function Signature:**
```python
def has_none(tup: tuple) -> bool:
```

**Key Edge Cases to Handle:**
1. **Empty Tuple:** `()` should return `False` (no `None` values present).
2. **Tuple with no `None` values:** e.g., `(1, 2, 3)` should return `False`.
3. **Tuple with `None` at various positions:** e.g., `(None, 1)`, `(1, None, 3)`, or `(1, 2, None)` should all return `True`.
4. **Tuple with multiple `None` values:** e.g., `(None, None)` should return `True`.
5. **Non-tuple inputs (optional safety):** Ensure the function handles or expects a tuple as specified.

**Brief Plan / Approach:**
- Use Python's built-in `any()` function combined with a generator expression to efficiently check for `None`.
- The condition inside `any()` will check if an element is strictly equal to `None` (`x is None`).
- This approach ensures short-circuit evaluation (it stops checking as soon as the first `None` is found, making it $O(N)$ time complexity and $O(1)$ space complexity).

*Example implementation outline:*
```python
def has_none(tup: tuple) -> bool:
    return any(x is None for x in tup)
```",none,1,mbpp
mbpp_746,Write a function to find area of a sector. The function takes the radius and angle as inputs. Function should return None if the angle is larger than 360 degrees.,"**HANDOFF MESSAGE FOR AGENT B**

**Function Requirement:**
Write a Python function that calculates the area of a circle's sector given its radius and central angle. 

**Exact Function Signature:**
```python
def sector_area(radius: float, angle: float) -> float | None:
    """"""
    Calculates the area of a sector.
    :param radius: The radius of the circle (assumed to be non-negative).
    :param angle: The central angle of the sector in degrees.
    :return: The area of the sector, or None if the angle > 360.
    """"""
```

**Key Edge Cases to Handle:**
1. **Angle Greater than 360:** If `angle > 360`, the function must immediately return `None`.
2. **Angle or Radius equal to 0:** Should correctly compute and return `0.0`.
3. **Negative Inputs:** While not explicitly restricted by the prompt other than the 360-degree rule, you may assume standard numeric inputs (or optionally handle negative values if needed, though standard formula application is sufficient).

**Brief Plan / Approach:**
1. Check if `angle > 360`. If so, return `None`.
2. Use the sector area formula: $\text{Area} = \pi \times r^2 \times \left(\frac{\theta}{360}\right)$, where $r$ is the `radius` and $\theta$ is the `angle`.
3. Use Python's built-in `math.pi` for high precision.
4. Return the calculated float value.",none,1,mbpp
mbpp_746,Write a function to find area of a sector. The function takes the radius and angle as inputs. Function should return None if the angle is larger than 360 degrees.,"**HANDOFF MESSAGE FOR AGENT B** **Function Requirement:** Write a Python function that calculates the area of a circle's sector given its radius and central angle. **Exact Function Signature:** ```python def sector_area(radius: float, angle: float) -> float | None: """""" Calculates the area of a sector. :param radius: The radius of the circle (assumed to be non-negative). :param angle: The",truncation,0,mbpp
mbpp_746,Write a function to find area of a sector. The function takes the radius and angle as inputs. Function should return None if the angle is larger than 360 degrees.,"**HANDOFF MESSAGE FOR AGENT B**

**Function Requirement:**
Write a Python function that calculates the area of a circle's sector given its radius and central angle. 

**Exact Function Signature:**


**Key Edge Cases to Handle:**

**Brief Plan / Approach:**",tool_result_drop,0,mbpp
mbpp_748,Write a function to put spaces between words starting with capital letters in a given string.,"HANDOFF MESSAGE FOR AGENT B:

Goal: Write a Python function that inserts spaces before words that start with a capital letter in a given camelCase or PascalCase string (e.g., ""camelCaseString"" becomes ""camel Case String"").

Function Signature:
`def put_spaces_between_capital_letters(s: str) -> str:`

Key Edge Cases to Handle:
1. Empty strings `""""` should return `""""`.
2. Strings with no capital letters should remain unchanged.
3. Strings starting with a capital letter (e.g., ""PascalCase"") should not have a leading space.
4. Consecutive capital letters (e.g., acronyms like ""HTMLParser"") should be handled gracefully (usually treated as separate words or kept together depending on standard regex approaches, but a simple regex lookahead is preferred: insert a space before any uppercase letter that is preceded by a lowercase letter, or followed by a lowercase letter if it's part of a new word). Let's use the standard regex pattern: `re.sub(r'(?<!^)(?=[A-Z])', ' ', s)`.

Plan/Approach:
1. Import the `re` module.
2. Use `re.sub` with a positive lookahead regex `(?<!^)(?=[A-Z])` to find positions immediately before capital letters (excluding the very beginning of the string).
3. Replace those positions with a space `"" ""`.
4. Return the modified string.",none,1,mbpp
mbpp_752,"Write a function to find the nth jacobsthal number. https://www.geeksforgeeks.org/jacobsthal-and-jacobsthal-lucas-numbers/ 0, 1, 1, 3, 5, 11, 21, 43, 85, 171, 341, 683, 1365, 2731, ...","**HANDOFF MESSAGE FOR AGENT B**

**Objective:**
Write a Python function that calculates the $n$-th Jacobsthal number. 

**Background:**
The Jacobsthal sequence is a divisibility sequence defined by the recurrence relation:
- $J(0) = 0$
- $J(1) = 1$
- $J(n) = J(n-1) + 2 \cdot J(n-2)$ for $n \ge 2$

The sequence starts as follows: 0, 1, 1, 3, 5, 11, 21, 43, 85, 171, 341, 683, 1365, 2731, ...

**Function Signature:**
```python
def jacobsthal(n: int) -> int:
    """"""
    Returns the n-th Jacobsthal number.
    """"""
```

**Key Edge Cases to Handle:**
- $n = 0$: Should return `0`.
- $n = 1$: Should return `1`.
- Negative integers ($n < 0$): Should raise a `ValueError` or return an appropriate error handling since the sequence is defined for non-negative integers.
- Large values of $n$: Implement efficiently to avoid recursion depth limits or exponential time complexity.

**Recommended Approach:**
- Use an iterative approach (using a loop or dynamic programming array) with $O(n)$ time complexity and $O(1)$ space complexity by keeping track of the last two computed values. 
- Avoid naive recursion as it runs in $O(2^n)$ time.",none,1,mbpp
mbpp_754,"We say that an element is common for lists l1, l2, l3 if it appears in all three lists under the same index. Write a function to find common elements from three lists. The function should return a list.","### HANDOFF MESSAGE FOR AGENT B

**Task Overview:**
Write a Python function that identifies common elements across three given lists (`l1`, `l2`, `l3`). An element is considered ""common"" if it appears in *all three lists at the exact same index*. The function must return a new list containing these elements.

**Function Signature:**
```python
def find_common_elements(l1: list, l2: list, l3: list) -> list:
```

**Key Edge Cases to Handle:**
1. **Empty Lists:** If any of the input lists are empty, the function should return an empty list `[]`.
2. **Different Lengths:** The lists may have different lengths. Comparison should only be performed up to the length of the *shortest* list (indices beyond the shortest list cannot exist in all three).
3. **Duplicate Elements:** If the same value appears at the same index across all three lists multiple times, include it as many times as it appears (standard positional matching).
4. **Data Types:** Inputs will be standard Python lists containing comparable hashable or non-hashable types (integers, strings, etc.).

**Implementation Plan / Approach:**
1. Determine the length of the shortest list among `l1`, `l2`, and `l3` to avoid `IndexError`.
2. Iterate through indices from `0` to `min(len(l1), len(l2), len(l3)) - 1` using a loop or list comprehension.
3. For each index, check if `l1[i] == l2[i] == l3[i]`.
4. If the condition is met, append `l1[i]` to the result list.
5. Return the result list.",none,1,mbpp
mbpp_754,"We say that an element is common for lists l1, l2, l3 if it appears in all three lists under the same index. Write a function to find common elements from three lists. The function should return a list.",Comparison should only be performed up to the length of the *shortest* list (indices beyond the shortest list cannot exist in all three).,over_summarization,0,mbpp
mbpp_758,Write a function to count lists within a list. The function should return a dictionary where every list is converted to a tuple and the value of such tuple is the number of its occurencies in the original list.,"**HANDOFF MESSAGE FOR AGENT B**

**Objective:**
Write a Python function that counts the occurrences of inner lists within a main list. Because lists are unhashable and cannot be used as dictionary keys, each inner list must be converted into a tuple. The function should return a dictionary mapping each converted tuple to its frequency in the original list.

**Function Signature:**
```python
def count_lists_in_list(lst: list) -> dict:
    """"""
    Counts occurrences of lists within a list, converting lists to tuples.
    """"""
    pass
```

**Key Requirements & Edge Cases:**
1. **List-to-Tuple Conversion:** Every list found inside the main list must be converted to a tuple so it can be used as a dictionary key. 
2. **Nested Lists:** If the inner lists themselves contain nested lists, those inner-most lists must *also* be converted to tuples recursively (otherwise, an inner list inside an inner list will still be unhashable).
3. **Non-list Elements:** The main list might contain elements that are not lists (e.g., integers, strings, dicts). Decide how to handle them: typically, non-list elements should be ignored or kept as-is, but the prompt specifically asks to count *lists within a list*. Let's focus on extracting and converting the list elements, or if the entire structure is a list of lists, convert and count all of them. *Self-correction:* Iterate through the main list, check if an element is a list, convert it (and any nested lists recursively) to a tuple, and count occurrences.
4. **Empty Lists:** An empty list `[]` should be converted to an empty tuple `()` and counted correctly.
5. **No Lists Found:** If the main list contains no lists, return an empty dictionary `{}`.

**Step-by-Step Plan:**
1. Create a helper function (or recursive function) to deeply convert any list (and its nested descendants) into a tuple.
2. Iterate through the input `lst`. For each element, check if it is a `list`. 
3. If it is a list, apply the conversion helper to turn it into a hashable tuple.
4. Use a `collections.Counter` or a standard dictionary to tally the frequencies of these converted tuples.
5. Return the resulting dictionary.",none,1,mbpp
mbpp_758,Write a function to count lists within a list. The function should return a dictionary where every list is converted to a tuple and the value of such tuple is the number of its occurencies in the original list.,"**Nested Lists:** If the inner lists themselves contain nested lists, those inner-most lists must *also* be converted to tuples recursively (otherwise, an inner list inside an inner list will still be unhashable).",over_summarization,0,mbpp
mbpp_759,Write a function to check whether a given string is a decimal number with a precision of 2.,"**HANDOFF MESSAGE FOR AGENT B**

Your task is to implement a Python function that validates whether a given string represents a valid decimal number with a maximum precision of 2 decimal places.

### Function Signature
```python
def is_valid_decimal_precision_2(s: str) -> bool:
    """"""
    Checks if a given string is a decimal number with up to 2 decimal places.
    """"""
    pass
```

### Requirements & Edge Cases to Handle
1. **Valid formats**: 
   - Integers without decimals (e.g., `""123""`, `""-45""`, `""+0""`) are valid.
   - Decimals with 1 or 2 digits after the decimal point (e.g., `""12.3""`, `""45.67""`, `""0.05""`, `""-0.1""`) are valid.
2. **Invalid formats**:
   - More than 2 digits after the decimal point (e.g., `""12.345""` -> `False`).
   - Multiple decimal points (e.g., `""12.34.5""` -> `False`).
   - Invalid characters/letters (e.g., `""12.3a""`, `""abc""` -> `False`).
   - Empty strings or strings with only whitespace/signs (e.g., `""""`, `""   ""`, `""+""`, `""-""`, `"".""`, `""-. ""` -> `False`).
   - Trailing/leading decimal points without digits (e.g., `""12.""` -> usually considered invalid unless specified, let's treat strictly: require at least one digit after the decimal if a decimal point is present, or decide based on standard float parsing. To be safe, require digits on both sides or at least one valid number part. Let's enforce: optional leading sign, digits before an optional single decimal point, and 1 to 2 digits after the decimal point if the point exists).
   - Loose inputs like `"".5""` (valid in some contexts, but let's decide: standard numeric strings like `""0.5""` vs `"".5""`. To be robust, handle standard float representations).

### Recommended Approach
1. Use regular expressions for a clean and precise match.
2. Construct a regex pattern that matches:
   - An optional sign (`+` or `-`).
   - Followed by digits.
   - Followed optionally by a decimal point and 1 to 2 digits.
   - Alternatively, handle cases where digits are only after the decimal (like `"".5""`).
3. **Regex Suggestion**: 
   `r'^[+-]?(\d+(\.\d{1,2})?|\.\d{1,2})$'`
   *Wait, let's refine to ensure standalone decimal points like `"".""` don't pass.* The above pattern requires at least one digit either before or after the decimal.
   - Examples matched: `""123""`, `""12.3""`, `""12.34""`, `"".5""`, `""-.5""`, `""+12.3""`.
   - Examples rejected: `""12.""`, `""12.345""`, `"".""`, `""abc""`.
4. Return `bool` (`True` if it matches the pattern, `False` otherwise).",none,1,mbpp
mbpp_760,Write a python function to check whether a list of numbers contains only one distinct element or not.,"Agent B, your task is to write a Python function that determines whether a given list of numbers contains only a single distinct element (i.e., all elements in the list are identical).

Here are the requirements for your implementation:

- **Function Signature:** `def has_single_distinct_element(numbers: list) -> bool:`
- **Behavior:** Return `True` if all numbers in the list are the exact same value, and `False` otherwise.
- **Key Edge Cases to Handle:**
  - **Empty list (`[]`):** Decide how to handle this. Usually, an empty list has zero distinct elements, so returning `False` is standard. Please implement it this way.
  - **Single-element list (`[x]`):** Should return `True` since there is only one distinct element.
  - **Lists with mixed types or floats/integers:** Ensure it correctly handles numeric comparisons (e.g., `[1, 1.0]` should be considered the same if values are equal, or just standard equality).
- **Brief Plan/Approach:**
  - First, check if the list is empty and return `False`.
  - The most pythonic and efficient way to check if all elements are equal is to compare the length of the set of the list to 1 (i.e., `len(set(numbers)) == 1`), or compare every element to the first element (`all(x == numbers[0] for x in numbers)`). Using a set approach is generally $O(N)$ and very concise.

Write the code for this function now. Output only the code when you are done.",none,1,mbpp
mbpp_762,Write a function to check whether the given month number contains 30 days or not. Months are given as number from 1 to 12.,"**Handoff Message for Agent B:**

**1. Restatement of the Problem**
We need to write a function that determines whether a given month number (from 1 to 12) contains exactly 30 days. It should return `True` if the month has 30 days, and `False` otherwise. 

**2. Exact Function Name & Signature**
```python
def is_30_day_month(month: int) -> bool:
    """"""
    Checks if the given month number (1-12) contains 30 days.
    """"""
```

**3. Key Edge Cases to Handle**
- **Months with 30 days:** April (4), June (6), September (9), and November (11) should return `True`.
- **Months with 31 days:** January (1), March (3), May (5), July (7), August (8), October (10), and December (12) should return `False`.
- **February (2):** Should return `False`.
- **Invalid inputs:** Month numbers outside the 1–12 range (e.g., `<= 0`, `> 12`, or non-integer inputs if applicable) should safely return `False` or raise a `ValueError` (handling with a simple range check `1 <= month <= 12` is recommended).

**4. Brief Plan / Approach**
- Validate that the input `month` is an integer between 1 and 12. If not, return `False`.
- Use a set or a tuple containing the 30-day month numbers: `(4, 6, 9, 11)`.
- Check if the input `month` is in that set/tuple and return the boolean result directly.",none,1,mbpp
mbpp_762,Write a function to check whether the given month number contains 30 days or not. Months are given as number from 1 to 12.,"- **Invalid inputs:** Month numbers outside the 1–12 range (e.g., `<= 0`, `> 12`, or non-integer inputs if applicable) should safely return `False` or raise a `ValueError` (handling with a simple range check `1 <= month <= 12` is recommended).",over_summarization,0,mbpp
mbpp_764,Write a python function to count number of digits in a given string.,"**HANDOFF MESSAGE FOR AGENT B**

**Objective:**
Write a Python function that counts and returns the total number of numeric digits (0 through 9) present in a given input string.

**Function Signature:**
```python
def count_digits(s: str) -> int:
    """"""
    Counts the number of digit characters in the input string.
    """"""
    pass
```

**Key Edge Cases to Handle:**
1. **Empty string (`""""`):** Should return `0`.
2. **Strings with no digits:** (e.g., `""hello world!""`) Should return `0`.
3. **Strings with only digits:** (e.g., `""12345""`), mixed alphanumeric strings (e.g., `""abc123xyz""`), and strings with special characters or whitespace.
4. **Non-string inputs:** Consider if type validation is needed (e.g., returning `0` or raising a `TypeError`, though assuming a valid string input is standard unless specified otherwise).

**Brief Plan / Approach:**
- Iterate through each character in the string `s`.
- Use the built-in string method `.isdigit()` on each character to check if it is a numeric digit.
- Alternatively, use a generator expression with `sum()` for a concise, pythonic solution: `sum(1 for char in s if char.isdigit())`.
- Return the accumulated count.",none,1,mbpp
mbpp_767,"Write a python function to count the number of pairs whose sum is equal to ‘sum’. The funtion gets as input a list of numbers and the sum,","**HANDOFF MESSAGE FOR AGENT B**

**1. Function Restatement**
Write a Python function that counts the number of unique pairs (or index-based pairs, depending on standard interpretation—usually distinct pairs of elements by value or index; let's count pairs by index) in a given list of numbers whose sum equals a specified target sum. 

**2. Function Signature**
```python
def count_pairs_with_sum(numbers: list[int | float], target_sum: int | float) -> int:
```
*(Note: You can name the parameters `numbers` and `sum`, but avoid using `sum` as a parameter name since it shadows the built-in Python `sum()` function. Use `target_sum` or similar).*

**3. Key Edge Cases to Handle**
- Empty lists or lists with fewer than 2 elements should return `0`.
- Lists containing negative numbers, zeros, and floating-point numbers.
- Handling duplicate values correctly (e.g., if the target is 4, and the list is `[2, 2, 2]`, decide whether to count all valid index pairs or unique value pairs. Standard approach: count all valid index pairs using a frequency hash map).

**4. Brief Plan / Approach**
- Use a hash map (dictionary) to keep track of the frequency of numbers seen so far as you iterate through the list.
- For each number `num`, calculate its complement: `complement = target_sum - num`.
- If the complement exists in the hash map, add its frequency to your total pair count.
- Then, increment the frequency of `num` in the hash map.
- This provides an optimal $O(n)$ time complexity solution.",none,1,mbpp
mbpp_778,Write a function to pack consecutive duplicates of a given list elements into sublists.,"**HANDOFF MESSAGE FOR AGENT B**

**Objective:**
Write a Python function that takes a list of elements and packs consecutive duplicates of those elements into separate sublists, preserving the original order.

**Function Signature:**
```python
def pack_consecutive_duplicates(lst: list) -> list:
```

**Edge Cases to Handle:**
1. **Empty list (`[]`):** Should return an empty list `[]`.
2. **List with a single element (`[x]`):** Should return `[[x]]`.
3. **List with all identical elements (`[x, x, x]`):** Should return `[[x, x, x]]`.
4. **List with no duplicates (`[1, 2, 3]`):** Should return `[[1], [2], [3]]`.
5. **Data types:** The list can contain mixed data types (integers, strings, floats, etc.); equality comparisons should work natively.

**Plan / Approach:**
1. Initialize an empty result list (e.g., `packed = []`) and a temporary sublist to track the current run of consecutive duplicates (e.g., `current_sublist = []`).
2. Iterate through the input list element by element.
3. For the first element, or if the current element equals the previous element, append it to `current_sublist`.
4. If the current element is *different* from the previous element:
   - Append the completed `current_sublist` to `packed`.
   - Start a new `current_sublist` with the current element.
5. After the loop finishes, make sure to append the final `current_sublist` to `packed` (if the input list wasn't empty).
6. Return `packed`.",none,1,mbpp
mbpp_779,"Write a function to count the number of lists within a list. The function should return a dictionary, where every list is turned to a tuple, and the value of the tuple is the number of its occurrences.","HANDOFF MESSAGE FOR AGENT B:

You need to write a Python function that counts the frequency of lists contained within a given main list. Since lists are unhashable and cannot be used as dictionary keys, each inner list must be converted into a tuple.

**Function Signature:**
```python
def count_lists_in_list(main_list: list) -> dict:
```

**Behavior & Requirements:**
- Traverse the input `main_list`.
- Identify all elements that are themselves lists.
- Convert each of those inner lists into tuples.
- Count the occurrences of each unique converted tuple.
- Return a dictionary where the keys are the converted tuples and the values are their integer counts.

**Edge Cases to Handle:**
- Empty lists inside the main list (e.g., `[[], []]` should return `{(): 2}`).
- Nested lists *within* the inner lists (lists inside lists). Note: Python tuples are hashable only if their contents are hashable. If inner lists contain further nested lists, those must also be recursively converted to tuples so they can serve as valid dictionary keys.
- Main list containing no lists at all (should return an empty dictionary `{}`).
- Non-list elements in the main list (e.g., integers, strings) should be ignored.

**Plan / Approach:**
1. Create a helper function or recursive logic to deep-convert any list (and any nested lists within it) into tuples.
2. Iterate through the elements of `main_list`.
3. Check if an element is a list. If so, convert it (and its children recursively) to a tuple.
4. Use a frequency-counting dictionary (or `collections.Counter`) to keep track of how many times each tuple appears.
5. Return the resulting dictionary.",none,1,mbpp
mbpp_784,Write a function to find the product of first even and odd number of a given list.,"**HANDOFF MESSAGE FOR AGENT B**

**Objective:**
Write a Python function that finds the product of the first even number and the first odd number found in a given list of integers.

**Function Signature:**
```python
def product_first_even_odd(numbers: list[int]) -> int:
    pass
```

**Key Edge Cases to Handle:**
1. **Missing Numbers:** What if the list contains *only* even numbers or *only* odd numbers (no pair can be formed)? Return `None` (or a specified indicator, but `None` is standard).
2. **Empty List:** If the input list is empty, return `None`.
3. **Zero:** Zero is an even number. Ensure it is correctly identified as even (e.g., `0 % 2 == 0`).
4. **Negative Numbers:** Negative numbers should be evaluated for even/odd parity using standard modulo operations (e.g., `-3 % 2 != 0` is odd).

**Plan / Approach:**
1. Initialize two variables, `first_even` and `first_odd`, to `None`.
2. Iterate through the `numbers` list sequentially.
3. Check each number's parity:
   - If `first_even` is still `None` and the number is even (`num % 2 == 0`), assign it to `first_even`.
   - If `first_odd` is still `None` and the number is odd (`num % 2 != 0`), assign it to `first_odd`.
4. (Optional optimization) Once both `first_even` and `first_odd` have been found, you can break the loop early.
5. After the loop, check if both `first_even` and `first_odd` were successfully found. If either is `None`, return `None`.
6. Otherwise, return the product: `first_even * first_odd`.",none,1,mbpp
mbpp_784,Write a function to find the product of first even and odd number of a given list.,"**HANDOFF MESSAGE FOR AGENT B**

**Objective:**
Write a Python function that finds the product of the first even number and the first odd number found in a given list of integers.

 **Function Signature:**
```python
def product_first_even_odd(numbers: list[int]) -> int:
    pass
```

**Key Edge Cases to Handle:**
1. **Missing Numbers:** What if the list contains *only* even numbers or *only* odd numbers (no pair can be formed)? Return `None` (or a specified indicator, but `None` is standard).
 2. **Empty List:** If the input list is empty, return `None`.
 3. **Zero:** Zero is an even number. 4. **Negative Numbers:** Negative numbers should be evaluated for even/odd parity using standard modulo operations (e.g., `-3 % 2 != 0` is odd).

 **Plan / Approach:**
1. Initialize two variables, `first_even` and `first_odd`, to `None`.
 2. Iterate through the `numbers` list sequentially.
 3. Check each number's parity:
   - If `first_even` is still `None` and the number is even (`num % 2 == 0`), assign it to `first_even`.
   - If `first_odd` is still `None` and the number is odd (`num % 2 != 0`), assign it to `first_odd`.
4. (Optional optimization) Once both `first_even` and `first_odd` have been found, you can break the loop early.
 5. After the loop, check if both `first_even` and `first_odd` were successfully found. If either is `None`, return `None`.
 6. Otherwise, return the product: `first_even * first_odd`.",entity_omission,0,mbpp
mbpp_785,Write a function to convert tuple string to integer tuple.,"Agent B, here is your task for the coding pipeline. 

**Function Objective:**
Write a Python function that takes a string representation of a tuple (containing integers) and converts it into an actual Python tuple of integers.

**Function Signature:**
```python
def str_to_int_tuple(tuple_str: str) -> tuple[int, ...]:
    ```

**Key Edge Cases to Handle:**
1. **Whitespace:** The input string may contain arbitrary whitespace around parentheses, commas, and numbers (e.g., `""( 1, 2, 3 )""`).
2. **Empty Tuples:** Handle empty or whitespace-only tuple representations like `""""`, `""()""`, or `""(   )""` by returning an empty tuple `()`.
3. **Single-Element Tuples:** Properly parse single-element tuples which include a trailing comma (e.g., `""(1,)""`).
4. **Invalid Formats/Types:** Raise appropriate exceptions (like `ValueError` or `TypeError`) if the string is malformed or contains non-integer values (e.g., floats, strings, or missing parentheses if strict parsing is expected).

**Brief Plan / Approach:**
1. Clean the input string by stripping leading/trailing whitespace.
2. Validate that the string starts with `'('` and ends with `')'`. If not, raise a `ValueError`.
3. Extract the inner content between the outer parentheses.
4. If the inner content is empty (after stripping), return `()`.
5. Split the inner content by commas (`,`).
6. Iterate through each split item, strip whitespace, convert to an `int`, and collect them into a tuple.
7. Return the resulting tuple. (Alternatively, evaluate safely using `ast.literal_eval` combined with type checking to ensure it results in a tuple of integers).",none,1,mbpp
mbpp_785,Write a function to convert tuple string to integer tuple.,"Agent B, here is your task for the coding pipeline. **Function Objective:** Write a Python function that takes a string representation of a tuple (containing integers) and converts it into an actual Python tuple of integers. **Function Signature:** ```python def str_to_int_tuple(tuple_str: str) -> tuple[int, ...]: ``` **Key Edge Cases to Handle:** 1. **Whitespace:** The input string may contain arbitrary whitespace around parentheses, commas, and numbers (e.g., `""( 1, 2, 3",truncation,0,mbpp
mbpp_793,Write a python function to find the last position of an element in a sorted array.,"HANDOFF MESSAGE FOR AGENT B:

You need to write a Python function that finds the last (maximum) index of a given target element in a sorted array. If the target is not present in the array, the function should return -1.

**Function Signature:**
```python
def find_last_position(arr: list[int], target: int) -> int:
```

**Key Edge Cases to Handle:**
1. **Target not present:** Return `-1` if the target is nowhere in the array.
2. **Empty array (`arr = []`):** Return `-1`.
3. **Single element array:** Correctly handle when the single element matches or does not match the target.
4. **All elements match the target:** Return the index of the very last element.
5. **Duplicates:** The array is sorted, so duplicates will be contiguous. You must ensure you find the *rightmost* occurrence, not the first.

**Recommended Approach:**
- Use a modified **Binary Search** for optimal $O(\log N)$ time complexity.
- Maintain `low = 0` and `high = len(arr) - 1`, along with a variable `result = -1`.
- When `arr[mid] == target`, record `mid` as a potential answer (`result = mid`) and continue searching in the **right half** (`low = mid + 1`) to check if the target appears later.
- If `arr[mid] < target`, move right (`low = mid + 1`).
- If `arr[mid] > target`, move left (`high = mid - 1`).
- Return `result`.",none,1,mbpp
mbpp_794,"Write a function that matches a string that has an 'a' followed by anything, ending in 'b'.","Here is the handoff message for Agent B:

**Task Restatement:**
Write a Python function that determines if a given string matches a specific pattern: it must start with the character 'a', followed by any sequence of characters (including empty), and end with the character 'b'. 

**Function Signature:**
```python
def match_a_and_b(s: str) -> bool:
    """"""
    Returns True if the string 's' starts with 'a' and ends with 'b', False otherwise.
    """"""
```

**Key Edge Cases to Handle:**
1. Strings shorter than 2 characters (e.g., `""a""`, `""b""`, `""""`) should return `False` because they cannot contain both the starting 'a' and ending 'b'.
2. The exact minimum valid string is `""ab""`, which should return `True`.
3. Strings that start with 'b' and end with 'a' (e.g., `""ba""`) should return `False`.
4. Strings that contain 'a' and 'b' in the wrong order or multiple nested patterns (e.g., `""ba...ab""`) should be evaluated strictly based on the *start* and *end* conditions.
5. Non-string inputs (if applicable, though standard type hinting assumes `str`).

**Plan / Approach:**
Use Python's built-in string methods for a clean, efficient, and readable solution:
1. Check if the length of the string is at least 2.
2. Check if the string starts with `'a'` using `s.startswith('a')`.
3. Check if the string ends with `'b'` using `s.endswith('b')`.
4. Return the logical `AND` of these conditions. 

Alternatively, a regular expression using `^a.*b$` can also be used, but built-in string methods are preferred for simplicity and performance.",none,1,mbpp
mbpp_796,Write function to find the sum of all items in the given dictionary.,"HANDOFF MESSAGE FOR AGENT B:

You need to write a Python function that calculates and returns the sum of all items (values) in a given dictionary. 

**Function Signature:**
`def sum_dictionary_items(d: dict) -> (int, float):`
*(Note: Return type should support numerical additions, such as int or float based on the dictionary values).*

**Key Edge Cases to Handle:**
1. **Empty dictionary:** Should return `0` (or `0.0`).
2. **Non-numeric values:** Decide how to handle keys whose values are not numbers (e.g., strings, nested dicts). A safe approach is to either assume all values are numeric as per standard prompts, or use a conditional check (`isinstance(v, (int, float))`) to sum only numerical values and ignore/raise an error for others. Let's sum only numerical values and ignore non-numeric ones to be robust, defaulting to 0 if none are found.
3. **Negative numbers:** Ensure negative numbers are subtracted correctly (standard addition handles this).

**Plan / Approach:**
1. Initialize a total sum variable to `0`.
2. Iterate through the values of the dictionary using `d.values()`.
3. Check if each value is an instance of `int` or `float`.
4. Add the valid numerical values to the running total.
5. Return the final sum.",none,1,mbpp
mbpp_796,Write function to find the sum of all items in the given dictionary.,"A safe approach is to either assume all values are numeric as per standard prompts, or use a conditional check (`isinstance(v, (int, float))`) to sum only numerical values and ignore/raise an error for others.",over_summarization,0,mbpp
mbpp_798,Write a python function to find the sum of an array.,"HANDOFF MESSAGE FOR AGENT B:

Please write a Python function that calculates the sum of all elements in an array (list of numbers).

**Function Signature:**
```python
def array_sum(arr: list) -> (int, float):
    pass
```

**Key Edge Cases to Handle:**
1. **Empty Array:** Should return `0` (or `0.0` depending on types).
2. **Single-element Array:** Should return that single element's value.
3. **Negative Numbers:** Should handle negative numbers correctly (standard addition).
4. **Floating-point Numbers:** Should handle floats correctly without precision loss beyond standard Python float behavior.

**Plan / Approach:**
- You can implement this simply and efficiently using Python's built-in `sum()` function, or by iterating through the array with an accumulator variable.
- Include basic type checking or ensure the list contains numeric types if necessary, though standard Python duck typing for numbers is sufficient.
- Provide the function implementation ready for use.",none,1,mbpp
mbpp_800,Write a function to remove all whitespaces from a string.,"### Handoff Message for Agent B

Your task is to implement a Python function that removes all whitespace characters from a given string.

#### Function Signature
```python
def remove_whitespace(s: str) -> str:
    """"""
    Removes all whitespace characters (spaces, tabs, newlines, etc.) from the input string.
    """"""
```

#### Key Edge Cases to Handle
1. **Empty string (`""""`)**: Should return an empty string.
2. **Strings with only whitespace (e.g., `""   \n\t""`)**: Should return an empty string.
3. **Strings with no whitespace (e.g., `""hello""`)**: Should return the original string unchanged.
4. **Mixed whitespace and characters (e.g., `""h e l l o \n world""`)**: Should remove spaces, tabs, and newlines entirely, resulting in `""helloworld""`.
5. **Non-string inputs**: Though type-hinted as `str`, consider how to handle invalid types gracefully if necessary, or assume valid string input per standard competitive programming assumptions.

#### Proposed Approach
Use Python's built-in string manipulation or regex capabilities. 
- *Option A*: Use `.split()` combined with `"""".join(...)`, which splits the string by any whitespace and joins the tokens back together.
- *Option B*: Use `str.translate` with `str.maketrans` or the `re` module to substitute all whitespace characters (`\s`) with an empty string: `re.sub(r'\s+', '', s)`. 

*Recommendation*: `"""".join(s.split())` is very pythonic and efficient, but ensure it meets the exact requirement (note: `s.split()` removes *all* whitespace tokens and normalizes internal spacing, which is equivalent to removing all whitespace when joined). Alternatively, `"""".join(c for c in s if not c.isspace())` guarantees exact character-by-character filtering without altering word boundaries if spaces were meant to be collapsed (though the prompt asks to ""remove all whitespaces"", so both approaches yield identical results). Let's use `"""".join(c for c in s if not c.isspace())` or regex for clarity and safety.",none,1,mbpp
mbpp_803,Write a function to check whether the given number is a perfect square or not. https://www.geeksforgeeks.org/check-if-given-number-is-perfect-square-in-cpp/,"AGENT B HANDOFF MESSAGE:

1. Function Objective:
Write a function that determines whether a given non-negative integer is a perfect square (i.e., whether its square root is an integer).

2. Function Name & Signature (Python):
```python
def is_perfect_square(n: int) -> bool:
```

3. Key Edge Cases to Handle:
- `n = 0`: Should return `True` ($0 \times 0 = 0$).
- Negative numbers (`n < 0`): Should return `False` (since standard real-number perfect squares are non-negative).
- `n = 1`: Should return `True` ($1 \times 1 = 1$).
- Large integers: Ensure the approach avoids integer overflow and runs efficiently within logarithmic or constant time.

4. Brief Plan / Approach:
- Check if `n < 0`, return `False` immediately.
- Use integer square root methods or binary search between `0` and `n` to find if an integer `x` exists such that `x * x == n`. 
- Alternatively, compute the integer square root (e.g., `root = int(n**0.5)`) and check if `root * root == n`. Be mindful of floating-point precision issues for extremely large numbers, making binary search or integer-based Newton's method the safer robust approach.",none,1,mbpp
mbpp_804,Write a function to check whether the product of numbers in a list is even or not.,"HANDOFF MESSAGE FOR AGENT B:

You need to write a Python function that determines whether the product of all numbers in a given list is even.

- **Exact Function Signature:**
  `def is_product_even(numbers: list) -> bool:`

- **Behavior:**
  - Returns `True` if the product of the numbers in the list is even.
  - Returns `False` if the product is odd.

- **Key Edge Cases to Handle:**
  - Empty list: The product of an empty list is typically 1 (which is odd), so it should return `False`.
  - Zeroes present: A list containing `0` will have a product of `0`, which is even (`True`).
  - Negative numbers: Ensure parity is checked correctly with negative integers.
  - Non-integer numeric types (floats/ints): Handle standard numeric types appropriately.

- **Plan / Approach:**
  - Iterate through the list of numbers.
  - If any number in the list is even (i.e., `num % 2 == 0`), the overall product is guaranteed to be even, so you can immediately return `True` (short-circuiting for efficiency).
  - If you finish checking all numbers and find no even numbers (meaning all are odd, or the list is empty), return `False`.",none,1,mbpp
mbpp_805,Write a function that returns the list in a list of lists whose sum of elements is the highest.,"AGENT B HANDOFF:

Your task is to write a Python function that takes a list of lists of numbers and returns the specific sublist that has the maximum sum of its elements.

Function Signature:
```python
def max_sum_list(list_of_lists: list[list[int | float]]) -> list[int | float]:
```

Key Edge Cases to Handle:
- **Empty outer list:** If the input list is empty (`[]`), the function should handle it gracefully (e.g., raise a `ValueError` or return `None` as appropriate).
- **Empty sublists:** Sublists can be empty (`[]`), having a sum of `0`.
- **Negative numbers:** Sublists can contain negative numbers; sums should be calculated mathematically correct (e.g., `[-1, -2]` sums to `-3`, which is greater than `[-5, -10]` at `-15`).
- **Ties:** If multiple sublists share the exact same highest sum, return the first one that appears in the input list.

Approach:
1. Validate the input (check if the list is empty).
2. Use Python's built-in `max()` function with a custom `key` argument. Specifically, `max(list_of_lists, key=sum)`.
3. Return the result. This natively handles ties by picking the first occurrence and efficiently iterates through the structure.",none,1,mbpp
mbpp_805,Write a function that returns the list in a list of lists whose sum of elements is the highest.,"Key Edge Cases to Handle: - **Empty outer list:** If the input list is empty (`[]`), the function should handle it gracefully (e.g., raise a `ValueError` or return `None` as appropriate).",over_summarization,0,mbpp
he_145,"Write a function which sorts the given list of integers
in ascending order according to the sum of their digits.
Note: if there are several items with similar sum of their digits,
order them based on their index in original list.
For example:
>>> order_by_points([1, 11, -1, -11, -12]) == [-1, -11, 1, -12, 11]
>>> order_by_points([]) == []","HANDOFF MESSAGE FOR AGENT B:

You need to implement a Python function that sorts a list of integers based on the sum of their digits in ascending order. 

Here are the requirements and specifications:

1. **Function Signature:**
   `def order_by_points(nums: list) -> list:`

2. **Sorting Rules:**
   - Primary sort key: The sum of the digits of the integer (ascending order).
   - Secondary sort key (tie-breaker): The original index of the item in the input list (ascending order, maintaining stable relative positions).
   - Note on negative numbers: The digit sum should account for the negative sign (e.g., for `-11`, the sum of digits is `-(1 + 1) = -2`, or treat the minus sign appropriately. Wait, let's look at the example output to be sure:
     - Input: `[1, 11, -1, -11, -12]`
     - Digit sums according to expected output `[-1, -11, 1, -12, 11]`:
       - `-1` -> sum is `-1` (comes first)
       - `-11` -> sum is `-2`
       - `1` -> sum is `1`
       - `-12` -> sum is `-3`? Wait, let's check standard digit sum for negatives or how Python handles it. Actually, looking at the example `[-1, -11, 1, -12, 11]`:
         - `-1` (sum -1)
         - `-11` (sum -2)
         - `1` (sum 1)
         - `-12` (sum -3) -> Wait, if `-12` is before `11`, let's compute: sum of digits for negative numbers usually treats the `-` as part of the number or computes `-abs(n)` or sum of digits of string representation. Let's write a helper to compute digit sum: convert number to string, if it starts with `-`, make the first digit negative (e.g., `-11` -> `-1 + 1`? No, `-1 - 1 = -2` or `-1` and `1` sum to 0? Let's trace `-11`: string `'-11'`, negative sign times sum of digits of string characters excluding `-`? For `-11`, digits are `1, 1`, sum = `2`, with minus sign = `-2`. For `-1`, sum = `-1`. For `-12`, digits are `1, 2`, with minus = `-3`. Let's check order of sums: `-3` (-12), `-2` (-11), `-1` (-1), `1` (1), `2` (11). Sorted by sum: `-12` (-3), `-11` (-2), `-1` (-1), `1` (1), `11` (2). But the expected output is `[-1, -11, 1, -12, 11]`? Wait! 
         Let's re-verify the example: `order_by_points([1, 11, -1, -11, -12]) == [-1, -11, 1, -12, 11]`
         Let's check indices and values:
         - `1`: digits sum = 1
         - `11`: digits sum = 1 + 1 = 2
         - `-1`: digits sum = -1 (or if negative, maybe sign is applied to the first digit: `-1`)
         - `-11`: digits sum = `-1 + 1 = 0` or something?
         Let's use a standard robust implementation for digit sum of potentially negative numbers:
         ```python
         def digit_sum(n):
             s = str(n)
             total = 0
             is_negative = False
             for i, char in enumerate(s):
                 if char == '-':
                     is_negative = True
                 else:
                     total += int(char)
             return -total if is_negative else total
         ```
         Let's test this helper on the example:
         - `1` -> `1`
         - `11` -> `2`
         - `-1` -> `-1`
         - `-11` -> `-2`
         - `-12` -> `-3`
         Sorted by sum: `-12` (-3), `-11` (-2), `-1` (-1), `1` (1), `11` (2). That gives `[-12, -11, -1, 1, 11]`. But the prompt says `[-1, -11, 1, -12, 11]`.
         Wait! Let's check another common interpretation: sum of digits where negative sign just multiplies the sum, or maybe standard HumanEval problem ""order_by_points"":
         In HumanEval-X / standard HumanEval:
         ```python
         def digit_sum(n):
             neg = 1
             if n < 0:
                 n = -n
                 neg = -1
             return neg * sum(int(c) for c in str(n))
         ```
         Let's check this function with the example `[1, 11, -1, -11, -12]`:
         - `1`: `1`
         - `11`: `1 + 1 = 2`
         - `-1`: `-1 * 1 = -1`
         - `-11`: `-1 * (1 + 1) = -2`
         - `-12`: `-1 * (1 + 2) = -3`
         Sorted sums: `-3` (-12), `-2` (-11), `-1` (-1), `1` (1), `2` (11).
         Wait, why does the prompt say `order_by_points([1, 11, -1, -11, -12]) == [-1, -11, 1, -12, 11]`?
         Ah, let's look at the exact prompt text provided by the user:
         `>>> order_by_points([1, 11, -1, -11, -12]) == [-1, -11, 1, -12, 11]`
         Wait, let's check if the digits are summed as:
         `-1` -> `-1`
         `-11` -> `-1 + 1 = 0`? No, wait. If it's standard sum of digits in Python where `-11` digits are `1` and `1`? Wait, if someone does `sum(int(c) for c in str(n) if c.isdigit())`:
         - `1` -> 1
         - `11` -> 2
         - `-1` -> 1
         - `-11` -> 2
         - `-12` -> 3
         If sums are positive (ignoring minus sign):
         - `1` (1)
         - `-1` (1)
         - `11` (2)
         - `-11` (2)
         - `-12` (3)
         If there are ties in sum, order by original index!
         Let's check original indices:
         - `1` (index 0, sum 1)
         - `11` (index 1, sum 2)
         - `-1` (index 2, sum 1)
         - `-11` (index 3, sum 2)
         - `-12` (index 4, sum 3)
         If we group by sum:
       - Sum 1: `1` (idx 0), `-1` (idx 2) -> ordered by index: `1`, then `-1`? But expected has `-1` before `1`? Wait, `-1` has index 2, `1` has index 0. If expected has `-1` first, index order would put `1` first unless `-1` has a lower sum or something.
         Wait, what if the digit sum function for negative numbers treats `-` as `-` applied to the first digit, or sum of digits of `abs(n)` with a negative sign if negative?
         Let's re-read carefully: `order_by_points([1, 11, -1, -11, -12] == [-1, -11, 1, -12, 11])`.
         Let's define `digit_sum` precisely as:
         ```python
         def digit_sum(x):
             s = str(x)
             if s.startswith('-'):
                 # e.g. -11 -> negative sum or negative first digit?
                 # If -1 -> -1, -11 -> -2, etc.
                 return -sum(int(c) for c in s[1:])
             else:
                 return sum(int(c) for c in s)
         ```
         Wait, earlier we calculated sums with this formula:
         - `1` -> 1
         - `11` -> 2
         - `-1` -> -1
         - `-11` -> -2
         - `-12` -> -3
         Sorted by sum ascending:
         1. `-12` (-3)
         2. `-11` (-2)
         3. `-1` (-1)
         4. `1` (1)
         5. `11` (2)
         That gives `[-12, -11, -1, 1, 11]`, which is NOT `[-1, -11, 1, -12, 11]`.
         Wait, what if the sum is just `sum(int(c) for c in str(abs(n)))`? i.e., negative sign is ignored for digit sum:
         - `1` -> 1 (idx 0)
         - `11` -> 2 (idx 1)
         - `-1` -> 1 (idx 2)
         - `-11` -> 2 (idx 3)
         - `-12` -> 3 (idx 4)
         Let's group by sum (ignoring sign for sum, or using `sum(int(c) for c in str(n) if c.isdigit())`):
         - Sum 1: `1` (idx 0), `-1` (idx 2) -> Sorted by index: `1`, `-1`. Still doesn't match `-1` first.
         Wait, what if `-1` has sum `-1`, and negative numbers have their sign factored in, but how does `-1` come before `-11`?
         Wait! `-1` (sum -1), `-11` (sum -2). If sorted ascending by sum: `-2` comes before `-1`, so `-11` should be before `-1`. But expected is `[-1, -11, ...]`.
         Let's check standard HumanEval `order_by_points`:
         ""Write a function which sorts the given list of integers in ascending order according to the sum of their digits.
         Note: if there are several items with similar sum of their digits, order them based on their index in original list.""
         In HumanEval, how is `digit_sum` implemented for this specific problem?
         Usually:
         ```python
         def digit_sum(n):
             neg = False
             if n < 0:
                 n = abs(n)
                 neg = True
             s = sum(int(c) for c in str(n))
             return -s if neg else s
         ```
         Wait, if `-1` is `-1`, `-11` is `-2`, `-12` is `-3`, why would `-1` be before `-11` in the example?
         Let's check if the example in the prompt has a typo or if `digit_sum` for `-1` is `-1` and for `-11` is... wait!
         Is `-11` parsed as `-(1) + 1 = 0` or something? Or does `-11` sum of digits mean `-1 + 1 = 0`?
         If `-11` sum is `0`, `-1` sum is `-1`, `1` sum is `1`, `-12` sum is `-1` (`-1 + 2 = 1`? No).
         Let's look at the exact example: `order_by_points([1, 11, -1, -11, -12]) == [-1, -11, 1, -12, 11]`
         Let's test another rule: `sum` of digits where negative sign is applied to the first digit:
         For `-11`, digits are `-1` and `1`, sum = `0`.
         For `-12`, digits are `-1` and `2`, sum = `1`.
         For `-1`, digit is `-1`, sum = `-1`.
         For `1`, digit is `1`, sum = `1`.
         For `11`, digits are `1, 1`, sum = `2`.
         Let's list sums with this rule (`neg * first_digit + sum_of_rest`):
         - `-1`: `-1` (sum = -1)
         - `-11`: `-1 + 1 = 0` (sum = 0)
         - `1`: `1` (sum = 1)
         - `-12`: `-1 + 2 = 1` (sum = 1)
         - `11`: `2` (sum = 2)
         Let's check the sorted order by sum:
         1. `-1` (sum -1)
         2. `-11` (sum 0)
         3. `1` (sum 1, index 0)
         4. `-12` (sum 1, index 4) -> wait, index tie-breaker: `1` has index 0, `-12` has index 4. So `1` comes before `-12`.
         5. `11` (sum 2)
         Resulting sorted list: `[-1, -11, 1, -12, 11]`!
         IT MATCHES EXACTLY!

3. **Algorithm for Digit Sum:**
   To compute the digit sum correctly for any integer `n`:
   - Convert `n` to string `s = str(n)`.
   - If `s` starts with `-`:
     - The first digit after `-` is negative.
     - Sum = `-int(s[1]) + sum(int(c) for c in s[2:])`
   - Else:
     - Sum = `sum(int(c) for c in s)`

4. **Plan / Approach:**
   - Define a helper function `calc_sum(n)` using the exact logic above.
   - Use Python's stable sorting (`sorted()` or `list.sort()`) with a custom `key`.
   - Since Python's sort is stable, to break ties by original index automatically, we can either:
     - Use `sorted(nums, key=lambda x: (calc_sum(x), nums.index(x)))` — wait, `nums.index(x)` finds the *first* occurrence, which works fine if elements are unique or if we use `enumerate`:
     - `indexed_nums = [(num, i) for i, num in enumerate(nums)]`
     - `indexed_nums.sort(key=lambda item: (calc_sum(item[0]), item[1]))`
     - Return `[item[0] for item in indexed_nums]`
   - Handle empty list `[]` correctly (returns `[]`).

5. **Edge Cases:**
   - Empty list `[]` -> returns `[]`.
   - Negative numbers with multi-digits (handled by the custom `calc_sum`).
   - Duplicate values and numbers with identical digit sums (handled correctly via the original index tie-breaker).

Write the clean, well-commented code implementing this specification.",none,1,humaneval
he_145,"Write a function which sorts the given list of integers
in ascending order according to the sum of their digits.
Note: if there are several items with similar sum of their digits,
order them based on their index in original list.
For example:
>>> order_by_points([1, 11, -1, -11, -12]) == [-1, -11, 1, -12, 11]
>>> order_by_points([]) == []","HANDOFF MESSAGE FOR AGENT B: You need to implement a Python function that sorts a list of integers based on the sum of their digits in ascending order. Here are the requirements and specifications: 1. **Function Signature:** `def order_by_points(nums: list) -> list:` 2. **Sorting Rules:** - Primary sort key: The sum of the digits of the integer (ascending order). - Secondary sort key (tie-breaker): The original index of the item in the input list (ascending order, maintaining stable relative positions). - Note on negative numbers: The digit sum should account for the negative sign (e.g., for `-11`, the sum of digits is `-(1 + 1) = -2`, or treat the minus sign appropriately. Wait, let's look at the example output to be sure: - Input: `[1, 11, -1, -11, -12]` - Digit sums according to expected output `[-1, -11, 1, -12, 11]`: - `-1` -> sum is `-1` (comes first) - `-11` -> sum is `-2` - `1` -> sum is `1` - `-12` -> sum is `-3`? Wait, let's check standard digit sum for negatives or how Python handles it. Actually, looking at the example `[-1, -11, 1, -12, 11]`: - `-1` (sum -1) - `-11` (sum -2) - `1` (sum 1) - `-12` (sum -3) -> Wait, if `-12` is before `11`, let's compute: sum of digits for negative numbers usually treats the `-` as part of the number or computes `-abs(n)` or sum of digits of string representation. Let's write a helper to compute digit sum: convert number to string, if it starts with `-`, make the first digit negative (e.g., `-11` -> `-1 + 1`? No, `-1 - 1 = -2` or `-1` and `1` sum to 0? Let's trace `-11`: string `'-11'`, negative sign times sum of digits of string characters excluding `-`? For `-11`, digits are `1, 1`, sum = `2`, with minus sign = `-2`. For `-1`, sum = `-1`. For `-12`, digits are `1, 2`, with minus = `-3`. Let's check order of sums: `-3` (-12), `-2` (-11), `-1` (-1), `1` (1), `2` (11). Sorted by sum: `-12` (-3), `-11` (-2), `-1` (-1), `1` (1), `11` (2). But the expected output is `[-1, -11, 1, -12, 11]`? Wait! Let's re-verify the example: `order_by_points([1, 11, -1, -11, -12]) == [-1, -11, 1, -12, 11]` Let's check indices and values: - `1`: digits sum = 1 - `11`: digits sum = 1 + 1 = 2 - `-1`: digits sum = -1 (or if negative, maybe sign is applied to the first digit: `-1`) - `-11`: digits sum = `-1 + 1 = 0` or something? Let's use a standard robust implementation for digit sum of potentially negative numbers: ```python def digit_sum(n): s = str(n) total = 0 is_negative = False for i, char in enumerate(s): if char == '-': is_negative = True else: total += int(char) return -total if is_negative else total ``` Let's test this helper on the example: - `1` -> `1` - `11` -> `2` - `-1` -> `-1` - `-11` -> `-2` - `-12` -> `-3` Sorted by sum: `-12` (-3), `-11` (-2), `-1` (-1), `1` (1),",truncation,0,humaneval
he_145,"Write a function which sorts the given list of integers
in ascending order according to the sum of their digits.
Note: if there are several items with similar sum of their digits,
order them based on their index in original list.
For example:
>>> order_by_points([1, 11, -1, -11, -12]) == [-1, -11, 1, -12, 11]
>>> order_by_points([]) == []","Actually, looking at the example `[-1, -11, 1, -12, 11]`: - `-1` (sum -1) - `-11` (sum -2) - `1` (sum 1) - `-12` (sum -3) -> Wait, if `-12` is before `11`, let's compute: sum of digits for negative numbers usually treats the `-` as part of the number or computes `-abs(n)` or sum of digits of string representation.",over_summarization,0,humaneval
mbpp_096,Write a python function to find the number of divisors of a given integer.,"HANDOFF MESSAGE FOR AGENT B:

Your task is to write a Python function that calculates the total number of divisors for a given integer.

**Function Signature:**
```python
def count_divisors(n: int) -> int:
```

**Requirements & Edge Cases:**
1. **Input:** An integer `n`.
2. **Output:** An integer representing the count of all positive divisors of `n`.
3. **Edge Cases:**
   - Negative numbers: Divisors should be counted for the absolute value of the number (e.g., `count_divisors(-6)` should return `4`, since the divisors of `-6` are `1, 2, 3, 6` or their negatives, and we count positive divisors).
   - Zero (`0`): By convention, if `n = 0`, it has infinitely many divisors. You should handle this by either returning `0` or raising a `ValueError`. Let's return `0` for safety.
   - One (`1`): Should return `1`.
   - Prime numbers: Should return `2` (1 and the number itself).

**Approach:**
- Iterate from `i = 1` up to the integer square root of `abs(n)` (`isqrt(abs(n))`).
- For each `i`, if `i` divides `abs(n)` evenly:
  - If `i` is the square root (i.e., `i * i == abs(n)`), add `1` to the divisor count.
  - Otherwise, add `2` to the count (accounting for both `i` and `abs(n) // i`).
- Return the total count. This ensures an efficient $O(\sqrt{n})$ time complexity.",none,1,mbpp
mbpp_096,Write a python function to find the number of divisors of a given integer.,"- For each `i`, if `i` divides `abs(n)` evenly: - If `i` is the square root (i.e., `i * i == abs(n)`), add `1` to the divisor count.",over_summarization,0,mbpp
mbpp_125,Write a function to find the maximum difference between the number of 0s and number of 1s in any sub-string of the given binary string.,"**Handoff Message for Agent B**

**Objective:**
You need to write a function that finds the maximum difference between the number of `0`s and the number of `1`s in any substring of a given binary string. The ""difference"" is defined as `(count of 0s) - (count of 1s)` for a chosen substring. 

**Function Signature:**
```python
def max_difference_zeros_ones(s: str) -> int:
    """"""
    Finds the maximum difference between the number of 0s and 1s in any substring of s.
    Difference = (count of 0s) - (count of 1s).
    """"""
```

**Key Edge Cases to Handle:**
1. **All 1s string (e.g., `""111""`):** The maximum difference should be `-1` (since every substring will have more 1s than 0s, and we want the max, a single '1' gives a difference of -1).
2. **All 0s string (e.g., `""000""`):** The maximum difference should be equal to the length of the string (e.g., `3`).
3. **Empty string (e.g., `""""`):** The problem implies a binary string, but if an empty string is passed, decide on a safe return (e.g., `0` or raise an error, though standard binary string constraints usually mean non-empty). Let's return `0` if `s` is empty.
4. **Alternating characters (e.g., `""01010""`):** Ensure subarrays are evaluated correctly.

**Approach / Algorithm:**
1. This can be solved efficiently in $O(N)$ time using **Kadane's Algorithm** (similar to the Maximum Subarray Sum problem).
2. Transform the problem by mapping the characters:
   - Treat every `'0'` as `+1`
   - Treat every `'1'` as `-1`
3. Now, finding the substring with the maximum `(count of 0s) - (count of 1s)` is mathematically equivalent to finding the **maximum subarray sum** of this mapped array of `+1`s and `-1`s.
4. Implement Kadane's algorithm:
   - Initialize `max_so_far` and `current_max` to the value of the first mapped element (or `0` if handling empty inputs).
   - Iterate through the mapped values, updating `current_max = max(val, current_max + val)` and `max_so_far = max(max_so_far, current_max)`.
5. Return `max_so_far`.",none,1,mbpp
mbpp_125,Write a function to find the maximum difference between the number of 0s and number of 1s in any sub-string of the given binary string.,"**Handoff Message for Agent B**

**Objective:**
You need to write a function that finds the maximum difference between the number of `0`s and the number of `1`s in any substring of a given binary string. The ""difference"" is defined as `(count of 0s) - (count of 1s)` for a chosen substring. 

 **Function Signature:**
```python
def max_difference_zeros_ones(s: str) -> int:
    """"""
    Finds the maximum difference between the number of 0s and 1s in any substring of s.
    Difference = (count of 0s) - (count of 1s).
     """"""
```

**Key Edge Cases to Handle:**
1. **All 1s string (e.g., `""111""`):** The maximum difference should be equal to the length of the string (e.g., `3`).
 3. **Empty string (e.g., `""""`):** The problem implies a binary string, but if an empty string is passed, decide on a safe return (e.g., `0` or raise an error, though standard binary string constraints usually mean non-empty). Let's return `0` if `s` is empty.
 4. Ensure subarrays are evaluated correctly.

 This can be solved efficiently in $O(N)$ time using **Kadane's Algorithm** (similar to the Maximum Subarray Sum problem).
 2. Transform the problem by mapping the characters:
   - Treat every `'0'` as `+1`
   - Treat every `'1'` as `-1`
3. Now, finding the substring with the maximum `(count of 0s) - (count of 1s)` is mathematically equivalent to finding the **maximum subarray sum** of this mapped array of `+1`s and `-1`s.
4. Return `max_so_far`.",entity_omission,0,mbpp
mbpp_125,Write a function to find the maximum difference between the number of 0s and number of 1s in any sub-string of the given binary string.,"**Handoff Message for Agent B**

**Objective:**
You need to write a function that finds the maximum difference between the number of s and the number of s in any substring of a given binary string. The ""difference"" is defined as  for a chosen substring. 

**Function Signature:**


**Key Edge Cases to Handle:**

**Approach / Algorithm:**",tool_result_drop,0,mbpp
mbpp_125,Write a function to find the maximum difference between the number of 0s and number of 1s in any sub-string of the given binary string.,"Now, finding the substring with the maximum `(count of 0s) - (count of 1s)` is mathematically equivalent to finding the **maximum subarray sum** of this mapped array of `+1`s and `-1`s.",over_summarization,0,mbpp
mbpp_132,Write a function to convert a tuple to a string.,"HANDOFF MESSAGE FOR AGENT B:

Your task is to write a Python function that converts a given tuple into a string representation. 

**Function Signature:**
```python
def tuple_to_string(t: tuple) -> str:
```

**Key Requirements & Edge Cases:**
1. **Empty Tuple:** `()` should return `""""` (an empty string).
2. **Tuple of Characters:** E.g., `('h', 'e', 'l', 'l', 'o')` should ideally be joined into `""hello""`. However, be mindful if the tuple contains non-string elements.
3. **Mixed Types:** If the tuple contains integers, floats, or other types (e.g., `(1, 2, 3)` or `(1, ""apple"", 3.5)`), convert each element to a string before combining them.
4. **Formatting:** Decide on a clean concatenation approach. For a tuple of characters meant to form a word, `"""".join(str(item) for item in t)` is standard. For general tuples, you may want to represent them similarly to `str(t)` or join them with a delimiter. Given standard expectations for ""converting a tuple to a string"", using `"""".join(str(x) for x in t)` for character-like tuples or falling back to `str(t)` if it's a general collection should be considered. Let's specify: assume the primary use case is joining elements together (or converting elements to strings and joining them), but ensure it handles non-string types gracefully.

**Plan/Approach:**
1. Check if the input is indeed a tuple (raise a `TypeError` if not).
2. Iterate through the elements of the tuple, converting each element to a string (`str(item)`).
3. Join the resulting strings together. (Use `"""".join(...)` as the primary implementation strategy).
4. Return the resulting string.",none,1,mbpp
mbpp_132,Write a function to convert a tuple to a string.,"HANDOFF MESSAGE FOR AGENT B:

Your task is to write a Python function that converts a given tuple into a string representation. 

**Function Signature:**


**Key Requirements & Edge Cases:**

**Plan/Approach:**",tool_result_drop,0,mbpp
mbpp_222,Write a function to check if all the elements in tuple have same data type or not.,"**Handoff Message for Agent B:**

**Task Overview:**
Write a Python function that checks whether all elements in a given tuple share the exact same data type.

**Function Signature:**
```python
def check_same_data_type(tup: tuple) -> bool:
    """"""
    Checks if all elements in the tuple have the same data type.
    """"""
```

**Key Edge Cases to Handle:**
1. **Empty tuple (`()`):** Should return `True` (vacuously true, or as defined by standard convention since there are no conflicting types).
2. **Single-element tuple (`(val,)`):** Should return `True`.
3. **Tuples with mixed types:** E.g., `(1, 2, ""a"")` should return `Rising` / `False`.
4. **Tuples with numeric subtypes:** Be mindful of `int` vs `float` (e.g., `(1, 2.0)` should return `False` because `type(1)` is `int` and `type(2.0)` is `float`).

**Approach / Plan:**
1. Check if the tuple is empty; if so, return `True`.
2. Extract the type of the first element using `type(tup[0])`.
3. Iterate through the remaining elements of the tuple and check if `type(element)` matches the first element's type.
4. Alternatively, use a generator expression with `all()`:
   ```python
   if not tup:
       return True
   first_type = type(tup[0])
   return all(type(item) is first_type for item in tup)
   ```
5. Return the boolean result.",none,1,mbpp
mbpp_284,Write a function that takes in a list and element and checks whether all items in the list are equal to the given element.,"HANDOFF MESSAGE FOR AGENT B:

You need to write a Python function that checks if every single item in a given list is equal to a specified target element.

**Function Signature:**
```python
def check_all_equal(lst: list, element) -> bool:
```

**Key Edge Cases to Handle:**
1. **Empty List (`lst = []`):** Should return `True` (vacuous truth) or handle gracefully without throwing errors.
2. **Type Mismatch:** Different types that might compare equal (e.g., `1` and `1.0`) should be handled naturally via standard Python equality (`==`).
3. **Large Lists:** The solution should be efficient (ideally short-circuiting on the first non-matching element).

**Plan / Approach:**
- Use Python's built-in `all()` function combined with a generator expression: `return all(item == element for item in lst)`.
- This ensures $O(N)$ time complexity and $O(1)$ space complexity, while automatically handling empty lists and short-circuiting on the first mismatch.",none,1,mbpp
mbpp_309,Write a python function to find the maximum of two numbers.,"Handoff Message for Agent B:

1. **Restatement:** You need to write a Python function that determines and returns the maximum of two given numbers.

2. **Function Signature:** 
   ```python
   def max_of_two(a, b):
   ```

3. **Key Edge Cases to Handle:**
   - Both numbers are equal (the function should return either number).
   - Negative numbers, floating-point numbers, and mixed integer/float inputs.
   - Very large numbers (Python handles arbitrarily large integers automatically, but ensure standard comparison operators work).

4. **Plan/Approach:**
   - Use Python's built-in conditional logic (e.g., `if a > b:` return `a`, else return `b`) or the built-in `max(a, b)` function.
   - Include type hinting/docstrings if appropriate, and ensure it handles standard numerical types (`int`, `float`).",none,1,mbpp
mbpp_309,Write a python function to find the maximum of two numbers.,"Handoff Message for Agent B: 1. **Restatement:** You need to write a Python function that determines and returns the maximum of two given numbers. 2. **Function Signature:** ```python def max_of_two(a, b): ``` 3.",truncation,0,mbpp
mbpp_309,Write a python function to find the maximum of two numbers.,"Handoff Message for Agent B:


   

",tool_result_drop,0,mbpp
mbpp_470,Write a function to find the pairwise addition of the neighboring elements of the given tuple.,"HANDOFF MESSAGE FOR AGENT B:

You need to write a Python function that performs pairwise addition on neighboring elements of a given tuple. 

**Function Signature:**
`def pairwise_addition(tup: tuple) -> tuple:` (or list, but returning a tuple is preferred to match the input type, or a list of sums; let's specify returning a tuple of sums).

**Behavior:**
Given a tuple of numbers $(a_0, a_1, a_2, a_3, \dots)$, compute the sum of adjacent pairs: $(a_0 + a_1, a_1 + a_2, a_2 + a_3, \dots)$.

**Key Edge Cases to Handle:**
1. **Empty tuple `()`:** Should return an empty tuple `()`.
2. **Single-element tuple `(x,)`:** Since there are no neighboring pairs, it should return an empty tuple `()`.
3. **Tuples with negative numbers, floats, or mixed numeric types:** Ensure addition handles them correctly.

**Approach/Plan:**
1. Check the length of the input tuple. If the length is less than 2, return `()`.
2. Use a generator expression or a list comprehension with `zip()` to pair each element with its neighbor: `tuple(x + y for x, y in zip(tup[:-1], tup[1:]))`.
3. Return the resulting tuple.",none,1,mbpp
mbpp_557,Write a function to toggle the case of all characters in a string.,"Handoff Message for Agent B:

1. **Function Purpose**: Write a function that toggles the case of all alphabetic characters in a given input string (i.e., convert lowercase letters to uppercase and uppercase letters to lowercase, while leaving non-alphabetic characters unchanged).

2. **Function Signature**:
   ```python
   def toggle_case(s: str) -> str:
   ```

3. **Key Edge Cases to Handle**:
   - Empty strings (`""""`) should return an empty string.
   - Strings with no alphabetic characters (e.g., numbers, punctuation, spaces like `""123!@#""`) should remain unchanged.
   - Mixed strings containing letters, numbers, and symbols (e.g., `""Hello, World! 123""` -> `""hELLO, wORLD! 123""`).
   - Unicode/accented characters (handled properly by standard string methods if applicable).

4. **Brief Plan/Approach**:
   - Iterate through each character in the input string.
   - Check if the character is uppercase or lowercase (using `.isupper()` and `.islower()`, or Python's built-in `.swapcase()` method which handles this natively and efficiently).
   - Alternatively, use a list comprehension with `.swapcase()` on each character or directly call `s.swapcase()` on the entire string, as it is optimized for this exact operation.
   - Join the resulting characters back into a string and return it.",none,1,mbpp
mbpp_557,Write a function to toggle the case of all characters in a string.,"Handoff Message for Agent B: 1. **Function Purpose**: Write a function that toggles the case of all alphabetic characters in a given input string (i.e., convert lowercase letters to uppercase and uppercase letters to lowercase, while leaving non-alphabetic characters unchanged). 2. **Function Signature**: ```python def toggle_case(s: str) -> str: ``` 3. **Key Edge Cases",truncation,0,mbpp
mbpp_599,Write a function to find sum and average of first n natural numbers.,"Agent B, please implement the following function based on these specifications:

- **Function Goal**: Calculate both the sum and the average of the first $n$ natural numbers (1 through $n$).
- **Exact Function Signature**: `def sum_and_average_natural_numbers(n: int) -> tuple[int | float, float]:`
- **Return Value**: A tuple containing `(sum, average)`, where sum is an integer (or float if large, but int for standard $n$) and average is a float.
- **Key Edge Cases to Handle**:
  - $n \le 0$: Should raise a `ValueError` (since natural numbers start at 1, and 0 or negative inputs are invalid for this definition).
  - $n = 1$: Sum is 1, average is 1.0.
- **Approach/Plan**:
  1. Validate that $n > 0$. If not, raise `ValueError`.
  2. Use the mathematical formula for the sum of the first $n$ natural numbers: $\text{sum} = \frac{n \times (n + 1)}{2}$ to achieve $O(1)$ time complexity.
  3. Calculate the average by dividing the sum by $n$.
  4. Return the result as a tuple `(sum_val, avg_val)`.",none,1,mbpp
mbpp_599,Write a function to find sum and average of first n natural numbers.,"Agent B, please implement the following function based on these specifications:
",tool_result_drop,0,mbpp
mbpp_599,Write a function to find sum and average of first n natural numbers.,"- **Exact Function Signature**: `def sum_and_average_natural_numbers(n: int) -> tuple[int | float, float]:` - **Return Value**: A tuple containing `(sum, average)`, where sum is an integer (or float if large, but int for standard $n$) and average is a float.",over_summarization,0,mbpp
mbpp_635,Write a function to sort the given list.,"HANDOFF MESSAGE FOR AGENT B:

Your task is to write a Python function that sorts a given list in-place and also returns the sorted list. 

**Function Signature:**
```python
def sort_list(lst: list) -> list:
```

**Key Edge Cases to Handle:**
1. Empty lists (`[]`) should return an empty list without error.
2. Lists with a single element (`[x]`) should return the single-element list.
3. Lists with duplicate elements (e.g., `[3, 1, 4, 1, 5, 9]`) should handle duplicates correctly.
4. Lists containing negative numbers, mixed positive/negative numbers, or floating-point numbers should be sorted accurately.
5. Non-list inputs (if applicable) should ideally be handled gracefully, but you can assume the input is a valid list of comparable items (all numbers or all strings).

**Plan / Approach:**
- Use Python's built-in Timsort algorithm via the `.sort()` method or the `sorted()` function, as it provides optimal $O(n \log n)$ time complexity and handles all standard data types and edge cases natively.
- Ensure the function modifies the original list and returns it, or returns a new sorted list depending on standard convention (implementing `sorted()` internally is generally safest).",none,1,mbpp
mbpp_731,Write a function to find the lateral surface area of a cone given radius r and the height h.,"HANDOFF MESSAGE FOR AGENT B:

You need to write a Python function that calculates the lateral surface area of a cone given its radius $r$ and height $h$.

**Function Signature:**
```python
def cone_lateral_surface_area(r: float, h: float) -> float:
```

**Mathematical Background:**
- The lateral surface area of a cone is given by the formula: $\text{Area} = \pi \times r \times l$
- Where $l$ is the slant height, calculated using the Pythagorean theorem: $l = \sqrt{r^2 + h^2}$
- Therefore, $\text{Area} = \pi \times r \times \sqrt{r^2 + h^2}$

**Key Edge Cases to Handle:**
- **Zero or Negative Inputs:** If either $r \le 0$ or $h \le 0$, the function should raise a `ValueError` (since a physical cone must have positive dimensions).
- **Type Handling:** Inputs should be numeric (int or float).

**Approach:**
1. Import `pi` and `sqrt` from the `math` module.
2. Validate that `r > 0` and `h > 0`. If not, raise `ValueError`.
3. Compute the slant height $l = \sqrt{r^2 + h^2}$.
4. Compute and return the lateral surface area ($\pi \times r \times l$).",none,1,mbpp
mbpp_734,Write a python function to find sum of products of all possible sublists of a given list. https://www.geeksforgeeks.org/sum-of-products-of-all-possible-subarrays/,"### HANDOFF MESSAGE FOR AGENT B

**Task:** Write a Python function that calculates the sum of products of all possible sublists (subarrays) of a given list of numbers.

**Function Signature:**
```python
def sum_of_products(arr: list[int] -> int:
    pass
```

**Key Edge Cases to Handle:**
1. **Empty list (`[]`):** Should return `0`.
2. **Single-element list (`[x]`):** Should return `x` (since the only sublist is `[x]`, and its product is `x`).
3. **Lists with zeros:** Ensure products are correctly calculated when zeros are present.
4. **Large inputs:** The naive approach of generating all sublists takes $O(n^3)$ or $O(n^2)$ time, which may be inefficient. Aim for an optimal $O(n)$ time complexity approach if possible.

**Brief Plan / Approach:**
- There is a mathematical property/trick to solve this efficiently in $O(n)$ time. 
- Notice that if we want the sum of products of all subarrays, we can maintain a running sum. 
- Alternatively, consider the contribution of each element or use dynamic programming. 
- *Mathematical insight:* For an array, the sum of products of all subarrays can be found by iterating through the elements. Let's maintain `prev_sum` representing the sum of products of all subarrays ending at the previous index. For the current element `x`, the new subarrays ending here include `[x]` plus all previous subarrays extended by `x`. Thus, `current_sum = x * (1 + prev_sum)`. We accumulate `current_sum` to the total result.
- Implement this efficiently and write clean, documented code with tests covering the edge cases.",none,1,mbpp
mbpp_734,Write a python function to find sum of products of all possible sublists of a given list. https://www.geeksforgeeks.org/sum-of-products-of-all-possible-subarrays/,"**Function Signature:**
```python
def sum_of_products(arr: list[int] -> int:
    pass
```

**Key Edge Cases to Handle:**
1. **Empty list (`[]`):** Should return `0`.
 3. **Lists with zeros:** Ensure products are correctly calculated when zeros are present.
 4. **Large inputs:** The naive approach of generating all sublists takes $O(n^3)$ or $O(n^2)$ time, which may be inefficient. - Notice that if we want the sum of products of all subarrays, we can maintain a running sum. 
- Alternatively, consider the contribution of each element or use dynamic programming. 
 - *Mathematical insight:* For an array, the sum of products of all subarrays can be found by iterating through the elements. Let's maintain `prev_sum` representing the sum of products of all subarrays ending at the previous index. For the current element `x`, the new subarrays ending here include `[x]` plus all previous subarrays extended by `x`. Thus, `current_sum = x * (1 + prev_sum)`. We accumulate `current_sum` to the total result.
- Implement this efficiently and write clean, documented code with tests covering the edge cases.",entity_omission,0,mbpp
mbpp_739,Write a python function to find the index of smallest triangular number with n digits. https://www.geeksforgeeks.org/index-of-smallest-triangular-number-with-n-digits/,"HANDOFF MESSAGE FOR AGENT B:

You need to write a Python function that finds the index of the smallest triangular number that contains exactly $n$ digits.

### Function Signature
```python
def find_triangular_number_index(n: int) -> int:
    pass
```

### Problem Background & Definitions
- The $k$-th triangular number $T_k$ is given by the formula: 
  $$T_k = \frac{k(k + 1)}{2}$$
- We want to find the smallest integer $k$ (the index) such that $T_k$ has $n$ digits.
- For example, if $n = 1$, the 1st triangular number is 1 (1 digit), so the index is 1. If $n = 2$, the 4th triangular number is 10 (2 digits), so the index is 4.

### Key Edge Cases to Handle
- $n = 1$: The smallest 1-digit triangular number is 1, which is at index 1.
- Valid input range for $n$: Typically $n \ge 1$. You may assume standard positive integers for $n$.
- Performance: As $n$ grows (e.g., $n \ge 10$), the index $k$ can become quite large. Avoid inefficient $O(k)$ linear scans where possible, or use a mathematical approximation/bound to start the search efficiently.

### Suggested Approach
1. Determine the mathematical lower bound for the $n$-digit triangular numbers. An $n$-digit number lies in the range $[10^{n-1}, 10^n - 1]$.
2. Using the quadratic formula derived from $T_k \approx \frac{k^2}{2} = 10^{n-1}$, you can estimate the starting index $k$:
   $$k \approx \sqrt{2 \cdot 10^{n-1}}$$
3. Start checking triangular numbers from this estimated index (or simply loop incrementally if performance permits for reasonable $n$) and check the number of digits using `len(str(T_k))` or mathematical logarithm ($\lfloor \log_{10}(T_k) \rfloor + 1 == n$).
4. Return the first index $k$ that satisfies the condition.",none,1,mbpp
mbpp_745,Write a function to find numbers within a given range from startnum ti endnum where every number is divisible by every digit it contains. https://www.w3resource.com/python-exercises/lambda/python-lambda-exercise-24.php,"**HANDOFF MESSAGE FOR AGENT B**

**Function Requirement:**
Write a Python function that finds all numbers within a given inclusive range (`startnum` to `endnum`) where every number is divisible by *every* non-zero digit it contains. Note that any number containing the digit `0` should be excluded, as division by zero is undefined.

**Exact Function Signature:**
```python
def divisible_by_digits(startnum: int, endnum: int) -> list[int]:
    """"""
    Returns a list of integers between startnum and endnum (inclusive) 
    where each number is divisible by all of its constituent digits.
    """"""
    pass
```

**Key Edge Cases to Handle:**
1. **Digit '0' in a number:** If a number contains the digit `0` (e.g., 10, 102), it must be skipped immediately to avoid a `ZeroDivisionError`.
2. **Single-digit numbers:** Numbers from 1 to 9 are always divisible by themselves and should be included if they fall within the range.
3. **Invalid/Reversed Ranges:** If `startnum > endnum`, return an empty list `[]`.

**Brief Plan/Approach:**
1. Loop through every integer `n` from `startnum` to `endnum` inclusive.
2. For each number, convert it to a string to easily inspect its individual digits.
3. Convert each character back to an integer. If any digit is `0`, invalidate/skip the number.
4. Check if `n % digit == 0` for all digits. 
5. If it passes the condition for all its digits, append `n` to the results list.
6. Return the final list of integers.",none,1,mbpp
mbpp_747,Write a function to find the longest common subsequence for the given three string sequence. https://www.geeksforgeeks.org/lcs-longest-common-subsequence-three-strings/,"Handoff Message for Agent B:

You need to write a Python function that finds the length of the Longest Common Subsequence (LCS) for three given strings. 

**Function Signature:**
```python
def lcs_of_three(s1: str, s2: str, s3: str) -> int:
```

**Task Details:**
- Compute and return the length of the longest subsequence common to all three input strings (`s1`, `s2`, and `s3`).
- A subsequence is derived from a string by deleting some or no characters without changing the order of the remaining characters.

**Key Edge Cases to Handle:**
- One or more strings are empty (should return `0`).
- Strings have no common characters (should return `0`).
- Strings are completely identical.
- Strings of varying lengths.

**Brief Plan / Approach:**
- Use a 3D dynamic programming approach, similar to the classic 2D LCS problem, but extended to three dimensions.
- Initialize a 3D list (or memoization table) of dimensions `(len(s1) + 1) x (len(s2) + 1) x (len(s3) + 1)` with zeros.
- Iterate through indices `i`, `j`, and `k` for `s1`, `s2`, and `s3` respectively:
  - If `s1[i-1] == s2[j-1] == s3[k-1]`, then `dp[i][j][k] = 1 + dp[i-1][j-1][k-1]`.
  - Otherwise, `dp[i][j][k] = max(dp[i-1][j][k], dp[i][j-1][k], dp[i][j][k-1])`.
- Return the value at `dp[len(s1)][len(s2)][len(s3)]`. Ensure time and space efficiency (e.g., using `O(N*M*K)` time complexity).",none,1,mbpp
mbpp_766,Write a function to return a list of all pairs of consecutive items in a given list.,"Agent B, please implement the function based on the following specifications:

- **Objective**: Write a function that takes a list of items and returns a list of all pairs of consecutive items. For example, given `[1, 2, 3, 4]`, it should return `[(1, 2), (2, 3), (3, 4)]`.
- **Exact Function Signature**: 
  ```python
  def get_consecutive_pairs(lst: list) -> list:
  ```
- **Key Edge Cases to Handle**:
  - Empty list `[]`: Should return an empty list `[]`.
  - Single-item list `[1]`: Should return an empty list `[]` (since no consecutive pairs can be formed).
  - Lists with duplicate elements, mixed data types, or non-list iterables (raise a `TypeError` if appropriate, or handle gracefully).
- **Plan / Approach**:
  - Iterate through the list using a standard `for` loop with an index up to `len(lst) - 1`.
  - In each iteration, pair the element at index `i` with the element at index `i + 1` (e.g., as a tuple).
  - Alternatively, use Python's `zip` function: `list(zip(lst[:-1], lst[1:]))` for a concise and Pythonic implementation. Make sure to account for edge cases where `len(lst) < 2`.",none,1,mbpp
mbpp_766,Write a function to return a list of all pairs of consecutive items in a given list.,"Agent B, please implement the function based on the following specifications:

  ",tool_result_drop,0,mbpp
mbpp_771,Write a function to check if the given expression is balanced or not. https://www.geeksforgeeks.org/check-for-balanced-parentheses-in-an-expression/,"**HANDOFF MESSAGE FOR AGENT B**

**Objective:**
Write a function that checks whether a given string expression containing parentheses and other bracket characters is balanced (i.e., every opening bracket has a corresponding closing bracket in the correct order).

**Function Signature:**
```python
def is_balanced(expression: str) -> bool:
    """"""
    Checks if the brackets in the given expression are balanced.
    Supported bracket types: (), {}, []
    """"""
    pass
```

**Key Edge Cases to Handle:**
1. **Empty string or string with no brackets:** Should return `True` (vacuously balanced).
2. **Unmatched closing brackets at the start:** E.g., `"")(""` or `""]""` -> should return `False`.
3. **Unclosed opening brackets at the end:** E.g., `""(""` or `""{[()""` -> should return `False`.
4. **Mismatched brackets:** E.g., `""(]""` or `""{[}]""` -> should return `False`.
5. **Mixed characters:** Expressions containing letters, numbers, and whitespace alongside brackets (these non-bracket characters should be ignored).

**Approach / Plan:**
1. Use a **Stack** data structure (a Python list works well, using `append()` for push and `pop()` for pop).
2. Define a mapping of closing brackets to their corresponding opening brackets: `{'': '(', '}': '{', ']': '['}`.
3. Iterate through each character in the `expression`:
   - If the character is an opening bracket (`'(', '{', '['`), push it onto the stack.
   - If the character is a closing bracket (`')', '}', ']'`):
     - Check if the stack is empty. If it is, return `False` (no matching opening bracket).
     - Pop the top element from the stack and verify that it matches the expected opening bracket for the current closing bracket. If it doesn't match, return `False`.
4. After the loop finishes, return `True` if the stack is completely empty (all brackets matched), otherwise return `False` (remaining unclosed opening brackets).",none,1,mbpp
mbpp_771,Write a function to check if the given expression is balanced or not. https://www.geeksforgeeks.org/check-for-balanced-parentheses-in-an-expression/,- Pop the top element from the stack and verify that it matches the expected opening bracket for the current closing bracket.,over_summarization,0,mbpp
mbpp_772,Write a function to remove all the words with k length in the given string.,"HANDOFF MESSAGE FOR AGENT B:

Goal: Write a Python function that removes all words of length $k$ from a given input string.

Function Signature:
`def remove_words_of_length_k(text: str, k: int) -> str:`

Key Requirements & Edge Cases to Handle:
1. **Definition of a word**: Words are separated by whitespace.
2. **Punctuation**: Decide how to handle punctuation attached to words (standard approach is to split by whitespace, but if a word includes punctuation like ""hello,"", its length includes the punctuation unless specified. For simplicity, assume words are separated by spaces, or clarify if punctuation stripping is needed. Let's stick to standard whitespace splitting: a word is any whitespace-delimited token).
3. **Empty strings / No words**: If the input string is empty or contains only spaces, return an empty string (or appropriate whitespace).
4. **No words of length k**: If no words match the length $k$, return the original string (with normalized spaces).
5. **Multiple spaces**: The output should ideally maintain clean spacing (single spaces between remaining words) or preserve the exact spacing structure. Let's aim for single-space separation of remaining words to avoid double spaces.

Approach:
1. Split the input string into a list of words using `.split()`.
2. Filter out any word whose length (`len(word)`) is equal to $k$.
3. Join the remaining words back into a single string using `' '`.
4. Return the resulting string.",none,1,mbpp
mbpp_772,Write a function to remove all the words with k length in the given string.,"**Punctuation**: Decide how to handle punctuation attached to words (standard approach is to split by whitespace, but if a word includes punctuation like ""hello,"", its length includes the punctuation unless specified.",over_summarization,0,mbpp
mbpp_791,Write a function to remove tuples from the given tuple.,"Handoff Message for Agent B:

1. **Restatement of the Problem:**
Write a Python function that takes a tuple (which may contain nested tuples, mixed data types, or no tuples) and returns a new tuple with all nested tuples removed. Specifically, you need to filter out any elements that are instances of `tuple`. 

2. **Function Signature:**
```python
def remove_tuples(input_tuple: tuple) -> tuple:
```

3. **Key Edge Cases to Handle:**
- **Flat tuples with no tuples inside:** Should return the original tuple unchanged.
- **Tuples containing only tuples:** Should return an empty tuple `()`.
- **Mixed data types:** Elements like integers, strings, lists, and dicts should be preserved, while any element of type `tuple` at the top level (or recursively, depending on interpretation—*assume top-level removal unless specified, but filtering out direct tuple elements is the core requirement*). Let's design it to filter out direct tuple elements at the top level.
- **Empty tuple:** Passing `()` should return `()`.

4. **Brief Plan / Approach:**
- Use a generator expression or a list comprehension to iterate through the elements of `input_tuple`.
- Check each element's type using `isinstance(item, tuple)`.
- If it is not a tuple, keep it.
- Convert the filtered result back into a `tuple` and return it. 

Example:
`remove_tuples((1, (2, 3), 4, 'a'))` -> `(1, 4, 'a')`",none,1,mbpp
mbpp_801,Write a python function to count the number of equal numbers from three given integers.,"**Handoff Message for Agent B:**

**Function Overview:**
You need to write a Python function that takes three integers as input and returns the count of how many of these numbers are equal to each other. 

**Exact Function Signature:**
```python
def count_equal_numbers(a: int, b: int, c: int) -> int:
```

**Key Edge Cases to Handle:**
- All three numbers are equal (e.g., `(5, 5, 5)` should return `3`).
- Exactly two numbers are equal, and one is different (e.g., `(2, 2, 3)`, `(4, 1, 4)`, or `(7, 9, 9)` should all return `2`). *Note: Make sure to check all pairwise combinations ($a=b$, $b=c$, $a=c$).*
- All three numbers are distinct/different (e.g., `(1, 2, 3)` should return `0`).
- Negative numbers and zero should be handled correctly.

**Plan / Approach:**
1. Compare the three variables using conditional statements or by placing them in a collection.
2. If $a == b == c$, return `3`.
3. If $a == b$ or $b == c$ or $a == c$ (meaning at least one pair is equal, but not all three), return `2`. *(Wait, let's be careful: if all three are equal, the first check catches it. If two are equal, return 2).*
4. Otherwise (all are distinct), return `0`.
   
*Alternative simpler logic using a set/list:*
- Compare elements directly:
  - If `a == b and b == c`: return `3`
  - Elif `a == b or b == c or a == c`: return `2`
  - Else: return `0`",none,1,mbpp
mbpp_801,Write a python function to count the number of equal numbers from three given integers.,"**Handoff Message for Agent B:** **Function Overview:** You need to write a Python function that takes three integers as input and returns the count of how many of these numbers are equal to each other. **Exact Function Signature:** ```python def count_equal_numbers(a: int, b: int, c: int) -> int: ``` **Key Edge Cases to Handle:** - All three numbers are equal (e.g., `(5, 5, 5)` should return `3`). - Exactly two numbers are equal,",truncation,0,mbpp
mbpp_097,"Write a function to find frequency of each element in a flattened list of lists, returned in a dictionary.","Handoff Message for Agent B:

1. **Function Purpose**: Write a Python function that takes a nested list (a list of lists) containing hashable elements, flattens it, calculates the frequency of each unique element, and returns the result as a dictionary where the keys are the elements and the values are their counts.

2. **Function Signature**:
   ```python
   def frequency_of_flattened_elements(nested_list: list) -> dict:
       """"""
       Finds the frequency of each element in a flattened list of lists.
       
       Args:
           nested_list (list): A list containing sublists of elements.
           
       Returns:
           dict: A dictionary with elements as keys and their frequencies as values.
       """"""
   ```

3. **Key Edge Cases to Handle**:
   - Empty input list (`[]`) -> should return `{}`.
   - Sublists that are empty (`[[], []]`) -> should return `{}`.
   - Mixed data types within the lists (e.g., integers, strings, floats) -> should be counted correctly if hashable.
   - Deeply nested lists beyond 1 level? Assume standard list of lists (1 level of flattening needed), but handling it robustly is a plus.

4. **Plan / Approach**:
   - Iterate through each sublist in the main `nested_list`.
   - Flatten the structure (can use a simple list comprehension like `[item for sublist in nested_list for item in sublist]`).
   - Use `collections.Counter` on the flattened list to efficiently compute the frequencies, and convert it to a standard dictionary (or return the `Counter` object directly, as it inherits from `dict`).",none,1,mbpp
mbpp_097,"Write a function to find frequency of each element in a flattened list of lists, returned in a dictionary.","Handoff Message for Agent B:


   

",tool_result_drop,0,mbpp
mbpp_101,Write a function to find the kth element in the given array using 1-based indexing.,"HANDOFF MESSAGE FOR AGENT B:

You need to write a Python function that finds and returns the $k$-th element in a given array using 1-based indexing.

**Function Signature:**
```python
def find_kth_element(arr: list, k: int):
    """"""
    Returns the k-th element in the array arr using 1-based indexing.
    """"""
```

**Key Requirements & Edge Cases:**
1. **1-based Indexing:** The 1st element corresponds to index `0` in Python, the 2nd to index `1`, and so on. Therefore, the $k$-th element is located at index `k - 1`.
2. **Out-of-Bounds Handling:** If $k$ is less than 1 or greater than the length of the array (`arr`), the function should handle this gracefully (e.g., raise a `ValueError` or return `None`—let's raise a `ValueError` for invalid $k$).
3. **Data Types:** The array may contain integers, floats, strings, or mixed types. The function should work generically without assuming a specific data type.

**Plan/Approach:**
1. Check if $k$ is within the valid range ($1 \le k \le \text{len}(arr)$). If not, raise a `ValueError`.
2. Access the element at the adjusted index: `arr[k - 1]`.
3. Return the element.",none,1,mbpp
mbpp_101,Write a function to find the kth element in the given array using 1-based indexing.,"HANDOFF MESSAGE FOR AGENT B: You need to write a Python function that finds and returns the $k$-th element in a given array using 1-based indexing. **Function Signature:** ```python def find_kth_element(arr: list, k: int): """""" Returns the k-th element in the array arr using 1-based indexing. """""" ``` **Key Requirements & Edge Cases:** 1.",truncation,0,mbpp
mbpp_172,Write a function to count the number of occurence of the string 'std' in a given string.,"HANDOFF MESSAGE FOR AGENT B:

You need to write a Python function that counts the number of non-overlapping (or overlapping, depending on the standard `str.count()` behavior) occurrences of the substring `'std'` within a given string.

**Function Signature:**
```python
def count_std(text: str) -> int:
```

**Requirements & Edge Cases:**
- The function should take a single string argument `text`.
- It should return an integer representing the count of the exact substring `'std'`.
- Case sensitivity: It should specifically look for lowercase `'std'`.
- Edge cases to handle:
  - Empty string (`""""`): should return `0`.
  - Strings shorter than 3 characters: should return `0`.
  - Strings containing `'std'` multiple times consecutively (e.g., `'stdstd'`) or overlapping. Using Python's built-in string methods will naturally handle this.
  - Non-string inputs: (Optional) You can assume the input is a valid string, but type hinting it as `str` is expected.

**Approach:**
The most efficient and pythonic way to solve this is to use the built-in string `.count()` method on the input string, targeting the substring `'std'`. 

Example:
```python
def count_std(text: str) -> int:
    return text.count('std')
```

Write the code implementing this function.",none,1,mbpp
mbpp_172,Write a function to count the number of occurence of the string 'std' in a given string.,"HANDOFF MESSAGE FOR AGENT B:

You need to write a Python function that counts the number of non-overlapping (or overlapping, depending on the standard  behavior) occurrences of the substring  within a given string.

**Function Signature:**


**Requirements & Edge Cases:**

**Approach:**
The most efficient and pythonic way to solve this is to use the built-in string  method on the input string, targeting the substring . 

Example:


Write the code implementing this function.",tool_result_drop,0,mbpp
mbpp_434,Write a function that matches a string that has an a followed by one or more b's.,"HANDOFF MESSAGE FOR AGENT B:

You need to write a Python function that uses regular expressions to determine if a given string matches a specific pattern: the letter 'a' followed by one or more 'b's (e.g., ""ab"", ""abb"", ""abbb""). 

**Function Signature:**
```python
def match_a_followed_by_bs(s: str) -> bool:
```

**Requirements & Edge Cases to Handle:**
- The string must start with 'a' (or contain the pattern, but typically exact matching or full-string matching is expected for regex test cases. Let's aim to match if the string *contains* or *consists of* the pattern; standard regex `re.search` or `re.match` behavior should be considered. Let's make it match if the pattern exists in the string, or strictly matches the whole string. To be safe, let's use `bool(re.fullmatch(r'ab+', s))` to ensure the entire string strictly follows the pattern, or `bool(re.search(r'ab+', s))` if partial matches are allowed. Let's instruct to match the pattern anywhere in the string, or strictly the whole string. Let's go with `re.fullmatch` or `re.search`. Actually, standard interpretation for ""matches a string that has an a followed by one or more b's"" usually implies `re.search` or matching the pattern. Let's use `bool(re.search(r'ab+', s))`).
- Edge cases:
  - Empty string `""""` -> False
  - Just `""a""` -> False (needs at least one 'b')
  - Just `""b""` or `""bb""` -> False (must start with 'a')
  - `""ab""` -> True
  - `""abbb""` -> True
  - `""aabb""` -> True (since 'ab+' can match the substring 'abb' inside 'aabb')
  - Case sensitivity: Assume lowercase 'a' and 'b' unless specified otherwise.

**Plan/Approach:**
1. Import the `re` module.
2. Use `re.search(r'ab+', s)` to check if the pattern 'a' followed by 1 or more 'b's exists in the string `s`.
3. Return `True` if a match is found, otherwise `False`.",none,1,mbpp
mbpp_434,Write a function that matches a string that has an a followed by one or more b's.,"HANDOFF MESSAGE FOR AGENT B:

You need to write a Python function that uses regular expressions to determine if a given string matches a specific pattern: the letter 'a' followed by one or more 'b's (e.g., ""ab"", ""abb"", ""abbb""). 

**Function Signature:**


**Requirements & Edge Cases to Handle:**

**Plan/Approach:**",tool_result_drop,0,mbpp
mbpp_616,Write a function which takes two tuples of the same length and performs the element wise modulo.,"**Handoff Message for Agent B:**

Please implement a Python function that performs an element-wise modulo operation on two tuples of the same length.

**Function Signature:**
```python
def tuple_elementwise_modulo(t1: tuple, t2: tuple) -> tuple:
    """"""
    Takes two tuples of the same length and returns a new tuple 
    containing the element-wise modulo (t1[i] % t2[i]).
    """"""
```

**Key Requirements & Edge Cases:**
1. **Length Validation:** Both input tuples are guaranteed to be of the same length (as per the problem statement), but it's good practice to ensure they are both valid tuples.
2. **Zero Division:** Handle potential `ZeroDivisionError` if any element in the second tuple (`t2`) is `0`. Decide whether to raise an exception or handle it gracefully (raising the standard Python `ZeroDivisionError` is expected for modulo by zero).
3. **Data Types:** The elements within the tuples will typically be integers, but the modulo operator `%` should work for any numeric types supported in Python.

**Plan/Approach:**
- Use a `zip()` function combined with a list comprehension or generator expression to iterate through corresponding elements of both tuples simultaneously.
- Apply the modulo operator (`%`) to each pair: `a % b`.
- Convert the resulting values back into a `tuple` and return it.
- Example: `tuple(a % b for a, b in zip(t1, t2))`",none,1,mbpp
mbpp_741,Write a python function to check whether all the characters are same or not.,"**HANDOFF MESSAGE FOR AGENT B**

**Objective:** Write a Python function that checks whether all characters in a given string are the same.

**Function Signature:**
```python
def all_characters_same(s: str) -> bool:
```

**Key Edge Cases to Handle:**
1. **Empty string (`""""`):** Should return `True` (vacuous truth, as there are no differing characters).
2. **Single-character string (`""a""`):** Should return `True`.
3. **Strings with mixed characters (`""abca""`):** Should return `False`.
4. **Non-string inputs:** Consider how to handle them if necessary, but the primary contract expects a string.

**Plan / Approach:**
- An efficient approach is to check if the length of the string is 0 or 1, returning `True` immediately.
- Otherwise, compare the set of characters in the string to see if its length is equal to 1 (e.g., `len(set(s)) <= 1`). 
- Alternatively, check if all characters match the first character using `all(c == s[0] for c in s)`. Both approaches run in $O(N)$ time.",none,1,mbpp
mbpp_741,Write a python function to check whether all the characters are same or not.,"**HANDOFF MESSAGE FOR AGENT B**

**Objective:** Write a Python function that checks whether all characters in a given string are the same.

 **Function Signature:**
```python
def all_characters_same(s: str) -> bool:
```

**Key Edge Cases to Handle:**
1. **Empty string (`""""`):** Should return `True` (vacuous truth, as there are no differing characters).
 3. ** 4. **Non-string inputs:** Consider how to handle them if necessary, but the primary contract expects a string.

 **Plan / Approach:**
- An efficient approach is to check if the length of the string is 0 or 1, returning `True` immediately.
- Otherwise, compare the set of characters in the string to see if its length is equal to 1 (e.g., `len(set(s)) <= 1`). 
- Alternatively, check if all characters match the first character using `all(c == s[0] for c in s)`. Both approaches run in $O(N)$ time.",entity_omission,0,mbpp
mbpp_170,Write a function to find the sum of numbers in a list within a range specified by two indices.,"HANDOFF MESSAGE FOR AGENT B:

Your task is to implement a Python function that calculates the sum of elements in a list located between two specified indices (inclusive).

**Function Signature:**
`def sum_in_range(numbers: list, start_index: int, end_index: int) -> (int, float):`

**Key Requirements & Edge Cases:**
1. **Index Boundaries:** `start_index` and `end_index` are inclusive. 
2. **Invalid Indices:** If `start_index` < 0, treat it as 0. If `end_index` >= len(numbers), treat it as `len(numbers) - 1`.
3. **Out-of-Order Indices:** If `start_index > end_index`, return `0` (or raise an appropriate value, but returning 0 is safer for range queries).
4. **Empty List:** If the input list `numbers` is empty, return `0`.
5. **Data Types:** The list may contain integers or floats; handle both and return the correct sum.

**Approach:**
1. Check if the input list is empty; if so, return 0.
2. Normalize and clamp `start_index` and `end_index` to valid bounds of the list (`0` to `len(numbers) - 1`).
3. If the adjusted `start_index` is greater than `end_index`, return 0.
4. Slice the list from `start_index` to `end_index + 1` (since slicing is exclusive at the stop index) and return the `sum()` of that slice.",none,1,mbpp
mbpp_170,Write a function to find the sum of numbers in a list within a range specified by two indices.,"HANDOFF MESSAGE FOR AGENT B: Your task is to implement a Python function that calculates the sum of elements in a list located between two specified indices (inclusive). **Function Signature:** `def sum_in_range(numbers: list, start_index: int, end_index: int) -> (int, float):` **Key Requirements & Edge Cases:** 1. **Index Boundaries:** `start_index` and `end_index` are inclusive. 2. **Invalid Indices:** If",truncation,0,mbpp
mbpp_247,Write a function to find the length of the longest palindromic subsequence in the given string.,"### Handoff Message for Agent B

**Objective:**
Write a function that finds the length of the longest palindromic subsequence (LPS) in a given string. A subsequence is a sequence that can be derived from another sequence by deleting some or no elements without changing the order of the remaining elements.

**Function Signature:**
```python
def longest_palindromic_subsequence(s: str) -> int:
    """"""
    Returns the length of the longest palindromic subsequence in the string s.
    """"""
    pass
```

**Key Edge Cases to Handle:**
1. **Empty string (`s = """"`):** Should return `0`.
2. **Single character (`s = ""a""`):** Should return `1`.
3. **All identical characters (`s = ""aaaa""`):** Should return the length of the string (`4`).
4. **No repeating characters (e.g., `s = ""abcde""`):** Should return `1`.
5. **Even and odd lengths:** Ensure the logic correctly handles palindromes centered around both single characters (odd) and between characters (even).

**Plan / Approach:**
- **Dynamic Programming Approach:**
  1. The problem can be solved by finding the Longest Common Subsequence (LCS) between the original string `s` and its reverse `s[::-1]`.
  2. Alternatively, use a 2D DP table `dp[i][j]` representing the length of the LPS in the substring `s[i...j]`.
  3. Base case: A single character is a palindrome of length 1 (`dp[i][i] = 1`).
  4. Transition:
     - If `s[i] == s[j]`, then `dp[i][j] = dp[i+1][j-1] + 2` (if `i+1 > j-1`, handle appropriately, e.g., length 2 base case).
     - If `s[i] != s[j]`, then `dp[i][j] = max(dp[i+1][j], dp[i][j-1])`.
  5. Return `dp[0][n-1]` where `n` is the length of the string.
- *Tip:* The LCS approach with `s` and `reversed(s)` is concise, clean, and avoids complex index management for 2D DP intervals.",none,1,mbpp
mbpp_435,Write a python function to find the last digit of a given number.,"Agent B, please write the Python function according to the following specification:

- **Function Goal**: Write a function that returns the last digit of a given integer.
- **Function Signature**: `def get_last_digit(n: int) -> int:`
- **Key Edge Cases to Handle**:
  - Negative numbers (e.g., the last digit of `-123` should be `3`).
  - Single-digit numbers (e.g., `7` should return `7`).
  - Zero (`0` should return `0`).
- **Plan/Approach**: Convert the number to its absolute value to handle negatives properly, then use the modulo operator by 10 (`abs(n) % 10`) to extract the last digit.",none,1,mbpp
mbpp_456,Write a function to reverse each string in a given list of string values.,"Handoff Message for Agent B:

1. **Function Purpose**: Write a Python function that takes a list of strings and returns a new list where each individual string is reversed.

2. **Function Signature**:
   ```python
   def reverse_strings(string_list: list[str]) -> list[str]:
       pass
   ```

3. **Key Edge Cases**:
   - Empty list (`[]`): Should return an empty list.
   - List containing empty strings (`[""""]`): Should return `[""""]`.
   - Strings with odd/even lengths, spaces, and special characters: Ensure full character-by-character reversal (e.g., `""hello""` -> `""olleh""`).
   - Non-string inputs: Assume inputs are valid strings as per the problem, but handle them gracefully if needed (standard Python slicing works for any sequence).

4. **Approach**:
   - Iterate through the input list using a list comprehension.
   - For each string, use Python's slice notation `[::-1]` to reverse it efficiently.
   - Return the new list of reversed strings.",none,1,mbpp
mbpp_456,Write a function to reverse each string in a given list of string values.,Handoff Message for Agent B: 1. **Function Purpose**: Write a Python function that takes a list of strings and returns a new list where each individual string is reversed. 2. **Function Signature**: ```python def reverse_strings(string_list: list[str]) -> list[str]: pass ``` 3.,truncation,0,mbpp
mbpp_456,Write a function to reverse each string in a given list of string values.,"Handoff Message for Agent B:


   

",tool_result_drop,0,mbpp
mbpp_577,Write a python function to find the last digit in factorial of a given number.,"HANDOFF MESSAGE FOR AGENT B:

You need to write a Python function that calculates the last digit of the factorial of a given non-negative integer $n$. 

**Function Signature:**
```python
def last_digit_of_factorial(n: int) -> int:
    """"""
    Returns the last digit of n!
    """"""
```

**Key Edge Cases to Handle:**
- $n = 0$: $0! = 1$, so the last digit is `1`.
- $n = 1$: $1! = 1$, so the last digit is `1`.
- $n \ge 5$: For any number greater than or equal to $5$, the factorial ($n!$) contains both $2$ and $5$ as prime factors (since $2 \times 5 = 10$), meaning $n!$ will always end in a trailing zero. Thus, for $n \ge 5$, the last digit is always `0`.

**Plan / Approach:**
1. Check if $n < 5$:
   - If $n = 0$ or $n = 1$, return `1`.
   - If $n = 2$, return `2` ($2! = 2$).
   - If $n = 3$, return `6` ($3! = 6$).
   - If $n = 4$, return `4` ($4! = 24$, last digit is $4$).
2. If $n \ge 5$, directly return `0` because the factorial will be a multiple of $10$. 

This approach runs in $O(1)$ time and $O(1)$ space, avoiding large integer computations for large values of $n$.",none,1,mbpp
mbpp_730,Write a function to remove consecutive duplicates of a given list.,"Agent B, please write a Python function that removes consecutive duplicate elements from a given list, preserving the relative order of the first occurrences and collapsing contiguous identical elements into a single instance.

**Function Signature:**
```python
def remove_consecutive_duplicates(lst: list) -> list:
```

**Key Edge Cases to Handle:**
- Empty list `[]` should return `[]`.
- A list with a single element `[x]` should return `[x]`.
- A list with all identical elements `[x, x, x]` should return `[x]`.
- Lists with no consecutive duplicates (e.g., `[1, 2, 3]`) should remain unchanged.
- Lists containing mixed data types or negative numbers.

**Approach:**
Iterate through the input list. Compare each element to the last added element in the result list (or compare adjacent elements during iteration). If the current element is different from the last added element, append it to the result list. Return the result list. This can be done efficiently in $O(N)$ time complexity.",none,1,mbpp
mbpp_730,Write a function to remove consecutive duplicates of a given list.,"Agent B, please write a Python function that removes consecutive duplicate elements from a given list, preserving the relative order of the first occurrences and collapsing contiguous identical elements into a single instance. **Function Signature:** ```python def remove_consecutive_duplicates(lst: list) -> list: ``` **Key Edge Cases to",truncation,0,mbpp
mbpp_806,Write a function to find maximum run of uppercase characters in the given string.,"TASK: Write a function that finds the maximum run (longest consecutive sequence) of uppercase characters in a given string.

SIGNATURE:
`def max_uppercase_run(s: str) -> int:`

EDGE CASES TO HANDLE:
- Empty string `""""`: should return `0`.
- Strings with no uppercase characters (e.g., `""abc""`): should return `0`.
- Strings consisting entirely of uppercase characters (e.g., `""ABC""`): should return the length of the string.
- Strings with multiple uppercase runs of varying lengths (e.g., `""aABCdEFGHIj""`): should return the length of the longest run (which is `5` for `""EFGHI""`).
- Single character strings (`""A""` -> `1`, `""a""` -> `0`).

APPROACH:
1. Initialize two integer variables: `max_len = 0` and `current_len = 0`.
2. Iterate through each character `char` in the input string `s`.
3. Check if `char.isupper()` is True:
   - If true, increment `current_len` by 1, and update `max_len = max(max_len, current_len)`.
   - If false, reset `current_len = 0`.
4. Return `max_len` after the loop completes.",none,1,mbpp
mbpp_806,Write a function to find maximum run of uppercase characters in the given string.,"TASK: Write a function that finds the maximum run (longest consecutive sequence) of uppercase characters in a given string. SIGNATURE: `def max_uppercase_run(s: str) -> int:` EDGE CASES TO HANDLE: - Empty string `""""`: should return `0`. - Strings with no uppercase characters (e.g., `""abc""`): should return",truncation,0,mbpp
mbpp_806,Write a function to find maximum run of uppercase characters in the given string.,"TASK: Write a function that finds the maximum run (longest consecutive sequence) of uppercase characters in a given string.

 SIGNATURE:
`def max_uppercase_run(s: str) -> int:`

EDGE CASES TO HANDLE:
- Empty string `""""`: should return `0`.
- Strings with no uppercase characters (e.g., `""abc""`): should return `0`.
- Strings consisting entirely of uppercase characters (e.g., `""ABC""`): should return the length of the string.
 APPROACH:
1. Initialize two integer variables: `max_len = 0` and `current_len = 0`.
 2. Iterate through each character `char` in the input string `s`.
 3. Check if `char.isupper()` is True:
   - If true, increment `current_len` by 1, and update `max_len = max(max_len, current_len)`.
   - If false, reset `current_len = 0`.
 4. Return `max_len` after the loop completes.",entity_omission,0,mbpp
mbpp_806,Write a function to find maximum run of uppercase characters in the given string.,"- Strings consisting entirely of uppercase characters (e.g., `""ABC""`): should return the length of the string.",over_summarization,0,mbpp
mbpp_277,Write a function that takes in a dictionary and integer n and filters the dictionary to only include entries with values greater than or equal to n.,"Handoff Message for Agent B:

1. Restatement of the Problem:
You need to write a Python function that filters a given dictionary. It should retain only the key-value pairs where the value is greater than or equal to a specified integer `n`.

2. Function Name and Signature:
`def filter_dict_by_value(d: dict, n: int) -> dict:`

3. Key Edge Cases to Handle:
- An empty input dictionary (should return an empty dictionary).
- Values that are negative numbers or mixed types (though inputs are expected to be numeric, handle comparisons safely).
- A dictionary where no values meet the condition (should return an empty dictionary).
- A dictionary where all values meet the condition (should return a copy of the original dictionary).

4. Brief Plan/Approach:
- Use a dictionary comprehension to iterate through the items of the input dictionary `d`.
- Check if the condition `value >= n` is met for each pair.
- Return the newly constructed filtered dictionary.",none,1,mbpp
mbpp_277,Write a function that takes in a dictionary and integer n and filters the dictionary to only include entries with values greater than or equal to n.,"Restatement of the Problem:
You need to write a Python function that filters a given dictionary. It should retain only the key-value pairs where the value is greater than or equal to a specified integer `n`.

 2. Function Name and Signature:
`def filter_dict_by_value(d: dict, n: int) -> dict:`

3. 4. Brief Plan/Approach:
- Use a dictionary comprehension to iterate through the items of the input dictionary `d`.
- Check if the condition `value >= n` is met for each pair.
 - Return the newly constructed filtered dictionary.",entity_omission,0,mbpp
mbpp_277,Write a function that takes in a dictionary and integer n and filters the dictionary to only include entries with values greater than or equal to n.,- A dictionary where all values meet the condition (should return a copy of the original dictionary).,over_summarization,0,mbpp
mbpp_632,Write a python function to move all zeroes to the end of the given list.,"Handoff Message for Agent B:

Please implement a Python function that moves all zeros in a given list to the end while maintaining the relative order of the non-zero elements. 

**Function Signature:**
```python
def move_zeroes(lst: list) -> None:
```
*Note: The function should modify the list in-place (and can also return it for convenience).*

**Key Edge Cases to Handle:**
- Lists with no zeros (should remain unchanged).
- Lists containing only zeros.
- Lists with alternating zeros and non-zeros.
- Empty lists and single-element lists.
- Negative numbers and floating-point numbers (treat them as non-zeros).

**Approach/Plan:**
1. Use a two-pointer approach for $O(N)$ time complexity and $O(1)$ space complexity.
2. Maintain a pointer (`insert_pos`) to track where the next non-zero element should be placed.
3. Iterate through the list with a second pointer; whenever a non-zero element is encountered, place it at `insert_pos` and increment `insert_pos`.
4. After the first pass, fill all remaining positions from `insert_pos` to the end of the list with zeros.",none,1,mbpp
mbpp_632,Write a python function to move all zeroes to the end of the given list.,Handoff Message for Agent B: Please implement a Python function that moves all zeros in a given list to the end while maintaining the relative order of the non-zero elements. **Function Signature:** ```python def move_zeroes(lst: list) -> None: ``` *Note: The function should modify the list in-place (and can,truncation,0,mbpp
mbpp_753,Write a function to find minimum k records from tuple list. https://www.geeksforgeeks.org/python-find-minimum-k-records-from-tuple-list/ - in this case a verbatim copy of test cases,"AGENT B HANDOFF:

Function to Build:
Write a Python function that takes a list of tuples and an integer $k$, and returns the $k$ records (tuples) with the minimum values. Specifically, the sorting/comparison should be based on the last element of each tuple (or standard tuple comparison as typically expected for this GFG problem, but let's make it robust by comparing based on the numeric value, usually the last element or specified index). Let's design it to extract the $k$ tuples having the smallest values based on the numeric element within the tuples. 

Wait, looking at standard GFG ""Find minimum k records from tuple list"", it usually extracts the $k$ minimum elements based on a specific tuple element (often the last one). Let's define the exact signature and behavior clearly.

Exact Function Name and Signature:
```python
def min_k_records(test_list, k):
    """"""
    Returns the k records with the minimum values from a list of tuples.
    """"""
```

Key Edge Cases to Handle:
- `k` is greater than the length of the list (return the entire list sorted).
- `k` is 0 or negative (return an empty list).
- Empty input list (return an empty list).
- Tuples containing mixed types or ties in values (handle gracefully using standard sorting stability).

Brief Plan/Approach:
1. Sort the list of tuples based on the relevant value (typically the last element of each tuple, e.g., `key=lambda x: x[-1]`).
2. Slice the sorted list to get the first `k` elements (i.e., `sorted_list[:k]`).
3. Return the resulting list of tuples.",none,1,mbpp
mbpp_782,Write a python function to find the sum of all odd length subarrays. https://www.geeksforgeeks.org/sum-of-all-odd-length-subarrays/,"**HANDOFF MESSAGE FOR AGENT B**

**Objective:**
Write a Python function that calculates the sum of all possible odd-length subarrays of a given list of integers (e.g., length 1, 3, 5, etc.).

**Function Signature:**
```python
def sumOddLengthSubarrays(arr: list[int]) -> int:
    pass
```

**Key Edge Cases to Handle:**
- Empty list (`[]`): Should return `0`.
- List with a single element (`[x]`): Should return `x`.
- Lists with all even or all odd lengths.
- Negative numbers and zero values within the array.

**Recommended Approach:**
1. **Brute Force (for understanding):** Iterate through all possible starting indices, and for each starting index, iterate through all possible ending indices such that the subarray length is odd. Keep a running sum of all elements in these valid subarrays.
2. **Optimal Approach (O(n) time, O(1) space):** Instead of generating subarrays, calculate how many times each element at index `i` appears in all odd-length subarrays. 
   - The total number of subarrays containing `arr[i]` is `(i + 1) * (n - i)`.
   - Exactly half of these subarrays are of odd length (rounding up when total subarrays is odd, specifically `(total + 1) // 2`).
   - Multiply the frequency of each element by its value and sum them up.",none,1,mbpp
mbpp_782,Write a python function to find the sum of all odd length subarrays. https://www.geeksforgeeks.org/sum-of-all-odd-length-subarrays/,"**Function Signature:**
```python
def sumOddLengthSubarrays(arr: list[int]) -> int:
    pass
```

**Key Edge Cases to Handle:**
- Empty list (`[]`): Should return `0`.
- List with a single element (`[x]`): Should return `x`.
- Lists with all even or all odd lengths.
- Negative numbers and zero values within the array.

 **Recommended Approach:**
1. **Brute Force (for understanding):** Iterate through all possible starting indices, and for each starting index, iterate through all possible ending indices such that the subarray length is odd. Keep a running sum of all elements in these valid subarrays.
 2. **Optimal Approach (O(n) time, O(1) space):** Instead of generating subarrays, calculate how many times each element at index `i` appears in all odd-length subarrays. 
    - The total number of subarrays containing `arr[i]` is `(i + 1) * (n - i)`.
   - Exactly half of these subarrays are of odd length (rounding up when total subarrays is odd, specifically `(total + 1) // 2`).
    - Multiply the frequency of each element by its value and sum them up.",entity_omission,0,mbpp
mbpp_799,Write a function to that rotate left bits by d bits a given number. We assume that the number is 32 bit.,"HANDOFF MESSAGE FOR AGENT B:

You need to write a Python function that performs a bitwise left rotation on a 32-bit integer by a given number of bits ($d$).

**Function Signature:**
```python
def rotate_left_32bit(n: int, d: int) -> int:
    """"""
    Rotates the 32-bit integer n to the left by d bits.
    """"""
```

**Key Requirements & Edge Cases:**
1. **32-Bit Constraint:** The input number $n$ fits within 32 bits (unsigned 32-bit integer range: $0$ to $2^{32} - 1$, or handle standard signed 32-bit integers appropriately. Let's assume standard bitwise operations masked to 32 bits: `0xFFFFFFFF`).
2. **Rotation Amount ($d$):** 
   - $d$ can be greater than 32. You must handle this by taking $d \pmod{32}$.
   - $d$ can be 0 (returns the original number masked to 32 bits).
   - Negative values for $d$ should ideally be handled or assumed non-negative per standard problem constraints (modulo arithmetic helps if $d$ is positive).

**Brief Plan / Approach:**
1. Ensure $n$ is treated as a 32-bit integer by masking with `0xFFFFFFFF`.
2. Normalize $d$ to be within the 32-bit range using modulo: `d = d % 32`.
3. Perform the left shift by $d$: `(n << d)`.
4. Perform the right shift for the overflow bits that wrap around: `(n >> (32 - d))`.
5. Combine them using a bitwise OR (`|`) and mask the final result with `0xFFFFFFFF` to ensure it stays within 32 bits.",none,1,mbpp
mbpp_224,Write a python function to count the number of set bits (binary digits with value 1) in a given number.,"HANDOFF MESSAGE FOR AGENT B:

Goal: Write a Python function to count the number of set bits (binary digits with value 1) in a given integer.

Function Signature:
`def count_set_bits(n: int) -> int:`

Key Edge Cases to Handle:
- `n = 0`: Should return 0.
- Negative numbers: Since integers in Python can be negative (though typically population count applies to unsigned integers or two's complement representation), you should handle negative inputs appropriately (e.g., by treating them based on their absolute value or standard bitwise representation, or simply noting standard behavior. Usually, input is assumed to be a non-negative integer, but handling `n < 0` gracefully is a plus).
- Large integers: Python handles arbitrarily large integers, so the solution should work for numbers exceeding standard 64-bit limits without overflow issues.

Brief Plan/Approach:
- The most efficient approach is Brian Kernighan's algorithm, which repeatedly clears the least significant set bit using `n &= (n - 1)` until `n` becomes 0, counting the number of iterations.
- Alternatively, you can use Python's built-in `bin(n).count('1')` which is concise and highly optimized in C. Let's use `bin(abs(n)).count('1')` or handle standard non-negative integers cleanly. (Note: using `bin(n)` on negative numbers includes a minus sign, so ensure you handle negatives if passed, or assume non-negative inputs). Let's go with the bitwise shift or Brian Kernighan's algorithm for standard computer science implementation.",none,1,mbpp
mbpp_224,Write a python function to count the number of set bits (binary digits with value 1) in a given number.,"HANDOFF MESSAGE FOR AGENT B: Goal: Write a Python function to count the number of set bits (binary digits with value 1) in a given integer. Function Signature: `def count_set_bits(n: int) -> int:` Key Edge Cases to Handle: - `n = 0`: Should return 0. - Negative numbers: Since integers in Python can be negative (though typically population count applies to unsigned integers or two's complement representation),",truncation,0,mbpp
