task_id,problem,handoff,corruption_type,label,label_source,source,cosine_similarity,entity_overlap,length_ratio,sentence_count_ratio,section_coverage,verbatim_copy_rate,trailing_specificity,constraint_count,role_pronoun_rate,novel_api_rate,function_name_preserved,signature_param_diff,nli_contradiction_max,nli_entailment_mean,stage1_score,cascade_prediction,escalated_to_stage2
task_006,"Write a function that returns True if a given integer is prime, False otherwise.","Handoff Message for Agent B:

You need to write a Python function that determines whether a given integer is a prime number. 

**Function Signature:**
```python
def is_prime(n: int) -> bool:
```

**Requirements & Edge Cases to Handle:**
- Numbers less than or equal to 1 are not prime (return `False`).
- 2 is the only even prime number (return `True`).
- All other even numbers greater than 2 are not prime (return `False`).
- For odd numbers greater than 2, check for factors up to the square root of `n`.

**Recommended Approach:**
1. Check if `n <= 1`, return `False`.
2. Check if `n == 2`, return `True`.
3. Check if `n % 2 == 0`, return `False`.
4. Loop `i` from `3` up to `int(n**0.5)` with a step of `2`. If `n % i == 0`, return `False`.
5. If no factors are found, return `True`.",none,1,measured,hand_easy,0.56357574,0.0588235294117647,10.5,16.0,0.1666666666666666,0.0071428571428571,0.216867469879518,1,0.0068027210884353,0.5,1.0,,0.988730251789093,0.0293373744934797,0.8098906013783844,1,False
task_003,Write a function that returns the second-largest unique number in a list of integers. Return None if there isn't one.,"HANDOFF MESSAGE FOR AGENT B:

You need to write a Python function that finds and returns the second-largest unique number from a list of integers. If no such number exists, return `None`.

**Function Signature:**
```python
def second_largest_unique(numbers: list[int]) -> int | None:
```

**Key Edge Cases to Handle:**
1. Lists with fewer than 2 unique numbers (e.g., `[]`, `[5]`, `[3, 3, 3]`) should return `None`.
2. Lists containing negative numbers, mixed signs, and duplicates (e.g., `[-1, -2, -2, -5]`).
3. The largest number appearing multiple times (e.g., `[10, 10, 5]` should return `5`).

**Brief Plan / Approach:**
1. Convert the input list to a `set` to remove duplicates and efficiently get unique values.
2. If the size of the set is less than 2, immediately return `None`.
3. Convert the set back to a list (or sort it), sort the unique values in descending order, and return the element at index 1.",none,1,measured,hand_easy,0.68846476,0.1538461538461538,7.6,7.0,0.3333333333333333,0.0201342281879194,0.3448275862068966,2,0.0,0.5,1.0,,0.9905739426612854,0.07369976490736,0.8625025779348932,1,False
task_010,"Write a function that returns True if a binary tree (given as nested tuples (value, left, right) or None) is height-balanced.","**HANDOFF MESSAGE FOR AGENT B**

**Objective:**
Write a Python function to determine if a binary tree is height-balanced. A binary tree is height-balanced if the left and right subtrees of every node differ in height by no more than 1, and both subtrees are also height-balanced.

**Input representation:**
- Binary trees are represented either as `None` (representing an empty tree) or as nested tuples in the format `(value, left, right)`.

**Function Signature:**
```python
def is_balanced(root) -> bool:
```

**Key Edge Cases to Handle:**
1. `None` (empty tree): Should return `True` (an empty tree is balanced).
2. A single node with no children `(val, None, None)`: Should return `True`.
3. Unbalanced trees at various depths (e.g., left-heavy or right-heavy trees where the height difference exceeds 1).

**Plan / Approach:**
1. Write a helper function (or structure the main function) that computes the height of a subtree and simultaneously checks if it is balanced.
2. For any given node:
   - Recursively compute the height of the left subtree and check if it's balanced.
   - Recursively compute the height of the right subtree and check if it's balanced.
   - If either subtree is unbalanced, or if the absolute difference between their heights is greater than 1, return `False` (along with an invalid height, e.g., `-1`).
   - Otherwise, return `True` and the actual height of the current node: `1 + max(left_height, right_height)`.
3. The main `is_balanced` function will simply call this helper and return the boolean result.",none,1,measured,hand_easy,0.787222,0.074074074074074,11.571428571428571,18.0,0.5,0.0043290043290043,0.19,2,0.0,0.5,1.0,,0.9961217045783995,0.1190422773361206,0.8736675259414547,1,False
task_002,"Write a function that checks if a given string is a palindrome, ignoring case and spaces.","Handoff Message for Agent B:

1. **Function Purpose**: Write a Python function that checks whether a given string is a palindrome. The check must be case-insensitive and ignore all spaces.

2. **Function Signature**:
   ```python
   def is_palindrome(s: str) -> bool:
   ```

3. **Key Edge Cases to Handle**:
   * Empty strings (`""""`) and strings with only spaces (`""   ""`): Should return `True`.
   * Strings with mixed casing (e.g., `""RaceCar""`): Should return `True`.
   * Strings with punctuation or special characters (if any are passed): The prompt specifically mentions ignoring case and spaces, but consider how non-alphanumeric characters should be treated (standard approach is usually filtering for alphanumeric, but at minimum, strip spaces and lowercase). Let's stick strictly to ignoring spaces and case, or optionally stripping all non-alphanumeric characters to be safe. Let's do: remove all spaces, convert to lowercase, and check if it equals its reverse.
   * Single-character strings (e.g., `""a""`): Should return `True`.

4. **Plan / Approach**:
   * Clean the input string `s`: 
     * Convert the string to lowercase using `.lower()`.
     * Remove all spaces (e.g., using `.replace("" "", """")` or a generator expression).
   * Compare the cleaned string with its reverse (i.e., `cleaned == cleaned[::-1]`).
   * Return the boolean result.",none,1,measured,hand_easy,0.7439493,0.1,12.4375,16.0,0.3333333333333333,0.0103626943005181,0.2897196261682243,6,0.0,1.0,1.0,,0.9922512173652648,0.0131977219134569,0.8482286675284839,1,False
task_011,"Write a function that returns the number of vowels (a, e, i, o, u, case-insensitive) in a string.","**Handoff Message for Agent B**

Your task is to write a Python function that counts the total number of vowels in a given string.

**Function Signature:**
```python
def count_vowels(s: str) -> int:
```

**Requirements & Details:**
- Vowels to count: `a`, `e`, `i`, `o`, `u`.
- Case-insensitivity: Both uppercase and lowercase vowels must be counted (e.g., 'A', 'E', 'I', 'O', 'U' should count just like their lowercase counterparts).
- Return value: An integer representing the total count of vowels found in the string.

**Key Edge Cases to Handle:**
- Empty strings (`""""`) should return `0`.
- Strings with no vowels (e.g., `""rhythm""`) should return `0`.
- Strings with mixed casing and non-alphabetic characters (e.g., `""Hello, World! 123""`) should be handled correctly, only counting the vowels (`e`, `o`, `o`).

**Approach / Plan:**
1. Define a collection (e.g., a set or string) of valid vowels: `""aeiouAEIOU""`.
2. Iterate through each character in the input string `s`.
3. Check if the character is present in the vowel collection.
4. Keep a running count and return it. (A generator expression with `sum()` or a simple loop will work efficiently).",none,1,measured,hand_easy,0.7356112,0.0833333333333333,10.27777777777778,17.0,0.3333333333333333,0.0,0.3132530120481928,6,0.0,0.1666666666666666,1.0,,0.994754433631897,0.110722117125988,0.8248239402341625,1,False
task_005,Write a function that flattens a nested list of arbitrary depth into a single flat list.,"**HANDOFF MESSAGE FOR AGENT B**

**Objective:**
Write a Python function that flattens a nested list of arbitrary depth into a single, flat list containing all the non-list elements in their original order.

**Function Signature:**
```python
def flatten(nested_list: list) -> list:
    """"""Flattens a nested list of arbitrary depth.""""""
    pass
```

**Key Edge Cases to Handle:**
1. **Already flat lists:** Passing a list with no nesting should return an equivalent flat list.
2. **Deeply nested lists:** Lists nested multiple levels deep (e.g., `[1, [2, [3, [4]]]]`) must be fully flattened.
3. **Empty lists:** Empty lists (at the root level or nested, e.g., `[]`, `[[]], [1, [], 2]`) should be handled gracefully without leaving residual empty lists or causing errors.
4. **Mixed data types:** The lists may contain a mix of integers, strings, booleans, `None`, etc. Only `list` instances (or iterable collections, if applicable, though primarily lists) should be recursively flattened; other types should be preserved as elements.
5. **Non-list inputs (Optional robustness):** Consider what happens if the input is not a list (though per signature, assume a list is passed).

**Proposed Approach / Plan:**
- Use a recursive approach or an iterative approach with a stack.
- **Recursive approach (Recommended for simplicity):**
  - Initialize an empty result list.
  - Iterate through each item in the input list.
  - If the item is an instance of `list`, recursively call `flatten` on that item and extend the result list with the returned elements.
  - If the item is not a list, append it directly to the result list.
  - Return the result list.",none,1,measured,hand_easy,0.74585503,0.044776119402985,16.1875,18.0,0.5,0.0317460317460317,0.3673469387755102,5,0.0,0.6666666666666666,1.0,,0.976008415222168,0.0162311363965272,0.7384111590092094,0,True
task_009,Write a function that returns the longest common prefix among a list of strings. Return empty string if none.,"**HANDOFF MESSAGE FOR AGENT B**

**Objective:**
Write a Python function that finds and returns the longest common prefix string amongst an array of strings. If there is no common prefix, return an empty string (`""""`).

**Function Signature:**
```python
def longestCommonPrefix(strs: list[str]) -> str:
    pass
```

**Key Edge Cases to Handle:**
1. **Empty input list (`strs = []`):** Should return `""""`.
2. **List with a single string (`strs = [""flow""]`):** Should return the string itself (`""flow""`).
3. **List containing an empty string (`strs = ["""", ""b""]`):** Should return `""""`.
4. **No common prefix (`strs = [""dog"", ""racecar"", ""car""]`):** Should return `""""`.
5. **All strings are identical (`strs = [""test"", ""test"", ""test""]`):** Should return `""test""`.

**Recommended Approach (Horizontal or Vertical Scanning):**
- **Horizontal Scanning:** 
  1. Handle the edge case of an empty list by returning `""""`.
  2. Assume the first string in the list is the initial `prefix`.
  3. Iterate through the remaining strings in the list.
  4. For each string, use a `while` loop with `str.startswith(prefix)` to shorten the `prefix` from the end until it matches the start of the current string.
  5. If `prefix` ever becomes `""""`, terminate early and return `""""`.
  6. Return the final `prefix` after checking all strings.",none,1,measured,hand_easy,0.66248107,0.0357142857142857,10.578947368421051,12.0,0.5,0.0101010101010101,0.2857142857142857,5,0.0,0.5,1.0,,0.9993457198143004,0.0405461303889751,0.8838752474479956,1,False
task_007,Write a function that merges two sorted lists of integers into one sorted list.,"Handoff Message for Agent B:

1. Function Purpose:
Write a Python function that takes two sorted lists of integers and merges them into a single, combined sorted list of integers.

2. Function Signature:
`def merge_sorted_lists(list1: list[int], list2: list[int]) -> list[int]:`

3. Key Edge Cases to Handle:
- One or both input lists are empty.
- Lists containing negative numbers.
- Lists of unequal lengths.
- Lists with duplicate values.

4. Brief Plan / Approach:
- Use a two-pointer approach (one pointer for each list) to compare elements from the start of both lists.
- Append the smaller element to a result list and advance the corresponding pointer.
- Once one of the lists is fully traversed, append any remaining elements from the other list to the result list.
- Alternatively, you can use Python's built-in sorting or `heapq.merge`, but a manual two-pointer approach runs in $O(n + m)$ time and is optimal. Ensure you return a new list without modifying the inputs in-place.",none,1,measured,hand_easy,0.72145796,0.08,11.642857142857142,14.0,0.3333333333333333,0.0125,0.3538461538461538,0,0.0,0.0,1.0,,0.9852477312088012,0.0237650666385889,0.7674050612786205,0,True
task_019,Write a function that returns the running/cumulative sum of a list of numbers as a new list.,"HANDOFF MESSAGE FOR AGENT B:

Your task is to implement a function that calculates the running (cumulative) sum of a list of numbers and returns it as a new list.

1. Function Signature:
`def running_sum(numbers: list[int | float]) -> list[int | float]:`

2. Requirements & Edge Cases:
- Return a *new* list; do not modify the input list in place.
- Empty list `[]` should return `[]`.
- Single-element list `[x]` should return `[x]`.
- Handle negative numbers and floating-point values correctly.

3. Plan / Approach:
- Initialize a running total variable at 0 (or start with the first element).
- Iterate through the input list, adding each element to the running total and appending the result to a new output list.
- Alternatively, use `itertools.accumulate` or a simple loop to build the new list efficiently in $O(N)$ time.",none,1,measured,hand_easy,0.7114119,0.131578947368421,8.176470588235293,11.0,0.5,0.0294117647058823,0.3725490196078431,3,0.0,0.0,1.0,,0.9919528365135192,0.0362694822251796,0.7444424150580679,0,True
task_021,"Write a function that returns True if a list of integers is sorted in non-decreasing order, False otherwise.","Handoff Message for Agent B:

Your task is to write a Python function that checks whether a given list of integers is sorted in non-decreasing order (i.e., each element is greater than or equal to the preceding one).

Function Signature:
`def is_sorted(nums: list[int]) -> bool:`

Key Edge Cases to Handle:
- An empty list (`[]`) should return `True`.
- A list with a single element (`[x]`) should return `True`.
- Lists with duplicate adjacent elements (e.g., `[1, 2, 2, 3]`) are non-decreasing and should return `True`.
- A list with negative numbers or mixed positive/negative integers.

Approach:
Iterate through the list from the first element to the second-to-last element using an index loop or `zip()`. Compare each element to its immediate successor. If any element is strictly greater than the next element, immediately return `False`. If the loop finishes without finding any violations, return `True`. This can be efficiently implemented in $O(n)$ time complexity and $O(1)$ space complexity.",none,1,measured,hand_easy,0.72082704,0.0681818181818181,8.777777777777779,10.0,0.1666666666666666,0.0266666666666666,0.3076923076923077,4,0.0,0.0,1.0,,0.8214494585990906,0.0528934486210346,0.8814909564738488,1,False
task_018,"Write a function that groups a list of strings by their length, returning a dict mapping length -> list of strings of that length.","**HANDOFF MESSAGE FOR AGENT B**

**Objective:**
Write a Python function that takes a list of strings and groups them by their length. The function must return a dictionary where each key is an integer representing the length of the strings, and the value is a list of all strings from the input list that have that length.

**Function Signature:**
```python
def group_by_length(strings: list[str]) -> dict[int, list[str]]:
    pass
```

**Key Edge Cases to Handle:**
1. **Empty input list (`[]`):** Should return an empty dictionary `{}`.
2. **Duplicate strings:** If the input list contains duplicate strings, all instances should be preserved in the resulting list for that length.
3. **Strings with special characters/spaces:** Length should be determined by `len()` (i.e., character count, including spaces).
4. **Order preservation:** While dictionaries maintain insertion order in modern Python, it is good practice to preserve the relative order of strings as they appear in the input list for each length group.

**Plan / Approach:**
1. Initialize an empty dictionary (or use `collections.defaultdict(list)` for cleaner code).
2. Iterate through each string in the input list.
3. Determine the length of the current string using `len()`.
4. Append the string to the list corresponding to that length key in the dictionary.
5. Return the completed dictionary.",none,1,measured,hand_easy,0.7053885,0.081967213114754,8.666666666666666,20.0,0.5,0.0049019607843137,0.367816091954023,4,0.0,0.0,1.0,,0.999051868915558,0.0936060547828674,0.7753313760542606,1,True
task_024,"Write a function that returns the most frequent element in a list. If there's a tie, return the one that appears first in the list.","**Handoff Message for Agent B:**

Please write a Python function that finds and returns the most frequent element in a given list. If there is a tie between multiple elements with the highest frequency, you must return the element that appears first in the input list.

**Function Signature:**
```python
def most_frequent(lst: list):
    """"""
    Returns the most frequent element in the list.
    Ties are broken by returning the element that appears first in the list.
    """"""
    pass
```

**Key Edge Cases to Handle:**
1. **Empty list:** Decide how to handle an empty list (e.g., return `None` or raise a `ValueError`). Please handle it gracefully (e.g., returning `None`).
2. **All elements unique:** If every element appears only once, return the very first element in the list.
3. **Multiple ties:** Ensure that when two or more elements share the maximum frequency, the tie-breaker rule strictly favors the one whose *first appearance* has the lowest index in the original list.
4. **Data types:** The function should work with lists containing standard hashable types (integers, strings, floats, tuples).

**Plan / Approach:**
1. Check if the list is empty; if so, return `None`.
2. Iterate through the list and keep track of the frequency of each element (e.g., using a dictionary or `collections.Counter`). Since Python dictionaries maintain insertion order (Python 3.7+), iterate through the unique elements in the order they first appeared in the list, or iterate through the list elements themselves to find the best candidate.
3. Maintain a variable for the maximum frequency seen so far and the current best element. 
4. As you iterate, update the best element only if a new element's frequency strictly exceeds the current maximum frequency. This naturally preserves the first-to-appear rule in the event of a tie.",none,1,measured,hand_easy,0.7455295,0.0704225352112676,11.56,11.5,0.3333333333333333,0.0252707581227436,0.3272727272727272,4,0.0,1.0,1.0,,0.9952957034111024,0.0632673725485801,0.8924637534786336,1,False
task_017,Write a function that checks if a given integer is a perfect square.,"Agent B, your task is to write a Python function that determines whether a given integer is a perfect square. 

Here are the specifications for your implementation:

- **Function Signature:** `def is_perfect_square(n: int) -> bool:`
- **Behavior:** Return `True` if `n` is a perfect square (i.e., there exists an integer $x$ such that $x^2 = n$), and `False` otherwise.
- **Key Edge Cases to Handle:**
  - Negative numbers (should return `False`, as no real integer squared is negative).
  - Zero (`0` is a perfect square since $0 \times 0 = 0$, should return `True`).
  - Small positive integers (e.g., `1` should return `True`, `2` and `3` should return `False`).
  - Large integers (ensure efficiency and avoid potential integer overflow or precision issues).
- **Plan/Approach:**
  - Immediately check if $n < 0$; if so, return `False`.
  - For $n \ge 0$, you can use integer square root methods (such as binary search or integer arithmetic) or floating-point square root checks (e.g., `int(n**0.5) ** 2 == n`), ensuring you account for floating-point precision limits with very large numbers. Binary search is generally safe and precise for integers.",none,1,measured,hand_easy,0.70764,0.0681818181818181,14.23076923076923,9.0,0.1666666666666666,0.0220994475138121,0.3292682926829268,4,0.0,1.0,1.0,,0.9301481246948242,0.1088068112730979,0.8335062235027295,1,False
task_022,"Write a function that converts a Roman numeral string (using I, V, X, L, C, D, M) to an integer.","HANDOFF MESSAGE FOR AGENT B:

Your task is to write a Python function that converts a Roman numeral string into its corresponding integer value. 

### Function Signature:
```python
def roman_to_int(s: str) -> int:
    pass
```

### Roman Numeral Values:
- I = 1
- V = 5
- X = 10
- L = 50
- C = 100
- D = 500
- M = 1000

### Key Rules & Edge Cases:
1. **Subtraction rule:** When a smaller value symbol appears before a larger value symbol, it is subtracted from the larger value (e.g., IV = 4, IX = 9, XL = 40, XC = 90, CD = 400, CM = 900).
2. **Addition rule:** Otherwise, values are added together (e.g., VI = 6, XII = 12, XXVII = 27).
3. **Input constraints:** Assume the input string is a valid Roman numeral ranging from 1 to 3999 (I to MMMCMXCIX). You do not need to handle invalid characters, but ensure standard valid strings parse correctly.
4. **Empty strings / Case sensitivity:** Assume valid uppercase inputs (I, V, X, L, C, D, M).

### Proposed Approach:
1. Create a dictionary mapping each Roman numeral character to its integer value.
2. Iterate through the string from left to right.
3. Compare the value of the current character with the value of the next character.
4. If the current value is less than the next value, subtract the current value from the total.
5. Otherwise, add the current value to the total.
6. Alternatively, iterate from right to left, keeping track of the previous value to decide whether to add or subtract. Return the final accumulated integer.",none,1,measured,hand_easy,0.61527073,0.1136363636363636,13.75,23.0,0.5,0.022140221402214,0.3131313131313131,0,0.0036363636363636,0.0,1.0,,0.9779822826385498,0.0132267056033015,0.74460781880038,0,True
task_015,Write a function that takes a dictionary and returns a new dictionary with keys and values swapped. Assume all values are unique and hashable.,"TASK: Write a Python function that swaps the keys and values of a given dictionary.

FUNCTION SIGNATURE:
```python
def swap_dict(d: dict) -> dict:
```

REQUIREMENTS & ASSUMPTIONS:
- Input: A dictionary (`d`) where all values are guaranteed to be unique and hashable (so they can validly serve as keys in the new dictionary).
- Output: A new dictionary where each key from the input becomes a value, and each value becomes a key.

EDGE CASES TO CONSIDER:
- Empty dictionary (`{}`): Should return an empty dictionary.
- Dictionary with a single key-value pair.
- Non-string keys/values (e.g., integers, tuples): Ensure they are handled correctly as hashable types.

IMPLEMENTATION PLAN:
- Use a dictionary comprehension to iterate through the `.items()` of the input dictionary.
- Construct and return the new dictionary by mapping `v: k` for each `k, v` in `d.items()`.",none,1,measured,hand_easy,0.82515895,0.119047619047619,5.833333333333333,4.0,0.5,0.0,0.3442622950819672,2,0.0,1.0,1.0,,0.9977850914001464,0.0109396548941731,0.7837730132187286,0,True
task_030,"Write a function that returns True if a given year is a leap year, following standard Gregorian calendar rules.","HANDOFF MESSAGE FOR AGENT B:

You need to write a Python function that determines whether a given year is a leap year according to the standard Gregorian calendar rules.

Function Signature:
`def is_leap_year(year: int) -> bool:`

Gregorian Calendar Rules:
1. A year is a leap year if it is divisible by 4.
2. However, if the year is also divisible by 100, it is NOT a leap year, UNLESS:
3. The year is also divisible by 400. In that case, it IS a leap year.

Key Edge Cases to Handle:
- Century years not divisible by 400 (e.g., 1700, 1800, 1900) should return `False`.
- Century years divisible by 400 (e.g., 1600, 2000) should return `True`.
- Regular leap years divisible by 4 but not 100 (e.g., 2024, 2020) should return `True`.
- Non-leap years not divisible by 4 (e.g., 2023, 2025) should return `False`.
- Negative years or year 0 (if applicable in context, though standard mathematical handling applies).

Plan/Approach:
Write a concise boolean expression or conditional chain within the function:
- Return `True` if `year % 400 == 0`
- Else, return `False` if `year % 100 == 0`
- Else, return `True` if `year % 4 == 0`
- Otherwise, return `False`.",none,1,measured,hand_easy,0.7281607,0.0666666666666666,10.789473684210526,13.0,0.1666666666666666,0.0211640211640211,0.3191489361702128,4,0.0,0.5,1.0,,0.9994447827339172,0.0224919617176055,0.8703149301804571,1,False
task_012,Write a function that removes all duplicate elements from a list while preserving the original order of first occurrence.,"**HANDOFF MESSAGE FOR AGENT B**

**Objective:**
Write a Python function that removes all duplicate elements from a given list while strictly preserving the original order of their first occurrence.

**Exact Function Signature:**
```python
def remove_duplicates(input_list: list) -> list:
```

**Key Edge Cases to Handle:**
1. **Empty Lists:** Passing `[]` should return `[]`.
2. **Lists with No Duplicates:** Passing `[1, 2, 3]` should return `[1, 2, 3]` unchanged.
3. **All Elements are Duplicates:** Passing `[5, 5, 5, 5]` should return `[5]`.
4. **Mixed Data Types:** The list may contain a mix of hashable types (integers, strings, floats, tuples). *Note: Assume all elements within the list are hashable.*
5. **Preservation of Order:** The first time an element appears, it stays in that position; all subsequent identical elements must be filtered out.

**Recommended Approach:**
- Utilize Python's `dict.fromkeys(input_list)` method. Since Python 3.7+, dictionaries maintain insertion order, and `fromkeys` efficiently drops duplicate keys while keeping the order of the first occurrence. 
- Cast the result back to a list: `list(dict.fromkeys(input_list))`.
- This approach operates in $O(N)$ time complexity and $O(N)$ space complexity.",none,1,measured,hand_easy,0.6868843,0.087719298245614,9.36842105263158,15.0,0.3333333333333333,0.04,0.4177215189873418,5,0.0,1.0,1.0,,0.9906050562858582,0.070053182542324,0.7421445894410643,0,True
task_026,Write a function that computes the greatest common divisor (GCD) of two positive integers.,"HANDOFF MESSAGE FOR AGENT B:

Your task is to implement a Python function that calculates the greatest common divisor (GCD) of two positive integers. 

Here are the exact requirements:

1. **Function Signature**:
   ```python
   def gcd(a: int, b: int) -> int:
   ```

2. **Description**:
   Compute and return the greatest common divisor of two positive integers, `a` and `b`.

3. **Edge Cases to Handle**:
   - Standard positive integer inputs (e.g., `gcd(48, 18) -> 6`).
   - Inputs where one number is a multiple of the other (e.g., `gcd(10, 5) -> 5`).
   - Coprime numbers where the GCD is 1 (e.g., `gcd(17, 13) -> 1`).
   - Inputs where `a == b` (e.g., `gcd(7, 7) -> 7`).
   - Note: The problem statement specifies *positive* integers, so you do not need to handle zero or negative numbers unless you want to be extra safe, but strictly ensure positive inputs work correctly.

4. **Approach/Plan**:
   - Use the Euclidean algorithm, which is the most efficient and standard way to compute the GCD.
   - The algorithm relies on the principle that the GCD of two numbers also divides their difference. Specifically, `gcd(a, b)` is equivalent to `gcd(b, a % b)`.
   - Implement this iteratively or recursively using a `while` loop:
     ```python
     while b != 0:
         a, b = b, a % b
     return a
     ```",none,1,measured,hand_easy,0.66439265,0.0806451612903225,15.428571428571429,15.0,0.3333333333333333,0.0283018867924528,0.2777777777777778,2,0.0,0.6666666666666666,1.0,,0.970655620098114,0.0352246090769767,0.851442914605074,1,False
task_032,"Write a function `parse_log_line(line)` that parses a log line in the EXACT format '[LEVEL] timestamp - message' where LEVEL is one of INFO/WARN/ERROR, timestamp is a string like '2024-01-15', and message is the rest. Return a dict with keys 'level', 'timestamp', 'message'. If the line doesn't match this format (wrong brackets, missing ' - ' separator, or LEVEL not one of the three), return None.","HANDOFF MESSAGE FOR AGENT B:

You need to write a Python function that parses a specific log line format and extracts its components into a dictionary.

### Function Signature
```python
def parse_log_line(line: str) -> dict | None:
```

### Format Requirements
The expected exact format is:
`[LEVEL] timestamp - message`

- **LEVEL**: Must be strictly one of `INFO`, `WARN`, or `ERROR`.
- **timestamp**: A string representing the date (e.g., `'2024-01-15'`).
- **message**: The remaining text after the timestamp separator.

### Return Value
- Return a dictionary with keys: `'level'`, `'timestamp'`, and `'message'`.
- Return `None` if the line does not conform to the format.

### Key Edge Cases to Handle
1. **Invalid/Missing Brackets**: Lines not starting with `[` or missing the closing `]` for the level.
2. **Invalid LEVEL**: The level inside the brackets is something other than `INFO`, `WARN`, or `ERROR` (case-sensitive).
3. **Incorrect Separator**: Missing or incorrect spacing/characters around the timestamp separator (specifically, it must be ` - ` separating the timestamp and the message).
4. **Malformed Structure**: Lines that are empty, too short, or missing any of the three required components.

### Suggested Approach
1. Use regular expressions (via the `re` module) for a robust and clean pattern match, or carefully split the string by delimiters.
2. If using regex, a pattern like `r'^\[(INFO|WARN|ERROR)\]\s+(.*?)\s+-\s+(.*)$'` can capture the three components in one go.
3. Validate that the match is successful; if not, return `None`.
4. Construct and return the dictionary with keys `'level'`, `'timestamp'`, and `'message'` using the captured groups.",none,1,measured,hand_hard,0.7328405,0.108433734939759,3.876923076923077,7.333333333333333,0.1666666666666666,0.0,0.3245614035087719,5,0.0,0.2,1.0,0.0,0.3253685235977173,0.1022033765912056,0.8302976967829034,1,False
task_028,Write a function that capitalizes the first letter of each word in a sentence while leaving the rest of each word unchanged.,"HANDOFF MESSAGE FOR AGENT B:

Your task is to write a Python function that capitalizes the first letter of every word in a given sentence, while leaving all other characters in each word completely unchanged.

### Function Signature:
```python
def capitalize_words(sentence: str) -> str:
    """"""
    Capitalizes the first letter of each word in the input sentence.
    Leaves the rest of the characters in each word unchanged.
    """"""
```

### Key Edge Cases to Handle:
1. **Multiple spaces:** Sentences with consecutive spaces, leading spaces, or trailing spaces must preserve the exact spacing.
2. **Empty string:** Passing `""""` should return `""""`.
3. **Already capitalized words:** Words that already start with an uppercase letter should remain unchanged.
4. **Non-alphabetic starting characters:** Words starting with punctuation, numbers, or symbols (e.g., `""-hello""`, `""1st""`) should have their first characters left as-is without raising errors.
5. **Single-word sentences:** Should capitalize just the first letter of that single word.

### Suggested Approach:
1. Instead of using Python's built-in `.title()` method (which aggressively lowers subsequent characters, violating the ""leave the rest unchanged"" rule), split the sentence into words or iterate through the string while keeping track of word boundaries.
2. An effective approach is to use regex (e.g., `re.sub`) or split the string by spaces, apply capitalization to the first character of each non-empty segment, and rejoin them. Alternatively, iterate character by character, capitalizing any character that immediately follows a whitespace.
3. Write unit tests covering the edge cases above to ensure robustness.",none,1,measured,hand_easy,0.6867336,0.072463768115942,11.090909090909092,20.0,0.3333333333333333,0.0295358649789029,0.3829787234042553,5,0.0,0.0,1.0,,0.9981367588043212,0.2153284102678299,0.7649706249952725,1,True
task_033,"Write a function `merge_intervals(intervals)` that takes a list of [start, end] intervals (inclusive on both ends) and merges all overlapping or ADJACENT intervals (e.g. [1,3] and [3,5] are adjacent and must merge into [1,5], and so must [1,3] and [4,6] since 3 and 4 are consecutive integers). Return the merged list sorted by start.","**HANDOFF MESSAGE FOR AGENT B**

**Objective:**
Write a Python function that merges a list of intervals. Unlike the standard interval merging problem, you must merge intervals that are **overlapping** OR **adjacent** (where adjacency means one interval ends at $x$ and the next starts at $x+1$, or they are consecutive integers like `[1, 3]` and `[4, 6]`). The final merged list must be sorted by the start values.

**Function Signature:**
```python
def merge_intervals(intervals: list[list[int]]) -> list[list[int]]:
    """"""
    Takes a list of [start, end] intervals and merges overlapping or adjacent ones.
    Returns the merged list sorted by start.
    """"""
```

**Key Edge Cases to Handle:**
1. **Empty Input:** If `intervals` is empty (`[]`), return `[]`.
2. **Single Interval:** If there is only one interval, return it as-is.
3. **Adjacency / Consecutiveness:** `[1, 3]` and `[3, 5]` share a point (3) and must merge to `[1, 5]`. `[1, 3]` and `[4, 6]` are consecutive integers ($3 + 1 = 4$) and must merge to `[1, 6]`.
4. **Unsorted Input:** The input intervals might not be sorted by their start times; you must handle or sort them first.
5. **Fully Contained Intervals:** An interval completely inside another (e.g., `[1, 5]` and `[2, 4]`) should merge correctly into `[1, 5]`.
6. **Multiple Overlaps:** Chains of overlapping/adjacent intervals (e.g., `[[1, 2], [3, 4], [5, 6]]`) should collapse into a single interval `[[1, 6]]`.

**Plan / Approach:**
1. Check if the input list is empty; if so, return `[]`.
2. Sort the `intervals` list based on the starting value of each interval.
3. Initialize a result list with the first interval.
4. Iterate through the remaining intervals one by one:
   - Compare the current interval's start with the last interval's end in your result list.
   - If the current interval's start is **less than or equal to** the last interval's end **+ 1** (this covers both overlap and adjacency/consecutiveness), merge them by updating the end of the last interval in the result to be the maximum of the two ends.
   - Otherwise, there is no overlap or adjacency, so append the current interval to the result list.
5. Return the result list.",none,1,measured,hand_hard,0.8400688,0.0833333333333333,6.574074074074074,10.0,0.5,0.0201729106628242,0.3235294117647059,7,0.0,0.0,1.0,0.0,0.991951584815979,0.1023715808987617,0.817902249993046,1,False
task_031,"Write a function `validate_password(pw)` that returns True only if ALL of these hold: length is at least 8 AND at most 20, contains at least one uppercase letter, at least one lowercase letter, at least one digit, at least one symbol from '!@#$%^&*', and contains NO whitespace anywhere. Otherwise return False.","**HANDOFF MESSAGE FOR AGENT B**

**Objective:**
Write a Python function named `validate_password(pw)` that validates a password string against specific complexity and length rules. It must return `True` if all conditions are met, and `False` otherwise.

**Function Signature:**
```python
def validate_password(pw: str) -> bool:
```

**Requirements & Rules (All must hold for `True`):**
1. **Length:** Between 8 and 20 characters inclusive ($8 \le \text{len} \le 20$).
2. **Uppercase:** At least one uppercase letter (`A-Z`).
3. **Lowercase:** At least one lowercase letter (`a-z`).
4. **Digit:** At least one numeric digit (`0-9`).
5. **Symbol:** At least one special symbol from the exact set: `!@#$%^&*`.
6. **No Whitespace:** Must NOT contain any whitespace characters anywhere (spaces, tabs, newlines, etc.).

**Key Edge Cases to Handle:**
- Passwords that are too short ($< 8$ chars) or too long ($> 20$ chars).
- Passwords containing spaces, tabs, or newlines (should immediately return `False`).
- Passwords missing one or more of the required character classes (uppercase, lowercase, digit, allowed symbol).
- Passwords containing symbols *outside* the allowed set `!@#$%^&*` (e.g., `?`, `.`, `-`). While the prompt asks for *at least one* symbol from the set, ensure unexpected characters don't inadvertently break logic, though standard regex/iteration will naturally handle this if checking strictly.

**Recommended Approach:**
1. Check the length of `pw`. If not between 8 and 20, return `False`.
2. Check if `pw` contains any whitespace (e.g., using `any(c.isspace() for c in pw)`). If so, return `False`.
3. Use regular expressions (`re` module) or a combination of generator expressions with `any()` to verify the presence of:
   - At least one uppercase letter: `any(c.isupper() for c in pw)`
   - At least one lowercase letter: `any(c.islower() for c in pw)`
   - At least one digit: `any(c.isdigit() for c in pw)`
   - At least one allowed symbol: `any(c in '!@#$%^&*' for c in pw)`
4. Return `True` only if all these conditions evaluate to `True`.",none,1,measured,hand_hard,0.78791225,0.1041666666666666,6.137254901960785,14.0,0.3333333333333333,0.0067567567567567,0.2435897435897435,7,0.0,0.25,1.0,0.0,0.0837830230593681,0.1433084309101104,0.8711145823724071,1,False
task_034,"Write a function `custom_round(x, mode)` that rounds a float x to the nearest integer, where `mode` controls tie-breaking when x is exactly halfway (e.g. 2.5): mode='up' always rounds .5 up (2.5 -> 3, -2.5 -> -2), mode='down' always rounds .5 down (2.5 -> 2, -2.5 -> -3), mode='even' rounds .5 to the nearest even integer (2.5 -> 2, 3.5 -> 4). Non-halfway values round normally regardless of mode.","**Handoff Message for Agent B:**

**Objective:**
Write a Python function named `custom_round(x, mode)` that rounds a float `x` to the nearest integer. The `mode` parameter determines how ties (halfway values ending in `.5`) are broken. Non-halfway values should round normally (e.g., standard mathematical rounding to the nearest integer).

**Function Signature:**
```python
def custom_round(x: float, mode: str) -> int:
```

**Tie-Breaking Modes:**
- `mode='up'`: Always rounds `.5` up toward positive infinity. 
  - Examples: `2.5 -> 3`, `-2.5 -> -2`
- `mode='down'`: Always rounds `.5` down toward negative infinity. 
  - Examples: `2.5 -> 2`, `-2.5 -> -3`
- `mode='even'`: Rounds `.5` to the nearest even integer (银行家舍入 / round half to even). 
  - Examples: `2.5 -> 2`, `3.5 -> 4`, `-2.5 -> -2`

**Key Edge Cases to Handle:**
- Negative numbers with `.5` fractional parts (ensure correct directionality for `up` and `down`).
- Non-halfway numbers (e.g., `2.4`, `2.6`, `-2.6`) should ignore the `mode` and round to the nearest standard integer.
- Whole numbers (e.g., `3.0`) should return `3`.
- Invalid or unexpected `mode` values (optional: raise a `ValueError`).

**Suggested Approach:**
1. Check if the fractional part of `abs(x)` is exactly `0.5` (e.g., `math.isclose(abs(x) % 1, 0.5)` or checking `x % 1 == 0.5`).
2. If it is **not** halfway, use standard rounding (e.g., `round(x)` or `math.floor(x + 0.5)` for positive and equivalent logic).
3. If it **is** halfway:
   - If `mode == 'up'`, use `math.ceil(x)` for positive numbers and `math.floor(x)` for negative numbers (or simply check the sign: positive goes up, negative goes up in magnitude/less negative? Wait, re-verify the prompt examples: `2.5 -> 3`, `-2.5 -> -2`. Notice `-2.5 -> -2` is mathematically *up* towards positive infinity. Therefore, `math.ceil(x)` works for both positive and negative when rounding `.5` up!).
   - If `mode == 'down'`, use `math.floor(x)` for positive and `math.ceil(x)` for negative (wait, `-2.5 -> -3` is towards negative infinity, so `math.floor(x)` works for both positive and negative when rounding `.5` down!).
   - If `mode == 'even'`, use Python's built-in `round(x)` which implements round-half-to-even by default in Python 3.",none,1,measured,hand_hard,0.765542,0.1764705882352941,4.970588235294118,7.0,0.3333333333333333,0.015625,0.2622950819672131,3,0.0,0.2,1.0,0.0,0.989526867866516,0.0522225871682167,0.8585360964295652,1,False
task_037,"Write a function `dedupe_within_window(items, window)` that builds an output list by scanning items left to right: for each item, check the last `window` items ALREADY ADDED to the output (not the original input) -- if the current item's value already appears among those, skip it; otherwise append it to the output. Items outside that recent window of output can repeat freely.","**HANDOFF MESSAGE FOR AGENT B**

Your task is to implement the Python function `dedupe_within_window(items, window)`.

### Function Signature
```python
def dedupe_within_window(items, window):
    """"""
    Scans `items` from left to right and builds an output list.
    For each item, checks if its value exists within the last `window` items 
    ALREADY ADDED to the output. If it does, skip it; otherwise, append it.
    """"""
```

### Requirements & Behavior
- **Input:** 
  - `items`: an iterable or list of hashable elements.
  - `window`: an integer representing the look-back window size in the *output* list.
- **Output:** A new `list` containing the filtered items.
- **Deduplication Logic:** 
  - As you build the output list, for a given current item, look at the tail of the output list of length `window` (i.e., `output[-window:]` if `window > 0`). 
  - If the current item is present in that slice, **skip** it.
  - Otherwise, **append** it to the output.
  - Items that appeared earlier in the output but are *outside* the current `window` slice are allowed to repeat.

### Key Edge Cases to Handle
1. **`window <= 0`**: If `window` is zero or negative, no recent output elements should block new ones (or no lookback), meaning the function should effectively return all items (or handle it gracefully without filtering out valid items).
2. **`window` larger than current output length**: If the output list has fewer than `window` items so far, check all items currently in the output list.
3. **Empty input (`items = []`)**: Should return an empty list `[]`.
4. **Duplicate types/types of items**: Items are hashable (standard types like ints, strings, tuples).

### Suggested Approach
1. Initialize an empty list `output = []`.
2. Iterate through each `item` in `items`:
   - Determine the subset of recent output items to check: `recent = output[-window:]` (if `window > 0`, else `[]`).
   - Check if `item in recent`. (Tip: using a `set` or keeping a sliding window structure can optimize lookups if performance matters, though a simple slice lookup `item in output[-window:]` works fine for moderate sizes. For efficiency with large windows, a deque or set-based frequency tracker over the sliding window can be used, but ensure correctness first).
   - If not found in `recent`, append `item` to `output`.
3. Return `output`.",none,1,measured,hand_hard,0.75262815,0.099009900990099,6.098360655737705,14.5,0.5,0.016260162601626,0.3488372093023256,4,0.0,0.1428571428571428,1.0,0.0,0.9407917261123656,0.0509396493434906,0.7982005162860575,1,False
task_035,"Write a function `allocate_seats(requests, capacity)` where `requests` is a list of (name, party_size) tuples in priority order. Seat parties in order ONLY if the remaining capacity can fit the whole party (no splitting parties). Return a list of names that got seated, in the order they were seated. Skip (do not seat) any party that doesn't fit, but keep checking later parties against remaining capacity.","**Handoff Message for Agent B**

Your task is to write a Python function that allocates seats for parties based on their priority and venue capacity. 

### Function Signature
```python
def allocate_seats(requests, capacity):
    """"""
    Allocates seats to parties based on priority and remaining capacity.
    
    :param requests: List of tuples, where each tuple is (name: str, party_size: int) in priority order.
    :param capacity: Integer representing the total available seating capacity.
    :return: List of strings (names) of the parties that successfully got seated, in order.
    """"""
```

### Requirements & Behavior
1. **Priority Order:** Process the `requests` list in the exact order provided.
2. **All-or-Nothing Seating:** A party can only be seated if the *entire* party size fits within the remaining capacity. Splitting parties is strictly not allowed.
3. **Skipping:** If a party does not fit, skip them and continue checking subsequent parties against the *current* remaining capacity.
4. **Return Value:** Return a list containing the names of the seated parties, maintaining the order in which they were seated.

### Key Edge Cases to Handle
- **Zero or Negative Capacity:** Should handle capacity `0` or negative values appropriately (returning an empty list).
- **Party Size Exceeds Total Capacity:** A single party larger than the initial capacity should be skipped without breaking the loop.
- **Empty Requests List:** Passing an empty list should return an empty list.
- **Exact Capacity Match:** A party whose size exactly matches the remaining capacity should be successfully seated, leaving a remaining capacity of 0.
- **Zero-Size Parties:** Decide how to handle parties of size 0 if they occur (typically allowed if capacity permits, or skipped).

### Implementation Plan
1. Initialize an empty list `seated_parties` to keep track of successful names.
2. Maintain a variable `remaining_capacity` initialized to the passed `capacity`.
3. Iterate through each `name, party_size` in `requests`.
4. Check if `party_size <= remaining_capacity`.
5. If true:
   - Append `name` to `seated_parties`.
   - Decrement `remaining_capacity` by `party_size`.
6. If false:
   - Skip to the next request.
7. Return `seated_parties` after the iteration completes.",none,1,measured,hand_hard,0.80956274,0.1157894736842105,5.153846153846154,8.5,0.1666666666666666,0.0,0.3333333333333333,6,0.0,0.3333333333333333,1.0,0.0,0.9959909319877625,0.0444772541522979,0.8246359623835351,1,False
task_039,"Write a function `find_missing_ranges(nums, lo, hi)` that, given a SORTED list of unique integers `nums` and bounds `lo`/`hi` (inclusive), returns a list of [start, end] ranges (inclusive) representing all integers in [lo, hi] that are MISSING from nums. Single missing numbers should still be represented as [x, x].","AGENT B HANDOFF: MISSING RANGES PROBLEM

Your task is to write a Python function that finds all missing number ranges within a given inclusive bound $[lo, hi]$ that are not present in a sorted list of unique integers `nums`.

### Function Signature
```python
def find_missing_ranges(nums: list[int], lo: int, hi: int) -> list[list[int]]:
```

### Requirements & Behavior
- `nums` is a sorted list of unique integers.
- `lo` and `hi` are integers representing the inclusive lower and upper bounds of the range we care about.
- Return a list of lists, where each sublist represents an inclusive missing range `[start, end]`.
- Single missing numbers must be represented as `[x, x]`.
- If no numbers are missing within `lo` and `hi`, return an empty list `[]`.

### Key Edge Cases to Handle
1. **Empty `nums` list:** If `nums` is empty, the entire range `[lo, hi]` is missing.
2. **Bounds outside `nums`:** `lo` can be smaller than the first element of `nums`, and `hi` can be larger than the last element of `nums`.
3. **`lo` and `hi` strictly equal to elements:** Ensure boundary conditions don't produce off-by-one errors (e.g., a missing number just before `nums[0]` or just after `nums[-1]`).
4. **Already complete:** If `nums` contains every integer from `lo` to `hi`, return `[]`.

### Suggested Approach
1. Initialize a variable `next_expected` to `lo`. You can also conceptually think of the search space as bounded by `lo - 1` and `hi + 1` to easily capture gaps at the very beginning or end.
2. Iterate through each number `num` in `nums`:
   - If `num > next_expected`, it means there is a gap. The missing range is `[next_expected, num - 1]`. Append this range to your results list.
   - Update `next_expected` to `num + 1`.
3. After the loop, check if `next_expected <= hi`. If so, there is a final missing range from `next_expected` to `hi`. Append `[next_expected, hi]` to your results list.
4. Return the results list.",none,1,measured,hand_hard,0.81859607,0.1052631578947368,6.770833333333333,14.0,0.1666666666666666,0.0094043887147335,0.2827586206896552,3,0.003076923076923,0.4,1.0,0.0,0.998008906841278,0.0848442390561103,0.8781998590617851,1,False
task_040,"Write a function `safe_divide_chain(numbers)` that takes a list and divides them left to right (numbers[0] / numbers[1] / numbers[2] / ...) using FLOAT division. If at any point a division by zero would occur, return the string 'undefined' instead of raising an error. If the list has fewer than 2 elements, return the single element (or None for empty list).","**HANDOFF MESSAGE FOR AGENT B**

Your task is to write a Python function called `safe_divide_chain(numbers)`. 

### Function Signature
```python
def safe_divide_chain(numbers):
```

### Requirements & Behavior
- The function takes a list of numbers (`numbers`).
- It performs sequential division from left to right: `(((numbers[0] / numbers[1]) / numbers[2]) / ...)`.
- Always use **float division** (`/`).
- If a division by zero is encountered at any step, immediately halt the operation and return the string `'undefined'`.

### Edge Cases to Handle
1. **Empty list (`[]`)**: Return `None`.
2. **Single-element list (`[x]`)**: Return that single element (`x`).
3. **Zero in the denominator**: For example, `[10, 2, 0]` should return `'undefined'` because `(10 / 2) / 0` involves division by zero.
4. **Zero in the numerator with a valid denominator**: E.g., `[0, 5, 2]` should evaluate correctly to `0.0`.

### Proposed Plan / Approach
1. Check the length of `numbers`. 
   - If empty (`len(numbers) == 0`), return `None`.
   - If length is 1 (`len(numbers) == 1`), return `numbers[0]`.
2. Initialize a running result `res` with `float(numbers[0])` (or just `numbers[0]`).
3. Iterate through the rest of the list using a loop starting from index 1 (`for x in numbers[1:]:`).
4. Inside the loop, check if the current element `x` is `0` (or `0.0`). If it is, return `'undefined'`.
5. Otherwise, update `res = res / x`.
6. Return the final `res`.",none,1,measured,hand_hard,0.80459917,0.12,3.816666666666667,9.333333333333334,0.1666666666666666,0.0044247787610619,0.2283464566929134,3,0.0,0.5,1.0,0.0,0.927888035774231,0.1415553539991378,0.8591228558257306,1,False
task_042,"Write a function `stack_based_eval(tokens)` that evaluates a Reverse Polish Notation expression given as a list of string tokens (numbers and operators +, -, *, /). Division must be INTEGER division truncating toward zero (e.g. -7 // 2 in RPN should give -3, not Python's default -4). Return the final integer result.","Handoff Message for Agent B:

You need to implement a Python function that evaluates a Reverse Polish Notation (RPN) expression given as a list of string tokens.

**Function Signature:**
```python
def stack_based_eval(tokens: list[str]) -> int:
```

**Requirements & Details:**
- **Inputs:** A list of strings representing the RPN expression. Tokens can be integers (positive or negative, represented as strings) and operators: `+`, `-`, `*`, `/`.
- **Output:** Return the final integer result of the evaluated expression.
- **Division Rule:** Division (`/`) must be **integer division truncating toward zero**. Note that Python's standard floor division (`//`) rounds toward negative infinity (e.g., `-7 // 2` is `-4`), whereas truncation toward zero means `-7 / 2` should result in `-3`. You can achieve this in Python by performing standard float division and casting to an integer, or using `int(a / b)`.

**Approach / Plan:**
1. Initialize an empty stack to keep track of operands.
2. Iterate through each token in the `tokens` list:
   - If the token is an operator (`+`, `-`, `*`, `/`), pop the top two operands from the stack. Be careful with the order: the second popped value is the left operand, and the first popped value is the right operand (i.e., `left op right`).
   - Apply the operator and push the resulting integer back onto the stack.
   - If the token is a number, convert it to an integer and push it onto the stack.
3. After processing all tokens, the single remaining element in the stack is the final result. Pop and return it.

**Edge Cases to Consider:**
- Division by zero (though standard RPN problems usually guarantee valid inputs, ensure your logic is robust).
- Expressions with negative numbers and negative results, ensuring truncation toward zero for division.
- Single-token inputs (e.g., just `[""5""]`).",none,1,measured,hand_hard,0.7927991,0.125,5.823529411764706,5.0,0.3333333333333333,0.0274914089347079,0.3193277310924369,3,0.0,0.0,1.0,0.0,0.996167004108429,0.0938273221254348,0.8854067629963218,1,False
task_041,"Write a function `normalize_whitespace(text)` that collapses any run of whitespace (spaces, tabs, newlines) into a SINGLE space, strips leading/trailing whitespace, but PRESERVES exactly one blank line (represented as '\n\n' in output) wherever the original text had two or more consecutive newlines, treating that as a paragraph break separate from normal whitespace collapsing.","**HANDOFF MESSAGE FOR AGENT B**

**Objective:**
Write a Python function named `normalize_whitespace(text)` that cleans up whitespace in a given string according to specific paragraph-preserving rules.

**Exact Signature:**
```python
def normalize_whitespace(text: str) -> str:
```

**Requirements & Rules:**
1. **Paragraph Breaks:** Exactly one blank line (`'\n\n'`) must be preserved wherever the original text contained two or more consecutive newlines (or blank lines). Treat these as paragraph breaks separate from normal whitespace collapsing.
2. **Whitespace Collapsing:** Within each paragraph (the text between paragraph breaks), collapse any run of arbitrary whitespace (spaces, tabs, newlines, etc.) into a *single space*.
3. **Stripping:** Strip leading and trailing whitespace from the final output (and ensure paragraphs themselves don't have leading/trailing stray spaces internally after normalization).

**Edge Cases to Handle:**
- Input with only whitespace/newlines should result in an empty string `""""` (or appropriately stripped).
- Multiple consecutive blank lines (3+ newlines) should collapse down to a single paragraph break (`'\n\n'`).
- Text with no newlines at all (just a single block of text with mixed spaces/tabs) should collapse to a single line with single spaces.
- Empty string input `""""`.

**Suggested Approach:**
1. Split the input text by paragraph breaks (e.g., using a regex that matches two or more consecutive newlines, possibly with spaces in between: `r'\n\s*\n\s*'` or similar).
2. For each resulting paragraph block:
   - Replace all internal whitespace runs (spaces, tabs, single newlines) with a single space (`"" ""`).
   - Strip leading and trailing spaces from the normalized block.
3. Filter out any empty blocks that might result from excessive newline splitting.
4. Join the processed paragraph blocks back together using `'\n\n'`.
5. Return the final stripped string.",none,1,measured,hand_hard,0.7973775,0.16,5.269230769230769,23.0,0.6666666666666666,0.0223048327137546,0.3391304347826087,5,0.0,0.0,1.0,0.0,0.9929484128952026,0.4707757234573364,0.7554481003224638,1,True
task_036,"Write a function `caesar_cipher(text, shift, mode)` implementing a Caesar cipher. mode='encode' shifts each letter forward by `shift` positions in the alphabet (wrapping z->a), mode='decode' shifts backward. Preserve case. Non-letter characters (spaces, punctuation, digits) must remain UNCHANGED and not consume a shift position.","Agent B, your task is to implement a Caesar cipher function based on the following specifications:

**Function Signature:**
`def caesar_cipher(text, shift, mode):`

**Requirements & Behavior:**
- **Parameters:**
  - `text` (str): The input string to process.
  - `shift` (int): The number of positions to shift the letters.
  - `mode` (str): Either `'encode'` or `'decode'`.
- **Core Logic:**
  - If `mode == 'encode'`, shift each letter *forward* in the alphabet by `shift` positions (wrapping 'z' to 'a' and 'Z' to 'A').
  - If `mode == 'decode'`, shift each letter *backward* by `shift` positions.
  - **Case Preservation:** Uppercase letters must remain uppercase, and lowercase letters must remain lowercase.
  - **Non-Letter Characters:** Spaces, punctuation, digits, and any other non-alphabetical characters must remain *completely unchanged* and must **not** consume or affect a shift position.

**Key Edge Cases to Handle:**
- Large shift values (e.g., `shift = 29` or negative shifts) should be handled correctly (typically by using `shift % 26`).
- Empty string input (`text = """"`).
- Strings containing no letters at all (e.g., `""1234!@#""`).
- Mixed case strings.

**Suggested Approach:**
1. Normalize or handle the `shift` using modulo 26 (`shift = shift % 26`).
2. Iterate through each character in `text`.
3. Check if the character is an alphabetical letter (`str.isalpha()`).
4. If it is a letter, determine its base ASCII value ('a' for lowercase, 'A' for uppercase).
5. Apply the shift based on the `mode` (add for encode, subtract for decode) relative to the base, apply `% 26`, and convert back to a character.
6. If it is not a letter, leave it as is.
7. Join the resulting characters into a final string and return it.",none,1,measured,hand_hard,0.8527944,0.0769230769230769,6.547619047619048,6.25,0.3333333333333333,0.0,0.2833333333333333,6,0.0,0.0,1.0,0.0,0.9985300302505492,0.0563078485429286,0.8699544918206121,1,False
task_050,"Write a function `next_business_day(day_of_week)` that takes an integer 0-6 (0=Monday, 6=Sunday) representing today, and returns the integer for the NEXT business day (Mon-Fri only). Friday(4) and Saturday(5) both roll to Monday(0); Sunday(6) rolls to Monday(0) too.","Handoff Message for Agent B:

Please implement a Python function that calculates the next business day given a current day of the week. 

- **Function Signature:** `next_business_day(day_of_week: int) -> int`
- **Input:** An integer from 0 to 6 representing the current day of the week, where 0=Monday, 1=Tuesday, 2=Wednesday, 3=Thursday, 4=Friday, 5=Saturday, and 6=Sunday.
- **Output:** An integer (0-6) representing the next business day (Monday through Friday).

**Rules & Edge Cases:**
- Monday (0) -> Tuesday (1)
- Tuesday (1) -> Wednesday (2)
- Wednesday (2) -> Thursday (3)
- Thursday (3) -> Friday (4)
- Friday (4) -> Monday (0)
- Saturday (5) -> Monday (0)
- Sunday (6) -> Monday (0)

**Proposed Approach:**
Use a simple mapping or modulo arithmetic. Since Monday-Thursday (0-3) just increment by 1 (`(day + 1) % 7`), and Friday-Sunday (4-6) all roll over to Monday (0), you can handle this with a conditional check: if the input is `>= 4`, return `0`; otherwise, return `day + 1`.",none,1,measured,hand_hard,0.7561996,0.1384615384615384,4.555555555555555,2.5,0.5,0.0063291139240506,0.2298850574712643,0,0.0,0.0,1.0,0.0,0.0766413733363151,0.3123351037502289,0.7040004058949918,1,True
task_044,"Write a function `parse_version(v)` that parses a version string like '1.2.3' into a tuple of 3 integers (major, minor, patch). Missing parts default to 0 (e.g. '1.2' -> (1,2,0), '1' -> (1,0,0)). Then write a SECOND function `compare_versions(v1, v2)` that returns -1 if v1 < v2, 0 if equal, 1 if v1 > v2, comparing major first, then minor, then patch, using parse_version internally.","Agent B, your task is to implement two version-handling functions in Python. Here are the full specifications and requirements:

### 1. Function `parse_version(v)`
* **Purpose:** Parses a version string into a tuple of 3 integers representing `(major, minor, patch)`.
* **Signature:** `def parse_version(v: str) -> tuple[int, int, int]:`
* **Behavior / Edge Cases:**
  * Split the input string by dots (`.`).
  * Convert each present part to an integer.
  * Missing parts must default to `0`. 
  * Examples:
    * `'1.2.3'` -> `(1, 2, 3)`
    * `'1.2'` -> `(1, 2, 0)`
    * `'1'` -> `(1, 0, 0)`
  * Assume standard well-formed dot-separated numeric version strings (non-numeric suffixes or complex pre-release tags are not required unless handled gracefully, but strictly focus on standard numeric components).

### 2. Function `compare_versions(v1, v2)`
* **Purpose:** Compares two version strings using `parse_version` internally.
* **Signature:** `def compare_versions(v1: str, v2: str) -> int:`
* **Behavior:**
  * Must call `parse_version(v1)` and `parse_version(v2)`.
  * Compares major version first, then minor, then patch.
  * Returns:
    * `-1` if `v1 < v2`
    * `0` if `v1 == v2`
    * `1` if `v1 > v2`
  * Python's built-in tuple comparison (`<`, `==`, `>`) on the parsed tuples will naturally handle this major-minor-patch hierarchy correctly.

### Implementation Plan
1. Implement `parse_version(v)` by splitting the string on `'.'`. Extend or pad the resulting list of integers with zeros until its length is exactly 3, then convert it to a tuple.
2. Implement `compare_versions(v1, v2)` by parsing both strings into tuples `t1` and `t2`. Compare `t1` and `t2`, returning `-1`, `0`, or `1` appropriately (using a simple conditional or `(t1 > t2) - (t1 < t2)`).",none,1,measured,hand_hard,0.836678,0.1216216216216216,4.234375,4.5,0.3333333333333333,0.0186567164179104,0.2805755395683453,5,0.0,0.6666666666666666,1.0,0.0,0.9621138572692872,0.255702257156372,0.8900110475954752,1,False
task_045,"Write a function `token_bucket_allow(events, capacity, refill_rate)` simulating a rate limiter. `events` is a sorted list of integer timestamps (seconds) at which requests arrive. Start with `capacity` tokens. Each event consumes 1 token if available (allowed), else it's rejected. Tokens refill at `refill_rate` tokens per second (capped at `capacity`), calculated based on elapsed time since the last event. Return a list of booleans, one per event, indicating whether it was allowed.","**Handoff Message for Agent B:**

**Goal:**
Build a function that simulates a token bucket rate limiter given a sorted list of event timestamps, a maximum bucket capacity, and a token refill rate. 

**Exact Function Signature:**
```python
def token_bucket_allow(events: list[int], capacity: float, refill_rate: float) -> list[bool]:
```

**Function Requirements & Logic:**
1. **Initial State:** The bucket starts completely full at the very first event, meaning `current_tokens = capacity`. 
2. **Refill Mechanism:** When a new event arrives at timestamp $t_i$, calculate the elapsed time $\Delta t = t_i - t_{prev}$ since the previous event. Add new tokens equal to $\Delta t \times \text{refill\_rate}$. 
3. **Capacity Cap:** The number of tokens cannot exceed `capacity`. If the refill causes `current_tokens` to exceed `capacity`, cap it at `capacity`.
4. **Event Processing:** 
   - For each event, after refilling, check if `current_tokens >= 1`.
   - If yes, consume 1 token (`current_tokens -= 1`) and record `True` (allowed).
   - If no, record `False` (rejected, tokens remain unchanged).
   - Update $t_{prev}$ to the current event's timestamp.

**Key Edge Cases to Handle:**
- **Empty `events` list:** Return an empty list `[]`.
- **Simultaneous events:** If multiple events occur at the exact same timestamp ($\Delta t = 0$), no tokens are refilled between them.
- **Floating point precision:** `capacity` and `refill_rate` may be floats; handle token calculations carefully to avoid tiny floating-point inaccuracies.
- **Large gaps in time:** Ensure that even if a very long time passes between events, the token count is correctly capped at `capacity` rather than overflowing.",none,1,measured,hand_hard,0.8169035,0.0886075949367088,3.557142857142857,3.0,0.1666666666666666,0.0040650406504065,0.3274336283185841,2,0.0,0.5,1.0,0.0,0.995792269706726,0.0115726767107844,0.7634151871578322,0,True
task_046,"Write a function `chunk_list(items, size)` that splits a list into consecutive chunks of exactly `size` elements each. The LAST chunk, if it has fewer than `size` elements, should be DROPPED entirely (not included as a partial chunk). If `size` is 0 or negative, return an empty list.","**HANDOFF MESSAGE FOR AGENT B**

**Objective:**
Write a Python function named `chunk_list(items, size)` that splits a given list into consecutive chunks where each chunk contains exactly `size` elements. 

**Exact Signature:**
```python
def chunk_list(items: list, size: int) -> list:
```

**Key Requirements & Edge Cases to Handle:**
1. **Drop Partial Last Chunks:** If the total number of items does not divide evenly by `size`, the remaining elements at the end (fewer than `size` elements) must be completely dropped and not included in the output.
2. **Invalid Size (`size <= 0`):** If `size` is 0 or a negative number, the function must immediately return an empty list `[]`.
3. **Empty Input List (`items` is empty):** Should return `[]`.
4. **Size Greater Than List Length:** If `size` is greater than the total number of items in `items`, the function should drop everything and return `[]`.

**Implementation Plan / Approach:**
1. Check if `size <= 0`. If true, return `[]`.
2. Determine the total number of full chunks possible using integer division or a loop: iterate through the `items` list with a step of `size` (i.e., `range(0, len(items) - len(items) % size, size)` or simply slice within bounds).
3. Alternatively, use a list comprehension or generator expression:
   `[items[i:i + size] for i in range(0, len(items) - (len(items) % size), size)]` (ensure this handles cases where `len(items) % size == len(items)` correctly, or filter chunks strictly by `len(chunk) == size`).
4. Ensure the returned structure is a list of lists containing the exact `size` elements.",none,1,measured,hand_hard,0.80540746,0.106060606060606,5.319148936170213,6.0,0.6666666666666666,0.0204918032786885,0.3770491803278688,6,0.004,0.0,1.0,0.0,0.575125515460968,0.0240415688604116,0.748094342676063,0,True
task_043,"Write a function `schedule_meetings(meetings)` where `meetings` is a list of (start, end) tuples in 24hr integer hours. Return True if NONE of the meetings overlap (touching endpoints like (9,10) and (10,11) do NOT count as overlapping), False if any two overlap.","HANDOFF MESSAGE FOR AGENT B:

You need to write a Python function that checks whether a given list of meeting time intervals contains any overlaps. 

Here are the requirements and specifications for the task:

1. **Function Signature:**
   `def schedule_meetings(meetings: list[tuple[int, int]]) -> bool`

2. **Functionality:**
   - The input `meetings` is a list of tuples, where each tuple represents a meeting's `(start, end)` time in 24-hour integer format.
   - Return `True` if **none** of the meetings overlap.
   - Return `False` if **any** two meetings overlap.

3. **Key Edge Cases & Rules:**
   - **Touching Endpoints:** Meetings that share an endpoint do **NOT** count as overlapping. For example, a meeting ending at `10` and another starting at `10` (e.g., `(9, 10)` and `(10, 11)`) are considered valid (non-overlapping).
   - **Unsorted Input:** The input list of meetings may not be sorted chronologically. You should handle meetings provided in any order.
   - **Empty or Single Meeting:** An empty list `[]` or a list with a single meeting `[(9, 10)]` should return `True` since no overlaps are possible.
   - **Duplicate Meetings or Subsets:** Handle identical time slots or fully nested intervals correctly (these definitely count as overlaps).

4. **Recommended Approach:**
   - First, handle edge cases where the list has 0 or 1 element (return `True`).
   - Sort the `meetings` list primarily by the start times.
   - Iterate through the sorted meetings starting from the second element. Compare the start time of the current meeting with the end time of the previous meeting.
   - If a current meeting's start time is strictly less than the previous meeting's end time (`current_start < prev_end`), an overlap exists—return `False`.
   - If the loop finishes without finding any overlaps, return `True`.",none,1,measured,hand_hard,0.81190413,0.0823529411764705,6.829268292682927,10.0,0.3333333333333333,0.0072202166064981,0.3454545454545454,4,0.0,0.0,1.0,1.0,0.9995342493057252,0.336763858795166,0.8169738164213652,1,False
task_047,"Write a function `resolve_aliases(mapping)` where `mapping` is a dict of string -> string that may contain CHAINS of aliases (e.g. {'a': 'b', 'b': 'c'} means a resolves to c). Return a new dict where every key maps directly to its FINAL value (the one that isn't itself a key in the mapping). If a cycle is detected (e.g. a->b->a), map that key to None instead of looping forever.","**Handoff Message for Agent B**

Your task is to write a Python function that resolves alias chains in a dictionary.

### Function Signature
```python
def resolve_aliases(mapping: dict[str, str]) -> dict[str, str | None]:
```

### Requirements & Behavior
1. **Input**: A dictionary (`mapping`) mapping strings to strings, representing direct aliases (e.g., `{'a': 'b', 'b': 'c'}`).
2. **Output**: A new dictionary where every original key maps directly to its *final* value. The final value is the end of the alias chain—meaning it is a value that does *not* appear as a key in the original `mapping`.
3. **Cycle Detection**: If an alias chain contains a cycle (e.g., `a -> b -> a` or a self-reference `a -> a`), any key involved in that cycle must map to `None` in the returned dictionary instead of causing an infinite loop.

### Key Edge Cases to Handle
- **Simple chains**: `{'a': 'b', 'b': 'c'}` -> `{'a': 'c', 'b': 'c'}` (Note: intermediate keys in the chain should also point to the final value).
- **Cycles**: `{'a': 'b', 'b': 'a'}` -> `{'a': None, 'b': None}`.
- **Self-reference**: `{'a': 'a'}` -> `{'a': None}`.
- **Values not in keys**: If a value points to something outside the dictionary (e.g., `{'a': 'b'}` where `'b'` is not a key), then `'b'` is already the final value -> `{'a': 'b'}`.
- **Empty dictionary**: `{}` -> `{}`.

### Suggested Approach
1. Iterate through each key in the `mapping`.
2. For each key, resolve its final value by following the chain. 
3. Use a visited set or path-tracking list for the current traversal to detect cycles. If a key is encountered twice during the traversal of a single chain, mark all keys in that chain (or set their resolution) to `None`.
4. To optimize and avoid re-evaluating long chains, you can memoize the resolved values for keys as you compute them.
5. Build and return the new dictionary.",none,1,measured,hand_hard,0.8064913,0.0543478260869565,4.632352941176471,4.8,0.5,0.0096153846153846,0.3432835820895522,3,0.0,0.0,1.0,1.0,0.9972583055496216,0.1309544295072555,0.8285233519656645,1,False
task_038,"Write a function `budget_split(total, ratios)` that splits an integer `total` amount among parties according to a list of integer `ratios` (e.g. [2, 3, 5] means 2:3:5). Splits must be integers and must sum EXACTLY to total -- distribute any remainder (due to integer division) one unit at a time to the parties with the LARGEST ratio first, in order of ratio descending, ties broken by original index.","## Handoff Message for Agent B

### Function to Build
Write a Python function named `budget_split(total, ratios)` that divides an integer `total` amount among multiple parties based on a provided list of integer `ratios`. The resulting split amounts must be integers and must sum **EXACTLY** to `total`. Any remainder caused by integer division must be distributed one unit at a time to the parties with the **largest ratio first**, with ties broken by the **original index** (earlier index gets the remainder first).

### Exact Signature
```python
def budget_split(total: int, ratios: list[int]) -> list[int]:
    pass
```

### Key Requirements & Edge Cases
1. **Exact Sum:** The returned list of integers must sum precisely to `total`.
2. **Proportional Base:** Each party initially receives `(total * ratio) // sum(ratios)`.
3. **Remainder Distribution:** The leftover amount (`total - sum(initial_splits)`) must be distributed in increments of 1.
   - Priority 1: Highest `ratio` values first (descending order).
   - Priority 2: If ratios are tied, the party with the **smaller original index** gets priority (stable sorting based on original index).
4. **Edge Cases to Handle:**
   - Empty `ratios` list (though typically inputs are valid, ensure no division by zero if sum is 0).
   - `total` is smaller than `len(ratios)` or zero.
   - All ratios are equal.

### Recommended Plan / Approach
1. Compute `total_ratio = sum(ratios)`.
2. Calculate the base integer share for each party: `base[i] = (total * ratios[i]) // total_ratio`.
3. Compute the current sum of base shares and determine the `remainder = total - sum(base)`.
4. Create a list of tuples/objects representing each party: `(ratio, -original_index, original_index)` or similar structure so you can sort them to find who gets the remainder units. Specifically, sort parties by:
   - `ratio` descending
   - `original_index` ascending
5. Iterate through the top `remainder` parties from this sorted order and add `1` to their respective base share.
6. Return the adjusted shares in their **original order**.",none,1,measured,hand_hard,0.8294383,0.2040816326530612,4.7164179104477615,9.0,0.1666666666666666,0.0383386581469648,0.3576642335766423,6,0.0,0.2,1.0,0.0,0.996110737323761,0.0717544481158256,0.7399917271236386,0,True
task_048,"Write a function `weighted_median(values, weights)` that computes the weighted median of a list of numbers with corresponding weights. The weighted median is the smallest value v such that the sum of weights for all elements <= v is at least half the total weight. Assume values and weights are parallel lists of the same length, all weights positive.","**HANDOFF MESSAGE FOR AGENT B**

**Objective:**
Write a Python function that calculates the weighted median of a given list of numerical values and their corresponding positive weights. 

**Exact Function Signature:**
```python
def weighted_median(values, weights):
    """"""
    Computes the weighted median of a list of numbers with corresponding weights.
    
    Parameters:
    values (list): A list of numerical values.
    weights (list): A list of positive numeric weights, parallel to values.
    
    Returns:
    The weighted median (scalar value).
    """"""
```

**Definition & Logic:**
The weighted median is defined as the smallest value $v$ in `values` such that the cumulative sum of weights for all elements $\le v$ is at least half of the total weight ($\sum \text{weights} / 2$).

**Key Edge Cases to Handle:**
1. **Parallel sorting:** `values` and `weights` must be sorted together based on the values in ascending order.
2. **Single element:** If `values` has only one element, return that element.
3. **Equal weights vs. unequal weights:** Ensure standard floating-point or integer division is handled correctly for the total weight threshold.
4. **Input validation (optional/good practice):** Assume inputs are valid parallel lists of equal length with positive weights as stated, but ensure robust indexing.

**Brief Plan / Approach:**
1. Combine `values` and `weights` into pairs (e.g., using `zip`) and sort them by the `values` in ascending order.
2. Calculate the total sum of all weights.
3. Determine the half-total weight threshold (`total_weight / 2.0`).
4. Iterate through the sorted pairs while maintaining a running cumulative sum of the weights.
5. Return the first `value` where the cumulative weight is greater than or equal to the half-total weight threshold.",none,1,measured,hand_hard,0.79648083,0.1219512195121951,4.551724137931035,8.333333333333334,0.5,0.0544747081712062,0.2905982905982906,1,0.0,0.25,1.0,0.0,0.9621416330337524,0.0893736481666565,0.8102425381942956,1,False
task_052,"Write a function `trim_outliers(values, k)` that removes elements more than `k` standard deviations from the MEAN of the ORIGINAL list (compute mean/stdev once, up front, before removing anything -- do not recompute after each removal). Use population standard deviation. Return the filtered list preserving original order.","**Handoff Message for Agent B:**

**Task:**
Write a Python function named `trim_outliers(values, k)` that filters out elements from a list of numbers if they are more than $k$ standard deviations away from the mean of the *original* list. 

**Exact Function Signature:**
```python
def trim_outliers(values, k):
    pass
```

**Key Requirements & Constraints:**
1. **Compute Once Up Front:** Compute the mean and the standard deviation of the input `values` *once* at the very beginning before any elements are removed. Do *not* recompute the mean or standard deviation iteratively after removing elements.
2. **Population Standard Deviation:** Use the population standard deviation formula (divide by $N$, not $N-1$, e.g., using `statistics.pstdev` or `numpy` population std, or implementing it manually).
3. **Threshold Condition:** An element $x$ is kept if:
   $$\text{mean} - (k \times \text{stdev}) \le x \le \text{mean} + (k \times \text{stdev})$$
   Elements strictly outside this range (i.e., absolute difference from the mean is greater than $k \times \text{stdev}$) should be removed.
4. **Preserve Order:** The returned filtered list must maintain the original relative order of the remaining elements.
5. **Edge Cases to Handle:**
   - Empty input list `values = []`: Should return an empty list without raising division-by-zero errors.
   - Standard deviation is zero (all elements in the list are identical): All elements are within 0 standard deviations of the mean, so return the original list (or appropriate handling where no elements exceed the threshold).
   - Negative or zero $k$ values.

**Suggested Approach:**
1. Check if the input list is empty; if so, return `[]`.
2. Calculate the mean of `values`.
3. Calculate the population standard deviation (`pstdev`) of `values`.
4. Define the lower and upper bounds: `lower = mean - k * stdev` and `upper = mean + k * stdev`.
5. Use a list comprehension to filter elements: `[x for x in values if lower <= x <= upper]`.
6. Return the resulting list.",none,1,measured,hand_hard,0.7281898,0.0652173913043478,6.782608695652174,8.666666666666666,0.5,0.0064935064935064,0.2928571428571428,5,0.0,0.6666666666666666,1.0,0.0,0.9948082566261292,0.2181033343076706,0.9001875684381699,1,False
task_053,"Write a function `deep_merge(d1, d2)` that merges two nested dictionaries. If a key exists in both and BOTH values are dicts, merge them recursively. If a key exists in both and at least one value is NOT a dict, the value from `d2` OVERWRITES d1's value entirely (no list concatenation or other merging).","**HANDOFF MESSAGE FOR AGENT B**

**Objective:**
You need to write a Python function named `deep_merge(d1, d2)` that recursively merges two nested dictionaries.

**Function Signature:**
```python
def deep_merge(d1: dict, d2: dict) -> dict:
```

**Merging Rules:**
1. Iterate through all keys and values in `d2`.
2. For each key in `d2`:
   - If the key also exists in `d1` **and** both `d1[key]` and `d2[key]` are instances of `dict`, call `deep_merge` recursively on them.
   - Otherwise (if the key is only in `d2`, or if at least one of `d1[key]` or `d2[key]` is *not* a dict), the value from `d2` completely overwrites the value in `d1`.
3. The function should return the merged dictionary (ideally modifying `d1` in place or returning a new combined dictionary—modifying/returning a new merged copy is safest to avoid side effects, but ensure the structure is fully combined).

**Key Edge Cases to Handle:**
- **Type mismatch:** If `d1['key']` is a dict, but `d2['key']` is an integer, string, list, etc., `d2['key']` must overwrite `d1['key']` entirely without throwing a type error.
- **Disjoint keys:** Keys present in `d1` but not `d2` must be preserved in the output. Keys present in `d2` but not `d1` must be added.
- **Deep nesting:** The recursion should correctly handle arbitrary levels of nested dictionaries.
- **Immutability/Side effects:** Be mindful of whether you mutate `d1` directly or create a copy (returning a deep-copied/new merged dictionary is usually best practice).

**Suggested Approach:**
1. Create a copy of `d1` (e.g., `result = deepcopy(d1)` or a shallow copy if nesting is handled recursively) so you don't mutate the original input unexpectedly.
2. Loop through `d2.items()`:
   - Check if the key is in `result` and if *both* `result[key]` and `val` are `dict` types.
   - If yes, `result[key] = deep_merge(result[key], val)`.
   - If no, `result[key] = deepcopy(val)`.
3. Return `result`.",none,1,measured,hand_hard,0.8169977,0.0945945945945946,5.660377358490566,7.0,0.6666666666666666,0.0067340067340067,0.25,6,0.0,0.3333333333333333,1.0,0.0,0.9991156458854676,0.0579669028520584,0.880806775865553,1,False
task_054,Write a function `longest_increasing_run(nums)` that returns the length of the longest STRICTLY increasing contiguous (not subsequence) run in a list of integers. An empty list returns 0.,"**HANDOFF MESSAGE FOR AGENT B**

**Objective:**
Write a Python function that calculates the length of the longest strictly increasing contiguous subsegment (run) within a list of integers.

**Function Signature:**
```python
def longest_increasing_run(nums: list[int]) -> int:
```

**Key Edge Cases to Handle:**
1. **Empty list (`[]`):** Should return `0`.
2. **Single-element list (`[x]`):** Should return `1`.
3. **Strictly decreasing list (e.g., `[5, 4, 3, 2]`):** Should return `1`.
4. **List with all identical elements (e.g., `[2, 2, 2]`):** Should return `1` (since the run must be *strictly* increasing, i.e., `nums[i+1] > nums[i]`).
5. **List with multiple runs of the same max length:** Should correctly return the maximum length found.

**Plan / Approach:**
- Initialize two variables: `max_len = 0` and `current_len = 0`.
- Handle the empty list edge case early by returning `0` if `not nums`.
- Iterate through the list starting from the first element.
- For each element (except the first), check if it is strictly greater than the preceding element (`nums[i] > nums[i-1]`):
  - If yes, increment `current_len`.
  - If no, reset `current_len` to start a new run (don't forget to account for the current element itself, initializing the new run length to 1).
- Keep track of the maximum length encountered (`max_len = max(max_len, current_len)`).
- Return `max_len`.",none,1,measured,hand_hard,0.7768868,0.081967213114754,7.851851851851852,9.0,0.3333333333333333,0.0287081339712918,0.2842105263157894,10,0.0,1.0,1.0,0.0,0.9961417317390442,0.0447608307003974,0.6830170670141029,0,True
task_051,"Write a function `sparse_matrix_multiply(a, b)` that multiplies two matrices represented as dicts mapping (row, col) -> nonzero value (missing entries are 0). `a` is m x n, `b` is n x p. Return the result in the SAME sparse dict format, with ZERO entries in the result explicitly EXCLUDED (not stored as 0).","### Handoff Message for Agent B

Your task is to implement a sparse matrix multiplication function. 

#### Function Signature
```python
def sparse_matrix_multiply(a, b):
    """"""
    Multiplies two sparse matrices represented as dictionaries.
    
    :param a: Dict representing matrix A of shape m x n. 
              Keys are (row, col) tuples, values are nonzero numbers.
    :param b: Dict representing matrix B of shape n x p. 
              Keys are (row, col) tuples, values are nonzero numbers.
    :return: Dict representing the result matrix (m x p) in the same sparse format.
    """"""
```

#### Requirements & Approach
1. **Representation**: 
   - Matrices are dictionaries where keys are `(row, col)` and values are nonzero elements. Missing entries are implicitly 0.
   - The result must be returned in the exact same format.
   - **Crucial**: Any resulting entries that evaluate to `0` must be **explicitly excluded** (do not store them in the output dictionary).

2. **Algorithm/Approach**:
   - Matrix multiplication definition: Result $C[i, j] = \sum_k A[i, k] \times B[k, j]$.
   - To efficiently iterate over matching indices without dense iteration:
     - Group the keys of matrix `A` by row, and the keys of matrix `B` by col (or group `B` by row to find matching inner dimensions $k$).
     - For each non-zero element in `A` at `(i, k)`, look for non-zero elements in `B` at `(k, j)`.
     - Accumulate the products into a temporary data structure (e.g., a dictionary mapping `(i, j)` to sums).
   - After computing all sums, filter out any entries where the accumulated sum is `0` (or extremely close to 0 if dealing with floats, though standard summation is fine unless specified), and build the final return dict.

3. **Edge Cases**:
   - Empty matrices `a` or `b` (should return an empty dict).
   - Multiplication resulting in an entirely zero matrix (should return an empty dict, with no zero-valued keys stored).
   - Incompatible dimensions (though you can assume valid inputs where `a`'s columns match `b`'s rows).
   - Floating-point precision artifacts (ensure exact zeros or near-zeros aren't accidentally stored as `0.0`).",none,1,measured,hand_hard,0.8129352,0.0849056603773584,6.264150943396227,7.666666666666667,0.5,0.0031152647975077,0.2837837837837837,5,0.0,0.5,1.0,0.0,0.9954293966293336,0.2347359508275985,0.8774679069172499,1,False
task_055,"Write a function `format_currency(amount, currency)` that formats a float as a currency string. For currency='USD', format as '$X,XXX.XX' with comma thousands separators and exactly 2 decimals. For currency='JPY', format as 'Y-X,XXX' with comma separators and NO decimal places (JPY has no subunits), rounding HALF UP on exact .5 values (e.g. 1234.5 rounds to 1235, not banker's rounding to even). Negative amounts get a leading '-' before the symbol.","**HANDOFF MESSAGE FOR AGENT B**

**1. Function to Build**
We need to implement a Python function named `format_currency(amount, currency)` that takes a numeric amount (float/int) and a currency code string ('USD' or 'JPY'), and returns the formatted currency string according to specific formatting and rounding rules.

**2. Exact Signature**
```python
def format_currency(amount: float, currency: str) -> str:
```

**3. Formatting & Rounding Rules**
*   **USD:**
    *   Format: `'$X,XXX.XX'` (dollar sign, comma thousands separators, exactly 2 decimal places).
    *   Example: `1234.5` -> `'$1,234.50'`
*   **JPY:**
    *   Format: `'Y-X,XXX'` (note the exact prefix `'Y-'`, comma thousands separators, **no** decimal places).
    *   Rounding rule: Round **HALF UP** on exact .5 values (e.g., `1234.5` rounds to `1235`, *not* Python's default banker's/even rounding).
*   **Negative Amounts:**
    *   A leading `-` must appear *before* the currency symbol (e.g., `-$1,234.50` or `-Y-1,235`).

**4. Key Edge Cases to Handle**
*   Negative values for both USD and JPY (ensuring the minus sign is positioned correctly before the symbol, not after).
*   JPY rounding half-up explicitly (e.g., `0.5` -> `1`, `1.5` -> `2`, `-1.5` -> `-2` depending on magnitude interpretation, but ensure standard mathematical half-up).
*   Zero values (`0.0` -> `'$0.00'` and `'Y-0'`).
*   Large numbers requiring multiple comma separators.

**5. Recommended Approach**
1.  Determine if the `amount` is negative, store the sign, and work with the absolute value for formatting.
2.  For **JPY**:
    *   Implement explicit HALF UP rounding to an integer (using `decimal.Decimal` with `ROUND_HALF_UP` is strongly recommended to avoid floating-point inaccuracies and banker's rounding).
    *   Format the integer with comma separators.
    *   Prepend `'Y-'` (and a leading `-` if the original amount was negative).
3.  For **USD**:
    *   Format to 2 decimal places with comma separators using standard string formatting (e.g., `f""{abs_amount:,.2f}""`).
    *   Prepend `'$'` (and a leading `-` if the original amount was negative).
4.  Return the final concatenated string.",none,1,measured,hand_hard,0.82517976,0.16,4.470588235294118,5.0,0.1666666666666666,0.0034013605442176,0.2993197278911564,1,0.0032894736842105,0.5,1.0,0.0,0.9623933434486388,0.235043004155159,0.8214115401753103,1,False
task_057,"Write a function `redact_pii(text)` that replaces any substring matching a US phone number pattern (XXX-XXX-XXXX where X is a digit) with 'XXX-XXX-XXXX', and any substring matching an email pattern (word characters, @, word characters, dot, word characters) with '[REDACTED_EMAIL]'. Everything else in the text must remain UNCHANGED, including surrounding punctuation and spacing.","**HANDOFF MESSAGE FOR AGENT B**

**Objective:**
Write a Python function named `redact_pii(text)` that scans a given input string and redacts specific Personally Identifiable Information (PII) patterns—specifically US phone numbers and email addresses—while leaving all other text, spacing, and punctuation completely unchanged.

**Exact Function Signature:**
```python
def redact_pii(text: str) -> str:
```

**Redaction Rules:**
1. **US Phone Numbers:** 
   - Pattern: `XXX-XXX-XXXX` (where `X` represents a single digit 0-9).
   - Action: Replace any matching substring with the literal string `'XXX-XXX-XXXX'`.
2. **Email Addresses:**
   - Pattern: Word characters, followed by `@`, followed by word characters, followed by a dot (`.`), followed by word characters (e.g., standard alphanumeric/underscore sequences like `user@domain.com`).
   - Action: Replace any matching substring with the literal string `'[REDACTED_EMAIL]'`.

**Key Edge Cases to Handle:**
- **Punctuation & Spacing:** Punctuation directly attached to or surrounding emails and phone numbers (e.g., periods at the end of sentences, commas, parentheses) should *not* be swallowed by the regex unless part of the pattern, and all surrounding spacing/formatting must remain strictly intact.
- **Multiple/Mixed PII:** A single text string may contain multiple phone numbers, multiple emails, both, or none. All instances must be redacted.
- **Non-Matching Text:** Strings that do not contain PII must be returned completely unmodified.
- **Type Safety:** Assume inputs are strings; handle empty strings gracefully.

**Suggested Approach:**
- Use Python's `re` (regular expression) module.
- Define a precise regex for US phone numbers: `\d{3}-\d{3}-\d{4}`.
- Define a precise regex for emails based on the prompt's description (e.g., `\w+@\w+\.\w+`).
- Use `re.sub()` to apply both patterns sequentially (or use a combined regex with alternation if applicable, though sequential replacement is often cleaner for distinct redaction strings).",none,1,measured,hand_hard,0.8161044,0.0843373493975903,5.25,8.0,0.5,0.0,0.3529411764705882,5,0.0073260073260073,0.5,1.0,0.0,0.9772669076919556,0.1155939847230911,0.844368276937186,1,False
task_056,"Write a function `topo_sort_courses(num_courses, prereqs)` where `prereqs` is a list of [course, prereq] pairs meaning `prereq` must come before `course`. Return a valid ordering (list of course indices 0..num_courses-1) satisfying all prerequisites. If it's impossible (a cycle exists), return an empty list.","Handoff Message for Agent B:

You need to implement a topological sort function for a course schedule problem. 

**Function Signature:**
`def topo_sort_courses(num_courses: int, prereqs: list[list[int]]) -> list[int]:`

**Parameters:**
- `num_courses`: Total number of courses, indexed from `0` to `num_courses - 1`.
- `prereqs`: A list of pairs where each pair is `[course, prereq]`, meaning `prereq` must be taken before `course`.

**Behavior & Return Value:**
- Return a valid ordering (a list of integers representing course indices) that satisfies all prerequisite relationships.
- If it is impossible to complete all courses due to a cycle in the prerequisites, return an empty list `[]`.

**Key Edge Cases to Handle:**
- `num_courses` with zero prerequisites (should return any valid ordering, e.g., `[0, 1, ..., num_courses-1]`).
- Disconnected graphs or multiple valid topological orderings.
- Cyclic dependencies (e.g., `[[0, 1], [1, 0]]`), which must be detected to return `[]`.
- Duplicate prerequisite pairs or self-dependencies (e.g., `[[0, 0]]`), which should be handled safely as cycles.

**Recommended Approach:**
1. Build an adjacency list and an in-degree array for all courses.
2. Initialize a queue (or stack) with all courses that have an in-degree of `0`.
3. Process nodes by removing them from the queue, adding them to the result list, and decrementing the in-degree of their neighbors. If a neighbor's in-degree drops to `0`, add it to the queue.
4. After processing, check if the length of the result list equals `num_courses`. If it does, return the result. If not, a cycle exists, so return `[]`.",none,1,measured,hand_hard,0.7652555,0.1,5.976190476190476,6.666666666666667,0.1666666666666666,0.0040322580645161,0.3272727272727272,4,0.0,0.0,1.0,0.0,0.9881927371025084,0.0891575440764427,0.8368832803355856,1,False
task_029,Write a function that returns the transpose of a 2D matrix (list of lists).,"AGENT B HANDOFF MESSAGE

Task: Write a Python function that computes the transpose of a 2D matrix (represented as a list of lists). The transpose of a matrix swaps its rows and columns (i.e., the element at row `i`, column `j` becomes the element at row `j`, column `i`).

Function Signature:
```python
def transpose_matrix(matrix: list[list[int | float]]) -> list[list[int | float]]:
```

Key Edge Cases to Handle:
1. Empty matrix (`[]`): Should return `[]`.
2. Matrix with empty rows (`[[], [], []]`): Should return `[]` or handle appropriately based on dimensions.
3. Non-square matrices (e.g., $2 \times 3$ matrix becoming a $3 \times 2$ matrix): The function must correctly handle matrices where the number of rows is not equal to the number of columns.
4. Single-element matrix (`[[5]]`): Should return `[[5]]`.

Suggested Approach:
- Use a list comprehension with `zip(*matrix)`. This is the most pythonic and concise way to unpack the rows of the matrix as arguments to `zip`, effectively transposing the columns into new rows.
- Ensure you convert the resulting `zip` object back into a list of lists: `[list(row) for row in zip(*matrix)]`.
- Add a guard clause at the beginning to return `[]` if the input matrix is empty or `None`.",none,1,measured,hand_easy,0.6813523,0.0909090909090909,14.571428571428571,14.0,0.3333333333333333,0.0150753768844221,0.3170731707317073,4,0.0,1.0,1.0,,0.9976385831832886,0.0456677339971065,0.8921395562785664,1,False
task_014,"Write a function that computes the nth Fibonacci number (0-indexed, fib(0)=0, fib(1)=1) using recursion or iteration.","HANDOFF MESSAGE FOR AGENT B:

Please implement a Python function that computes the n-th Fibonacci number using 0-indexing (where fib(0) = 0 and fib(1) = 1).

- **Function Signature:** `def fib(n: int) -> int:`
- **Key Edge Cases to Handle:**
  - `n = 0` should return `0`.
  - `n = 1` should return `1`.
  - Negative integers (`n < 0`) should raise a `ValueError`.
- **Approach:** You can implement this using either an iterative approach (using a loop or variables for efficiency, $O(n)$ time and $O(1)$ space) or a memoized/recursive approach. Iterative is generally preferred to avoid recursion depth limits for large `n`.",none,1,measured,hand_easy,0.68543845,0.0606060606060606,6.4375,6.0,0.1666666666666666,0.01,0.3571428571428571,3,0.0,1.0,1.0,0.0,0.0396012775599956,0.1723050326108932,0.813728248803903,1,False
task_016,Write a function that returns the maximum depth (number of nesting levels) of a nested list.,"AGENT B HANDOFF MESSAGE

**Task:** Write a Python function that calculates the maximum nesting depth of a nested list (i.e., a list that may contain integers, other lists, etc., to arbitrary depths).

**Exact Function Signature:**
```python
def max_depth(lst: list) -> int:
```

**Behavioral Requirements & Edge Cases:**
1. **Flat list:** A list containing only non-list elements (e.g., `[1, 2, 3]`) should return a depth of `1`.
2. **Empty list:** An empty list `[]` should return a depth of `1` (or `0` depending on convention, but typically `1` as it represents a base list container). Let's define `[]` as depth `1`.
3. **Deeply nested lists:** For example, `[1, [2, [3, 4]], 5]` should return `3`.
4. **Non-list elements:** The list can contain mixed types (integers, strings, etc., alongside lists). Only recursive calls should be made when an element is an instance of `list`.

**Suggested Approach:**
Use recursion. 
- Base case: If the input is not a list, return `0` (or handle it at the iteration level).
- Recursive step: Iterate through the elements of the list. For each element that is a list, recursively compute its depth. 
- The depth of the current list is `1 + max(depth of all nested lists)`, defaulting to `1` if there are no nested lists.",none,1,measured,hand_easy,0.68681914,0.0344827586206896,13.125,16.0,0.3333333333333333,0.0,0.2962962962962963,5,0.0,0.0,1.0,,0.9913517236709596,0.0053577348589897,0.6064832343419404,0,True
he_000,"Check if in given list of numbers, are any two numbers closer to each other than
given threshold.
>>> has_close_elements([1.0, 2.0, 3.0], 0.5)
False
>>> has_close_elements([1.0, 2.8, 3.0, 4.0, 5.0, 2.0], 0.3)
True","HANDOFF MESSAGE FOR AGENT B:

You need to write a Python function that determines if any two numbers in a given list are closer to each other than a specified threshold (strictly less than, or less than or equal to—standard distance check).

**Function Signature:**
```python
from typing import List

def has_close_elements(numbers: List[float], threshold: float) -> bool:
    """"""Check if in given list of numbers, are any two numbers closer to each other than given threshold.""""""
```

**Key Edge Cases to Handle:**
- Lists with fewer than 2 elements should return `False` (since no pairs exist).
- Duplicate numbers in the list: if the threshold is positive and duplicates exist, the distance is 0, which should return `True`.
- Negative numbers and floating-point precision issues.

**Plan / Approach:**
1. Iterate through all unique pairs of numbers in the list (using nested loops or `itertools.combinations`).
2. For each pair `(a, b)`, compute the absolute difference: `abs(a - b)`.
3. If the difference is strictly less than the `threshold`, return `True odmah` (immediately).
4. If the loops complete without finding any such pair, return `False`.
*(Optional optimization for large lists: sort the list first and check adjacent elements in $O(N \log N)$ time, though $O(N^2)$ works fine for standard inputs).*",none,1,measured,humaneval,0.7315935,0.0634920634920634,6.242424242424242,6.5,0.1666666666666666,0.0646766169154228,0.2708333333333333,4,0.0,0.0,1.0,2.0,0.9918600916862488,0.0035582832060754,0.7260965739071751,0,True
task_058,"Write a function `min_coins(amount, coins)` that returns the MINIMUM number of coins needed to make exactly `amount` using unlimited quantities of the given coin denominations. If it's impossible to make the exact amount, return -1.","**Handoff Message for Agent B**

We need to implement a function that solves the classic Coin Change problem using dynamic programming or BFS. 

**Function Signature:**
```python
def min_coins(amount, coins):
    """"""
    Returns the minimum number of coins needed to make exactly `amount` 
    using unlimited quantities of the given coin denominations. 
    Returns -1 if it's impossible.
    """"""
```

**Key Edge Cases to Handle:**
1. `amount == 0`: Should return `0` (0 coins needed).
2. Impossible to make the amount (e.g., `amount = 7`, `coins = [2, 4]`): Should return `-1`.
3. Empty `coins` list with `amount > 0`: Should return `-1`.
4. Coin denominations larger than the amount: Should be ignored gracefully.

**Recommended Approach (Bottom-Up Dynamic Programming):**
1. Initialize a 1D DP array of size `amount + 1` with a sentinel value representing infinity (e.g., `float('inf')`), except for `dp[0] = 0`.
2. Iterate through every amount `i` from `1` to `amount`.
3. For each `i`, iterate through each coin in `coins`. If `i - coin >= 0`, update `dp[i] = min(dp[i], dp[i - coin] + 1)`.
4. After filling the table, if `dp[amount]` is still infinity, return `-1`. Otherwise, return `dp[amount]`.",none,1,measured,hand_hard,0.6824394,0.1111111111111111,5.4,10.5,0.1666666666666666,0.0913978494623656,0.2,4,0.0052910052910052,0.3333333333333333,1.0,0.0,0.2908249199390411,0.0489317364990711,0.7875021354337597,0,True
task_060,"Write a function `diff_lists(old, new)` that compares two lists and returns a dict with keys 'added' (items in new but not old), 'removed' (items in old but not new), and 'unchanged' (items in both), where counts matter for duplicates -- e.g. if old has two 'x' and new has one 'x', that's 1 removed 'x', not 0. Each value is a list (order doesn't matter within each).","HANDOFF MESSAGE FOR AGENT B:

Your task is to implement a Python function that compares two lists, taking element counts (duplicates) into account, and returns a dictionary categorizing the differences.

### Function Signature
```python
def diff_lists(old: list, new: list) -> dict:
```

### Requirements & Behavior
The function must return a dictionary with exactly three keys:
- `'added'`: Items present in `new` but not in `old` (respecting multiplicity).
- `'removed'`: Items present in `old` but not in `new` (respecting multiplicity).
- `'unchanged'`: Items present in both `old` and `new` (respecting multiplicity).

Each value in the returned dictionary must be a **list** where the order of elements does not matter.

### How Counts Work (Edge Cases & Examples)
Multiplicity matters. If an item appears $N$ times in `old` and $M$ times in `new`:
- If $M > N$, then $N$ instances go to `'unchanged'` and $(M - N)$ instances go to `'added'`.
- If $N > M$, then $M$ instances go to `'unchanged'` and $(N - M)$ instances go to `'removed'`.
- If $N == M$, all instances go to `'unchanged'`.

*Example:*
- `old = ['x', 'x', 'y']`, `new = ['x', 'z']`
  - `'x'`: 2 in old, 1 in new $\rightarrow$ 1 'unchanged' x, 1 'removed' x.
  - `'y'`: 1 in old, 0 in new $\rightarrow$ 1 'removed' y.
  - `'z'`: 0 in old, 1 in new $\rightarrow$ 1 'added' z.
  - Result: `{'added': ['z'], 'removed': ['x', 'y'], 'unchanged': ['x']}` (order in lists can vary).

### Recommended Approach
1. Use `collections.Counter` on both `old` and `new` to easily manage and compare counts for duplicate items.
2. For each unique element across both counters:
   - Calculate the intersection (min count) for `'unchanged'`.
   - Calculate excess in `new` (count in `new` - count in `old`) for `'added'`.
   - Calculate excess in `old` (count in `old` - count in `new`) for `'removed'`.
3. Flatten these counts back into lists for the final dictionary values. Ensure elements are repeatable (e.g., using `element * count` or a loop).",none,1,measured,hand_hard,0.8065566,0.0804597701149425,4.955223880597015,7.333333333333333,0.1666666666666666,0.0,0.2446808510638297,3,0.0,0.0,1.0,0.0,0.998043656349182,0.0450830087065696,0.8514672702209635,1,False
task_004,"Write a function that takes a list of (name, score) tuples and returns the name with the highest score. Break ties alphabetically.","Handoff Message for Agent B:

Please implement a Python function that determines the winner from a list of (name, score) tuples based on their scores, with a specific tie-breaking rule.

**Function Signature:**
```python
def get_highest_score_name(participants: list[tuple[str, int | float]]) -> str:
```

**Requirements & Edge Cases:**
1. **Input:** A list of tuples, where each tuple contains a string (`name`) and a numeric value (`score`).
2. **Highest Score:** The function must identify the name corresponding to the maximum score in the list.
3. **Tie-Breaking:** If two or more names share the highest score, return the name that comes first alphabetically (lexicographically, i.e., ""Alice"" beats ""Bob"").
4. **Edge Cases:**
   - Empty list: The function should handle this gracefully (e.g., raise a `ValueError` or return `None`—please implement a `ValueError` with a clear message).
   - Single item list: Return that item's name.

**Proposed Approach:**
- Validate that the input list is not empty.
- Sort the list of tuples. A robust way to handle both the score maximization and alphabetical tie-breaking in a single pass/sort is to sort the list using a custom key or sort descending by score and ascending by name, then take the first element. 
- Specifically, `sorted(participants, key=lambda x: (-x[1], x[0]))` will sort primary by score descending, and secondary by name ascending. The first tuple in this sorted list will be our winner.
- Extract and return the name from that first tuple.",none,1,measured,hand_easy,0.67508656,0.0571428571428571,10.590909090909092,8.0,0.3333333333333333,0.0130434782608695,0.3763440860215054,3,0.0042918454935622,0.5,1.0,,0.9941897392272948,0.0828450918197631,0.8274431974480682,1,False
task_059,"Write a function `sliding_window_max(nums, k)` that returns a list containing the maximum value in every contiguous window of size `k` as it slides from left to right across `nums`. If k > len(nums), return a single-element list with the max of the whole array.","**HANDOFF MESSAGE FOR AGENT B**

Your task is to implement a Python function that calculates the maximum value in every sliding window of a given size across an array of numbers. 

### Function Signature
```python
def sliding_window_max(nums: list[int], k: int) -> list[int]:
```

### Requirements & Behavior
- Given a list of integers `nums` and an integer window size `k`, slide a window of size `k` from left to right across `nums`.
- For each position of the window, find the maximum value.
- Return a list of these maximum values in order from left to right.

### Key Edge Cases to Handle
1. **$k > \text{len(nums)}$**: If the window size is greater than the length of the array, return a single-element list containing the maximum value of the entire array.
2. **$k = 1$**: The output should be a copy of the original list `nums`.
3. **Empty `nums`**: (Assuming standard constraints, but if `nums` is empty, return an empty list or handle gracefully depending on expected input validity).
4. **Negative numbers**: The algorithm must correctly handle negative integers.

### Recommended Approach (Optimal: $O(N)$ Time Complexity)
- Use a **monotonic decreasing queue** (specifically, a `collections.deque`) that stores the **indices** of the elements rather than the values themselves.
- As you iterate through `nums` with index `i`:
  1. Remove indices from the front of the deque that are outside the current window (i.e., `index < i - k + 1`).
  2. Remove indices from the back of the deque whose corresponding values in `nums` are less than or equal to `nums[i]` (since they can never be the maximum while `nums[i]` is in the window).
  3. Append the current index `i` to the back of the deque.
  4. Once the window has reached size `k` (i.e., `i >= k - 1`), append the value at the front of the deque (`nums[deque[0]]`) to your result list.",none,1,measured,hand_hard,0.8306029,0.0659340659340659,7.113636363636363,10.5,0.8333333333333334,0.0294117647058823,0.2406015037593984,4,0.0031948881789137,0.3333333333333333,1.0,0.0,0.9154263138771056,0.159235194325447,0.8813123044438771,1,False
he_008,"For a given list of integers, return a tuple consisting of a sum and a product of all the integers in a list.
Empty sum should be equal to 0 and empty product should be equal to 1.
>>> sum_product([])
(0, 1)
>>> sum_product([1, 2, 3, 4])
(10, 24)","**Handoff Message for Agent B**

- **Function to Build:** Write a Python function that calculates both the sum and the product of all integers in a given list. It must return the results as a tuple in the format `(sum, product)`.
- **Exact Function Signature:** 
  ```python
  def sum_product(numbers: list[int]) -> tuple[int, int]:
  ```
- **Edge Cases to Handle:**
  - **Empty list (`[]`):** Must return `(0, 1)`, since the sum of an empty set is 0 and the product (neutral element for multiplication) is 1.
  - **Lists with negative numbers and zeros:** Ensure multiplication and addition handle signs correctly (e.g., a zero in the list should correctly zero out the product).
- **Plan/Approach:**
  - Initialize `total_sum = 0` and `total_product = 1`.
  - Iterate through the list of integers.
  - For each number, add it to `total_sum` and multiply `total_product` by it.
  - Alternatively, use Python's built-in functions/modules (like `sum()` and `math.prod()`, keeping the edge cases in mind) and return `(total_sum, total_product)` as a tuple.",none,1,measured,humaneval,0.72800756,0.0925925925925925,3.346938775510204,2.6666666666666665,0.1666666666666666,0.0,0.2823529411764706,3,0.0,1.0,1.0,0.0,0.9837887287139891,0.0785824581980705,0.8193789914541414,1,False
he_002,"Given a positive floating point number, it can be decomposed into
and integer part (largest integer smaller than given number) and decimals
(leftover part always smaller than 1).
Return the decimal part of the number.
>>> truncate_number(3.5)
0.5","**Handoff Message for Agent B:**

Your task is to implement a Python function that takes a positive floating-point number and returns its decimal part.

**Function Signature:**
```python
def truncate_number(number: float) -> float:
```

**Requirements & Edge Cases:**
- The decimal part is defined as the leftover part of the number after subtracting its integer part (where the integer part is the largest integer smaller than or equal to the given number, i.e., its floor).
- Input will be a positive floating-point number.
- Handle whole numbers correctly (e.g., input `4.0` should return `0.0`).
- Be mindful of floating-point arithmetic precision issues in Python (e.g., `3.5 - 3` is fine, but you may want to ensure cleanliness if necessary, though standard subtraction usually suffices).

**Plan / Approach:**
1. Use Python's built-in math operations (such as `math.floor()` or modulo operator `% 1`) to extract the fractional component.
2. Return the result as a float.",none,1,measured,humaneval,0.7353404,0.0434782608695652,4.0,3.0,0.3333333333333333,0.0,0.3142857142857143,2,0.0,0.0,1.0,0.0,0.9673810601234436,0.1273078769445419,0.8137319212963697,1,False
he_007,"Filter an input list of strings only for ones that contain given substring
>>> filter_by_substring([], 'a')
[]
>>> filter_by_substring(['abc', 'bacd', 'cde', 'array'], 'a')
['abc', 'bacd', 'array']","Handoff Message for Agent B:

1. **Function Restatement**: Build a Python function that takes a list of strings and a target substring, and returns a new list containing only the strings from the input list that contain the target substring.

2. **Function Signature**:
   ```python
   def filter_by_substring(strings: list[str], substring: str) -> list[str]:
   ```

3. **Key Edge Cases to Handle**:
   - Empty input list (`[]`), which should return `[]`.
   - Empty substring (`""""`), which should match all strings in the list (standard behavior for string containment).
   - No strings matching the substring, returning `[]`.
   - Substring appearing at the beginning, middle, or end of the strings.

4. **Plan/Approach**:
   - Use a list comprehension to iterate through each string in the input list.
   - Check if the `substring` is in the string using the `in` operator (`if substring in s`).
   - Return the filtered list.",none,1,measured,humaneval,0.61048216,0.0434782608695652,5.461538461538462,12.0,0.3333333333333333,0.0,0.3492063492063492,2,0.0,0.5,1.0,0.0,0.9997143149375916,0.1633120775222778,0.7358032188244077,1,True
he_005,"Insert a number 'delimeter' between every two consecutive elements of input list `numbers'
>>> intersperse([], 4)
[]
>>> intersperse([1, 2, 3], 4)
[1, 4, 2, 4, 3]","**HANDOFF MESSAGE FOR AGENT B**

**Objective:**
You need to write a Python function that takes a list of numbers and inserts a specified delimiter value between every two consecutive elements of that list.

**Function Signature:**
```python
def intersperse(numbers: list, delimeter: int) -> list:
```

**Key Edge Cases to Handle:**
1. **Empty list (`[]`):** If the input `numbers` list is empty, the function should return an empty list `[]` without inserting any delimiter.
2. **Single-element list (`[1]`):** If the list has only one element, no consecutive pairs exist, so it should return the list as-is `[1]` without adding the delimiter.
3. **Multiple elements:** The delimiter should be placed *strictly between* elements, meaning a list of length $N$ will have $N - 1$ delimiters inserted.

**Plan / Approach:**
- **Approach 1 (List Comprehension / Joining):** You can construct a new list by interleaving the elements. A Pythonic way to do this is using generator expressions or slicing, or simply iterating through the list with a loop.
- **Approach 2 (Iterative):** Initialize an empty result list. Iterate through `numbers`. For each element, append it to the result, and if it is not the last element, also append the `delimeter`. Return the result list. This approach is straightforward and robust.",none,1,measured,humaneval,0.6800182,0.0793650793650793,7.62962962962963,14.0,0.5,0.0147783251231527,0.3170731707317073,4,0.0,0.0,1.0,0.0,0.9996070265769958,0.2580626606941223,0.7952825520890735,1,False
he_004,"For a given list of input numbers, calculate Mean Absolute Deviation
around the mean of this dataset.
Mean Absolute Deviation is the average absolute difference between each
element and a centerpoint (mean in this case):
MAD = average | x - x_mean |
>>> mean_absolute_deviation([1.0, 2.0, 3.0, 4.0])
1.0","HANDOFF MESSAGE FOR AGENT B:

You need to implement a Python function that calculates the Mean Absolute Deviation (MAD) around the mean for a given list of numerical values.

**Function Signature:**
```python
def mean_absolute_deviation(numbers: list[float]) -> float:
```

**Definition & Formula:**
- First, calculate the arithmetic mean ($x_{mean}$) of the input list.
- Then, find the absolute difference between each element ($x$) and the mean: $|x - x_{mean}|$.
- Finally, take the average (mean) of these absolute differences to get the MAD.

**Key Edge Cases to Handle:**
- Empty lists: Decide how to handle (e.g., return `0.0` or raise a `ValueError`/`ZeroDivisionError`). Let's safely handle or assume valid non-empty inputs based on standard competitive programming, but checking for length == 0 and returning `0.0` is robust.
- Lists with a single element: Should return `0.0` since the element equals the mean and the deviation is zero.
- Negative numbers and floating-point values: Ensure standard float arithmetic is used correctly.

**Implementation Plan:**
1. Check if the input list is empty; if so, return `0.0`.
2. Compute the mean of the list: `mean = sum(numbers) / len(numbers)`.
3. Compute the absolute deviations for all elements: `[abs(x - mean) for x in numbers]`.
4. Compute and return the average of those deviations: `sum(deviations) / len(deviations)`.",none,1,measured,humaneval,0.65960383,0.046875,4.306122448979592,8.0,0.3333333333333333,0.0192307692307692,0.34,1,0.0,1.0,1.0,3.0,0.9892892837524414,0.3623918890953064,0.7999328591057381,1,False
he_001,"Input to this function is a string containing multiple groups of nested parentheses. Your goal is to
separate those group into separate strings and return the list of those.
Separate groups are balanced (each open brace is properly closed) and not nested within each other
Ignore any spaces in the input string.
>>> separate_paren_groups('( ) (( )) (( )( ))')
['()', '(())', '(()())']","FUNCTION NAME AND SIGNATURE:
`def separate_paren_groups(paren_string: str) -> list[str]:`

RESTATEMENT OF THE PROBLEM:
Build a function that takes a string containing multiple groups of nested parentheses, separates them into individual balanced parenthesis groups, and returns them as a list of strings. Any spaces in the input string should be completely ignored.

KEY EDGE CASES TO HANDLE:
- Spaces within or between groups (e.g., `' ( ) (( )) '`) must be ignored.
- Multiple top-level groups of varying depth.
- Empty input string (should return an empty list `[]`).

BRIEF PLAN / APPROACH:
1. Remove all whitespace characters from the input string.
2. Iterate through the cleaned string character by character while maintaining a counter (or stack depth) for parentheses:
   - Increment the counter on `'('`.
   - Decrement the counter on `')'`.
3. Accumulate characters for the current group.
4. When the counter returns to `0`, it means a complete, balanced top-level group has been closed. Append this group to your result list and reset the current group accumulator.
5. Return the list of separated parenthesis strings.",none,1,measured,humaneval,0.8186035,0.0967741935483871,2.8095238095238093,4.25,0.3333333333333333,0.0402298850574712,0.2987012987012987,3,0.0,0.0,1.0,0.0,0.9977045655250548,0.0621527284383773,0.7053952919105442,0,True
he_006,"Input to this function is a string represented multiple groups for nested parentheses separated by spaces.
For each of the group, output the deepest level of nesting of parentheses.
E.g. (()()) has maximum two levels of nesting while ((())) has three.
>>> parse_nested_parens('(()()) ((())) () ((())()())')
[2, 3, 1, 3]","Handoff Message for Agent B:

1. **Function Purpose**: 
   Write a Python function that takes a string containing multiple space-separated groups of nested parentheses. For each group, calculate and return the maximum (deepest) level of nesting of parentheses as a list of integers.

2. **Function Signature**:
   ```python
   def parse_nested_parens(paren_string: str) -> list[int]:
   ```

3. **Key Edge Cases to Handle**:
   - Empty string or string with only spaces: Should handle gracefully (e.g., returning an empty list or appropriate values depending on input splitting).
   - Groups with zero nesting (e.g., `()`): Should return `1`.
   - Deeply nested groups (e.g., `((()))`): Should correctly count the maximum depth (`3`).
   - Multiple spaces between groups should not cause issues.

4. **Brief Plan/Approach**:
   - Split the input string by spaces to isolate each parenthesis group.
   - For each group, iterate through its characters to track the current nesting depth and find the maximum depth encountered:
     - Increment depth counter on `(`.
     - Decrement depth counter on `)`.
     - Keep a running maximum for that specific group.
   - Append the maximum depth of each group to a result list and return it.",none,1,measured,humaneval,0.74113405,0.1333333333333333,3.68,3.0,0.3333333333333333,0.005524861878453,0.3333333333333333,4,0.0,0.0,1.0,0.0,0.9993174076080322,0.0799544379115104,0.8455890179193938,1,False
he_016,"Given a string, find out how many distinct characters (regardless of case) does it consist of
>>> count_distinct_characters('xyzXYZ')
3
>>> count_distinct_characters('Jerry')
4","AGENT B HANDOFF MESSAGE

**Task Restatement:**
You need to write a Python function that calculates the number of distinct characters in a given string, treating uppercase and lowercase letters as the same character (case-insensitive).

**Function Signature:**
```python
def count_distinct_characters(s: str) -> int:
```

**Key Edge Cases to Handle:**
- Empty strings (`""""` should return `0`).
- Strings with mixed cases (e.g., `'xyzXYZ'` should return `3` because 'x'/'X', 'y'/'Y', and 'z'/'Z' are equivalent).
- Strings with spaces, punctuation, or numbers (they should be counted as distinct characters based on their case-folded values).
- Strings with all identical characters (e.g., `'AAAAa'` should return `1`).

**Plan/Approach:**
1. Convert the input string `s` to lowercase (or uppercase) to ensure case-insensitivity. You can use the `.lower()` method.
2. Pass the lowercased string into a `set` to automatically filter out duplicate characters.
3. Return the `len()` of that set.",none,1,measured,humaneval,0.6368772,0.0208333333333333,6.5,12.0,0.3333333333333333,0.0,0.3289473684210526,4,0.0,1.0,1.0,0.0,0.9997571110725404,0.040271732956171,0.7969408062809497,1,False
he_003,"You're given a list of deposit and withdrawal operations on a bank account that starts with
zero balance. Your task is to detect if at any point the balance of account fallls below zero, and
at that point function should return True. Otherwise it should return False.
>>> below_zero([1, 2, 3])
False
>>> below_zero([1, 2, -4, 5])
True","**Handoff Message for Agent B:**

**Task Overview:**
Write a Python function that determines if a bank account's balance ever drops below zero given a chronological list of deposit and withdrawal operations, starting from an initial balance of zero. 

**Function Signature:**
```python
def below_zero(operations: list[int]) -> bool:
```

**Behavior & Return Value:**
- Iterate through the list of operations, keeping a running total of the balance.
- Return `True` immediately if the balance becomes strictly less than `0` at any point during the processing of operations.
- Return `False` if the loop finishes without the balance ever dropping below zero.

**Edge Cases to Handle:**
- An empty list of operations (`[]`): Should return `False` (balance remains 0).
- Operations where the balance reaches exactly `0` (e.g., `[1, -1]`): This should return `False` since the balance does not fall *below* zero.
- Operations that immediately drop below zero (e.g., `[-1, 5]`): Should return `True` on the first element.

**Plan / Approach:**
1. Initialize a variable `balance` to `0`.
2. Loop through each `op` in `operations`.
3. Add `op` to `balance`.
4. Check if `balance < 0`. If so, return `True`.
5. If the loop completes without triggering the condition, return `False`.",none,1,measured,humaneval,0.8034347,0.1923076923076923,3.431034482758621,4.5,0.1666666666666666,0.010204081632653,0.2169811320754717,4,0.0,0.2,1.0,2.0,0.9894561171531676,0.1023482829332351,0.860937243480703,1,False
he_015,"Return a string containing space-delimited numbers starting from 0 upto n inclusive.
>>> string_sequence(0)
'0'
>>> string_sequence(5)
'0 1 2 3 4 5'","Here is the handoff message for Agent B:

**Function Requirements:**
Write a Python function named `string_sequence` that takes a single integer `n` as input and returns a string containing space-delimited numbers starting from 0 up to and including `n`.

**Exact Function Signature:**
```python
def string_sequence(n: int) -> str:
```

**Examples:**
- `string_sequence(0)` should return `'0'`
- `string_sequence(5)` should return `'0 1 2 3 4 5'`

**Key Edge Cases to Handle:**
- `n = 0`: Should return `'0'` without any trailing or leading spaces.
- Negative numbers for `n`: Although not explicitly requested, consider how it should behave (typically return an empty string or raise an error, but standard usage assumes $n \ge 0$).

**Plan/Approach:**
1. Use Python's `range(n + 1)` to generate numbers from 0 to `n` inclusive.
2. Convert each integer in the range to a string.
3. Join the resulting strings using a space `' '` as the separator using `join()`.
4. Return the resulting string.",none,1,measured,humaneval,0.63942814,0.0612244897959183,6.869565217391305,5.5,0.3333333333333333,0.0387096774193548,0.3205128205128205,5,0.0,0.0,1.0,0.0,0.9751840233802797,0.2164991497993469,0.7399058429421583,1,True
he_012,"Out of list of strings, return the longest one. Return the first one in case of multiple
strings of the same length. Return None in case the input list is empty.
>>> longest([])
>>> longest(['a', 'b', 'c'])
'a'
>>> longest(['a', 'bb', 'ccc'])
'ccc'","**Handoff Message for Agent B:**

**Task Overview:**
Write a Python function that takes a list of strings as input and returns the longest string from the list. 

**Function Signature:**
```python
def longest(strings: list[str]) -> str | None:
    pass
```

**Key Edge Cases to Handle:**
1. **Empty list:** If the input list is empty (`[]`), the function must return `None`.
2. **Ties (same length):** If there are multiple strings sharing the maximum length, return the **first** one that appears in the list.

**Implementation Plan:**
1. Check if the input list is empty; if so, return `None`.
2. Use Python's built-in `max()` function with a custom `key` argument (specifically, `key=len`). 
3. Because Python's `max()` is stable, it naturally preserves the first encountered item in the case of a tie. 
4. Return the result.",none,1,measured,humaneval,0.6613919,0.08,3.046511627906977,3.25,0.3333333333333333,0.0079365079365079,0.2777777777777778,1,0.0,0.5,1.0,0.0,0.998029887676239,0.0198306813836097,0.7017036849301049,0,True
he_013,"Return a greatest common divisor of two integers a and b
>>> greatest_common_divisor(3, 5)
1
>>> greatest_common_divisor(25, 15)
5","Agent B, you need to implement a Python function that calculates the greatest common divisor (GCD) of two integers.

Here are the requirements:
- **Function Signature:** `def greatest_common_divisor(a: int, b: int) -> int:`
- **Behavior:** Return the greatest common divisor of integers `a` and `b`.
- **Examples:**
  - `greatest_common_divisor(3, 5)` -> `1`
  - `greatest_common_divisor(25, 15)` -> `5`
- **Edge Cases to Handle:**
  - Zero values (e.g., GCD with 0 should return the non-zero integer, or handle standard mathematical behavior).
  - Negative integers (the GCD should typically be positive, so handle inputs with absolute values).
  - One number dividing the other cleanly.
- **Approach:** Use the Euclidean algorithm (which can be cleanly implemented using a `while` loop with the modulo operator, or via `math.gcd` if permitted, but writing the standard Euclidean algorithm manually is recommended).",none,1,measured,humaneval,0.6152612,0.1351351351351351,7.052631578947368,6.0,0.3333333333333333,0.0076923076923076,0.3157894736842105,3,0.0,0.3333333333333333,1.0,0.0,0.9629626870155334,0.053925585001707,0.827606002129275,1,False
he_014,"Return list of all prefixes from shortest to longest of the input string
>>> all_prefixes('abc')
['a', 'ab', 'abc']","**Handoff Message for Agent B**

**Task Overview:**
Build a Python function that takes a string as input and returns a list of all its prefixes, ordered from shortest to longest.

**Function Signature:**
```python
def all_prefixes(s: str) -> list[str]:
```

**Examples:**
- `all_prefixes('abc')` -> `['a', 'ab', 'abc']`

**Edge Cases to Handle:**
- Empty string `""""`: Should return an empty list `[]`.
- Single-character string `""a""`: Should return `['a']`.
- Strings with spaces or special characters (standard string slicing should handle this naturally).

**Plan / Approach:**
1. Initialize an empty list to store the prefixes.
2. Iterate through the string using a loop or list comprehension based on index lengths (from index `1` up to `len(s)`).
3. Use string slicing (`s[:i]`) to extract each prefix and append it to the result list.
4. Return the resulting list.",none,1,measured,humaneval,0.77051306,0.0208333333333333,7.5,12.0,0.3333333333333333,0.0,0.396551724137931,3,0.0,0.0,1.0,0.0,0.9996664524078368,0.1971129029989242,0.7570800666914234,1,True
he_011,"Input are two strings a and b consisting only of 1s and 0s.
Perform binary XOR on these inputs and return result also as a string.
>>> string_xor('010', '110')
'100'","**Handoff Message for Agent B:**

**Function Requirement:**
Write a Python function that performs a binary XOR operation on two input strings consisting only of '1's and '0's, and returns the result as a string of '1's and '0's.

**Function Signature:**
```python
def string_xor(a: str, b: str) -> str:
```

**Key Edge Cases to Handle:**
- Inputs will always be valid binary strings of '1's and '0's.
- Inputs are guaranteed to be of equal length (based on standard problem constraints for this type), but ensure your code handles standard binary string comparisons correctly.
- Leading zeros in the output should be preserved (e.g., XORing '010' and '110' yields '100').

**Plan / Approach:**
1. Iterate through both strings simultaneously using `zip(a, b)`.
2. For each pair of characters, convert them to integers (or compare them), and apply the XOR operation (`^`). Alternatively, compare characters directly: if they are the same (e.g., '0' and '0', or '1' and '1'), result is '0'; if they are different, result is '1'.
3. Collect the resulting bits into a list or string.
4. Return the joined string.",none,1,measured,humaneval,0.7566908,0.0517241379310344,6.066666666666666,4.333333333333333,0.6666666666666666,0.0,0.2134831460674157,2,0.0,0.0,1.0,0.0,0.7243748903274536,0.1285360157489776,0.864925784577041,1,False
he_009,"From a given list of integers, generate a list of rolling maximum element found until given moment
in the sequence.
>>> rolling_max([1, 2, 3, 2, 3, 4, 2])
[1, 2, 3, 3, 3, 4, 4]","HANDOFF MESSAGE FOR AGENT B:

Please write a Python function that computes the running (rolling) maximum of a list of integers. 

**Function Signature:**
```python
def rolling_max(numbers: list[int]) -> list[int]:
```

**Behavior:**
Given a list of integers, return a new list where each element at index `i` represents the maximum value found in the input list from index `0` up to index `i` (inclusive).

**Example:**
```python
>>> rolling_max([1, 2, 3, 2, 3, 4, 2])
[1, 2, 3, 3, 3, 4, 4]
```

**Key Edge Cases to Handle:**
- An empty list `[]` should return `[]`.
- A list with a single element `[x]` should return `[x]`.
- Lists with negative numbers, duplicates, or already sorted/reverse-sorted orders.

**Plan / Approach:**
1. Keep track of the current maximum seen so far. Initialize it (or iterate through the list).
2. Iterate through each number in the input list, update the running maximum if the current number is greater, and append the current maximum to a result list.
3. Return the result list. This can be done efficiently in $O(N)$ time complexity.",none,1,measured,humaneval,0.69732505,0.1153846153846153,5.057142857142857,6.5,0.3333333333333333,0.0689655172413793,0.3636363636363636,2,0.0,1.0,1.0,6.0,0.8648527264595032,0.2712498903274536,0.7556573962912002,1,True
he_023,"Return length of given string
>>> strlen('')
0
>>> strlen('abc')
3","HANDOFF MESSAGE FOR AGENT B:

Your task is to implement a function that calculates and returns the length of a given string.

**Function Signature:**
```python
def strlen(s: str) -> int:
```

**Key Edge Cases to Handle:**
- Empty string `''` should return `0`.
- Standard ASCII strings (e.g., `'abc'`) should return the correct character count (`3`).
- Strings with spaces, special characters, or unicode characters should be handled correctly.

**Plan / Approach:**
- Utilize Python's built-in `len()` function to determine the length of the input string efficiently in $O(1)$ time, or iterate through the string to count characters if preferred. 
- Ensure proper type hinting and return the result as an integer.",none,1,measured,humaneval,0.72247547,0.0303030303030303,10.181818181818182,6.0,0.3333333333333333,0.0,0.4473684210526316,3,0.0,0.0,1.0,0.0,0.1883771270513534,0.0295258536934852,0.6843435257846004,0,True
he_018,"Find how many times a given substring can be found in the original string. Count overlaping cases.
>>> how_many_times('', 'a')
0
>>> how_many_times('aaa', 'a')
3
>>> how_many_times('aaaa', 'aa')
3","**Handoff Message for Agent B**

Your task is to write a Python function that counts the number of times a given substring appears within an original string, **including overlapping occurrences**.

### Function Signature
```python
def how_many_times(string: str, substring: str) -> int:
    pass
```

### Key Requirements & Edge Cases
1. **Overlapping Substrings**: The count must include overlapping matches. For example, counting `'aa'` in `'aaaa'` should return `3` (indices 0, 1, and 2), not 2.
2. **Empty Substring**: If the `substring` is empty (`''`), the function should return `0`.
3. **Empty String**: If the main `string` is empty and the `substring` is non-empty, return `0`.
4. **No Match**: If the substring does not appear in the string, return `0`.

### Approach
1. Handle edge cases first: if `not substring` or `not string` (when `substring` is present), return `0`.
2. Iterate through the main string using a `for` loop with an index `i` from `0` up to `len(string) - len(substring) + 1`.
3. At each index, check if `string[i : i + len(substring)] == substring`.
4. If it matches, increment a counter.
5. Return the final counter value. (Alternatively, you can implement this efficiently by using a `while` loop with `string.find(substring, start)` advancing by `1` on each match).",none,1,measured,humaneval,0.7123048,0.0344827586206896,7.103448275862069,7.0,0.1666666666666666,0.0049261083743842,0.2244897959183673,4,0.0048543689320388,0.6,1.0,0.0,0.9801318049430848,0.0384868942201137,0.8569367506038321,1,False
he_024,"For a given number n, find the largest number that divides n evenly, smaller than n
>>> largest_divisor(15)
5","**HANDOFF MESSAGE FOR AGENT B**

**Function to Build:**
Write a Python function that finds the largest proper divisor of a given integer $n$. That is, it must find the largest integer strictly less than $n$ that divides $n$ evenly (i.e., without a remainder).

**Exact Function Signature:**
```python
def largest_divisor(n: int) -> int:
    pass
```

**Key Edge Cases to Handle:**
- **Prime Numbers:** If $n$ is a prime number (e.g., $n = 7$), the only divisor smaller than $n$ is $1$. The function should return $1$.
- **$n = 2$:** The only divisor smaller than $2$ is $1$.
- **Large Numbers:** The solution should be reasonably efficient (e.g., checking downwards from $n // 2$ or finding factors up to $\sqrt{n}$) to avoid timeouts on larger inputs.

**Brief Plan / Approach:**
1. Iterate downwards from $n // 2$ down to $1$.
2. The first number encountered that divides $n$ evenly ($n \% i == 0$) will inherently be the largest proper divisor.
3. Return that number. 
4. Alternatively, for better performance on large numbers, you can check potential divisors starting from the square root of $n$ downwards, or simply loop from $n // 2$ down to $1$ since constraints for this type of problem are typically small.",none,1,measured,humaneval,0.55928266,0.0166666666666666,10.789473684210526,14.0,0.3333333333333333,0.0,0.2716049382716049,4,0.0048780487804878,0.0,1.0,0.0,0.984643816947937,0.076001763343811,0.8463740573042126,1,False
he_021,"Given list of numbers (of at least two elements), apply a linear transform to that list,
such that the smallest number will become 0 and the largest will become 1
>>> rescale_to_unit([1.0, 2.0, 3.0, 4.0, 5.0])
[0.0, 0.25, 0.5, 0.75, 1.0]","**Handoff Message for Agent B**

You need to write a Python function that performs Min-Max normalization (rescaling) on a list of numerical values so that the minimum value maps to `0.0` and the maximum value maps to `1.0`, with all other values scaled linearly in between.

### Function Signature
```python
def rescale_to_unit(numbers: list[int | float]) -> list[float]:
```

### Requirements & Edge Cases
1. **Input guarantee:** The input list will always contain at least two elements.
2. **Data types:** Inputs can be integers or floats; the output must be a list of floats.
3. **Edge Case (Zero Variance):** If all numbers in the input list are identical (e.g., `[5.0, 5.0, 5.0]`), the denominator ($max - min$) will be zero. In this scenario, handle potential division by zero gracefully—typically by returning a list of all zeros (`0.0`) of the same length.

### Approach / Plan
1. Find the minimum (`min_val`) and maximum (`max_val`) of the input list.
2. Calculate the range: `val_range = max_val - min_val`.
3. Check if `val_range == 0`. If so, return a list of `0.0` with the same length as the input.
4. Otherwise, iterate through each number $x$ in the list and apply the linear transformation formula: 
   $$\frac{x - \text{min\_val}}{\text{val\_range}}$$
5. Return the newly constructed list of floats.",none,1,measured,humaneval,0.63246137,0.0759493670886076,5.170731707317073,18.0,0.5,0.0,0.3263157894736842,2,0.0,1.0,1.0,4.0,0.9973024129867554,0.1140904948115348,0.7501083454112678,1,True
he_019,"Input is a space-delimited string of numberals from 'zero' to 'nine'.
Valid choices are 'zero', 'one', 'two', 'three', 'four', 'five', 'six', 'seven', 'eight' and 'nine'.
Return the string with numbers sorted from smallest to largest
>>> sort_numbers('three one five')
'one three five'","**Handoff Message for Agent B**

**Task Overview:**
We need to write a Python function that takes a space-delimited string of number words (ranging from 'zero' to 'nine') and returns a new space-delimited string where those number words are sorted in ascending numerical order.

**Function Signature:**
```python
def sort_numbers(input_str: str) -> str:
    pass
```

**Key Details & Edge Cases:**
- Valid input words: `'zero'`, `'one'`, `'two'`, `'three'`, `'four'`, `'five'`, `'six'`, `'seven'`, `'eight'`, `'nine'`.
- The input string consists of these words separated by spaces (e.g., `'three one five'`).
- Edge cases to consider:
  - Empty string `""""` -> should return `""""`.
  - Single word string -> should return the same word.
  - Duplicate numbers (e.g., `'two one two'`) -> should preserve all instances and sort them correctly (`'one two two'`).
  - Inputs are well-formed space-delimited strings using only the valid English word representations listed above.

**Plan / Approach:**
1. Define a mapping dictionary (or list/tuple) that associates each number word with its integer value (e.g., `{'zero': 0, 'one': 1, ...}`).
2. Split the input string by spaces to get a list of individual number words. Handle the empty string case gracefully (return `""""` if the split list is empty).
3. Sort the list of words using the mapping values as the sorting key (e.g., `sorted(words, key=lambda x: mapping[x])`).
4. Join the sorted list of words back into a single space-delimited string and return it.",none,1,measured,humaneval,0.7421778,0.0972222222222222,5.547619047619048,5.333333333333333,0.3333333333333333,0.0043478260869565,0.3063063063063063,3,0.0042918454935622,0.0,1.0,0.0,0.831622838973999,0.1804310083389282,0.8868101759338695,1,False
he_022,"Filter given list of any python values only for integers
>>> filter_integers(['a', 3.14, 5])
[5]
>>> filter_integers([1, 2, 3, 'abc', {}, []])
[1, 2, 3]","Function to build:
Write a Python function that filters a given list of mixed Python values and returns a new list containing only the integers. Note that in Python, `bool` is a subclass of `int`, so you must ensure that boolean values (like `True` or `False`) are excluded, keeping strictly `int` types.

Exact function name and signature:
```python
def filter_integers(values: list) -> list:
```

Key edge cases to handle:
1. Lists containing booleans (`True`, `False`) - these should be excluded even though `isinstance(True, int)` evaluates to `True` in Python.
2. Empty lists (`[]`) should return an empty list.
3. Lists with no integers at all should return an empty list.
4. Lists containing floats, strings, dicts, lists, and other non-integer types.

Brief plan/approach:
Use a list comprehension to iterate through the input list. For each item, check two conditions:
1. Use `isinstance(item, int)` to check if it's an integer.
2. Use `not isinstance(item, bool)` to explicitly filter out booleans.
Combine these in the condition of the list comprehension and return the resulting list.",none,1,measured,humaneval,0.6636557,0.0655737704918032,6.92,16.0,0.3333333333333333,0.0,0.3888888888888889,5,0.0,1.0,1.0,2.0,0.9952046871185304,0.1647405475378036,0.766211852840338,1,True
he_017,"Input to this function is a string representing musical notes in a special ASCII format.
Your task is to parse this string and return list of integers corresponding to how many beats does each
not last.
Here is a legend:
'o' - whole note, lasts four beats
'o|' - half note, lasts two beats
'.|' - quater note, lasts one beat
>>> parse_music('o o| .| o| o| .| .| .| .| o o')
[4, 2, 1, 2, 2, 1, 1, 1, 1, 4, 4]","**Handoff Message for Agent B**

**Function to Build:**
Write a Python function named `parse_music(music_string: str) -> list` that takes a string of musical notes in a custom ASCII format, parses them, and returns a list of integers representing the duration (in beats) of each note.

**Legend / Mapping:**
- `'o'` = whole note = 4 beats
- `'o|'` = half note = 2 beats
- `'.|'` = quarter note = 1 beat

**Input / Output Example:**
- Input: `'o o| .| o| o| .| .| .| .| o o'`
- Output: `[4, 2, 1, 2, 2, 1, 1, 1, 1, 4, 4]`

**Key Edge Cases to Handle:**
- The notes in the input string are typically separated by spaces. Ensure your parser correctly splits and handles whitespace.
- Empty string input should return an empty list `[]`.
- Malformed notes or unexpected characters should either be ignored or handled gracefully (assuming well-formed inputs based on the prompt, but robust splitting is key).

**Plan / Approach:**
1. Split the input `music_string` by whitespace to get individual note tokens.
2. Iterate through each token and map it to its corresponding integer beat value using a dictionary or conditional logic (`'o'` -> 4, `'o|'` -> 2, `'.|'` -> 1).
3. Append each integer to a result list.
4. Return the result list.",none,1,measured,humaneval,0.7078804,0.0897435897435897,2.607142857142857,4.333333333333333,0.5,0.0601851851851851,0.3431372549019608,2,0.0,1.0,1.0,0.0,0.9855220317840576,0.2388172298669815,0.7507589276533344,1,True
he_027,"For a given string, flip lowercase characters to uppercase and uppercase to lowercase.
>>> flip_case('Hello')
'hELLO'","**Handoff Message for Agent B:**

**Task:** 
Write a Python function that takes a string as input and returns a new string where all lowercase characters are converted to uppercase, and all uppercase characters are converted to uppercase (i.e., swap the case of every alphabetical character).

**Function Signature:**
```python
def flip_case(s: str) -> str:
```

**Key Edge Cases to Handle:**
- Empty strings (`""""`) should return an empty string.
- Strings with no alphabetical characters (e.g., numbers, punctuation, spaces like `""123! ""`) should remain unchanged.
- Strings with mixed characters, numbers, and symbols (e.g., `""Hello, World!""`) should only have their alphabetical characters' case flipped (`""hELLO, wORLD!""`).

**Brief Plan/Approach:**
- Python strings have a built-in method specifically for this operation: `.swapcase()`. 
- The implementation can simply return `s.swapcase()`.",none,1,measured,humaneval,0.7256377,0.0,7.875,3.5,0.3333333333333333,0.0,0.3076923076923077,3,0.0,0.0,1.0,0.0,0.998389482498169,0.0652287080883979,0.787502010839278,0,True
he_025,"Return list of prime factors of given integer in the order from smallest to largest.
Each of the factors should be listed number of times corresponding to how many times it appeares in factorization.
Input number should be equal to the product of all factors
>>> factorize(8)
[2, 2, 2]
>>> factorize(25)
[5, 5]
>>> factorize(70)
[2, 5, 7]","**HANDOFF MESSAGE FOR AGENT B**

**Function Requirement:**
Write a Python function that takes a single integer as input and returns a list of its prime factors in ascending order (smallest to largest). Each prime factor must appear in the list as many times as it divides evenly into the number (its multiplicity). The product of all elements in the returned list must equal the input number.

**Exact Function Signature:**
```python
def factorize(n: int) -> list[int]:
    pass
```

**Key Edge Cases to Handle:**
- `n = 1`: Should return an empty list `[]` (since 1 has no prime factors and the product of an empty list is technically 1 or handled as a base case, though standard prime factorization applies to integers > 1. If 1 is passed, returning `[]` is standard).
- Prime numbers (e.g., `n = 7`): Should return `[7]`.
- Numbers with repeated prime factors (e.g., `8` -> `[2, 2, 2]`, `25` -> `[5, 5]`).
- Large prime factors or large composite numbers efficiently.

**Plan / Approach:**
1. Initialize an empty list called `factors`.
2. Start testing potential divisors (`d`) starting from `2`.
3. While `d * d <= n`:
   - If `n % d == 0`, append `d` to `factors` and update `n = n // d`.
   - Repeat this while loop for the same `d` to catch all multiplicities of that prime.
   - Otherwise, increment `d` by `1` (or optimize by checking 2 then odd numbers).
4. After the loop, if `n > 1`, the remaining `n` is a prime number itself; append it to `factors`.
5. Return `factors`.",none,1,measured,humaneval,0.7052963,0.072463768115942,4.457627118644068,6.666666666666667,0.3333333333333333,0.0038461538461538,0.2177419354838709,5,0.0,0.6666666666666666,1.0,0.0,0.999743402004242,0.1876134425401687,0.8846647541609588,1,False
mbpp_004,"Write a function to find the n largest integers from a given list of numbers, returned in descending order.","HANDOFF MESSAGE FOR AGENT B:

Goal: Write a Python function that takes a list of numbers and an integer $n$, and returns the $n$ largest integers from that list in descending order.

Function Signature:
```python
def find_n_largest(numbers: list[int], n: int) -> list[int]:
    pass
```

Key Edge Cases to Handle:
- $n$ is greater than the length of the list: Return all elements of the list sorted in descending order.
- $n \le 0$: Return an empty list `[]`.
- The input list contains duplicate numbers: Duplicates should be treated as distinct values (e.g., finding the 3 largest of `[5, 5, 5, 2]` should return `[5, 5, 5]`).
- The input list is empty: Return an empty list `[]`.

Suggested Approach:
1. Validate inputs: If $n \le 0$ or the input list is empty, return `[]`.
2. Sort the list in descending order (or use a heap/max-heap approach like `heapq.nlargest` for efficiency, which handles edge cases gracefully).
3. Slice the sorted list to take the first $n$ elements: `sorted_nums[:n]`.
4. Return the resulting list.",none,1,measured,mbpp,0.62760556,0.0444444444444444,9.105263157894736,13.0,0.3333333333333333,0.0,0.3375,2,0.0,0.0,1.0,,0.9997425675392152,0.0293132849037647,0.7856064362131322,0,True
he_029,"Filter an input list of strings only for ones that start with a given prefix.
>>> filter_by_prefix([], 'a')
[]
>>> filter_by_prefix(['abc', 'bcd', 'cde', 'array'], 'a')
['abc', 'array']","**HANDOFF MESSAGE FOR AGENT B**

**Objective:**
Build a Python function that filters a list of strings and returns a new list containing only the strings that start with a specified prefix.

**Function Signature:**
```python
def filter_by_prefix(strings: list[str], prefix: str) -> list[str]:
```

**Key Edge Cases to Handle:**
1. **Empty Input List:** Passing an empty list `[]` should return `[]`.
2. **No Matches:** If no strings in the list start with the given prefix, return `[]`.
3. **Empty Prefix:** If the prefix is an empty string `""""`, all strings in the list technically start with it (and thus all should be returned).
4. **Exact Match / Case Sensitivity:** Ensure standard string matching behavior applies (e.g., `'a'` matches `'abc'` but not `'ABC'`).

**Plan / Approach:**
- Use a list comprehension to iterate over the input `strings`.
- For each string, use the built-in string method `.startswith(prefix)` to check the condition.
- Return the filtered list.",none,1,measured,humaneval,0.7134248,0.0612244897959183,5.666666666666667,6.0,0.5,0.0067114093959731,0.3636363636363636,2,0.0,0.0,1.0,0.0,0.86605304479599,0.1198882088065147,0.7908106927056124,1,True
mbpp_002,Write a function to find the shared elements from the given two lists.,"**HANDOFF MESSAGE FOR AGENT B**

**Objective:**
Write a Python function that takes two input lists and returns a new list containing all the elements that are present in both input lists (shared elements). 

**Function Signature:**
```python
def find_shared_elements(list1: list, list2: list) -> list:
```

**Key Edge Cases to Handle:**
1. **Duplicates in input lists:** If an element appears multiple times in one or both lists, the resulting list should either handle duplicates gracefully (typically returning unique shared elements, or matching intersection behavior). Let's aim for unique shared elements in the result, or preserve standard set intersection behavior.
2. **Empty lists:** If either or both input lists are empty, the function should return an empty list `[]`.
3. **Disjoint lists:** If there are no common elements between the two lists, return an empty list `[]`.
4. **Different data types:** The lists may contain mixed data types (integers, strings, etc.); ensure the comparison handles this safely.

**Brief Plan / Approach:**
1. Convert both input lists to sets to remove duplicates and allow for $O(1)$ average-time complexity lookups.
2. Find the intersection of the two sets using the built-in set intersection operation (`set1 & set2`).
3. Convert the resulting set back to a list.
4. (Optional) Maintain the original order of appearance from the first list if order matters, by iterating through `list1` and checking if the element is in a set version of `list2`, while tracking added items to avoid duplicates. 
   * *Recommended Implementation:* `seen = set(); return [x for x in list1 if x in set2 and not (x in seen or seen.add(x))]` to preserve order and uniqueness, or simply `list(set(list1).intersection(set2))` if order does not matter. Let's use the order-preserving approach for better user experience.",none,1,measured,mbpp,0.65482694,0.0136986301369863,21.846153846153847,20.0,0.5,0.0,0.3445378151260504,2,0.0,1.0,1.0,,0.9968587160110474,0.0216124728322029,0.7615045524772582,0,True
he_028,"Concatenate list of strings into a single string
>>> concatenate([])
''
>>> concatenate(['a', 'b', 'c'])
'abc'","**HANDOFF MESSAGE FOR AGENT B**

**Objective:**
Write a Python function that takes a list of strings and concatenates them together into a single string. 

**Function Signature:**
```python
def concatenate(strings: list[str]) -> str:
```

**Key Edge Cases to Handle:**
- **Empty list:** Passing `[]` should return an empty string `''`.
- **Single-element list:** Passing `['a']` should return `'a'`.
- **List with empty strings:** Passing `['a', '', 'b']` should handle empty strings correctly without adding extra whitespace.

**Plan / Approach:**
- Use Python's built-in `str.join()` method, which is the most efficient and Pythonic way to concatenate a sequence of strings. 
- Implementation: `return ''.join(strings)`",none,1,measured,humaneval,0.63690025,0.064516129032258,6.375,6.0,0.3333333333333333,0.0,0.34,3,0.0,0.0,1.0,0.0,0.9911372661590576,0.3507734835147857,0.7616750901638137,1,True
he_026,"From a list of integers, remove all elements that occur more than once.
Keep order of elements left the same as in the input.
>>> remove_duplicates([1, 2, 3, 2, 4])
[1, 3, 4]","FUNCTION REQUIREMENTS:
Build a Python function that removes all elements from a list of integers if they occur more than once (i.e., keep only the elements that appear exactly once). The original relative order of the remaining elements must be preserved.

FUNCTION SIGNATURE:
`def remove_duplicates(nums: list[int]) -> list[int]:`

EDGE CASES TO HANDLE:
- Empty list `[]` -> should return `[]`.
- All elements unique `[1, 2, 3]` -> should return `[1, 2, 3]`.
- All elements duplicates `[1, 1, 2, 2]` -> should return `[]`.
- Negative numbers and zero -> should be handled correctly just like positive integers.
- Single-element list `[5]` -> should return `[5]`.

APPROACH / PLAN:
1. Count the frequency of each integer in the input list (e.g., using `collections.Counter`).
2. Iterate through the original list and filter out any elements whose frequency count is greater than 1.
3. Because you iterate through the original list in order, this naturally preserves the original relative order.
4. Return the new filtered list.",none,1,measured,humaneval,0.75573784,0.225,5.0,5.0,0.3333333333333333,0.0063291139240506,0.3230769230769231,7,0.0,0.0,1.0,4.0,0.799759566783905,0.1058024391531944,0.8295315412272061,1,False
he_020,"From a supplied list of numbers (of length at least two) select and return two that are the closest to each
other and return them in order (smaller number, larger number).
>>> find_closest_elements([1.0, 2.0, 3.0, 4.0, 5.0, 2.2])
(2.0, 2.2)
>>> find_closest_elements([1.0, 2.0, 3.0, 4.0, 5.0, 2.0])
(2.0, 2.0)","FUNCTION TO BUILD:
Write a Python function that takes a list of numbers (with a length of at least two) and finds the two numbers in the list that are closest to each other in value. It must return these two numbers as a tuple ordered from smallest to largest `(smaller number, larger number)`.

FUNCTION SIGNATURE:
`def find_closest_elements(numbers: list[float]) -> tuple[float, float]:`

KEY EDGE CASES TO HANDLE:
- Duplicate closest values (e.g., `[1.0, 2.0, 3.0, 4.0, 5.0, 2.0]` should return `(2.0, 2.0)`).
- Unsorted input lists (the input can be in any order, so sorting or checking all pairs is necessary).
- Negative numbers and floating-point precision.
- The list length is guaranteed to be at least 2.

PLAN / APPROACH:
1. Sort a copy of the input list (or iterate through all unique pairs) to efficiently find the minimum absolute difference between adjacent elements.
2. Initialize variables to track the minimum difference and the best pair found so far.
3. Iterate through the sorted list, comparing adjacent elements. If a smaller difference is found, update the minimum difference and the pair.
4. Ensure the returned tuple is properly ordered such that the first element is less than or equal to the second element.",none,1,measured,humaneval,0.74938977,0.140625,4.163265306122449,7.5,0.3333333333333333,0.0100502512562814,0.3055555555555556,2,0.0,0.0,1.0,5.0,0.9924319982528688,0.3231129646301269,0.7778274279011774,1,True
mbpp_017,Write a function that returns the perimeter of a square given its side length as input.,"Agent B, please implement the following function:

- **Functionality**: Write a function that calculates and returns the perimeter of a square given its side length.
- **Function Signature**: `def square_perimeter(side_length: float) -> float:`
- **Key Edge Cases to Handle**:
  - Zero side length (should return `0`).
  - Negative side length (should raise a `ValueError` since a physical square cannot have a negative side length).
  - Integer vs. floating-point inputs (ensure it handles both gracefully and returns a float or int appropriately).
- **Brief Plan/Approach**:
  1. Validate the input `side_length` to ensure it is greater than or equal to 0. If it is less than 0, raise a `ValueError`.
  2. Compute the perimeter using the standard formula: $P = 4 \times \text{side\_length}$.
  3. Return the calculated perimeter.",none,1,measured,mbpp,0.6827865,0.1470588235294117,7.875,12.0,0.3333333333333333,0.056910569105691,0.26,3,0.0,1.0,1.0,,0.9892936944961548,0.0869402661919593,0.7535299666432935,1,True
mbpp_008,Write a function to find squares of individual elements in a list.,"Agent B, here are the requirements and specifications for the function you need to write:

**Function Purpose:**
Write a function that takes a list of numbers and returns a new list containing the square of each individual element.

**Function Signature:**
```python
def square_elements(lst: list[int | float]) -> list[int | float]:
```

**Key Edge Cases to Handle:**
- Empty list: Passing `[]` should return `[]`.
- Negative numbers: Squaring negative numbers should yield positive results (e.g., `-3` becomes `9`).
- Floats and integers: The function should correctly handle both integer and floating-point inputs.
- Invalid input types: (Optional, but good practice) Handle or assume standard numeric types.

**Plan/Approach:**
1. Use a list comprehension to iterate through each element in the input list.
2. For each element $x$, compute its square using the exponentiation operator (`x ** 2`) or multiplication (`x * x`).
3. Return the newly generated list of squared values.",none,1,measured,mbpp,0.64510125,0.0434782608695652,12.5,11.0,0.3333333333333333,0.0,0.3623188405797101,4,0.0,0.0,1.0,,0.9903028607368468,0.0805995538830757,0.7806816872188015,1,True
mbpp_011,Write a python function to remove first and last occurrence of a given character from the string.,"HANDOFF MESSAGE FOR AGENT B:

Your task is to write a Python function that removes the *first* and the *last* occurrence of a specific character from a given string.

**Function Signature:**
```python
def remove_first_and_last(s: str, char: str) -> str:
```

**Key Edge Cases to Handle:**
1. **Character not present:** If the character does not appear in the string, return the original string unchanged.
2. **Single occurrence:** If the character appears only once in the string, remove that single occurrence.
3. **Empty string:** If the input string is empty (`""""`), return the empty string.
4. **Character is an empty string / multiple characters:** Assume `char` is a single-character string, but handle gracefully if it matches substrings or isn't a strict single character (though standard usage implies `char` has length 1).

**Plan / Approach:**
1. Find the index of the first occurrence of `char` using `s.find(char)`. If it's `-1`, return `s`.
2. Find the index of the last occurrence of `char` using `s.rfind(char)`.
3. Construct the new string by slicing:
   - If the first and last occurrences are the same index (only one instance), slice out just that index: `s[:first_idx] + s[first_idx + 1:]`.
   - If they are different indices, remove both: `s[:first_idx] + s[first_idx + 1:last_idx] + s[last_idx + 1:]`.
4. Return the resulting string.",none,1,measured,mbpp,0.70512784,0.0526315789473684,12.588235294117649,19.0,0.3333333333333333,0.0048309178743961,0.231578947368421,0,0.0,1.0,1.0,,0.9972678422927856,0.0205710511654615,0.859247670026464,1,False
mbpp_058,Write a python function to check whether the given two integers have opposite sign or not.,"**HANDOFF MESSAGE FOR AGENT B**

**Objective:**
Write a Python function that determines whether two given integers have opposite signs.

**Function Signature:**
```python
def have_opposite_signs(a: int, b: int) -> bool:
```

**Behavior:**
- Return `True` if one integer is strictly positive (> 0) and the other is strictly negative (< 0).
- Return `False` if they have the same sign, or if either integer is zero.

**Key Edge Cases to Handle:**
1. **Zeros:** If either `a` or `b` is `0`, they do not have opposite signs (since 0 is neither positive nor negative). The function should return `False`.
2. **Positive/Negative combinations:** 
   - `a = 5, b = -3` -> `True`
   - `a = -5, b = 3` -> `True`
3. **Same sign combinations:**
   - `a = 5, b = 3` -> `False`
   - `a = -5, b = -3` -> `False`

**Proposed Approach:**
The most efficient and idiomatic way to check for opposite signs without running into integer overflow issues (which can happen in some languages when multiplying, though less of an issue in Python) is to check the product or use bitwise operators. 
Alternatively, a simple and readable approach is:
```python
def have_opposite_signs(a: int, b: int) -> bool:
    return (a < 0 and b > 0) or (a > 0 and b < 0)
```
Ensure the code is clean, well-commented, and includes type hints.",none,1,measured,mbpp,0.72765756,0.0425531914893617,14.0625,10.0,0.3333333333333333,0.0048076923076923,0.2872340425531915,3,0.0,0.75,1.0,,0.0610088631510734,0.1565807312726974,0.8585676739457649,1,False
mbpp_009,Write a python function to find the minimum number of rotations (greater than 0) required to get the same string.,"Agent B, here is the specification for the function you need to write.

**1. Restatement of the Problem**
Write a Python function that calculates the minimum number of strictly positive rotations (i.e., rotations greater than 0) required for a given string to become identical to itself again. 

**2. Exact Function Signature**
```python
def min_rotations_for_same_string(s: str) -> int:
    """"""
    Finds the minimum number of rotations (> 0) required to get the same string.
    """"""
    pass
```

**3. Key Edge Cases to Handle**
- **Empty string (`""""`)**: Should raise an error or return `0` (let's return `0` or handle it gracefully, though standard constraints usually imply non-empty strings. Let's make sure it handles length 0 by returning 0).
- **Single character or all identical characters (`""aaa""`)**: The minimum rotation to get the same string is `1`.
- **No repeating pattern (e.g., `""abcd""`)**: The minimum rotations will equal the length of the string (`4`).

**4. Brief Plan / Approach**
- A rotation of a string can be simulated by concatenating the string with itself (`s + s`).
- The smallest positive rotation $k$ ($1 \le k \le \text{len}(s)$) such that the substring starting at index $k$ with length `len(s)` equals the original string `s` is our answer.
- Alternatively, you can find the length of the shortest repeating prefix, or find the smallest $k$ such that `(s + s)[k : k + len(s)] == s` for $k > 0$. The first such $k$ is the minimum number of rotations.",none,1,measured,mbpp,0.8166719,0.0677966101694915,12.3,15.0,0.3333333333333333,0.0292887029288702,0.31,4,0.0040650406504065,1.0,1.0,,0.9951401948928832,0.0134763987734913,0.8629557135944018,1,False
mbpp_014,Write a python function to find the volume of a triangular prism.,"HANDOFF MESSAGE FOR AGENT B:

You need to write a Python function that calculates the volume of a triangular prism. 

- **Function Signature:** `def triangular_prism_volume(base: float, height: float, length: float) -> float:`
  - `base`: The length of the base of the triangular cross-section.
  - `height`: The height of the triangular cross-section (perpendicular to the base).
  - `length`: The length (or height/depth) of the prism itself.

- **Formula:** 
  $$\text{Volume} = \text{Area of the triangular base} \times \text{Length}$$
  $$\text{Volume} = \left(\frac{1}{2} \times \text{base} \times \text{height}\right) \times \text{length}$$

- **Key Edge Cases to Handle:**
  - Zero or negative values for `base`, `height`, or `length` should raise a `ValueError`, as physical dimensions cannot be zero or negative.
  - Non-numeric inputs (e.g., strings) should raise a `TypeError`.

- **Brief Plan:**
  1. Validate that all inputs (`base`, `height`, `length`) are of type `int` or `float`. If not, raise a `TypeError`.
  2. Validate that all inputs are strictly greater than `0`. If any are $\le 0$, raise a `ValueError`.
  3. Compute the volume using the formula `(0.5 * base * height) * length`.
  4. Return the computed floating-point volume.",none,1,measured,mbpp,0.7514143,0.0491803278688524,15.166666666666666,16.0,0.1666666666666666,0.0224719101123595,0.2765957446808511,4,0.0,1.0,1.0,,0.990919589996338,0.1004018485546112,0.8952147607901996,1,False
mbpp_007,Write a function to find all words which are at least 4 characters long in a string.,"**HANDOFF MESSAGE FOR AGENT B**

**Objective:**
Write a Python function that extracts and returns all words from a given input string that have a length of 4 characters or more.

**Function Signature:**
```python
def find_long_words(text: str) -> list[str]:
    """"""
    Finds all words in a string that are at least 4 characters long.
    
    Args:
        text (str): The input string containing words.
        
    Returns:
        list[str]: A list of words with length >= 4, in the order they appear.
    """"""
```

**Key Edge Cases to Handle:**
1. **Punctuation:** Words should ideally be stripped of surrounding punctuation (e.g., `""test,""` should be treated as `""test""` of length 4, not `""test,""` of length 5). 
2. **Whitespace and Multiple Spaces:** The input may contain tabs, newlines, or multiple consecutive spaces.
3. **Empty or Short Strings:** If the input string is empty, contains only whitespace, or has no words of length 4+, the function should return an empty list `[]`.
4. **Special Characters / Numbers:** Decide whether digit-only tokens count as words (standard `split()` treats any whitespace-separated token as a word; ensure numbers like `""1234""` are handled appropriately based on standard word definitions).

**Plan / Approach:**
1. Use regular expressions (`re.findall`) to extract valid word tokens, which automatically handles punctuation stripping and whitespace splitting. Specifically, `re.findall(r'\b\w{4,}\b', text)` can be used to directly find words consisting of word characters (`\w`) of length 4 or greater.
2. Alternatively, use `text.split()` to break the string by whitespace, then iterate through each word, strip common punctuation using `.strip(string.punctuation)`, and check if `len(word) >= 4`.
3. Return the resulting list of words preserving their original order.",none,1,measured,mbpp,0.67750645,0.054054054054054,15.411764705882351,19.0,0.5,0.0077220077220077,0.3442622950819672,3,0.0,0.0,1.0,,0.763833224773407,0.1894763559103012,0.783860910582108,1,True
mbpp_064,Write a function to sort a list of tuples using the second value of each tuple.,"Handoff Message for Agent B:

1. Function Requirement:
Write a Python function that sorts a list of tuples based on the second element of each tuple.

2. Function Signature:
```python
def sort_by_second_element(tuples_list: list[tuple]) -> list[tuple]:
```

3. Key Edge Cases to Handle:
- Empty list (`[]`): Should return an empty list without error.
- List with a single tuple: Should return the list as-is.
- Tuples with identical second values: The sort should be stable, preserving the original relative order of such tuples.
- Mixed types in the second position (if applicable, though standard types like all integers or all strings should be assumed, using a key function is safest).

4. Approach:
- Use Python's built-in `sorted()` function or the list `.sort()` method.
- Pass a lambda function or `operator.itemgetter(1)` as the `key` argument to target the second element of each tuple (index `1`).
- Return the newly sorted list.",none,1,measured,mbpp,0.6911664,0.0888888888888888,9.375,12.0,0.1666666666666666,0.0068965517241379,0.2777777777777778,5,0.0,1.0,1.0,,0.9923694133758544,0.0705885514616966,0.8887852110141753,1,False
mbpp_057,Write a python function to find the largest number that can be formed with the given list of digits.,"HANDOFF MESSAGE FOR AGENT B:

You need to write a Python function that takes a list of digits (integers) and rearranges them to form the largest possible number. 

**Function Signature:**
```python
def largest_number_from_digits(digits: list[int]) -> int:
    pass
```

**Key Requirements & Edge Cases:**
- The input will be a list of integers (0 through 9).
- The output should be an integer representing the largest possible number formed by these digits.
- **Edge cases to handle:**
  - Empty list: Return `0` (or appropriate fallback).
  - List containing only zeros (e.g., `[0, 0]`): Should return `0` (not `00`).
  - Single digit list (e.g., `[5]`): Should return the digit itself (`5`).

**Recommended Approach:**
1. Convert all digits in the list to strings (to make sorting or manipulation easier, or sort the digits in descending order).
2. Sort the digits in descending numerical order.
3. Join the sorted digits together into a single string.
4. Convert the string back to an integer and return it. (Make sure to handle the case where the result is effectively 0 to avoid leading zero issues).",none,1,measured,mbpp,0.66103154,0.0555555555555555,9.421052631578949,15.0,0.5,0.0057471264367816,0.3333333333333333,4,0.0,0.0,1.0,,0.9995130300521852,0.0027755578048527,0.5576788081065492,0,True
mbpp_065,Write a function to flatten a list and sum all of its elements.,"HANDOFF MESSAGE FOR AGENT B:

You need to write a Python function that takes a potentially nested list (containing integers or floats) and returns the sum of all its elements after flattening the structure.

**Function Signature:**
```python
def flatten_and_sum(nested_list: list) -> (int, float):
```

**Key Edge Cases to Handle:**
1. Deeply nested lists (e.g., `[1, [2, [3, [4]]]]`).
2. Empty lists or lists containing only empty lists (should return `0`).
3. Lists containing a mix of integers, floats, and empty sublists.
4. Non-list elements at the top level or nested levels (though typically inputs will be numeric, handle standard numeric types).

**Brief Plan / Approach:**
1. Implement a recursive helper approach or a generator-based flattening method (using a `while` loop with a stack or recursion checking `isinstance(item, list)`).
2. Iterate through the elements of the input list; if an element is a list, recursively flatten it.
3. Accumulate all numeric values into a single flat collection or sum them up directly.
4. Return the total sum of all flattened elements.",none,1,measured,mbpp,0.64693177,0.0208333333333333,13.076923076923077,17.0,0.3333333333333333,0.0,0.3088235294117647,1,0.0,1.0,1.0,,0.9791390299797058,0.023665590211749,0.8470583309817065,1,False
mbpp_063,Write a function to find the maximum difference between available pairs in the given tuple list.,"HANDOFF MESSAGE FOR AGENT B

Task: Write a Python function that calculates the maximum absolute difference between the two elements of each tuple in a given list of tuples, and returns the maximum of these differences.

Function Signature:
```python
def max_difference(tuples_list: list[tuple]) -> int / float:
```

Key Edge Cases to Handle:
1. Empty list: Should handle gracefully (e.g., return `0` or `None`, let's return `0` or raise an appropriate value). Let's return `0` for an empty list.
2. Tuples with negative numbers or mixed positive/negative numbers (use absolute difference).
3. Tuples where the two elements are identical (difference is `0`).

Plan/Approach:
1. Check if the input `tuples_list` is empty. If so, return `0`.
2. Iterate through each tuple in the list, compute the absolute difference between its two elements (i.e., `abs(t[0] - t[1])`).
3. Find and return the maximum value among all computed differences using the built-in `max()` function.",none,1,measured,mbpp,0.68052423,0.0,9.375,15.0,0.3333333333333333,0.0,0.2676056338028169,1,0.0,1.0,1.0,,0.9990296363830566,0.0022054512519389,0.6642112126651066,0,True
mbpp_019,Write a function to find whether a given array of integers contains any duplicate element.,"HANDOFF MESSAGE FOR AGENT B:

You need to write a Python function that checks if an array of integers contains any duplicate elements.

**Function Signature:**
```python
def contains_duplicate(nums: list[int]) -> bool:
```

**Requirements & Edge Cases to Handle:**
- Return `True` if any value appears at least twice in the array.
- Return `False` if every element is distinct.
- Handle empty arrays (`[]`) by returning `False`.
- Handle arrays with a single element (`[1]`) by returning `False`.
- Handle negative numbers and zero correctly.

**Recommended Approach:**
The most efficient approach is to use a Hash Set. Traverse the array and check if each element is already in the set. If it is, return `True` immediately (early exit). If not, add it to the set. If the loop finishes without finding duplicates, return `False`. This approach achieves $O(n)$ time complexity and $O(n)$ space complexity.",none,1,measured,mbpp,0.654427,0.027027027027027,9.6,12.0,0.1666666666666666,0.0215827338129496,0.3333333333333333,1,0.0,1.0,1.0,,0.9915538430213928,0.0572678446769714,0.7938956810618862,1,False
mbpp_061,Write a python function to count the number of substrings with the sum of digits equal to their length.,"Handoff Message for Agent B:

1. **Function Purpose**: Write a Python function that counts the number of substrings in a given numeric string where the sum of the digits of the substring is equal to the length of the substring.

2. **Function Signature**:
   ```python
   def count_sub_with_sum_eq_length(s: str) -> int:
   ```

3. **Key Edge Cases**:
   - Empty string (`""""`): should return `0`.
   - Strings with non-digit characters: assume input is strictly numeric digits (`'0'` through `'9'`), but handle gracefully if needed.
   - Substrings containing '0' (e.g., `'0'` has sum 0 and length 1, which equals).
   - Single-character substrings (e.g., `'1'` has sum 1 and length 1, which equals).
   - Large strings: Ensure the approach is efficient enough (e.g., $O(n^2)$ time complexity is acceptable for typical constraints since string length isn't excessively massive, but avoid $O(n^3)$).

4. **Plan / Approach**:
   - Iterate through all possible starting indices $i$ from $0$ to $n-1$.
   - Maintain a running sum as you expand the ending index $j$ from $i$ to $n-1$.
   - For each substring `s[i...j]`, the length is `j - i + 1`.
   - Update the running sum by adding the integer value of the current digit `s[j]`.
   - If the running sum equals the current length, increment a counter.
   - Return the total counter after checking all substrings.",none,1,measured,mbpp,0.6825761,0.0677966101694915,11.31578947368421,16.0,0.5,0.0095693779904306,0.3452380952380952,2,0.0046511627906976,0.0,1.0,,0.9983317255973816,0.0179178807884454,0.7838953629905017,0,True
mbpp_066,Write a python function to count the number of positive numbers in a list.,"**HANDOFF MESSAGE FOR AGENT B**

**Objective:**
Write a Python function that counts the number of positive numbers (strictly greater than zero) in a given list of numbers.

**Function Signature:**
```python
def count_positive_numbers(numbers: list) -> int:
    pass
```

**Key Edge Cases to Handle:**
1. **Empty list:** Should return `0`.
2. **Zero (`0`):** Zero is neither positive nor negative; it must *not* be counted.
3. **Negative numbers:** Must *not* be counted.
4. **Mixed types (if applicable):** Assume standard numeric types (integers and floats). 

**Plan / Approach:**
- Initialize a counter variable to `0`.
- Iterate through each element in the input list.
- Check if the element is strictly greater than `0` (`x > 0`).
- If true, increment the counter.
- Alternatively, use a generator expression with the `sum()` function for a concise and Pythonic solution: `return sum(1 for x in numbers if x > 0)`.",none,1,measured,mbpp,0.69414717,0.0769230769230769,10.357142857142858,14.0,0.5,0.0212765957446808,0.2222222222222222,5,0.0,0.0,1.0,,0.99893718957901,0.0033117390703409,0.8112180302301059,1,False
task_025,Write a function that validates whether a string of brackets (composed of '()[]{}') is balanced/well-formed.,"Handoff Message for Agent B:

Your task is to write a Python function that determines whether a given string containing only brackets (`()`, `[]`, `{}`) is well-formed (balanced). 

**Function Signature:**
```python
def is_valid(s: str) -> bool:
```

**Key Requirements & Edge Cases to Handle:**
1. **Valid combinations:** Brackets must be closed in the correct order (e.g., `""()[]{}""` is valid, `""([)]""` is invalid, `""{[]}""` is valid).
2. **Empty string:** An empty string `""""` should be considered valid (return `True`).
3. **Mismatched lengths/types:** Strings with unmatched opening or closing brackets (e.g., `""(""`, `"")""`, `""((()""`) must return `False`.
4. **Non-bracket characters:** You can assume the input string contains *only* the characters `(`, `)`, `[`, `]`, `{`, and `}` based on the problem description.

**Suggested Approach:**
- Use a **stack** data structure.
- Iterate through each character in the string.
- If the character is an opening bracket (`(`, `[`, `{`), push it onto the stack.
- If the character is a closing bracket (`)`, `]`, `}`):
  - Check if the stack is empty (if so, return `False` because there is no matching opening bracket).
  - Pop the top element from the stack and verify that it matches the corresponding opening bracket type. If it does not match, return `False`.
- After the loop finishes, return `True` if the stack is empty (all opening brackets were closed), otherwise return `False`.",none,1,measured,hand_easy,0.55605364,0.0196078431372549,15.066666666666666,16.0,0.3333333333333333,0.0,0.2755102040816326,4,0.0,1.0,1.0,,0.9978370070457458,0.0205576550215482,0.8018715964825706,1,False
mbpp_077,Write a python function to find whether a number is divisible by 11.,"**HANDOFF MESSAGE FOR AGENT B**

**Objective:**
Write a Python function to determine whether a given integer is divisible by 11. The function should return `True` if the number is divisible by 11, and `False` otherwise.

**Function Signature:**
```python
def is_divisible_by_11(n: int) -> bool:
    pass
```

**Key Edge Cases to Handle:**
1. **Negative Numbers:** The divisibility rule applies to the absolute value of the number (e.g., `-11` or `-121` should return `True`).
2. **Zero:** `0` is divisible by any integer (including 11), so `is_divisible_by_11(0)` should return `True`.
3. **Single-Digit Numbers:** Numbers from `1` to `10` (and `-1` to `-10`) are not divisible by 11 and should return `False`.
4. **Large Integers:** The function should efficiently handle very large integers without performance issues.

**Plan / Approach:**
- You can use the standard mathematical rule for divisibility by 11: alternating sum of digits (subtracting and adding digits from right to left). If the result is a multiple of 11 (including 0), the number is divisible by 11.
- Alternatively, you can use the modulo operator (`abs(n) % 11 == 0`), which is built-in, highly optimized, and naturally handles all edge cases like negatives and zero in Python.",none,1,measured,mbpp,0.7166045,0.0434782608695652,14.923076923076923,13.0,0.3333333333333333,0.0213903743315508,0.3125,5,0.0,1.0,1.0,,0.989761769771576,0.0058432398363947,0.699326865187707,0,True
mbpp_072,Write a python function to check whether the given number can be represented as the difference of two squares or not.,"**HANDOFF MESSAGE FOR AGENT B**

**Objective:**
Write a Python function to determine if a given integer can be represented as the difference of two squares ($n = x^2 - y^2$ for some integers $x$ and $y$).

**Function Signature:**
```python
def can_be_represented_as_difference_of_squares(n: int) -> bool:
    """"""
    Check if the given number n can be represented as the difference of two squares.
    """"""
    pass
```

**Mathematical Background & Approach:**
- An integer $n$ can be expressed as the difference of two squares ($x^2 - y^2 = (x-y)(x+y)$) if and only if $n$ is **not** of the form $4k + 2$ (i.e., $n \pmod 4 \neq 2$). 
- Alternatively, $n$ can be represented as the difference of two squares if it has at least one factor pair $(a, b)$ such that $a \times b = |n|$ and $a$ and $b$ have the same parity (both even or both odd).
- The simplest and most efficient mathematical check is based on the modulo 4 property:
  - If $n \pmod 4 == 2$, return `False`.
  - Otherwise (for all other integers, including negative numbers, zero, and odd/multiples-of-4 numbers), return `True`.

**Key Edge Cases to Handle:**
1. **Negative numbers:** e.g., $n = -3$ ($1^2 - 2^2 = -3$). Negative numbers are valid differences of squares and should follow the same modulo 4 rule.
2. **Zero:** $0 = 0^2 - 0^2$, which is valid. $0 \pmod 4 = 0$, so it returns `True`.
3. **Odd numbers:** e.g., $n = 5$ ($3^2 - 2^2 = 5$). Odd numbers modulo 4 are either 1 or 3, so they return `True`.
4. **Multiples of 4:** e.g., $n = 8$ ($3^2 - 1^2 = 8$). $8 \pmod 4 = 0$, returns `True`.
5. **Numbers of the form $4k + 2$:** e.g., $n = 2, 6, 10$. These cannot be represented and should return `False`.",none,1,measured,mbpp,0.7223661,0.0666666666666666,14.428571428571429,21.0,0.3333333333333333,0.0283687943262411,0.1588235294117647,3,0.0,1.0,1.0,,0.973890781402588,0.0857830569148063,0.8783030031378248,1,False
mbpp_080,Write a function to find the nth tetrahedral number.,"Agent B, please implement the function to find the nth tetrahedral number based on the specifications below.

### Function Specification
- **Function Name:** `tetrahedral_number(n)`
- **Input:** An integer `n` representing the position in the sequence of tetrahedral numbers.
- **Output:** An integer representing the $n$-th tetrahedral number.

### Mathematical Definition
The $n$-th tetrahedral number (also known as triangular pyramidal number) represents the number of spheres in a pyramid with a triangular base of side length $n$. It is given by the formula:
$$T_n = \frac{n(n + 1)(n + 2)}{6}$$

### Key Edge Cases to Handle
1. **$n = 0$:** Should return `0` (or handle appropriately based on the standard 1-indexing, but typically $T_0 = 0$).
2. **Negative integers ($n < 0$):** Raise a `ValueError` or return an appropriate error indication, as tetrahedral numbers are defined for positive integers and zero.
3. **Large integers / Overflow:** Ensure the function handles large inputs efficiently (Python handles arbitrarily large integers automatically, so standard integer division will suffice).

### Implementation Plan
1. Validate the input `n` (ensure it is an integer and $n \ge 0$).
2. Apply the closed-form formula `n * (n + 1) * (n + 2) // 6`.
3. Return the result. The time complexity will be $O(1)$ and space complexity $O(1)$.",none,1,measured,mbpp,0.7620123,0.0161290322580645,23.444444444444443,17.0,0.5,0.0144230769230769,0.3152173913043478,1,0.0,1.0,1.0,,0.983902633190155,0.0140717728063464,0.8479616638343391,1,False
mbpp_075,Write a function to find tuples which have all elements divisible by k from the given list of tuples.,"HANDOFF MESSAGE FOR AGENT B:

You need to write a Python function that filters a list of tuples and returns only those tuples where every single element is divisible by a given integer $k$.

**Function Signature:**
```python
def filter_tuples_by_divisibility(tuple_list: list[tuple[int, ...]], k: int) -> list[tuple[int, ...]]:
```

**Key Edge Cases to Handle:**
- **Empty list or empty tuples:** If the input list is empty, or if a tuple within the list is empty (contains no elements), how should it be handled? (An empty tuple vacuously satisfies the condition ""all elements are divisible by $k$"", so it should generally be kept unless specified otherwise, but ensure your logic handles it cleanly without errors).
- **Zero value for $k$:** If $k = 0$, division by zero will occur. You should handle this edge case (e.g., raise a `ValueError` or return an empty list, as division by zero is undefined).
- **Negative numbers:** Elements and $k$ can be negative; ensure standard divisibility rules apply (i.e., `element % k == 0`).

**Plan / Approach:**
1. Iterate through each `tup` in the provided `tuple_list`.
2. For each tuple, check if all its elements satisfy the condition `elem % k == 0`. You can use Python's built-in `all()` function combined with a generator expression.
3. Validate that $k \neq 0$ at the start of the function to prevent runtime errors.
4. Collect and return all tuples that meet the criteria in a new list, preserving their original order.",none,1,measured,mbpp,0.64165676,0.046875,12.736842105263158,15.0,0.3333333333333333,0.0,0.3725490196078431,3,0.0,1.0,1.0,,0.996550440788269,0.1252079755067825,0.8109585193390835,1,False
mbpp_084,Write a function to find the nth number in the newman conway sequence.,"**HANDOFF MESSAGE FOR AGENT B**

**Objective:**
Write a Python function to find the $n$-th number in the Newman-Conway sequence. 

**Function Signature:**
```python
def newman_conway(n: int) -> int:
```

**Sequence Definition:**
The Newman-Conway sequence $P(n)$ is defined recursively as:
- $P(1) = 1$
- $P(2) = 1$
- $P(n) = P(P(n - 1)) + P(n - P(n - 1))$ for $n > 2$.

**Key Edge Cases to Handle:**
- $n = 1$: Should return `1`.
- $n = 2$: Should return `1`.
- $n \le 0$: Should handle invalid inputs gracefully (e.g., raise a `ValueError`).
- Performance: Because the recursive definition can lead to exponential time complexity if implemented naively, you must optimize it.

**Recommended Approach:**
1. Use an iterative approach with a list (or array) to store sequence values from index $0$ up to $n$ (using 1-based indexing for the sequence, so padding index $0$ with a dummy value like $0$ is helpful).
2. Pre-populate the list with the base cases: `P = [0, 1, 1]`.
3. Loop from $i = 3$ up to $n$, applying the recurrence relation: 
   `P.append(P[P[i - 1]] + P[i - P[i - 1]])`.
4. Return `P[n]` in $O(n)$ time complexity and $O(n)$ space complexity.",none,1,measured,mbpp,0.6526987,0.0,15.307692307692308,14.0,0.3333333333333333,0.0051546391752577,0.2929292929292929,4,0.0,1.0,1.0,,0.8312535285949707,0.0180830601602792,0.8197736265120168,1,False
mbpp_067,Write a function to find the number of ways to partition a set of Bell numbers.,"Handoff Message for Agent B:

Your task is to write a Python function that calculates the $n$-th Bell number, denoted as $B_n$, which represents the number of ways to partition a set of $n$ elements. 

Here are the exact requirements for your implementation:

1. **Function Signature**:
   ```python
   def bell_number(n: int) -> int:
       """"""
       Calculates the n-th Bell number, which is the number of ways to partition a set of n elements.
       """"""
   ```

2. **Mathematical Background & Approach**:
   - The Bell numbers can be efficiently computed using **Aitken's array** (also known as Bell's triangle or the Aitken-Nevada triangle).
   - Construct a 2D table (or 1D arrays for space optimization) where:
     - The first element of the first row is $1$ ($B_0 = 1$).
     - The first element of any subsequent row is the last element of the previous row.
     - Each subsequent element in a row is the sum of the element to its left and the upper-left element (similar to Pascal's triangle, but shifted).
   - Alternatively, you can use Stirling numbers of the second kind, but Aitken's triangle is faster and avoids large factorials: $B_n = \sum_{k=0}^{n} S(n, k)$.

3. **Edge Cases to Handle**:
   - `n = 0`: Should return `1` (there is 1 way to partition an empty set: the empty partition).
   - `n < 0`: Should raise a `ValueError` since the number of elements in a set cannot be negative.
   - Large inputs (`n` up to a few hundred): Ensure your implementation handles integer growth correctly (Python natively handles arbitrarily large integers, so overflow is not an issue, but time complexity should ideally be $O(n^2)$).

Implement the function cleanly with type hints and docstrings.",none,1,measured,mbpp,0.7246409,0.0470588235294117,17.3125,14.0,0.1666666666666666,0.0225563909774436,0.2719298245614035,5,0.0,1.0,1.0,,0.9425678849220276,0.0157740656286478,0.8914133136515333,1,False
mbpp_074,Write a function to check whether it follows the sequence given in the patterns array.,"**HANDOFF MESSAGE FOR AGENT B**

**Function to Build:**
Write a function that checks whether a given sequence (usually an array of strings or values) follows the exact ordering and pattern defined by a `patterns` array (or if the problem implies string/pattern matching, a mapping between words/characters and a pattern). 

*Self-Correction/Refinement based on standard pattern-matching problems (like ""Word Pattern""):* 
You need to write a function `wordPattern(pattern, s)` (or a similarly named function depending on exact requirements, let's use `check_pattern(pattern, sequence)`). It should verify if there is a bijection (a one-to-one correspondence) between each character in a `pattern` string and each word/element in a `sequence` array.

**Exact Function Signature:**
```python
def check_pattern(pattern: str, sequence: list[str]) -> bool:
    pass
```

**Key Edge Cases to Handle:**
1. **Length Mismatch:** If the length of the `pattern` does not match the length of the `sequence`, immediately return `False`.
2. **Many-to-One Mapping:** Different pattern characters cannot map to the same sequence element (e.g., pattern ""abba"" with sequence `[""dog"", ""cat"", ""cat"", ""dog""]` is valid, but ""abba"" with `[""dog"", ""cat"", ""cat"", ""cat""]` should return `False`).
3. **One-to-Many Mapping:** The same pattern character cannot map to different sequence elements (e.g., pattern ""abba"" with `[""dog"", ""cat"", ""dog"", ""dog""]` should return `False`).
4. **Empty Inputs:** Empty patterns and sequences should be handled gracefully (usually returning `True` if both are empty, or `False` if one is empty).

**Brief Plan / Approach:**
1. Split or take the input `sequence` and `pattern`. Check if their lengths are equal; if not, return `False`.
2. Use two hash maps (dictionaries) or a single hash map combined with a set to track the bijection:
   - One map (`char_to_item`) to store the mapping from `pattern[i]` to `sequence[i]`.
   - Another map (`item_to_char`) to store the mapping from `sequence[i]` to `pattern[i]` (to prevent many-to-one mapping conflicts).
3. Iterate through both the pattern and the sequence simultaneously using `zip()`.
4. For each pair `(char, item)`:
   - If `char` is already in `char_to_item`, verify that `char_to_item[char] == item`. If not, return `False`.
   - If `item` is already in `item_to_char`, verify that `item_to_char[item] == char`. If not, return `False`.
   - Otherwise, establish the mapping in both dictionaries.
5. If the loop completes without violations, return `True`.",none,1,measured,mbpp,0.5699013,0.0303030303030303,24.133333333333333,27.0,0.3333333333333333,0.0,0.2741935483870967,7,0.0,0.7777777777777778,1.0,,0.9939936995506288,0.0110642835497856,0.6896512316630145,0,True
task_061,"Write a function `schedule_meeting(bookings, new_slot)` for a calendar tool used by Priya Sharma's team in Bangalore. `bookings` is a list of (start, end) integer-hour tuples already on the calendar, and `new_slot` is a (start, end) tuple to add. The function must return True and NOT modify anything if `new_slot` overlaps any existing booking -- two slots overlap if they share any hour, so (9, 11) and (11, 13) do NOT overlap (11 is a shared boundary, not shared time), but (9, 12) and (11, 13) DO overlap. Edge case: if `bookings` is empty, any `new_slot` should be accepted.","HANDOFF MESSAGE FOR AGENT B:

Goal: Write a Python function for a calendar tool that checks whether a new meeting slot can be scheduled without overlapping with existing bookings. 

Function Signature:
`def schedule_meeting(bookings, new_slot):`

Inputs:
- `bookings`: A list of tuples, where each tuple represents an existing booking as `(start, end)` integer hours.
- `new_slot`: A tuple representing the proposed meeting time as `(start, end)` integer hours.

Behavior & Overlap Definition:
- Return `True` if `new_slot` can be scheduled (does NOT overlap with any existing booking).
- Return `False` if `new_slot` overlaps with any existing booking.
- Crucial constraint: Do NOT modify the original `bookings` list or anything else.
- Overlap rule: Two slots overlap if and only if they share actual time (i.e., interior hours). A shared boundary does NOT count as an overlap. For example, `(9, 11)` and `(11, 13)` do NOT overlap because hour 11 is just the end of the first and start of the second. However, `(9, 12)` and `(11, 13)` DO overlap because they share the hour from 11 to 12.

Key Edge Cases:
- `bookings` is empty: If there are no existing bookings, any `new_slot` must be accepted (return `True`).
- Time bounds: `new_slot` or `bookings` could theoretically be in any order, so check all of them.

Recommended Approach:
Iterate through each existing booking `(b_start, b_end)` in `bookings` and check for an overlap condition with `new_slot` `(n_start, n_end)`. 
Two intervals `(A, B)` and `(C, D)` overlap strictly in time if `A < D` and `C < B`. If any existing booking satisfies this condition with `new_slot`, immediately return `False`. If the loop finishes without finding any overlap, return `True`.",none,1,measured,hand_hard,0.8702269,0.1785714285714285,2.816326530612245,4.0,0.3333333333333333,0.0074074074074074,0.3088235294117647,2,0.0,0.25,1.0,0.0,0.9854148626327516,0.0669724941253662,0.8416248368627864,1,False
task_063,"Marcus Chen at Fenwick Logistics needs a function `route_cost(distances, fuel_price)` that computes total delivery cost. `distances` is a list of kilometers for each leg of a route, and the truck consumes 0.35 liters per kilometer. The function must round the final cost to 2 decimal places using standard rounding (round-half-to-even is NOT required -- plain round() behavior is fine). Edge case: if any single leg in `distances` is negative, the function should raise a ValueError with message 'invalid distance', since a route cannot have a negative leg.","TASK FOR AGENT B:

Implement a Python function named `route_cost(distances, fuel_price)` for Fenwick Logistics to compute the total delivery cost of a route.

Function Signature:
`def route_cost(distances, fuel_price):`

Requirements & Details:
- `distances`: A list of numbers representing the kilometers for each leg of a route.
- `fuel_price`: A number representing the cost per liter of fuel.
- Fuel consumption rate: The truck consumes 0.35 liters per kilometer.
- Rounding: The final calculated cost must be rounded to 2 decimal places using standard Python `round()` behavior.

Edge Cases to Handle:
- If any single leg in `distances` is negative (< 0), raise a `ValueError` with the exact message `'invalid distance'`, because a route cannot have a negative leg.

Approach:
1. Iterate through the `distances` list to check for any negative values. If found, raise `ValueError('invalid distance')`.
2. Sum all the distances to get the total kilometers.
3. Multiply the total kilometers by 0.35 to get the total fuel consumed in liters.
4. Multiply the total liters by `fuel_price` to get the total cost.
5. Use `round(cost, 2)` to round the final result to 2 decimal places and return it.",none,1,measured,hand_hard,0.8442146,0.2205882352941176,2.1724137931034484,4.25,0.1666666666666666,0.0983606557377049,0.2987012987012987,3,0.0,0.0,1.0,0.0,0.1642235964536667,0.2828418314456939,0.6187464888990662,1,True
task_023,"Write a function that finds the intersection (common elements) of two lists, returning a list with no duplicates.","HANDOFF MESSAGE FOR AGENT B:

Goal: Write a Python function that finds the intersection (common elements) of two input lists and returns the result as a list containing no duplicate values.

Function Signature:
`def find_intersection(list1: list, list2: list) -> list:`

Key Edge Cases to Handle:
1. Empty lists (one or both lists are empty): should return an empty list `[]`.
2. Lists with duplicate values internally: the output must still have unique elements (no duplicates).
3. Lists with no common elements: should return an empty list `[]`.
4. Different data types within the lists (e.g., integers, strings, floats): should be handled correctly.
5. Order of elements in the returned list: the order does not strictly matter, but maintaining deterministic behavior (or the order of first appearance) is preferred.

Recommended Approach:
1. Convert both input lists to sets to automatically remove duplicates and enable efficient $O(1)$ lookups.
2. Find the intersection of the two sets using the built-in intersection operation (`set1 & set2` or `set1.intersection(set2)`).
3. Convert the resulting set back into a list.
4. Return the new list.",none,1,measured,hand_easy,0.74170107,0.1111111111111111,9.88888888888889,19.0,0.5,0.0348837209302325,0.3733333333333333,5,0.0,0.0,1.0,,0.9796867370605468,0.0819431766867637,0.8468600792797842,1,False
mbpp_071,Write a function to sort a list of elements.,"**HANDOFF MESSAGE FOR AGENT B**

**Objective:**
Write a function that sorts a list of elements in ascending order. 

**Function Signature:**
```python
def sort_list(elements: list) -> list:
```

**Key Edge Cases to Handle:**
1. **Empty list (`[]`):** Should return an empty list without error.
2. **Single-element list (`[x]`):** Should return the list as-is.
3. **Already sorted list:** Should remain unchanged.
4. **Reverse-sorted list:** Should be correctly sorted in ascending order.
5. **Lists with duplicate elements:** Should handle duplicates correctly (stable sort is preferred but not strictly required).
6. **Data types:** Assume all elements in the list are comparable with each other (e.g., all integers/floats or all strings).

**Plan / Approach:**
- You can implement a standard sorting algorithm from scratch (like Timsort, Quicksort, Mergesort, or Insertion Sort) or leverage Python's built-in sorting mechanisms (`sorted()` or `.sort()`). 
- Using Python's built-in `sorted()` is recommended for optimal performance ($O(n \log n)$ time complexity and $O(n)$ space complexity).
- Ensure the function returns a *new* sorted list rather than sorting in-place, or document clearly if it mutates the original list (returning a new list is safer).",none,1,measured,mbpp,0.63395816,0.0566037735849056,20.22222222222222,16.0,0.5,0.0,0.3370786516853932,7,0.0,0.0,1.0,,0.997539758682251,0.003738495055586,0.6288993403039135,0,True
task_062,"Write a function `validate_pandas_column(series, dtype)` that checks whether every value in a list `series` matches the requested `dtype`, which is one of the strings 'int', 'float', or 'str'. The function must raise a ValueError with the message 'unsupported dtype' if `dtype` is anything else. Edge case: for dtype='float', an int value like 3 should count as valid too (ints are a subset of floats here), but for dtype='int', a float like 3.0 must NOT count as valid, even though it has no fractional part.","AGENT B HANDOFF MESSAGE:

Function to Build:
Write a function named `validate_pandas_column(series, dtype)` that checks if every element in a given list/iterable `series` matches the specified `dtype` (passed as a string).

Exact Signature:
`def validate_pandas_column(series, dtype):`

Requirements & Validation Rules:
1. Valid `dtype` values are strictly: `'int'`, `'float'`, and `'str'`.
2. If `dtype` is anything other than these three strings, raise a `ValueError` with the exact message: `'unsupported dtype'`.
3. Return `True` if all elements match the rules below, otherwise `False`.

Key Edge Cases to Handle:
- **Float vs Int**: For `dtype='float'`, integer values (e.g., `3`, `5`) must be considered valid since integers are a subset of floats.
- **Int vs Float**: For `dtype='int'`, float values must NOT be considered valid, even if they have no fractional part (e.g., `3.0` is invalid for `dtype='int'`).
- Type strictness: Ensure booleans aren't accidentally treated as ints (if applicable in standard Python typing, though standard `isinstance` checks should be handled carefully, e.g., `isinstance(x, bool)` is a subclass of int in Python, so explicitly exclude booleans when checking for ints/floats).

Suggested Approach:
1. Validate the `dtype` argument first. If it's not in `['int', 'float', 'str']`, raise `ValueError('unsupported dtype')`.
2. Iterate through each element in `series` and check its type:
   - If `dtype == 'str'`: check `isinstance(val, str)`.
   - If `dtype == 'int'`: check `isinstance(val, int) and not isinstance(val, bool)`.
   - If `dtype == 'float'`: check `isinstance(val, (float, int)) and not isinstance(val, bool)`.
3. Return `False` immediately upon encountering an invalid value. Return `True` if all values pass.",none,1,measured,hand_hard,0.809484,0.141025641025641,3.011904761904762,6.666666666666667,0.1666666666666666,0.0121951219512195,0.3245033112582781,5,0.0,0.5,1.0,0.0,0.9874114394187928,0.0943096727132797,0.8268659186310715,1,False
mbpp_069,Write a function to check whether a list contains the given sublist or not.,"### Handoff Message for Agent B

Your task is to write a Python function that checks whether a given list contains a specific sublist (i.e., a sequence of elements appearing contiguously within the main list).

#### Function Signature
```python
def contains_sublist(main_list: list, sublist: list) -> bool:
    """"""
    Checks if main_list contains sublist as a contiguous subsegment.
    """"""
```

#### Key Edge Cases to Handle
1. **Empty sublist**: An empty `sublist` (`[]`) should always return `True`, regardless of the contents of `main_list`.
2. **Empty main list**: If `main_list` is empty and `sublist` is not, return `False`.
3. **Sublist longer than main list**: If `sublist` has more elements than `main_list`, return `False`.
4. **Duplicate elements**: The function must correctly handle cases with repeating elements (e.g., `main_list = [1, 2, 1, 2, 3]`, `sublist = [1, 2, 3]` -> `True`).
5. **Exact match**: When `main_list` and `sublist` are identical, return `True`.

#### Approach/Plan
1. Handle edge cases first: if `sublist` is empty, return `True`. If `sublist` is longer than `main_list`, return `False`.
2. Iterate through `main_list` using a sliding window approach. Check windows of length equal to `sublist` starting at each valid index.
3. Alternatively, slice `main_list` from index `i` to `i + len(sublist)` and compare it directly to `sublist`.
4. Return `True` if a match is found, otherwise `False` after the loop finishes.",none,1,measured,mbpp,0.6416407,0.0,15.785714285714286,22.0,0.1666666666666666,0.0,0.2314814814814814,2,0.0,0.8,1.0,,0.3175002932548523,0.01702238060534,0.8219188897638694,1,False
task_013,"Write a function that returns True if two strings are anagrams of each other (ignoring case and spaces), False otherwise.","To Agent B:

Please implement a Python function that determines whether two given strings are anagrams of each other, following the specifications below:

1. **Function Signature:**
   ```python
   def is_anagram(str1: str, str2: str) -> bool:
   ```

2. **Requirements:**
   - The function must return `True` if the two strings are anagrams, and `False` otherwise.
   - The comparison must be **case-insensitive** (e.g., 'A' and 'a' should be treated as equivalent).
   - All **spaces** must be ignored/removed before checking for anagrams.

3. **Key Edge Cases to Handle:**
   - Strings with mixed casing (e.g., `""Listen""` and `""Silent""`).
   - Strings with varying amounts of whitespace (e.g., `""punishments""` and `""nine thumbs""`).
   - Strings of different lengths after removing spaces (should immediately return `False`).
   - Empty strings or strings containing only spaces.
   - Special characters or punctuation (decide whether to strip them, but at a minimum, handle letters and spaces correctly).

4. **Recommended Approach:**
   - Normalize both strings by converting them to lowercase and removing all space characters.
   - Compare the frequency of each character in both normalized strings (e.g., using a character frequency map, `collections.Counter`, or by sorting the characters and comparing the resulting lists/strings).
   - Return `True` if the character distributions match, else `False`.",none,1,measured,hand_easy,0.7633899,0.0892857142857142,9.9,15.0,0.1666666666666666,0.0103092783505154,0.4069767441860465,6,0.0,0.0,1.0,,0.993664026260376,0.1547804474830627,0.7201460068495038,1,True
he_031,"Return true if a given number is prime, and false otherwise.
>>> is_prime(6)
False
>>> is_prime(101)
True
>>> is_prime(11)
True
>>> is_prime(13441)
True
>>> is_prime(61)
True
>>> is_prime(4)
False
>>> is_prime(1)
False","AGENT B HANDOFF MESSAGE:

Task: Write a Python function that determines whether a given integer is a prime number.

Function Signature:
```python
def is_prime(n: int) -> bool:
```

Key Edge Cases to Handle:
- Numbers less than or equal to 1 (e.g., `1`, `0`, and negative numbers) must return `False`.
- The number `2` is prime and should return `True`.
- Even numbers greater than `2` are not prime and should return `False`.

Approach:
1. Immediately return `False` if `n <= 1`.
2. Return `True` if `n == 2`.
3. Return `False` if `n` is even (`n % 2 == 0`).
4. Loop through odd integers starting from 3 up to the square root of `n` (inclusive), incrementing by 2. If `n` is divisible by any of these numbers, return `False`.
5. If no divisors are found, return `True`.",none,1,measured,humaneval,0.60651606,0.0294117647058823,4.34375,7.5,0.1666666666666666,0.0,0.21875,3,0.0,0.3333333333333333,1.0,0.0,0.9675305485725404,0.09190534055233,0.8183159253897244,1,False
task_074,"Write a function `nearest_warehouse(order_coords, warehouses)` for Everline Retail's shipping system. `order_coords` is an (x, y) tuple, and `warehouses` is a dict mapping warehouse name to (x, y) coordinates. Return the name of the closest warehouse by straight-line (Euclidean) distance. Edge case: if two or more warehouses are exactly tied for closest, return the one whose name comes first alphabetically, not just the first one encountered during iteration.","**Handoff Message for Agent B**

We need to implement a function for Everline Retail's shipping system that finds the closest warehouse to a given customer order based on straight-line (Euclidean) distance.

### Function Signature
```python
def nearest_warehouse(order_coords, warehouses):
    """"""
    :param order_coords: tuple of floats/ints representing (x, y) coordinates of the order
    :param warehouses: dict mapping string warehouse names to (x, y) coordinate tuples
    :return: string name of the closest warehouse
    """"""
```

### Key Edge Cases & Requirements
- **Euclidean Distance:** Calculate the straight-line distance between `order_coords` (`ox, oy`) and each warehouse's coordinates (`wx, wy`) using $\sqrt{(wx - ox)^2 + (wy - oy)^2}$ (or simply compare squared distances to avoid floating-point sqrt overhead).
- **Tie-Breaking:** If two or more warehouses share the exact same minimum distance, you **must** return the warehouse whose name comes first alphabetically (lexicographically), *not* necessarily the one encountered first in the dictionary iteration.

### Suggested Approach
1. Initialize variables to track the best (minimum) distance (start with infinity) and the best warehouse name (start with `None` or iterate).
2. Iterate through all items (`name, coords`) in the `warehouses` dictionary.
3. For each warehouse, compute its squared Euclidean distance to `order_coords`.
4. Update the best warehouse if:
   - The current warehouse's distance is strictly less than the recorded minimum distance.
   - **OR** the distance is *equal* to the recorded minimum distance, but the current warehouse's `name` is lexicographically smaller than the currently stored best name.
5. Return the winning warehouse name.",none,1,measured,hand_hard,0.82354724,0.1428571428571428,3.6417910447761193,3.5,0.1666666666666666,0.0248962655601659,0.2710280373831775,3,0.0040983606557377,0.25,1.0,0.0,0.7923258543014526,0.0789683237671852,0.864975189710938,1,False
task_065,"Write a function `rate_limit_ok(requests, window_seconds, max_requests, now)` for the API gateway used by Orbit Analytics. `requests` is a list of past request timestamps (integers, seconds), and the function must return True if adding a new request at time `now` would keep the count of requests within the sliding window (now - window_seconds, now] at or below `max_requests`. Edge case: a request exactly `window_seconds` before `now` is OUTSIDE the window (the window is a half-open interval that excludes its own left edge), so it must not be counted.","To Agent B:

Please implement the rate-limiting function for the Orbit Analytics API gateway according to the specifications below.

### Function Signature
```python
def rate_limit_ok(requests: list[int], window_seconds: int, max_requests: int, now: int) -> bool:
```

### Purpose
The function determines if a new API request made at timestamp `now` is allowed under a sliding window rate limiter. It must return `True` if the number of existing requests within the sliding window, *plus the new request*, is less than or equal to `max_requests`. Otherwise, it returns `False`.

### Sliding Window Definition
- The window is defined as the half-open interval `(now - window_seconds, now]`.
- This means it includes timestamps strictly greater than `now - window_seconds` and up to and including `now`.

### Key Edge Cases to Handle
1. **Left Boundary (Strict Exclusion):** A request timestamp that falls *exactly* at `now - window_seconds` is **outside** the window and must not be counted.
2. **Empty Requests List:** If `requests` is empty, the function should correctly return `True` (assuming `max_requests >= 1`).
3. **Future Timestamps / Unsorted Input:** Although timestamps are generally chronological, ensure the logic robustly filters based on the mathematical window definition regardless of list ordering.

### Recommended Approach
1. Iterate through or filter the `requests` list to count how many timestamps fall strictly within the range `(now - window_seconds, now]`.
2. Add `1` to this count to account for the incoming request at `now`.
3. Compare the total against `max_requests`: return `True` if `total_requests <= max_requests`, else `False`.",none,1,measured,hand_hard,0.84985965,0.1388888888888889,2.8505747126436782,6.0,0.3333333333333333,0.0081967213114754,0.3119266055045872,5,0.0,0.2,1.0,0.0,0.9982914328575134,0.1766626387834549,0.8180557915431248,1,False
task_069,"Write a function `parse_log_level(line, default_level)` for the observability pipeline at Redshift Systems. `line` is a raw log string that may start with a bracketed level tag like '[ERROR]', '[WARN]', or '[INFO]' (case-insensitive, must be at the very start of the string with no leading whitespace). Return a tuple (level, message) where level is the uppercased tag with brackets stripped, and message is the rest of the line with exactly one leading space stripped if present. If no valid tag is found at the start, return (default_level, line) unchanged -- the whole original line as the message, not stripped.","### Handoff Message for Agent B

**Objective:**
Implement a Python function named `parse_log_level(line, default_level)` for the Redshift Systems observability pipeline. This function parses a raw log string to extract a log level tag (if present at the very beginning) and separates it from the log message.

**Exact Function Signature:**
```python
def parse_log_level(line: str, default_level: str) -> tuple[str, str]:
```

**Requirements & Parsing Rules:**
1. **Tag Detection:** Check if `line` starts with a bracketed level tag at index `0` (e.g., `[ERROR]`, `[WARN]`, `[INFO]`). 
   - Must be at the *very start* of the string with **no leading whitespace**.
   - The match should be **case-insensitive** (e.g., `[error]`, `[Info]`, `[WARN]` are all valid).
2. **Successful Parse Return Value:** 
   - `level`: The extracted tag in **uppercase** with the brackets stripped (e.g., `""ERROR""`).
   - `message`: The remainder of the string after the tag. Strip **exactly one leading space** from the remaining text if it is present immediately after the closing bracket.
3. **No Valid Tag Return Value:**
   - If the line does not start with a valid bracketed tag (or has leading whitespace before the bracket), return `(default_level, line)` completely unchanged (the entire original `line` as the message, with **no** whitespace stripping applied).

**Key Edge Cases to Handle:**
- Lowercase or mixed-case tags like `[error]` or `[Info]` must be correctly normalized to uppercase (`ERROR`, `INFO`).
- A line starting with a space before the bracket (e.g., ` ""[ERROR] msg""`) is *not* a valid tag; return `(default_level, "" [ERROR] msg"")`.
- A line with a bracketed tag but no space following it (e.g., `""[ERROR]msg""`) should return `(""ERROR"", ""msg"")` without removing any characters other than the single space (which isn't there, so none is stripped).
- Empty strings or strings without brackets.

**Implementation Plan:**
1. Use a regular expression matching the start of the string (`^`), followed by a bracketed word: `r'^\[([a-zA-Z]+)\]'`.
2. If a match is found using `re.match`:
   - Extract the group, uppercase it for `level`.
   - Slice the remaining string from the end of the match index.
   - If the remaining string starts with a single space, slice it off (e.g., `remaining[1:]` if it starts with `' '`).
   - Return `(level, message)`.
3. If no match is found, return `(default_level, line)`.",none,1,measured,hand_hard,0.8513695,0.1443298969072164,3.73469387755102,6.25,0.3333333333333333,0.0192837465564738,0.2934782608695652,5,0.0,0.0,1.0,0.0,0.9906406402587892,0.3292469382286072,0.8249353020769441,1,False
task_068,"Write a function `dedupe_contacts(contacts)` for Rolodex CRM, used by sales rep Fatima Al-Sayed. `contacts` is a list of dicts each with keys 'email' and 'name'. Two contacts are duplicates if their emails match case-insensitively. When duplicates are found, keep only the one whose name is longest (more characters); if there's a tie in name length, keep the one that appears first in the input list. Edge case: emails must be compared after lowercasing, but the email in the returned contact should preserve its ORIGINAL casing from whichever record was kept.","HANDOFF MESSAGE FOR AGENT B:

You need to write a Python function for Rolodex CRM to deduplicate a list of contact dictionaries. 

**Function Signature:**
```python
def dedupe_contacts(contacts):
    """"""
    contacts: List of dicts, each containing 'email' and 'name' keys.
    Returns: List of deduplicated contact dicts.
    """"""
}
```

**Requirements & Rules:**
1. **Duplicate Detection:** Two contacts are considered duplicates if their `email` addresses match case-insensitively (e.g., `Test@Email.com` and `test@email.com` are duplicates).
2. **Conflict Resolution (Which one to keep):** 
   - When duplicates are found, keep the contact with the **longest name** (measured by character length).
   - If there is a tie in name length, keep the contact that appears **first** in the input list.
3. **Email Casing Preservation:** Emails must be compared after lowercasing, but the `email` value in the returned contact dict **must preserve its original casing** from whichever record was selected to be kept.

**Recommended Approach:**
- Iterate through the input list of contacts.
- Track unique emails using a lowercased version as a key in a dictionary or lookup table.
- For each contact, compare its name length against any existing stored contact for that lowercased email. 
- If no contact exists for that email yet, or if the current contact has a strictly longer name than the stored one, replace/store it. (Since you iterate in order, a tie in name length naturally preserves the first-seen item because you only replace on a *strictly greater* length).
- Finally, return the values of your lookup dictionary.",none,1,measured,hand_hard,0.81182814,0.2151898734177215,2.7333333333333334,3.2,0.1666666666666666,0.0578512396694214,0.3406593406593406,5,0.0,0.0,1.0,0.0,0.4430723488330841,0.4535833895206451,0.6563244293688404,1,True
task_066,"Write a function `merge_configs(base, override)` for the deployment tool at Nimbus Cloud. Both `base` and `override` are dicts that may contain nested dicts. The function must deep-merge them: for any key present in both where both values are dicts, merge recursively; otherwise the value from `override` wins entirely (even if base's value was a dict and override's is not). Edge case: a key with value `None` in `override` must explicitly delete that key from the result, rather than setting it to None.","**HANDOFF MESSAGE FOR AGENT B**

**Objective:**
Build a Python function named `merge_configs(base, override)` that performs a recursive deep-merge of two configuration dictionaries (`base` and `override`). 

**Exact Function Signature:**
```python
def merge_configs(base: dict, override: dict) -> dict:
```

**Behavioral Requirements:**
1. **Deep Merge:** If a key exists in both `base` and `override`, and *both* corresponding values are `dict` instances, merge them recursively.
2. **Override Wins:** For any other case (e.g., mismatched types, non-dictionary values, or keys only in `override`), the value from `override` completely replaces the value in `base`.
3. **Deletion via `None` (Crucial Edge Case):** If a key in `override` has a value of `None`, it must completely delete that key from the resulting dictionary (if it exists), rather than setting the value to `None`.
4. **Immutability (Best Practice):** Ensure you do not mutate the input dictionaries (`base` and `override`); return a fresh dictionary (or a deep copy of the merged result).

**Proposed Approach:**
1. Start by creating a shallow or deep copy of `base` so you don't mutate the original input.
2. Iterate through all key-value pairs in `override`.
3. Check the special deletion edge case: if `override[key] is None`, check if the key exists in your working result dictionary and `pop` it.
4. Otherwise, check if both the existing value in your working result and `override[key]` are instances of `dict`. 
   - If yes, recursively call `merge_configs(result[key], override[key])` and assign the result.
   - If no, simply overwrite `result[key] = override[key]`.
5. Return the resulting dictionary.",none,1,measured,hand_hard,0.72040075,0.1527777777777778,3.0,5.25,0.5,0.012396694214876,0.2743362831858407,3,0.0,0.2,1.0,0.0,0.7031236886978149,0.0901312679052352,0.8318631091074401,1,False
task_072,"Write a function `resolve_import_order(modules)` for the build tool at Compass Software. `modules` is a dict mapping module name to a list of module names it depends on. Return a list giving a valid topological order (dependencies before dependents). If there are multiple valid orders, prefer visiting modules in the order their keys first appear in `modules`. Edge case: if there is a circular dependency, raise a ValueError with message 'circular dependency detected' rather than looping forever or returning a partial order.","Here is the handoff message for Agent B:

---

### Handoff Message for Agent B

**Task Overview:**
We need to implement a dependency resolution function for the build tool at Compass Software. The function must compute a valid topological sort of a set of modules based on their dependency relationships.

**Function Signature:**
```python
def resolve_import_order(modules: dict) -> list:
    """"""
    Resolves the import order of modules using topological sorting.
    
    Args:
        modules (dict): A dictionary mapping a module name (str) to a list 
                        of module names (str) that it depends on.
                        
    Returns:
        list: A valid topological order of module names where all dependencies 
              appear before their dependents.
              
    Raises:
        ValueError: If a circular dependency is detected.
    """"""
```

**Key Requirements & Edge Cases:**
1. **Dependencies Before Dependents:** In the returned list, any module must appear *after* all the modules it depends on.
2. **Deterministic Tie-Breaking:** If multiple valid topological orders exist, you must prefer visiting modules in the exact order their keys first appear in the input `modules` dictionary.
3. **Circular Dependency Detection:** If a circular dependency exists anywhere in the graph, do not loop forever or return a partial order. Instead, immediately raise a `ValueError` with the exact message: `'circular dependency detected'`.

**Suggested Approach:**
1. **Graph Representation:** The input `modules` dictionary maps each module to its dependencies (i.e., outgoing edges from dependent to dependency, or vice-versa depending on how you set up your traversal). Make sure to process keys in the order they appear in `modules` to preserve the tie-breaking rule.
2. **Cycle Detection & Topological Sort:** 
   - Use Kahn's algorithm (in-degree counting with a priority queue/queue that respects input order) or Depth-First Search (DFS) with visiting states (unvisited, visiting/recursion stack, visited).
   - DFS is often very clean for tie-breaking: iterate through `modules` keys in order, and run DFS. Track recursion stack states to detect cycles and raise the required `ValueError`.",none,1,measured,hand_hard,0.792155,0.1595744680851064,3.814814814814815,4.0,0.5,0.0427631578947368,0.4411764705882353,5,0.0032362459546925,0.0,1.0,0.0,0.9882717728614808,0.129233255982399,0.6593267963620193,1,True
he_030,"Return only positive numbers in the list.
>>> get_positive([-1, 2, -4, 5, 6])
[2, 5, 6]
>>> get_positive([5, 3, -5, 2, -3, 3, 9, 0, 123, 1, -10])
[5, 3, 2, 3, 9, 123, 1]","**HANDOFF MESSAGE FOR AGENT B**

**Function to Build:**
Write a Python function that filters a list of numbers and returns a new list containing only the positive numbers (strictly greater than 0).

**Exact Function Signature:**
```python
def get_positive(l: list) -> list:
```

**Key Edge Cases to Handle:**
- Negative numbers: Must be excluded.
- Zero (`0`): Must be excluded (since zero is neither positive nor negative, as shown in the second example where `0` is dropped).
- Empty list `[]`: Should return `[]`.
- List with all negative numbers: Should return `[]`.
- List with all positive numbers: Should return the original list.

**Plan / Approach:**
Use a list comprehension with a conditional check to filter the input list. Specifically, iterate through each element `x` in the input list `l` and include it in the result only if `x > 0`. 

Example implementation structure:
```python
def get_positive(l: list) -> list:
    return [x for x in l if x > 0]
```",none,1,measured,humaneval,0.6430891,0.0222222222222222,4.6,4.5,0.3333333333333333,0.0,0.3285714285714285,6,0.0,1.0,1.0,4.0,0.9977793097496032,0.1648151278495788,0.785263528018617,1,True
he_036,"Return the number of times the digit 7 appears in integers less than n which are divisible by 11 or 13.
>>> fizz_buzz(50)
0
>>> fizz_buzz(78)
2
>>> fizz_buzz(79)
3","HANDOFF MESSAGE FOR AGENT B:

Your task is to write a Python function that calculates the total frequency of the digit '7' across a specific set of integers. 

**Function Signature:**
```python
def fizz_buzz(n: int) -> int:
```

**Problem Requirements:**
- Iterate through all integers strictly less than `n` (i.e., `0` to `n-1`).
- Filter the integers to keep only those that are divisible by either `11` or `13` (or both).
- For every integer that passes the filter, count how many times the digit `7` appears in its base-10 string representation (e.g., the number `77` contributes `2` to the count).
- Return the total sum of these digit counts.

**Key Edge Cases to Handle:**
- `n <= 0` or values of `n` where no numbers below `n` are divisible by 11 or 13 (should return `0`).
- Numbers where the digit `7` appears multiple times (e.g., `77`, `177`). Ensure your counting logic checks all digits of the filtered numbers, not just a boolean check for presence.

**Suggested Approach:**
1. Initialize a counter variable (e.g., `count = 0`).
2. Loop through `i` from `0` up to `n - 1`.
3. Check if `i % 11 == 0 or i % 13 == 0`.
4. If true, convert `i` to a string (or use math) and count the occurrences of the character `'7'`. Add this count to your total.
5. Return the final accumulated count.",none,1,measured,humaneval,0.7471554,0.1076923076923077,7.766666666666667,9.5,0.1666666666666666,0.0087336244541484,0.2818181818181818,3,0.0042918454935622,0.5,1.0,0.0,0.9927265644073486,0.1477267444133758,0.8703130039449946,1,False
he_034,"Return sorted unique elements in a list
>>> unique([5, 3, 5, 2, 3, 3, 9, 0, 123])
[0, 2, 3, 5, 9, 123]","**Handoff Message for Agent B**

- **Function to Build:** Write a Python function that takes a list of elements, removes all duplicates (making them unique), and returns them sorted in ascending order.
- **Function Signature:** `def unique(lst):`
- **Key Edge Cases to Handle:**
  - Empty lists (`[]` -> `[]`)
  - Lists with all identical elements (`[4, 4, 4]` -> `[4]`)
  - Lists containing negative numbers, mixed positive/negative numbers, or floats.
  - Already sorted or reverse-sorted lists.
- **Approach/Plan:**
  1. Convert the input list to a `set` to automatically remove all duplicate elements.
  2. Convert the resulting set back into a list.
  3. Sort the list in ascending order using Python's built-in `sorted()` function (or list `.sort()`).
  4. Return the sorted list.",none,1,measured,humaneval,0.53261256,0.0789473684210526,5.260869565217392,11.0,0.3333333333333333,0.0,0.3220338983050847,0,0.0,1.0,1.0,8.0,0.9910150170326232,0.3035899698734283,0.8338501081089467,1,False
he_035,"Return maximum element in the list.
>>> max_element([1, 2, 3])
3
>>> max_element([5, 3, -5, 2, -3, 3, 9, 0, 123, 1, -10])
123","**Handoff Message for Agent B**

- **Function to Build:** A function that returns the maximum element from a given list of numbers.
- **Exact Function Signature:** `def max_element(l: list) -> int/float:`
- **Key Edge Cases to Handle:**
  - Standard lists containing positive, negative, and zero values.
  - Lists with a single element (should return that element).
  - (Implicitly) lists with duplicate maximum values.
- **Brief Plan/Approach:** Use Python's built-in `max()` function to efficiently find and return the largest element in the input list.",none,1,measured,humaneval,0.66269064,0.0,3.458333333333333,2.5,0.3333333333333333,0.0,0.4,1,0.0,0.0,1.0,2.0,0.4488139450550079,0.5229284167289734,0.4665355919138392,1,True
he_033,"This function takes a list l and returns a list l' such that
l' is identical to l in the indicies that are not divisible by three, while its values at the indicies that are divisible by three are equal
to the values of the corresponding indicies of l, but sorted.
>>> sort_third([1, 2, 3])
[1, 2, 3]
>>> sort_third([5, 6, 3, 4, 8, 9, 2])
[2, 6, 3, 4, 8, 9, 5]","HANDOFF MESSAGE FOR AGENT B:

You need to write a Python function named `sort_third(l)` that takes a list `l` and returns a new list `l'` based on specific index rules.

### Requirements & Behavior:
- **Indices not divisible by three (i.e., index % 3 != 0):** The elements in `l'` must remain identical to those in `l` at the exact same positions.
- **Indices divisible by three (i.e., index % 3 == 0):** The elements at these indices in `l'` must consist of the values originally found at all indices divisible by 3 in `l`, but sorted in ascending order.

### Example:
```python
>>> sort_third([1, 2, 3])
[1, 2, 3]
# Indices div by 3: index 0 (value 1). Sorted: [1].
# Indices not div by 3: index 1 (2), index 2 (3).
# Result: [1, 2, 3]

>>> sort_third([5, 6, 3, 4, 8, 9, 2])
[2, 6, 3, 4, 8, 9, 5]
# Indices div by 3: indices 0, 3, 6 (values 5, 4, 2). Sorted: [2, 4, 5].
# Placed back at indices 0, 3, 6 respectively, keeping other indices (1, 2, 4, 5) untouched.
```

### Edge Cases to Handle:
- Empty lists (`[]`) should return an empty list.
- Lists with fewer than 3 elements (e.g., length 1 or 2).
- Lists where the length is not a multiple of 3.

### Recommended Approach:
1. Extract all elements from `l` whose indices are divisible by 3 (`l[0::3]`).
2. Sort this extracted subset.
3. Construct the result list by iterating through the original list `l`: if the index is divisible by 3, take the next element from the sorted subset; otherwise, take the element from the original list `l`.",none,1,measured,humaneval,0.6630581,0.1666666666666666,3.863013698630137,9.0,0.1666666666666666,0.0631970260223048,0.2782608695652174,4,0.0,0.0,1.0,2.0,0.9955651164054872,0.2819332480430603,0.825988543891672,1,False
he_037,"This function takes a list l and returns a list l' such that
l' is identical to l in the odd indicies, while its values at the even indicies are equal
to the values of the even indicies of l, but sorted.
>>> sort_even([1, 2, 3])
[1, 2, 3]
>>> sort_even([5, 6, 3, 4])
[3, 6, 5, 4]","HANDOFF MESSAGE FOR AGENT B:

You need to write a Python function that modifies a given list based on its indices. 

**Function Signature:**
```python
def sort_even(l: list) -> list:
```

**Functionality Requirements:**
- Return a new list `l'` (or modify/return a copy of `l`) such that:
  1. Elements at **odd indices** remain exactly the same as in the original list `l`.
  2. Elements at **even indices** take the values from the even indices of `l`, but these values must be **sorted** in ascending order.

**Examples:**
- `sort_even([1, 2, 3])` -> Even indices are at index 0 and 2, with values `[1, 3]`. Sorted they are `[1, 3]`. Odd index 1 has value `2`. Result: `[1, 2, 3]`.
- `sort_even([5, 6, 3, 4])` -> Even indices are at 0 and 2, with values `[5, 3]`. Sorted they become `[3, 5]`. Odd indices 1 and 3 have values `[6, 4]`. Result: `[3, 6, 5, 4]`.

**Edge Cases to Handle:**
- Empty list `[]` should return `[]`.
- Lists with a single element `[x]` should return `[x]`.
- Lists with even or odd total lengths.

**Recommended Plan/Approach:**
1. Extract all elements located at the even indices of `l` (e.g., using slicing `l[::2]`).
2. Sort these extracted even-index values.
3. Create a new list (or copy of `l`) and place the sorted values back into the even indices, leaving the odd-index values untouched.
4. Return the resulting list.",none,1,measured,humaneval,0.6670627,0.1454545454545454,4.0344827586206895,12.0,0.1666666666666666,0.0,0.293103448275862,4,0.0,0.0,1.0,2.0,0.9351759552955629,0.4970773756504059,0.7601877132958016,1,True
he_039,"prime_fib returns n-th number that is a Fibonacci number and it's also prime.
>>> prime_fib(1)
2
>>> prime_fib(2)
3
>>> prime_fib(3)
5
>>> prime_fib(4)
13
>>> prime_fib(5)
89","HANDOFF MESSAGE:

We need to implement a Python function named `prime_fib(n: int) -> int` that returns the $n$-th number which is both a Fibonacci number and a prime number.

### Requirements & Examples:
- `prime_fib(1)` -> `2` (1st prime Fibonacci: 2 is prime and F_3)
- `prime_fib(2)` -> `3` (2nd prime Fibonacci: 3 is prime and F_4)
- `prime_fib(3)` -> `5` (3rd prime Fibonacci: 5 is prime and F_5)
- `prime_fib(4)` -> `13` (4th prime Fibonacci: 13 is prime and F_7)
- `prime_fib(5)` -> `89` (5th prime Fibonacci: 89 is prime and F_11)

### Approach / Algorithm:
1. **Prime Checker helper function**: Write a helper function `is_prime(num)` that returns `True` if `num` is a prime number (handles numbers < 2 correctly, returns `False`).
2. **Fibonacci Generator**: Generate Fibonacci numbers sequentially (e.g., starting from F_1 = 1, F_2 = 1, or F_3 = 2, keeping track of the previous two values).
3. **Filtering & Counting**: Iterate through generated Fibonacci numbers, check if each is prime, and increment a counter when a prime Fibonacci is found. 
4. Stop and return the number when the counter reaches `n`.

### Edge Cases to Handle:
- $n = 1$ starts at the very first prime Fibonacci (`2`).
- Ensure the primality test is efficient enough for moderately large Fibonacci numbers (though standard trial division up to $\sqrt{x}$ will easily suffice for the first few dozen prime Fibonacci numbers).",none,1,measured,humaneval,0.7640334,0.0985915492957746,8.321428571428571,5.5,0.3333333333333333,0.0043478260869565,0.3111111111111111,1,0.0042918454935622,0.75,1.0,0.0,0.9739640355110168,0.2166619449853897,0.827222482284295,1,False
he_040,"triples_sum_to_zero takes a list of integers as an input.
it returns True if there are three distinct elements in the list that
sum to zero, and False otherwise.
>>> triples_sum_to_zero([1, 3, 5, 0])
False
>>> triples_sum_to_zero([1, 3, -2, 1])
True
>>> triples_sum_to_zero([1, 2, 3, 7])
False
>>> triples_sum_to_zero([2, 4, -5, 3, 9, 7])
True
>>> triples_sum_to_zero([1])
False","**Handoff Message for Agent B**

You need to write a Python function that determines if there exist three distinct elements in a given list of integers that sum up to zero.

### Function Signature
```python
def triples_sum_to_zero(l: list[int]) -> bool:
```

### Requirements & Behavior
- Return `True` if there are three *distinct* elements (meaning three distinct indices in the list, not necessarily distinct values) whose sum is `0`.
- Return `False` otherwise.

### Examples
- `triples_sum_to_zero([1, 3, 5, 0])` -> `False`
- `triples_sum_to_zero([1, 3, -2, 1])` -> `True` (since `1 + 1 + (-2) = 0`)
- `triples_sum_to_zero([1, 2, 3, 7])` -> `False`
- `triples_sum_to_zero([2, 4, -5, 3, 9, 7])` -> `True`
- `triples_sum_to_zero([1])` -> `False`

### Edge Cases to Handle
- Lists with fewer than 3 elements (e.g., length 0, 1, or 2) should immediately return `False`.
- Lists with duplicate numbers (e.g., multiple zeros or duplicate negative/positive values) as long as they correspond to three separate indices.
- All positive or all negative numbers should return `False`.

### Recommended Approach
1. Check if the length of the input list `l` is less than 3. If so, return `False`.
2. Sort the list to enable an efficient two-pointer approach (or use a hash set approach).
3. Iterate through the sorted list with a loop for the first element (`i`), and use a two-pointer technique (`left` and `right`) for the remaining two elements to check if `l[i] + l[left] + l[right] == 0`.
4. Return `True` if a valid triplet is found; otherwise, return `False` after checking all possibilities.",none,1,measured,humaneval,0.8070955,0.1772151898734177,4.56140350877193,5.0,0.3333333333333333,0.0116731517509727,0.25,3,0.0,0.6666666666666666,1.0,3.0,0.9042054414749146,0.1585754454135894,0.8884117911998642,1,False
mbpp_095,Write a python function to find the length of the smallest list in a list of lists.,"HANDOFF MESSAGE FOR AGENT B:

You need to write a Python function that takes a list of lists and returns the length of the smallest (shortest) list among them.

**Function Signature:**
```python
def smallest_list_length(list_of_lists: list[list]) -> int:
    pass
```

**Key Edge Cases to Handle:**
- The input list itself could be empty (what should be returned? Usually `0` or raising an error—please handle an empty outer list gracefully, e.g., returning `0`).
- Lists containing empty inner lists (length 0 should be correctly identified).
- Inner lists of varying lengths.

**Plan/Approach:**
1. Check if the input `list_of_lists` is empty. If so, return `0`.
2. Use Python's built-in `min()` function with a generator expression or mapping function to find the minimum length efficiently.
3. Example: `return min(len(inner_list) for inner_list in list_of_lists)`
4. Ensure the solution runs in $O(N)$ time complexity where $N$ is the total number of lists.",none,1,measured,mbpp,0.7536005,0.0869565217391304,8.588235294117647,13.0,0.3333333333333333,0.0279720279720279,0.3968253968253968,2,0.0,1.0,1.0,,0.955507755279541,0.0945702865719795,0.8161560959257211,1,False
mbpp_098,Write a function to multiply all the numbers in a list and divide with the length of the list.,"Agent B, here are the requirements and instructions for your coding task:

**Function Objective:**
Write a Python function that takes a list of numbers, multiplies all the numbers together, and then divides that product by the length of the list.

**Function Signature:**
```python
def multiply_and_divide_by_length(numbers: list) -> float:
```

**Key Edge Cases to Handle:**
1. **Empty list:** If the input list is empty (`len(numbers) == 0`), the function must handle the potential division by zero. Return `0` (or `None`, but `0` is preferred for numerical stability) to prevent a `ZeroDivisionError`.
2. **Data types:** The list may contain integers, floats, or a mix of both. Ensure the multiplication and division handle these correctly (returning a float).
3. **Single-element list:** A list with one element should return that exact element divided by 1 (which is the element itself).

**Brief Plan / Approach:**
1. Check if the list is empty. If it is, return `0`.
2. Initialize a variable (e.g., `product`) to 1.
3. Iterate through the `numbers` list, multiplying each element into `product`.
4. Divide `product` by `len(numbers)`.
5. Return the resulting float value.",none,1,measured,mbpp,0.6493487,0.0689655172413793,9.578947368421051,20.0,0.5,0.0111731843575419,0.2967032967032967,3,0.0,0.75,1.0,,0.99440997838974,0.0147656556218862,0.7949697812514072,1,False
mbpp_062,Write a python function to find smallest number in a list.,"AGENT B HANDOFF MESSAGE

Task: Write a Python function to find and return the smallest number in a given list of numbers.

Function Signature:
```python
def find_smallest_number(numbers: list) -> int | float:
    pass
```

Key Edge Cases to Handle:
1. Empty list: Raise a `ValueError` or return `None` (let's raise a `ValueError(""The list is empty"")` to be safe and explicit).
2. Lists with negative numbers, floating-point numbers, or a mix of both.
3. Lists with a single element (should return that element).
4. Invalid inputs (e.g., non-list inputs or lists containing non-numeric types) - you can assume standard numeric inputs, but handling or noting type assumptions is good.

Approach:
1. Check if the input list is empty. If so, raise a `ValueError`.
2. Use Python's built-in `min()` function, which operates in $O(N)$ time complexity, to find the smallest element.
3. Return the result.",none,1,measured,mbpp,0.6893288,0.024390243902439,13.0,16.0,0.3333333333333333,0.0285714285714285,0.3538461538461538,1,0.0,1.0,1.0,,0.9939508438110352,0.0061600636690855,0.7484667835033437,0,True
mbpp_089,Write a function to find the closest smaller number than n.,"AGENT B HANDOFF MESSAGE

**Task:** Write a function that finds the closest strictly smaller number than a given integer `n`. 

Wait, the problem statement is a bit ambiguous on what ""closest smaller number"" means. Let's assume it means finding the largest integer strictly less than `n`. (Since any number strictly less than $n-1$ is closer to $n-1$, the immediate predecessor $n-1$ is always the closest smaller integer). 

However, to be robust and cover potential interpretations (such as rearranging digits, e.g., finding the largest number smaller than `n` formed by the same digits, or simply $n-1$), let's define the requirement clearly for both common interpretations:
1. **Standard mathematical interpretation:** Return $n - 1$.
2. **Digit-permutation interpretation (often seen in coding problems):** Find the largest number strictly less than `n` that can be formed by rearranging the digits of `n`. 

Let's assume the **standard mathematical interpretation** (simply $n - 1$) unless specified otherwise, but let's make the function flexible or clearly implement $n - 1$ as the baseline while documenting it. Actually, standard interpretation for ""closest smaller number than n"" mathematically is just `n - 1`. Let's provide the signature and plan for this straightforward approach, but design it cleanly.

**Function Signature:**
```python
def closest_smaller(n: int) -> int:
    """"""
    Returns the closest smaller number than n.
    For standard integer input, this is n - 1.
    """"""
```

**Key Edge Cases to Handle:**
- Negative numbers (e.g., if $n = -5$, the closest smaller number is $-6$).
- Zero ($n = 0$, closest smaller is $-1$).
- Large integers (ensure it handles arbitrarily large ints if Python handles them natively, which it does).
- Non-integer inputs (optional: type checking or raising TypeError).

**Plan / Approach:**
1. Define the function `closest_smaller(n)`.
2. Validate that `n` is an integer.
3. Return `n - 1`.
4. Write unit tests covering positive integers, zero, negative integers, and edge cases.",none,1,measured,mbpp,0.55898774,0.0547945205479452,28.363636363636363,25.0,0.3333333333333333,0.009771986970684,0.2828947368421052,5,0.0,0.0,1.0,,0.9703124165534972,0.015837475657463,0.6489665788263791,0,True
he_042,"Return list with elements incremented by 1.
>>> incr_list([1, 2, 3])
[2, 3, 4]
>>> incr_list([5, 3, 5, 2, 3, 3, 9, 0, 123])
[6, 4, 6, 3, 4, 4, 10, 1, 124]","**Handoff Message for Agent B**

You need to implement a Python function that takes a list of numbers and returns a new list with each element incremented by 1.

**Function Signature:**
```python
def incr_list(l: list) -> list:
```

**Requirements & Edge Cases:**
- The input will be a list of numbers (integers and/or floats).
- You should return a *new* list rather than modifying the original list in place (or ensure standard list transformation behavior as shown in the examples).
- Handle empty lists `[]` by returning an empty list `[]`.
- Handle negative numbers and zero properly (e.g., `0` becomes `1`, `-1` becomes `0`).

**Examples:**
- `incr_list([1, 2, 3])` -> `[2, 3, 4]`
- `incr_list([5, 3, 5, 2, 3, 3, 9, 0, 123])` -> `[6, 4, 6, 3, 4, 4, 10, 1, 124]`

**Approach:**
Use a list comprehension to iterate through every element in the input list, add 1 to each, and return the resulting list. For example: `return [x + 1 for x in l]`",none,1,measured,humaneval,0.5618373,0.22,5.0606060606060606,3.5,0.3333333333333333,0.0490797546012269,0.1860465116279069,2,0.0,0.0,1.0,2.0,0.9842002987861632,0.0669060871005058,0.6602938098055924,0,True
mbpp_094,"Given a list of tuples, write a function that returns the first value of the tuple with the smallest second value.","Handoff Message for Agent B:

1. **Function Purpose**: Write a Python function that takes a list of tuples (where each tuple contains at least two elements, e.g., `(first, second)`) and returns the first value of the tuple that has the smallest second value.

2. **Function Signature**:
   ```python
   def get_first_of_smallest_second(tuples_list: list[tuple]) -> any:
   ```

3. **Key Edge Cases to Handle**:
   - Empty list input: Define how to handle this (e.g., raise a `ValueError` or return `None`).
   - Multiple tuples sharing the exact same minimum second value: Specify that the function should return the first encountered one (which is standard behavior for Python's `min()`).
   - Tuples with more than two elements: Only consider the second element (index 1) for the comparison, but ensure the function safely extracts it.

4. **Brief Plan/Approach**:
   - Use Python's built-in `min()` function.
   - Pass the `tuples_list` into `min()` with a custom `key` argument. The key should extract the second element of each tuple: `key=lambda x: x[1]`.
   - Once the tuple with the minimum second value is identified, return its first element (`index 0`).
   - Add a check for an empty list at the beginning to prevent `ValueError`.",none,1,measured,mbpp,0.6958476,0.1428571428571428,9.047619047619047,13.0,0.3333333333333333,0.0320855614973262,0.2954545454545454,2,0.0,1.0,1.0,,0.9968246221542358,0.0348890759050846,0.756487301414952,0,True
mbpp_086,Write a function to find nth centered hexagonal number.,"AGENT B HANDOFF MESSAGE:

Task: Write a Python function to calculate the $n$-th centered hexagonal number.

Function Signature:
`def centered_hexagonal_number(n: int) -> int:`

Mathematical Background:
The $n$-th centered hexagonal number represents a centered hexagonal lattice (a dot surrounded by a hexagonal ring of dots, and so on). The formula for the $n$-th centered hexagonal number is:
$H_n = 3n(n - 1) + 1$
(where $n \ge 1$).

Sequence preview:
- $n = 1 \implies 1$
- $n = 2 \implies 7$
- $n = 3 \implies 19$
- $n = 4 \implies 37$

Edge Cases to Handle:
- $n = 1$: Should return 1.
- $n \le 0$: Raise a `ValueError` since centered hexagonal numbers are typically defined for positive integers ($n \ge 1$).
- Large inputs: Ensure standard integer arithmetic (Python handles arbitrarily large integers automatically, but keep efficiency in $O(1)$).

Implementation Plan:
1. Validate that $n$ is an integer greater than 0. If not, raise `ValueError`.
2. Compute the result using the direct $O(1)$ formula: `3 * n * (n - 1) + 1`.
3. Return the resulting integer.",none,1,measured,mbpp,0.70089734,0.0,20.11111111111111,13.0,0.1666666666666666,0.0,0.3164556962025316,1,0.0,1.0,1.0,,0.9976018071174622,0.0150971822440624,0.8417953316668222,1,False
mbpp_104,Write a function to sort each sublist of strings in a given list of lists.,"**Handoff Message for Agent B**

Your task is to write a Python function that sorts the strings within each sublist of a given list of lists. 

### Function Signature
```python
def sort_sublists(list_of_lists: list[list[str]]) -> list[list[str]]:
```

### Requirements & Behavior
- Iterate through each sublist in the provided list of lists.
- Sort the strings within each sublist in-place or return a new list of lists with the sorted sublists (returning a new structure is preferred to avoid mutating the input unexpectedly).
- By default, standard lexicographical (alphabetical) sorting for strings should be used.

### Key Edge Cases to Handle
- **Empty outer list:** If the input list is empty `[]`, return `[]`.
- **Empty sublists:** Sublists containing no elements `[]` should remain empty without causing errors.
- **Lists with a single element:** Sublists with only one string `[""apple""]` should remain unchanged.
- **Mixed case strings:** Ensure standard Python string sorting is applied (case-sensitive, where uppercase letters come before lowercase).

### Suggested Approach
1. Iterate over each sublist using a list comprehension or a standard `for` loop.
2. For each sublist, use Python's built-in `sorted()` function (or `.sort()` method if mutating in-place) to order the strings alphabetically.
3. Return the resulting list of sorted sublists.",none,1,measured,mbpp,0.72576445,0.0714285714285714,13.666666666666666,14.0,0.3333333333333333,0.01,0.3673469387755102,4,0.0,1.0,1.0,,0.98593670129776,0.0745402127504348,0.8733672751444025,1,False
task_001,Write a function that returns the sum of all even numbers in a list of integers.,"HANDOFF MESSAGE FOR AGENT B:

You need to write a Python function that calculates and returns the sum of all even integers present in a given list of numbers.

**Function Signature:**
`def sum_even_numbers(numbers: list[int]) -> int:`

**Key Edge Cases to Handle:**
- An empty list (`[]`) should return `0`.
- A list containing no even numbers (e.g., `[1, 3, 5]`) should return `0`.
- Negative even numbers (e.g., `[-2, -4, 3]`) should be included in the sum.
- A list with mixed positive, negative, and zero values should be processed correctly.

**Approach:**
1. Initialize a variable (e.g., `total_sum`) to `0`.
2. Iterate through each integer in the input list.
3. Check if the integer is even using the modulo operator (`num % 2 == 0`).
4. If it is even, add it to `total_sum`.
5. Return `total_sum` after checking all elements. (Alternatively, this can be implemented cleanly using a generator expression inside the built-in `sum()` function).",none,1,measured,hand_easy,0.5702735,0.0465116279069767,9.75,16.0,0.3333333333333333,0.0197368421052631,0.2876712328767123,4,0.0,1.0,1.0,,0.9946832060813904,0.0305424891412258,0.8546738107918608,1,False
he_043,"pairs_sum_to_zero takes a list of integers as an input.
it returns True if there are two distinct elements in the list that
sum to zero, and False otherwise.
>>> pairs_sum_to_zero([1, 3, 5, 0])
False
>>> pairs_sum_to_zero([1, 3, -2, 1])
False
>>> pairs_sum_to_zero([1, 2, 3, 7])
False
>>> pairs_sum_to_zero([2, 4, -5, 3, 5, 7])
True
>>> pairs_sum_to_zero([1])
False","**HANDOFF MESSAGE FOR AGENT B**

**Objective:**
Implement a Python function named `pairs_sum_to_zero` that takes a list of integers and returns `True` if there exist two distinct elements in the list whose sum is equal to zero, and `False` otherwise. Note: ""two distinct elements"" means two elements at different index positions in the list (even if their numerical values are the same, e.g., `[0, 0]` should return `True` because the two zeros are at different indices).

**Function Signature:**
```python
def pairs_sum_to_zero(l: list[int]) -> bool:
```

**Key Edge Cases to Handle:**
1. Lists with fewer than two elements (e.g., `[1]`, `[]`) must return `False`.
2. Lists containing multiple zeros (e.g., `[0, 0]`) should return `True` since they are distinct elements by index and `0 + 0 == 0`.
3. Lists where numbers appear multiple times (e.g., `[5, 5, 5]`) should only return `True` if there are at least two separate indices whose values sum to zero (here, `5 + 5 != 0`, so it should be `False`).

**Proposed Approach / Plan:**
- Use a `set` to keep track of the numbers you have seen so far as you iterate through the list.
- For each number `num` in the list, check if its negation (`-num`) is already in the set.
- If it is, return `True` immediately.
- If not, add `num` to the set and continue.
- If the loop finishes without finding any pair, return `False`.
- This ensures an optimal $O(n)$ time complexity.",none,1,measured,humaneval,0.76871794,0.2142857142857142,4.280701754385965,4.666666666666667,0.3333333333333333,0.0207468879668049,0.2828282828282828,5,0.0,0.4,1.0,3.0,0.8980198502540588,0.2335346937179565,0.8474932347005893,1,False
mbpp_012,Write a function to sort a given matrix in ascending order according to the sum of its rows.,"Handoff Message for Agent B:

1. **Function Purpose**: Write a function that sorts the rows of a given 2D matrix (list of lists) in ascending order based on the sum of the elements in each row. If two rows have the same sum, their relative order should ideally be preserved (stable sort).

2. **Function Signature**:
   ```python
   def sort_matrix_by_row_sum(matrix: list[list[int|float]]) -> list[list[int|float]]:
   ```

3. **Key Edge Cases to Handle**:
   - Empty matrix (`[]`): Should return an empty matrix without error.
   - Matrix with a single row: Should return the matrix as-is.
   - Rows with negative numbers or mixed signs (sum calculation must handle these correctly).
   - Rows of varying lengths (though standard matrices are rectangular, handle potential irregularities gracefully if applicable, or assume standard 2D grid).

4. **Plan/Approach**:
   - Iterate through each row in the input matrix and calculate its sum using the built-in `sum()` function.
   - Use Python's `sorted()` function or `list.sort()`, passing a custom `key` argument. The key function will compute `sum(row)` for each row.
   - Return a new sorted matrix (or modify in place, but returning a new list of lists is safer and preferred).",none,1,measured,mbpp,0.61637753,0.0566037735849056,10.38888888888889,14.0,0.3333333333333333,0.0,0.3176470588235294,4,0.0,1.0,1.0,,0.999177634716034,0.0068619181402027,0.7198774306984488,0,True
mbpp_099,"Write a function to convert the given decimal number to its binary equivalent, represented as a string with no leading zeros.","Agent B, here are the specifications for the function you need to write.

**Function Objective:**
Write a Python function that converts a given non-negative decimal integer into its binary equivalent, returned as a string with no leading zeros (except for the number 0 itself, which should return `""0""`).

**Exact Function Signature:**
```python
def decimal_to_binary(n: int) -> str:
```

**Key Edge Cases to Handle:**
1. **Zero (`0`):** Should return `""0""`, not an empty string.
2. **Negative numbers:** The problem statement implies standard decimal numbers, but if a negative number is passed, raise a `ValueError`.
3. **Large integers:** Ensure the conversion handles arbitrarily large integers correctly without overflow.

**Brief Plan/Approach:**
1. Check if `n < 0`, and raise a `ValueError` if true.
2. Handle the edge case for `n == 0` explicitly by returning `""0""`.
3. Use Python's built-in `bin()` function (e.g., `bin(n)` returns a string like `'0b101'`).
4. Slice the prefix (`[2:]`) to remove the `'0b'` leading identifier, which inherently strips any leading zeros.
5. Return the resulting binary string.",none,1,measured,mbpp,0.7230059,0.0851063829787234,8.047619047619047,18.0,0.3333333333333333,0.0180722891566265,0.2947368421052631,2,0.0,1.0,1.0,,0.9926519989967346,0.014113875105977,0.8633244337258257,1,False
mbpp_100,"Write a function to find the next smallest palindrome of a specified integer, returned as an integer.","HANDOFF MESSAGE FOR AGENT B:

You need to write a Python function that takes an integer and finds the strictly next smallest palindrome greater than the given integer, returning it as an integer.

### Function Signature
```python
def next_smallest_palindrome(n: int) -> int:
    """"""
    Finds the next smallest palindrome strictly greater than n.
    """"""
    pass
```

### Key Edge Cases to Handle
1. **Single-digit numbers (0-8):** The next palindrome is simply `n + 1` (e.g., input `5` -> `6`). For `9`, the next palindrome is `11`.
2. **All-nines numbers:** Numbers like `99`, `999`, etc. The next palindrome is always `n + 2` (e.g., `99` -> `101`).
3. **Even vs. Odd length numbers:** Mirroring logic differs slightly depending on whether the digit count is even or odd.
4. **Mirroring is smaller than original:** If mirroring the left half onto the right half results in a number less than or equal to `n`, you must increment the middle digit(s) and re-mirror.

### Recommended Approach / Algorithm
1. Convert the integer `n` to a string or list of digits.
2. Handle the all-nines edge case explicitly: if all digits are `9`, return `n + 2`.
3. Compare the left half mirrored onto the right half with the original number:
   - If the mirrored version is greater than `n`, it is your answer.
   - If not, increment the middle element(s) of the number (with proper carry-over propagation if it results in `10`) and then mirror the left half to the right half again.
4. Convert the result back to an integer and return it.",none,1,measured,mbpp,0.6323436,0.03125,15.235294117647058,22.0,0.5,0.0039525691699604,0.2352941176470588,3,0.0,1.0,1.0,,0.9949606657028198,0.022132696583867,0.8522799262866612,1,False
mbpp_097,"Write a function to find frequency of each element in a flattened list of lists, returned in a dictionary.","Handoff Message for Agent B:

1. **Function Purpose**: Write a Python function that takes a nested list (a list of lists) containing hashable elements, flattens it, calculates the frequency of each unique element, and returns the result as a dictionary where the keys are the elements and the values are their counts.

2. **Function Signature**:
   ```python
   def frequency_of_flattened_elements(nested_list: list) -> dict:
       """"""
       Finds the frequency of each element in a flattened list of lists.
       
       Args:
           nested_list (list): A list containing sublists of elements.
           
       Returns:
           dict: A dictionary with elements as keys and their frequencies as values.
       """"""
   ```

3. **Key Edge Cases to Handle**:
   - Empty input list (`[]`) -> should return `{}`.
   - Sublists that are empty (`[[], []]`) -> should return `{}`.
   - Mixed data types within the lists (e.g., integers, strings, floats) -> should be counted correctly if hashable.
   - Deeply nested lists beyond 1 level? Assume standard list of lists (1 level of flattening needed), but handling it robustly is a plus.

4. **Plan / Approach**:
   - Iterate through each sublist in the main `nested_list`.
   - Flatten the structure (can use a simple list comprehension like `[item for sublist in nested_list for item in sublist]`).
   - Use `collections.Counter` on the flattened list to efficiently compute the frequencies, and convert it to a standard dictionary (or return the `Counter` object directly, as it inherits from `dict`).",none,1,measured,mbpp,0.67657965,0.0655737704918032,12.052631578947368,16.0,0.3333333333333333,0.0269058295964125,0.2929292929292929,3,0.0,1.0,1.0,,0.976917028427124,0.1259120255708694,0.8157282197906606,1,False
mbpp_096,Write a python function to find the number of divisors of a given integer.,"HANDOFF MESSAGE FOR AGENT B:

Your task is to write a Python function that calculates the total number of divisors for a given integer.

**Function Signature:**
```python
def count_divisors(n: int) -> int:
```

**Requirements & Edge Cases:**
1. **Input:** An integer `n`.
2. **Output:** An integer representing the count of all positive divisors of `n`.
3. **Edge Cases:**
   - Negative numbers: Divisors should be counted for the absolute value of the number (e.g., `count_divisors(-6)` should return `4`, since the divisors of `-6` are `1, 2, 3, 6` or their negatives, and we count positive divisors).
   - Zero (`0`): By convention, if `n = 0`, it has infinitely many divisors. You should handle this by either returning `0` or raising a `ValueError`. Let's return `0` for safety.
   - One (`1`): Should return `1`.
   - Prime numbers: Should return `2` (1 and the number itself).

**Approach:**
- Iterate from `i = 1` up to the integer square root of `abs(n)` (`isqrt(abs(n))`).
- For each `i`, if `i` divides `abs(n)` evenly:
  - If `i` is the square root (i.e., `i * i == abs(n)`), add `1` to the divisor count.
  - Otherwise, add `2` to the count (accounting for both `i` and `abs(n) // i`).
- Return the total count. This ensures an efficient $O(\sqrt{n})$ time complexity.",none,1,measured,mbpp,0.7030547,0.074074074074074,15.285714285714286,17.0,0.5,0.0047393364928909,0.1785714285714285,6,0.0093457943925233,1.0,1.0,,0.9942094087600708,0.0119548300281167,0.835119769822088,1,False
task_080,"Write a function `assign_seats(passengers, seat_map)` for the airline check-in system used at Meridian Airways. `seat_map` is a dict mapping seat label (e.g. 'A1') to either None (free) or a passenger name already assigned. `passengers` is a list of names needing seats, in priority order. Assign each passenger, in order, to the alphabetically-first free seat at the time of their assignment, mutating a COPY of `seat_map` (the original must be left unchanged) and returning that copy. Edge case: if there are more passengers than free seats, raise a ValueError with message 'not enough seats' and do not assign anyone from that point forward (earlier assignments in the returned copy should still reflect who WAS assigned before the shortage was hit -- but since an exception is raised, the caller gets no returned value at all).","Handoff Message for Agent B:

Please implement the Python function `assign_seats(passengers, seat_map)` for the Meridian Airways airline check-in system.

### Function Signature
```python
def assign_seats(passengers, seat_map):
    pass
```

### Requirements & Behavior
1. **Inputs:**
   - `passengers`: A list of passenger name strings needing seats, in strict priority order.
   - `seat_map`: A dictionary mapping seat labels (e.g., `'A1'`, `'B12'`) to either `None` (representing an available seat) or a string representing a passenger name already assigned to that seat.
2. **Immutability:** 
   - You must **not** mutate the original `seat_map`. Create and return a *copy* of `seat_map` with the new assignments applied.
3. **Assignment Logic:**
   - Iterate through the `passengers` list in order.
   - For each passenger, find all currently free seats (`None`) in the copied seat map.
   - Assign the passenger to the **alphabetically-first** free seat label (e.g., `'A1'` comes before `'A2'`, which comes before `'B1'`).
4. **Edge Cases & Error Handling:**
   - If at any point during the iteration there are more passengers remaining to be seated than there are total free seats available, raise a `ValueError` with the exact message `'not enough seats'`.
   - *Note on partial state:* Since an exception is raised, standard Python execution halts and no return value reaches the caller. However, ensure that up until the point the exception is triggered, the working copy accurately reflects the assignments made so far (though raising the exception will naturally prevent it from being returned).

### Suggested Plan
1. Make a shallow or deep copy of `seat_map` (e.g., `new_map = seat_map.copy()`).
2. Loop through each `passenger` in `passengers`.
3. Gather all seat labels where `new_map[seat] is None`.
4. Check if the number of free seats is 0 (or less than the remaining passengers, though checking if 0 free seats exist before assigning the current passenger works since we assign one by one). Specifically, if no free seats are available when a passenger needs one, raise `ValueError('not enough seats')`.
5. Sort the list of available seat labels alphabetically and pick the first one (`sorted_free_seats[0]`).
6. Assign the passenger to that seat in `new_map`.
7. Return `new_map` after successfully assigning all passengers.",none,1,measured,hand_hard,0.8409575,0.1120689655172413,2.6194029850746268,5.0,0.1666666666666666,0.0172910662824207,0.2857142857142857,3,0.0028490028490028,0.1666666666666666,1.0,0.0,0.6739130020141602,0.2026816755533218,0.7861939476677203,1,True
task_076,"Write a function `stock_alert(prices, threshold)` for a trading dashboard used by analyst Wei Zhang. `prices` is a list of floats. Return the list of indices where the price is strictly greater than `threshold`.","**HANDOFF MESSAGE FOR AGENT B**

**Objective:**
Build a Python function named `stock_alert(prices, threshold)` for analyst Wei Zhang's trading dashboard. The function must return a list of indices where the corresponding stock price is strictly greater than the given threshold.

**Function Signature:**
```python
def stock_alert(prices: list[float], threshold: float) -> list[int]:
    pass
```

**Key Edge Cases to Handle:**
- Empty `prices` list: Should return an empty list `[]`.
- Prices equal to the threshold: Since the condition is **strictly greater** than (`>`), prices equal to `threshold` must be ignored (not included in the output).
- Negative prices or threshold values: The logic should still apply mathematically, though standard float/int comparisons will handle this naturally.
- Very large lists: The solution should be efficient (O(n) time complexity).

**Plan / Approach:**
1. Use a list comprehension with `enumerate()` to iterate through `prices` alongside their indices.
2. Filter the elements where `price > threshold`.
3. Collect and return the indices of those filtered elements in a list.",none,1,measured,hand_easy,0.78401786,0.0625,4.909090909090909,4.0,0.5,0.0251572327044025,0.3472222222222222,7,0.0,0.0,1.0,0.0,0.9977355003356934,0.1226435005664825,0.7818952221671512,1,True
task_064,"Write a function `format_greeting(name, city)` used by the onboarding bot at Vellore Institute of Technology. It should return the string f'Welcome, {name}, from {city}!' with the name capitalized (first letter upper, rest unchanged) and the city left exactly as given.","HANDOFF MESSAGE FOR AGENT B:

You need to write a Python function for the Vellore Institute of Technology onboarding bot that formats a greeting string based on a user's name and city.

**Function Signature:**
`def format_greeting(name: str, city: str) -> str:`

**Requirements:**
- Return a string in the exact format: `f'Welcome, {name}, from {city}!'`
- The `name` must be capitalized such that the first letter is uppercase and the rest of the string remains unchanged (i.e., use `name[0].upper() + name[1:]` or similar, rather than `.title()`, to avoid altering inner capitalization like ""McIntyre"" or ""v_k"").
- The `city` must be left exactly as provided without any modifications.

**Edge Cases to Handle:**
- Names with mixed/lowercase starting letters (e.g., ""john"" -> ""John"").
- Single-letter names.
- Names and cities containing spaces, punctuation, or special characters (ensure no unintended string mutations happen to them).

**Approach:**
1. Capitalize the first letter of `name` while preserving the rest.
2. Interpolate the modified `name` and the unmodified `city` into the target f-string.
3. Return the resulting string.",none,1,measured,hand_easy,0.8009408,0.0847457627118644,4.275,6.0,0.1666666666666666,0.0,0.3658536585365853,3,0.0,0.0,1.0,0.0,0.974177896976471,0.3240230977535248,0.7704390417854367,1,True
task_067,"Write a function `total_invoice(items)` for Hana's bakery point-of-sale system. `items` is a list of (name, price, quantity) tuples. Return the total cost as a float, rounded to 2 decimal places.","Handoff Message for Agent B:

Please implement a Python function for Hana's bakery point-of-sale system that calculates the total cost of items.

**Function Signature:**
`def total_invoice(items):`

**Inputs:**
- `items`: A list of tuples, where each tuple is in the format `(name: str, price: float/int, quantity: int/float)`.

**Outputs:**
- Returns the total cost as a `float`, rounded to exactly 2 decimal places.

**Plan / Approach:**
1. Initialize a variable `total` to 0.0.
2. Iterate through the `items` list and unpack each tuple into `name`, `price`, and `quantity`.
3. Multiply `price` by `quantity` for each item and add it to `total`.
4. Use Python's `round(total, 2)` to ensure the final result is rounded to 2 decimal places before returning.

**Key Edge Cases to Handle:**
- **Empty list (`[]`):** Should return `0.0` (or `0.00`).
- **Zero or negative quantities/prices:** Ensure standard multiplication handles zero correctly; if negative values are passed, ensure the math still executes correctly (though typically prices/quantities are non-negative).
- **Floating-point precision issues:** Ensure proper rounding to 2 decimal places to avoid floating-point inaccuracies (e.g., using `round()` or `decimal` module).",none,1,measured,hand_easy,0.8270594,0.1186440677966101,5.966666666666667,4.666666666666667,0.1666666666666666,0.0228571428571428,0.2673267326732673,1,0.0,0.0,1.0,0.0,0.5833346843719482,0.0046019065193831,0.6952980738832729,0,True
task_070,"Write a function `avg_temperature(readings)` for a weather station in Reykjavik. `readings` is a list of floats in Celsius. Return the average rounded to 1 decimal place. If the list is empty, return None.","HANDOFF MESSAGE FOR AGENT B:

Please write the following function for a weather station in Reykjavik:

- Function Signature: `avg_temperature(readings)`
- Parameters: `readings` (a list of floats representing temperatures in Celsius)
- Return Value: The average temperature as a float, rounded to 1 decimal place, or `None` if the input list is empty.

Edge Cases to Handle:
- An empty list `[]` must return `None` (preventing division by zero).
- Standard float lists with positive, negative, and zero values.

Implementation Plan:
1. Check if the `readings` list is empty (length 0). If so, return `None`.
2. Calculate the sum of the elements in `readings` and divide by the number of elements to get the average.
3. Use Python's `round()` function to round the result to 1 decimal place.
4. Return the rounded average.",none,1,measured,hand_easy,0.8054961,0.2439024390243902,4.03030303030303,3.0,0.3333333333333333,0.0307692307692307,0.3571428571428571,1,0.0,0.0,1.0,0.0,0.0378072634339332,0.0490209646522998,0.738904069911764,0,True
task_078,"Write a function `battery_time_remaining(percent, discharge_curve)` for the firmware team at Halcyon Wearables, led by engineer Tomas Novak. `discharge_curve` is a list of (percent_threshold, minutes_per_percent) tuples sorted by ASCENDING percent_threshold, describing tiers of battery drain -- e.g. [(10, 5), (100, 2)] means the last 10% of battery (0 up to and including 10%) drains slowly at 5 minutes per percent, while everything above 10% up to 100% drains faster at 2 minutes per percent. Estimate total remaining minutes by summing, for each percentage point from `percent` down to 1 (there is no point below 1), the minutes-per-percent rate of the FIRST tuple in `discharge_curve` (in the given ascending order) whose percent_threshold is >= that percentage point. Edge case: if `percent` is 0, return 0.","**HANDOFF MESSAGE FOR AGENT B**

**Objective:**
Write a Python function for Halcyon Wearables that calculates the estimated remaining battery time in minutes given the current battery percentage and a tiered discharge curve.

**Function Name & Signature:**
```python
def battery_time_remaining(percent: int, discharge_curve: list[tuple[int, int]]) -> float:
```

**Input Details:**
- `percent`: An integer representing the current battery percentage (0 to 100).
- `discharge_curve`: A list of `(percent_threshold, minutes_per_percent)` tuples, sorted in **ascending order** of `percent_threshold`. 
  - *Example:* `[(10, 5), (100, 2)]` means percentages from 1 to 10 (inclusive) drain at 5 minutes/percent, and percentages above 10 up to 100 drain at 2 minutes/percent.

**Calculation Rules:**
1. Iterate through each percentage point from `percent` down to `1` (inclusive). Note: There is no point below 1.
2. For each percentage point, find the **first** tuple in `discharge_curve` (checking in the given ascending order) whose `percent_threshold` is `>=` the current percentage point.
3. Add that tuple's `minutes_per_percent` rate to the running total.
4. Return the total accumulated minutes.

**Edge Cases to Handle:**
- If `percent` is `0`, immediately return `0`.
- Ensure the loop correctly handles the lower bound (stops at 1, does not include 0).

**Plan / Approach:**
1. Check if `percent == 0`; if so, return `0`.
2. Initialize a `total_minutes = 0` accumulator.
3. Loop `p` from `percent` down to `1`:
   - Find the appropriate rate by iterating through `discharge_curve` and picking the first tuple where `p <= threshold`.
   - Add this rate to `total_minutes`.
4. Return `total_minutes`.",none,1,measured,hand_hard,0.882893,0.180722891566265,2.008130081300813,4.8,0.5,0.0289256198347107,0.2682926829268293,0,0.0,0.3333333333333333,1.0,1.0,0.98057222366333,0.1816184967756271,0.5937833880387644,1,True
task_073,"Write a function `clean_username(raw)` for the signup form at Lumen Social. It must lower-case the input, strip leading/trailing whitespace, and replace any run of one or more spaces in the middle with a single underscore.","Handoff Message for Agent B:

Please implement a Python function for the Lumen Social signup form that cleans and standardizes user-submitted usernames. 

**Function Signature:**
```python
def clean_username(raw: str) -> str:
```

**Requirements:**
1. Convert the entire string to lowercase.
2. Strip any leading and trailing whitespace.
3. Replace any internal run of one or more whitespace characters (spaces, tabs, etc.) with a single underscore (`_`).

**Key Edge Cases to Handle:**
- Input with excessive leading, trailing, and internal whitespace (e.g., `""  John   Doe  ""` should become `""john_doe""`).
- Input with mixed case (e.g., `""AlIce SmITh""` should become `""alice_smith""`).
- Single-word inputs with no spaces (should just be lowercased and stripped).
- Empty strings or strings consisting only of whitespace (should return an empty string).

**Plan / Approach:**
1. Check if the input is a string and handle edge cases (like empty inputs).
2. Apply `.strip()` to remove leading/trailing whitespace.
3. Apply `.lower()` to convert the string to lowercase.
4. Use regular expressions (`re.sub(r'\s+', '_', text)`) to replace all continuous sequences of whitespace in the middle with a single underscore.
5. Return the resulting string.",none,1,measured,hand_easy,0.5985266,0.05,5.257142857142857,10.5,0.3333333333333333,0.0331491712707182,0.3448275862068966,5,0.0,1.0,1.0,0.0,0.9657535552978516,0.1830856055021286,0.7746044933200436,1,True
task_077,"Write a function `expand_abbreviations(text, glossary)` for the technical-writing tool at Beacon Docs, maintained by editor Sofia Reyes. `glossary` maps an abbreviation (e.g. 'API') to its full form. On the FIRST occurrence of each abbreviation in `text` (as a whole word, case-sensitive, using word boundaries so 'APIs' does not match 'API'), replace it with '{full form} ({abbreviation})'. On every subsequent occurrence of that same abbreviation, leave it as-is. Edge case: if an abbreviation never appears in `text`, it should simply be ignored, not raise an error.","Hi Agent B, we need to implement a Python function for Beacon Docs (editor: Sofia Reyes) called `expand_abbreviations(text, glossary)`.

### Function Signature
```python
def expand_abbreviations(text: str, glossary: dict[str, str]) -> str:
```

### Requirements & Behavior
- **Arguments**: `text` (the input string) and `glossary` (a dictionary mapping abbreviations, e.g., `'API'`, to their full forms, e.g., `'Application Programming Interface'`).
- **First Occurrence**: On the *first* occurrence of each abbreviation in `text`, replace it with the format `{full form} ({abbreviation})`.
- **Subsequent Occurrences**: Leave subsequent occurrences of that same abbreviation as-is (just the abbreviation).
- **Matching Rules**: 
  - Must be a whole-word match using word boundaries (e.g., `'API'` should match `'API'` but not `'APIs'`).
  - Case-sensitive.
- **Unused Abbreviations**: If an abbreviation listed in `glossary` never appears in `text`, ignore it silently without raising any errors.

### Key Edge Cases to Handle
1. **Word Boundaries**: Ensure substrings within larger words aren't incorrectly matched (e.g., `'API'` inside `'RAPID'` or `'APIs'`).
2. **Multiple Unique Abbreviations**: Handle texts containing multiple distinct glossary terms independently, tracking the first occurrence of *each*.
3. **Missing Glossary Terms**: Ensure terms present in `glossary` but absent from `text` do not cause key errors or unexpected modifications.
4. **Repeated Terms**: Ensure only the very first matched instance expands, while the 2nd, 3rd, etc., remain untouched.

### Proposed Plan / Approach
1. Iterate through the keys in `glossary` (or scan the text for them) to find their positions, or use regular expressions.
2. Build a regex pattern utilizing word boundaries (`\b`) for each abbreviation to ensure precise whole-word matching.
3. Keep track of which abbreviations have already been expanded to ensure only the *first* occurrence gets replaced.
4. Perform the replacement using `re.sub` with a count limit or a custom replacement function that checks a ""seen"" set.
5. Return the newly formatted string.",none,1,measured,hand_hard,0.7777905,0.1428571428571428,3.541176470588235,4.166666666666667,0.3333333333333333,0.0134228187919463,0.3870967741935484,4,0.0033222591362126,0.0,1.0,0.0,0.8898475766181946,0.0036739248316735,0.6194019511888543,0,True
he_048,"Checks if given string is a palindrome
>>> is_palindrome('')
True
>>> is_palindrome('aba')
True
>>> is_palindrome('aaaaa')
True
>>> is_palindrome('zbcd')
False","TASK FOR AGENT B:

You need to write a Python function that checks whether a given string is a palindrome (reads the same forwards and backwards).

FUNCTION SIGNATURE:
```python
def is_palindrome(s: str) -> bool:
```

BEHAVIOR & EXAMPLES:
- `is_palindrome('')` -> `True`
- `is_palindrome('aba')` -> `True`
- `is_palindrome('aaaaa')` -> `True`
- `is_palindrome('zbcd')` -> `False`

KEY EDGE CASES TO HANDLE:
- Empty string `''` should return `True`.
- Single-character strings (e.g., `'a'`) should return `True`.
- Case sensitivity and spaces (the prompt implies exact string matching, so standard reversal comparison is sufficient).

PLAN / APPROACH:
- Compare the input string `s` with its reverse `s[::-1]`.
- Return `True` if they are equal, otherwise `False`.",none,1,measured,humaneval,0.71463424,0.0294117647058823,5.947368421052632,6.0,0.3333333333333333,0.018348623853211,0.2745098039215686,2,0.0,0.3333333333333333,1.0,0.0,0.9979954957962036,0.1172432675957679,0.8624421183937558,1,False
he_044,"Change numerical base of input number x to base.
return string representation after the conversion.
base numbers are less than 10.
>>> change_base(8, 3)
'22'
>>> change_base(8, 2)
'1000'
>>> change_base(7, 2)
'111'","Function to Build:
Create a function that converts a given integer `x` from base 10 to a specified target `base` (where the target base is strictly less than 10) and returns the string representation of the converted number.

Exact Function Signature:
```python
def change_base(x: int, base: int) -> str:
```

Key Edge Cases to Handle:
- `x = 0`: Should return `'0'`.
- Bases less than 10 (as stated in the problem, base < 10, so standard digits '0'-'9' are sufficient).
- Positive integers `x`.

Brief Plan/Approach:
1. Handle the edge case where `x == 0` by returning `'0'`.
2. Use a standard iterative or recursive division method to find the remainders:
   - While `x > 0`, find the remainder `x % base`, convert it to a string, and prepend it to the result.
   - Update `x` by integer division `x // base`.
3. Return the accumulated string.",none,1,measured,humaneval,0.7369933,0.0869565217391304,4.484848484848484,2.75,0.1666666666666666,0.0,0.3278688524590163,2,0.0,0.0,1.0,0.0,0.9298162460327148,0.2478940337896347,0.797012495400899,1,False
he_047,"Return median of elements in the list l.
>>> median([3, 1, 2, 4, 5])
3
>>> median([-10, 4, 6, 1000, 10, 20])
15.0","**HANDOFF MESSAGE FOR AGENT B**

**1. Function Goal:**
Write a Python function that calculates and returns the median value of a given list of numerical elements. 

**2. Function Name & Signature:**
```python
def median(l: list) -> float / int:
```

**3. Key Edge Cases to Handle:**
- **Odd number of elements:** The median is the middle element after sorting.
- **Even number of elements:** The median is the average of the two middle elements (which can result in a float, e.g., `15.0`).
- **Unsorted input lists:** The input list `l` is not guaranteed to be sorted (e.g., `[3, 1, 2, 4, 5]`).
- **Single-element list:** Should return that single element.
- *Note:* Assume the input list is non-empty based on standard problem constraints, but handling empty lists gracefully (raising an error or returning `None`) is good practice if encountered.

**4. Plan / Approach:**
1. Create a copy or sort the input list `l` in ascending order so original data isn't mutated unexpectedly.
2. Determine the length of the list (`n = len(l)`).
3. Find the midpoint index (`mid = n // 2`).
4. If `n` is odd, return `l[mid]`.
5. If `n` is even, return `(l[mid - 1] + l[mid]) / 2`.",none,1,measured,humaneval,0.66612023,0.1509433962264151,8.782608695652174,10.0,0.5,0.0,0.24,1,0.0,0.6666666666666666,1.0,4.0,0.9975468516349792,0.1050946936011314,0.8161524722988162,1,False
task_083,"Write a function `retry_backoff(attempt, base_delay, max_delay, jitter_fn)` used in the resilience library at Northwind Cloud, maintained by SRE lead Omar Haddad. Compute an exponential backoff delay: base_delay * (2 ** attempt), capped at max_delay (never exceed it), then pass that capped value through `jitter_fn` (a callable taking one float and returning one float) and return jitter_fn's result. Edge case: `attempt` may be 0, in which case the uncapped delay is just base_delay itself (2**0 == 1).","**HANDOFF MESSAGE FOR AGENT B**

**Objective:**
Build the `retry_backoff` function for Northwind Cloud's resilience library (SRE lead: Omar Haddad). This function calculates an exponential backoff delay with a maximum cap and applies a jitter function to the result.

**Exact Function Signature:**
```python
def retry_backoff(attempt: int, base_delay: float, max_delay: float, jitter_fn: callable) -> float:
```

**Requirements & Mathematical Logic:**
1. **Exponential Backoff Calculation:** 
   Compute the uncapped delay using the formula: `base_delay * (2 ** attempt)`.
2. **Capping:** 
   Compare the computed delay against `max_delay`. The delay must never exceed `max_delay`. If it exceeds `max_delay`, cap it at `max_delay`.
3. **Jitter Application:** 
   Pass the resulting (capped) delay value into `jitter_fn` (a callable that accepts one float and returns one float) and return the output of `jitter_fn`.

**Key Edge Cases to Handle:**
- **Zero Attempt:** `attempt` may be `0`. In this case, `2 ** 0 == 1`, so the uncapped delay correctly evaluates to `base_delay`.
- **Large Attempts / Capping:** Ensure that large `attempt` values that push the exponential calculation well past `max_delay` are properly truncated to `max_delay` *before* being passed to `jitter_fn`.
- **Types:** Handle standard numeric types (`int`, `float`) appropriately, ensuring float operations where expected by the jitter function.

**Brief Plan / Approach:**
1. Calculate the raw exponential delay: `delay = base_delay * (2 ** attempt)`.
2. Apply the cap: `capped_delay = min(delay, max_delay)`.
3. Apply the jitter: `final_delay = jitter_fn(capped_delay)`.
4. Return `final_delay`.",none,1,measured,hand_hard,0.892231,0.2112676056338028,3.0526315789473686,7.333333333333333,0.5,0.0088105726872246,0.3471074380165289,3,0.0,0.25,1.0,0.0,0.9483075141906738,0.2207850515842437,0.7812789575911816,1,True
he_049,"Return 2^n modulo p (be aware of numerics).
>>> modp(3, 5)
3
>>> modp(1101, 101)
2
>>> modp(0, 101)
1
>>> modp(3, 11)
8
>>> modp(100, 101)
1","Function to build:
Write a Python function named `modp(n, p)` that calculates $2^n \pmod p$.

Exact signature:
`def modp(n: int, p: int) -> int:`

Key edge cases to handle:
- Large values of `n` (e.g., $n = 1101$ or larger), requiring efficient computation to avoid timeouts or memory overflow.
- $n = 0$ (since $2^0 = 1$, it should return $1 \pmod p$).
- $p = 1$ (modulo $1$ should return $0$).

Plan / Approach:
- Use Python's built-in modular exponentiation function, `pow(base, exp, mod)`, specifically `pow(2, n, p)`. This handles arbitrarily large integers efficiently in $O(\log n)$ time and avoids numerical overflow issues.",none,1,measured,humaneval,0.678978,0.0576923076923076,3.7142857142857135,3.0,0.1666666666666666,0.0,0.3725490196078431,2,0.0,0.0,1.0,0.0,0.9307739734649658,0.0493617840111255,0.7307773822752437,0,True
he_045,"Given length of a side and high return area for a triangle.
>>> triangle_area(5, 3)
7.5","FUNCTION TO BUILD:
Write a Python function that calculates and returns the area of a triangle given the length of a side (base) and the corresponding height.

FUNCTION SIGNATURE:
`def triangle_area(side: float, high: float) -> float:`

KEY EDGE CASES TO HANDLE:
- Zero or negative values for `side` or `high` (raise a ValueError or return 0, but standard geometric validation is preferred).
- Floating-point inputs (ensure division handles floats correctly).

PLAN/APPROACH:
- Use the standard triangle area formula: `Area = 0.5 * base * height`.
- In this context, `side` acts as the base and `high` acts as the height.
- Multiply `side` by `high`, then multiply by `0.5` (or divide by `2`) and return the result.",none,1,measured,humaneval,0.65248245,0.0285714285714285,7.3125,3.0,0.1666666666666666,0.0087719298245614,0.25,0,0.0,0.0,1.0,0.0,0.9970121383666992,0.1848753541707992,0.8273172838748922,1,False
he_046,"The Fib4 number sequence is a sequence similar to the Fibbonacci sequnece that's defined as follows:
fib4(0) -> 0
fib4(1) -> 0
fib4(2) -> 2
fib4(3) -> 0
fib4(n) -> fib4(n-1) + fib4(n-2) + fib4(n-3) + fib4(n-4).
Please write a function to efficiently compute the n-th element of the fib4 number sequence.  Do not use recursion.
>>> fib4(5)
4
>>> fib4(6)
8
>>> fib4(7)
14","**HANDOFF MESSAGE FOR AGENT B**

Your task is to write a Python function that efficiently computes the $n$-th element of the ""Fib4"" sequence. Do not use recursion (use an iterative approach with $O(n)$ time complexity and $O(1)$ space complexity).

### Function Signature
```python
def fib4(n: int) -> int:
```

### Sequence Definition
- `fib4(0) = 0`
- `fib4(1) = 0`
- `fib4(2) = 2`
- `fib4(3) = 0`
- For `n >= 4`: `fib4(n) = fib4(n-1) + fib4(n-2) + fib4(n-3) + fib4(n-4)`

### Examples
- `fib4(5) -> 4` (0 + 0 + 2 + 0 + 2? Wait: fib4(4) = 0+0+2+0 = 2; fib4(5) = fib4(4)+fib4(3)+fib4(2)+fib4(1) = 2 + 0 + 2 + 0 = 4)
- `fib4(6) -> 8`
- `fib4(7) -> 14`

### Key Edge Cases to Handle
- `n = 0`, `n = 1`, `n = 2`, and `n = 3` should return their predefined values immediately without entering the loop.
- Negative inputs (if applicable, though typically sequences are defined for non-negative integers; handle gracefully or assume $n \ge 0$).

### Implementation Plan
1. Check if `n` is 0, 1, 2, or 3, and return `0`, `0`, `2`, or `0` respectively.
2. Maintain a rolling window of the last 4 computed values (e.g., variables `a, b, c, d` representing `fib4(n-4), fib4(n-3), fib4(n-2), fib4(n-1)`).
3. Iterate from `4` up to `n`, updating the rolling values at each step:
   - `next_val = a + b + c + d`
   - Shift values: `a, b, c, d = b, c, d, next_val`
4. Return the final computed value.",none,1,measured,humaneval,0.81437784,0.1052631578947368,3.9846153846153847,3.0,0.1666666666666666,0.0158730158730158,0.2481203007518796,1,0.0,0.0,1.0,0.0,0.9893416166305542,0.0038758162409067,0.6258111700073744,0,True
he_051,"remove_vowels is a function that takes string and returns string without vowels.
>>> remove_vowels('')
''
>>> remove_vowels(""abcdef\nghijklm"")
'bcdf\nghjklm'
>>> remove_vowels('abcdef')
'bcdf'
>>> remove_vowels('aaaaa')
''
>>> remove_vowels('aaBAA')
'B'
>>> remove_vowels('zbcd')
'zbcd'","**Handoff Message for Agent B**

You need to implement a Python function named `remove_vowels` that removes all English vowels (both lowercase and uppercase) from a given input string and returns the resulting string.

### Function Signature
```python
def remove_vowels(text: str) -> str:
```

### Requirements & Edge Cases to Handle
- **Vowels to remove**: Both lowercase (`a`, `e`, `i`, `o`, `u`) and uppercase (`A`, `E`, `I`, `O`, `U`).
- **Empty string**: Passing `""""` should return `""""`.
- **Preserve formatting**: Newlines (`\n`) and other whitespace or non-vowel characters must be preserved (e.g., `""abcdef\nghijklm""` becomes `'bcdf\nghjklm'`).
- **All vowels**: Passing a string of only vowels (e.g., `'aaaaa'` or `'aaBAA'`) should correctly remove all vowels and leave only the consonants (e.g., `'B'`).
- **No vowels**: Strings with no vowels (e.g., `'zbcd'`) should remain unchanged.

### Recommended Approach
1. Define a collection (e.g., a set or string) of all vowel characters: `vowels = ""aeiouAEIOU""`.
2. Iterate through the input string character by character, appending to a result string or list only those characters that are not in the vowel collection. Alternatively, use a list comprehension or generator expression combined with `''.join()`.
3. Return the joined result.",none,1,measured,humaneval,0.7397202,0.0441176470588235,6.4,6.5,0.3333333333333333,0.0,0.3375,5,0.0,0.8181818181818182,1.0,0.0,0.9958592057228088,0.1753033846616745,0.8529954537775728,1,False
he_053,"Add two numbers x and y
>>> add(2, 3)
5
>>> add(5, 7)
12","Handoff Message for Agent B:

1. **Function Purpose**: Build a Python function that takes two numbers as input and returns their sum.
2. **Function Signature**: `def add(x, y):`
3. **Key Edge Cases to Handle**:
   - Integers and floating-point numbers.
   - Negative numbers (e.g., `add(-2, 3)` -> `1`).
   - Zero values (e.g., `add(0, 5)` -> `5`).
4. **Brief Plan/Approach**:
   - Define the function `add` with parameters `x` and `y`.
   - Use the built-in `+` operator to return the sum of `x` and `y`.
   - Ensure the function correctly handles both int and float types implicitly supported by Python arithmetic.",none,1,measured,humaneval,0.50464237,0.1515151515151515,7.0,11.0,0.3333333333333333,0.0,0.375,0,0.0,0.0,1.0,0.0,0.9993174076080322,0.1303811967372894,0.5512746697488048,1,True
he_056,"brackets is a string of ""<"" and "">"".
return True if every opening bracket has a corresponding closing bracket.
>>> correct_bracketing(""<"")
False
>>> correct_bracketing(""<>"")
True
>>> correct_bracketing(""<<><>>"")
True
>>> correct_bracketing(""><<>"")
False","Function to Build:
Write a Python function named `correct_bracketing` that takes a string of angle brackets (`""<""` and `"">""`) and returns `True` if every opening bracket has a corresponding closing bracket in the correct nested order, and `False` otherwise.

Exact Function Signature:
```python
def correct_bracketing(brackets: str) -> bool:
```

Key Edge Cases to Handle:
- An odd number of total characters (e.g., `""<""`) should immediately return `False`.
- A string starting with a closing bracket (e.g., `""><<>""`) should return `False` because a closing bracket cannot appear before an opening one.
- Unbalanced brackets where opening and closing counts don't match (e.g., `""<<>""`).
- Empty string: Depending on standard interpretation, usually considered balanced (`True`), but ensure standard balance logic holds.

Brief Plan/Approach:
- Use a counter or a stack approach. 
- Iterate through the string character by character.
- Maintain a depth/balance counter starting at 0 (increment by 1 for `""<""`, decrement by 1 for `"">""`).
- If the counter ever drops below 0 during iteration, it means a closing bracket appeared without a matching opening bracket, so return `False` immediately.
- After the loop, return `True` only if the counter is exactly 0 (ensuring all opened brackets were closed), otherwise return `False`.",none,1,measured,humaneval,0.72789663,0.075,6.516129032258065,3.333333333333333,0.1666666666666666,0.0251256281407035,0.2528735632183908,3,0.0,0.0,1.0,0.0,0.9962326884269714,0.0181858632713556,0.8073598703506137,1,False
he_055,"Return n-th Fibonacci number.
>>> fib(10)
55
>>> fib(1)
1
>>> fib(8)
21","**Handoff Message for Agent B**

**Objective:**
Write a Python function that calculates and returns the $n$-th Fibonacci number.

**Function Signature:**
```python
def fib(n: int) -> int:
```

**Behavior & Examples:**
- `fib(10)` should return `55`
- `fib(1)` should return `1`
- `fib(8)` should return `21`
- Standard Fibonacci sequence definition:
  - $F(1) = 1$
  - $F(2) = 1$
  - $F(n) = F(n-1) + F(n-2)$ for $n > 2$
  - (Note: Based on the provided examples, $n=1$ corresponds to the first Fibonacci number `1`, and $n=2$ would be `1`).

**Key Edge Cases to Handle:**
- $n = 1$: should return `1`
- $n = 2$: should return `1`
- $n \le 0$: should handle invalid inputs gracefully (e.g., return `0` or raise a `ValueError`, though standard positive integers $n \ge 1$ are expected based on the prompt).

**Plan / Approach:**
1. Implement an iterative approach using two variables to keep track of the previous two Fibonacci numbers, ensuring $O(n)$ time complexity and $O(1)$ space complexity.
2. Alternatively, a simple recursive or memoized approach can work, but iteration is most efficient for this problem.",none,1,measured,humaneval,0.6224424,0.0909090909090909,14.0,3.5,0.3333333333333333,0.0,0.3611111111111111,6,0.0,1.0,1.0,0.0,0.6523925065994263,0.179032415151596,0.7498140891090975,1,True
he_054,"Check if two words have the same characters.
>>> same_chars('eabcdzzzz', 'dddzzzzzzzddeddabc')
True
>>> same_chars('abcd', 'dddddddabc')
True
>>> same_chars('dddddddabc', 'abcd')
True
>>> same_chars('eabcd', 'dddddddabc')
False
>>> same_chars('abcd', 'dddddddabce')
False
>>> same_chars('eabcdzzzz', 'dddzzzzzzzddddabc')
False","HANDOFF MESSAGE FOR AGENT B:

You need to write a Python function that checks whether two given strings are formed by the exact same set of unique characters, regardless of their frequency or order. 

Here are the details for the implementation:

1. **Function Signature:**
   ```python
   def same_chars(s1: str, s2: str) -> bool:
   ```

2. **Behavior & Examples:**
   - Return `True` if the set of unique characters in `s1` is identical to the set of unique characters in `s2`.
   - Return `False` otherwise.
   - Examples:
     - `same_chars('eabcdzzzz', 'dddzzzzzzzddeddabc')` -> `True`
     - `same_chars('abcd', 'dddddddabc')` -> `True`
     - `same_chars('eabcd', 'dddddddabc')` -> `False`

3. **Key Edge Cases to Consider:**
   - Strings with duplicate characters (e.g., `'zzzz'` and `'z'`) should be treated as having the same character set.
   - Order of characters does not matter (`'abcd'` vs `'dddddddabc'`).
   - Different lengths of strings that share the same unique characters.
   - Empty strings (if applicable, though standard inputs will likely be non-empty).

4. **Approach:**
   - Convert both input strings into sets using Python's built-in `set()` function.
   - Compare the two sets for equality (`set(s1) == set(s2)`).
   - Return the boolean result.",none,1,measured,humaneval,0.6970015,0.0333333333333333,5.78125,7.0,0.3333333333333333,0.0,0.2708333333333333,1,0.0,0.5,1.0,0.0,0.981013000011444,0.2600440680980682,0.8122904947630735,1,False
he_057,"Return True is list elements are monotonically increasing or decreasing.
>>> monotonic([1, 2, 4, 20])
True
>>> monotonic([1, 20, 4, 10])
False
>>> monotonic([4, 1, 0, -10])
True","HANDOFF MESSAGE FOR AGENT B:

Please implement a Python function that checks whether a given list of numbers is monotonic (either entirely non-decreasing or entirely non-increasing). 

**Function Signature:**
```python
def monotonic(lst: list) -> bool:
```

**Behavior & Examples:**
- Return `True` if the elements in the list are monotonically increasing (each element is greater than or equal to the previous) or monotonically decreasing (each element is less than or equal to the previous).
- Return `False` otherwise.
- Examples:
  - `monotonic([1, 2, 4, 20])` -> `True`
  - `monotonic([4, 1, 0, -10])` -> `True`
  - `monotonic([1, 20, 4, 10])` -> `False`

**Key Edge Cases to Handle:**
- Empty lists `[]` should return `True`.
- Lists with a single element `[5]` should return `True`.
- Lists with all identical elements `[2, 2, 2]` should return `True` (they are both non-increasing and non-decreasing).
- Lists with two elements (e.g., `[1, 2]` or `[2, 1]`) should return `True`.

**Approach / Implementation Plan:**
1. Check if the length of `lst` is less than or equal to 2; if so, return `True`.
2. Initialize two boolean flags or simply check conditions: assume it could be increasing (`is_increasing = True`) and decreasing (`is_decreasing = True`).
3. Iterate through the list from the second element to the end, comparing each element to the previous one.
   - If `lst[i] > lst[i-1]`, then it cannot be decreasing (`is_decreasing = False`).
   - If `lst[i] < lst[i-1]`, then it cannot be increasing (`is_increasing = False`).
4. Return `is_increasing or is_decreasing`.",none,1,measured,humaneval,0.6845418,0.1132075471698113,8.857142857142858,8.5,0.1666666666666666,0.0,0.226890756302521,6,0.0,0.3333333333333333,1.0,3.0,0.9905033111572266,0.2138867378234863,0.8787740001295873,1,False
he_052,"Return True if all numbers in the list l are below threshold t.
>>> below_threshold([1, 2, 4, 10], 100)
True
>>> below_threshold([1, 20, 4, 10], 5)
False","HANDOFF MESSAGE FOR AGENT B:

Function Requirement:
Write a Python function that checks whether all numbers in a given list are strictly below a specified threshold. It should return `True` if every element is less than the threshold, and `False` otherwise.

Exact Function Signature:
```python
def below_threshold(l: list, t: (int, float)) -> bool:
```

Key Edge Cases to Handle:
- Empty list `l`: Should return `True` (vacuous truth, since there are no elements violating the condition).
- Negative numbers and floating-point values in the list and threshold.
- Elements equal to the threshold `t`: Should return `False` (since the condition specifies ""below"", not ""less than or equal to"").

Brief Plan/Approach:
- Use Python's built-in `all()` function combined with a generator expression.
- Iterate through each element `x` in the list `l` and check the condition `x < t`.
- `all(x < t for x in l)` will efficiently short-circuit and return `False` as soon as it finds an element not meeting the condition, or `True` if all pass.",none,1,measured,humaneval,0.71352345,0.0232558139534883,6.222222222222222,4.0,0.1666666666666666,0.0,0.2714285714285714,5,0.0,0.2,1.0,2.0,0.9783872365951538,0.1248339489102363,0.882810421794656,1,False
task_081,"Write a function `consolidate_reviews(reviews, min_count)` for the product page at Orchard Marketplace. `reviews` is a list of (product_id, rating) tuples where rating is 1-5. Return a dict mapping product_id to its average rating rounded to 2 decimals, but ONLY for products with at least `min_count` reviews; products with fewer reviews must be excluded entirely from the result, not included with a null or zero average.","HANDOFF MESSAGE FOR AGENT B:

You need to build a Python function for the Orchard Marketplace product page that calculates and filters average ratings for products based on a minimum review threshold.

**Function Signature:**
```python
def consolidate_reviews(reviews, min_count):
    """"""
    reviews: list of tuples in the format (product_id, rating) where rating is an int from 1-5.
    min_count: int, the minimum number of reviews required to include a product.
    
    Returns: dict mapping product_id (any hashable type) to its average rating (float),
    rounded to 2 decimal places. Products with fewer than min_count reviews must be excluded.
    """"""
```

**Key Requirements & Edge Cases:**
1. **Filtering:** Products with fewer than `min_count` reviews must be completely omitted from the returned dictionary. Do not include them with `None`, `0`, or any placeholder.
2. **Rounding:** The resulting average rating for each eligible product must be rounded to exactly 2 decimal places (e.g., using `round(val, 2)`).
3. **Empty/Invalid Inputs:** Handle empty `reviews` lists (return `{}`). Ensure division by zero is avoided (though `min_count >= 1` and counts >= `min_count` inherently prevent this).
4. **Data Types:** `product_id` can be strings, integers, etc. Ratings are integers (1-5).

**Plan / Approach:**
1. Use a data structure (like `collections.defaultdict` or a standard dictionary) to group and accumulate ratings and counts for each `product_id`. Alternatively, track `[sum_of_ratings, count]` for each `product_id` as you iterate through the `reviews` list.
2. Iterate through the `reviews` list once: for each `(product_id, rating)`, update the accumulated sum and increment the review count.
3. Iterate over the aggregated dictionary items. If a product's review count is `>= min_count`, compute `sum / count`, round it to 2 decimal places, and add it to the final result dictionary.
4. Return the final result dictionary.",none,1,measured,hand_hard,0.8183994,0.1136363636363636,4.369230769230769,8.666666666666666,0.1666666666666666,0.0035971223021582,0.3253968253968254,5,0.0,0.25,1.0,0.0,0.975098431110382,0.0915758535265922,0.8485196946741694,1,False
he_066,"Task
Write a function that takes a string as input and returns the sum of the upper characters only'
ASCII codes.
Examples:
digitSum("""") => 0
digitSum(""abAB"") => 131
digitSum(""abcCd"") => 67
digitSum(""helloE"") => 69
digitSum(""woArBld"") => 131
digitSum(""aAaaaXa"") => 153","AGENT B HANDOFF:

Function to Build:
Write a function that calculates the sum of the ASCII values of only the uppercase characters in a given input string. If the string has no uppercase characters or is empty, it should return 0.

Exact Function Name/Signature:
```python
def digitSum(s: str) -> int:
```

Key Edge Cases to Handle:
- An empty string `""""` should return `0`.
- Strings with no uppercase characters (e.g., `""abc""`) should return `0`.
- Strings with mixed lowercase and uppercase characters (e.g., `""abAB""` -> `'A'` is 65 + `'B'` is 66 = 131).
- Strings with only uppercase characters.

Brief Plan/Approach:
1. Initialize a variable `total_sum` to 0.
2. Iterate through each character in the input string `s`.
3. Check if the character is an uppercase letter (e.g., using `char.isupper()` or checking ASCII ranges between 65 and 90).
4. If it is uppercase, get its ASCII value using `ord(char)` and add it to `total_sum`.
5. Return `total_sum` after checking all characters.",none,1,measured,humaneval,0.706618,0.087719298245614,4.075,8.0,0.3333333333333333,0.0127388535031847,0.3287671232876712,3,0.0,1.0,1.0,0.0,0.9187988638877868,0.2425490915775299,0.8393903231868016,1,False
he_065,"Circular shift the digits of the integer x, shift the digits right by shift
and return the result as a string.
If shift > number of digits, return digits reversed.
>>> circular_shift(12, 1)
""21""
>>> circular_shift(12, 2)
""12""","**Handoff Message for Agent B**

**Task:**
Implement a Python function that performs a circular shift on the digits of an integer `x` to the right by `shift` positions, and returns the result as a string.

**Function Signature:**
```python
def circular_shift(x: int, shift: int) -> str:
```

**Key Requirements & Edge Cases:**
1. **Digit Extraction:** Convert the integer `x` to a string representation of its digits to easily manipulate them.
2. **Shift Exceeds Length:** If `shift` is strictly greater than the number of digits in `x`, return the digits in reverse order (e.g., reversed string).
3. **Standard Right Shift:** If `shift <= number of digits`, perform a right circular shift by `shift` positions. Moving the last `shift` characters to the front of the string.
4. **Examples:**
   - `circular_shift(12, 1)` -> `""21""` (shift right by 1)
   - `circular_shift(12, 2)` -> `""12""` (shift right by 2, equivalent to no change)
   - If `x = 123` and `shift = 4` (shift > 3 digits), return `""321""`.

**Proposed Approach:**
1. Convert `x` to a string, say `s = str(x)`.
2. Determine the length of the string, `n = len(s)`.
3. Check if `shift > n`. If true, return `s[::-1]`.
4. Otherwise, compute the effective shift using modulo or slice directly: the last `shift` elements come first, followed by the remaining elements: `s[n - shift:] + s[:n - shift]`.
5. Return the resulting string.",none,1,measured,humaneval,0.78491676,0.1176470588235294,6.0,7.0,0.1666666666666666,0.0088888888888888,0.3076923076923077,2,0.0,0.0,1.0,0.0,0.1502572447061538,0.087552361190319,0.8230706550667309,1,False
he_060,"sum_to_n is a function that sums numbers from 1 to n.
>>> sum_to_n(30)
465
>>> sum_to_n(100)
5050
>>> sum_to_n(5)
15
>>> sum_to_n(10)
55
>>> sum_to_n(1)
1","Agent B, here are the specifications for the function you need to write:

**Function Requirements:**
Write a function named `sum_to_n(n)` that calculates the sum of all integers from 1 up to and including `n`.

**Signature:**
```python
def sum_to_n(n: int) -> int:
```

**Examples / Expected Outputs:**
- `sum_to_n(1)` -> `1`
- `sum_to_n(5)` -> `15`
- `sum_to_n(10)` -> `55`
- `sum_to_n(30)` -> `465`
- `sum_to_n(100)` -> `5050`

**Key Edge Cases to Handle:**
- `n = 1`: Should return 1 correctly.
- Ensure it handles standard positive integers efficiently (though basic constraints imply standard inputs, using the mathematical formula is recommended for $O(1)$ time complexity).

**Approach:**
Use the direct mathematical formula for the sum of an arithmetic progression: 
`n * (n + 1) // 2`
This ensures optimal performance and clean code.",none,1,measured,humaneval,0.6870732,0.1666666666666666,5.0,2.0,0.3333333333333333,0.0,0.320754716981132,2,0.0,0.0,1.0,0.0,0.0093210125342011,0.016810031607747,0.6293752211373689,0,True
he_061,"brackets is a string of ""("" and "")"".
return True if every opening bracket has a corresponding closing bracket.
>>> correct_bracketing(""("")
False
>>> correct_bracketing(""()"")
True
>>> correct_bracketing(""(()())"")
True
>>> correct_bracketing("")(()"")
False","**Handoff Message for Agent B:**

**Function Requirement:**
Write a Python function that checks if a string of parentheses is balanced, meaning every opening bracket `(` has a corresponding closing bracket `)` in the correct order.

**Function Signature:**
```python
def correct_bracketing(brackets: str) -> bool:
```

**Behavior & Examples:**
- `correct_bracketing(""("")` -> `False`
- `correct_bracketing(""()"")` -> `True`
- `correct_bracketing(""(()())"")` -> `True`
- `correct_bracketing("")(()"")` -> `False`

**Key Edge Cases to Handle:**
- An empty string (should return `True`).
- Strings starting with a closing bracket `)` (should immediately return `False`).
- Strings with an unequal number of opening and closing brackets (should return `False`).

**Proposed Approach:**
1. Maintain a counter (or depth variable) initialized to `0`.
2. Iterate through each character in the `brackets` string:
   - If the character is `(`, increment the counter by `1`.
   - If the character is `)`, decrement the counter by `1`.
   - At any point during the iteration, if the counter drops below `0`, it means a closing bracket appeared without a matching opening bracket—immediately return `False`.
3. After the loop finishes, check if the counter is exactly `0`. If yes, return `True`; otherwise, return `False`.",none,1,measured,humaneval,0.6757699,0.0681818181818181,6.096774193548387,4.333333333333333,0.1666666666666666,0.0054945054945054,0.2386363636363636,4,0.0,0.0,1.0,0.0,0.968659520149231,0.0443339198827743,0.847076754243049,1,False
he_058,"Return sorted unique common elements for two lists.
>>> common([1, 4, 3, 34, 653, 2, 5], [5, 7, 1, 5, 9, 653, 121])
[1, 5, 653]
>>> common([5, 3, 2, 8], [3, 2])
[2, 3]","**HANDOFF MESSAGE FOR AGENT B**

**Function Requirements:**
Write a Python function that takes two lists as input and returns a new list containing the unique common elements between both input lists, sorted in ascending order.

**Function Signature:**
```python
def common(list1, list2):
    pass
```

**Key Edge Cases to Handle:**
- Duplicate elements in either input list (the output must contain only unique elements, as shown in the example `common([1, 4, 3, 34, 653, 2, 5], [5, 7, 1, 5, 9, 653, 121])` yielding `[1, 5, 653]`).
- Lists with no common elements (should return an empty list `[]`).
- Empty input lists (should return `[]`).
- Unordered output (the result must be sorted numerically/alphabetically, as seen in `[3, 2]` becoming `[2, 3]`).

**Plan / Approach:**
1. Convert both input lists to Python `set` objects to automatically filter out duplicates and enable efficient intersection operations.
2. Find the intersection of the two sets using the `&` operator (or `.intersection()`).
3. Convert the resulting set back into a list.
4. Sort the list in ascending order using the `sorted()` function.
5. Return the sorted list.",none,1,measured,humaneval,0.69216466,0.2222222222222222,5.2,7.5,0.5,0.0502793296089385,0.358974358974359,5,0.0,1.0,1.0,12.0,0.9996929168701172,0.1504547446966171,0.8608361028401962,1,False
he_063,"The FibFib number sequence is a sequence similar to the Fibbonacci sequnece that's defined as follows:
fibfib(0) == 0
fibfib(1) == 0
fibfib(2) == 1
fibfib(n) == fibfib(n-1) + fibfib(n-2) + fibfib(n-3).
Please write a function to efficiently compute the n-th element of the fibfib number sequence.
>>> fibfib(1)
0
>>> fibfib(5)
4
>>> fibfib(8)
24","**HANDOFF MESSAGE FOR AGENT B**

**Function Requirements:**
Write a Python function to efficiently compute the $n$-th element of the ""FibFib"" sequence. 

**Function Signature:**
```python
def fibfib(n: int) -> int:
```

**Sequence Definition:**
- `fibfib(0) == 0`
- `fibfib(1) == 0`
- `fibfib(2) == 1`
- For $n \ge 3$: `fibfib(n) == fibfib(n-1) + fibfib(n-2) + fibfib(n-3)`

**Examples / Test Cases:**
- `fibfib(1)` -> `0`
- `fibfib(5)` -> `4` (Sequence: 0, 0, 1, 1, 2, 4)
- `fibfib(8)` -> `24`

**Edge Cases to Handle:**
- $n = 0$: should return `0`
- $n = 1$: should return `0`
- $n = 2$: should return `1`
- Negative inputs (if applicable, raise an error or handle gracefully, though standard constraints usually assume $n \ge 0$).

**Plan / Approach:**
- A naive recursive solution will result in exponential time complexity $O(3^n)$. 
- To make it efficient, implement an iterative approach (or dynamic programming) using a sliding window or an array keeping track of the last three values. This will achieve $O(n)$ time complexity and $O(1)$ space complexity.",none,1,measured,humaneval,0.6970046,0.1403508771929824,3.107142857142857,1.6666666666666667,0.3333333333333333,0.0238095238095238,0.3823529411764705,4,0.0,0.0,1.0,0.0,0.0285096857696771,0.0255555156618356,0.5126308979770564,0,True
he_067,"In this task, you will be given a string that represents a number of apples and oranges
that are distributed in a basket of fruit this basket contains
apples, oranges, and mango fruits. Given the string that represents the total number of
the oranges and apples and an integer that represent the total number of the fruits
in the basket return the number of the mango fruits in the basket.
for examble:
fruit_distribution(""5 apples and 6 oranges"", 19) ->19 - 5 - 6 = 8
fruit_distribution(""0 apples and 1 oranges"",3) -> 3 - 0 - 1 = 2
fruit_distribution(""2 apples and 3 oranges"", 100) -> 100 - 2 - 3 = 95
fruit_distribution(""100 apples and 1 oranges"",120) -> 120 - 100 - 1 = 19","HANDOFF MESSAGE FOR AGENT B:

You need to write a Python function that calculates the number of mangoes in a fruit basket given a descriptive string of apples and oranges and an integer representing the total number of fruits.

### Function Signature:
```python
def fruit_distribution(s: str, total_fruits: int) -> int:
```

### Problem Description & Examples:
The input string `s` contains the counts of apples and oranges in the format `""<apple_count> apples and <orange_count> oranges""`. 
You need to extract the number of apples and oranges from the string, and subtract them from `total_fruits` to find the remaining number of mangoes.

Examples:
- `fruit_distribution(""5 apples and 6 oranges"", 19)` -> `19 - 5 - 6 = 8`
- `fruit_distribution(""0 apples and 1 oranges"", 3)` -> `3 - 0 - 1 = 2`
- `fruit_distribution(""2 apples and 3 oranges"", 100)` -> `100 - 2 - 3 = 95`
- `fruit_distribution(""100 apples and 1 oranges"", 120)` -> `120 - 100 - 1 = 19`

### Approach / Plan:
1. Parse the input string `s` to extract the integer values for apples and oranges. A simple way to do this is to split the string by spaces and extract the elements at the expected indices (e.g., index 0 for apples, index 3 for oranges), or use regular expressions to find all numbers in the string.
2. Convert these extracted values to integers.
3. Subtract the apple count and orange count from `total_fruits`.
4. Return the resulting integer.

### Edge Cases to Handle:
- Single-digit and multi-digit numbers.
- Zero counts (e.g., `""0 apples""`).
- Ensure robust parsing in case spacing varies slightly, though standard inputs will follow the `""N apples and M oranges""` format. Using regex (`re.findall(r'\d+', s)`) is recommended to safely pull out all integers from the string regardless of surrounding text.",none,1,measured,humaneval,0.75604546,0.1836734693877551,2.392,5.333333333333333,0.3333333333333333,0.0445205479452054,0.3740458015267175,0,0.0,1.0,1.0,0.0,0.9109150171279908,0.8047652840614319,0.5778638292890989,1,True
he_068,"""Given an array representing a branch of a tree that has non-negative integer nodes
your task is to pluck one of the nodes and return it.
The plucked node should be the node with the smallest even value.
If multiple nodes with the same smallest even value are found return the node that has smallest index.
The plucked node should be returned in a list, [ smalest_value, its index ],
If there are no even values or the given array is empty, return [].
Example 1:
Input: [4,2,3]
Output: [2, 1]
Explanation: 2 has the smallest even value, and 2 has the smallest index.
Example 2:
Input: [1,2,3]
Output: [2, 1]
Explanation: 2 has the smallest even value, and 2 has the smallest index.
Example 3:
Input: []
Output: []
Example 4:
Input: [5, 0, 3, 0, 4, 2]
Output: [0, 1]
Explanation: 0 is the smallest value, but  there are two zeros,
so we will choose the first zero, which has the smallest index.
Constraints:
* 1 <= nodes.length <= 10000
* 0 <= node.value","**HANDOFF MESSAGE FOR AGENT B**

**Function to Build:**
Write a Python function that takes an array (list) of non-negative integers representing a tree branch, finds the ""plucked node"" according to specific criteria, and returns it as a list `[value, index]`.

**Exact Function Signature:**
```python
def pluck(arr: list[int]) -> list[int]:
```

**Selection Rules for Plucking:**
1. Consider only **even** values in the array.
2. Find the **smallest even value**.
3. If there are multiple nodes with this same smallest even value, pick the one with the **smallest index** (i.e., the first occurrence).
4. Return the result as a list: `[smallest_even_value, its_index]`.

**Edge Cases to Handle:**
- **Empty array (`[]`)**: Return `[]`.
- **No even values in the array** (e.g., `[1, 3, 5]`): Return `[]`.
- **Single element array**: Handle correctly whether it's even or odd.
- **Multiple identical smallest even values** (e.g., `[5, 0, 3, 0, 4, 2]`): Must pick the one with the lowest index (`[0, 1]`).

**Approach / Algorithm:**
1. Check if the input list `arr` is empty. If so, return `[]`.
2. Iterate through the array using `enumerate()` to keep track of both the value and its index.
3. Filter or track candidates where `value % 2 == 0`.
4. Keep track of the best candidate found so far (`min_val` and `min_index`).
   - Initialize `min_val = float('inf')` and `min_index = float('inf')`.
   - For each `(index, val)` in `enumerate(arr)`:
     - If `val % 2 == 0`:
       - If `val < min_val`:
         - Update `min_val = val` and `min_index = index`.
5. After the loop, if no even number was found (i.e., `min_val` is still `inf`), return `[]`.
6. Otherwise, return `[min_val, min_index]`.",none,1,measured,humaneval,0.8260128,0.1397849462365591,1.5511363636363635,3.5,0.5,0.003731343283582,0.273972602739726,1,0.0,1.0,1.0,,0.9947429895401,0.0497402548789978,0.4179749335435359,0,False
he_072,"Write a function that returns True if the object q will fly, and False otherwise.
The object q will fly if it's balanced (it is a palindromic list) and the sum of its elements is less than or equal the maximum possible weight w.
Example:
will_it_fly([1, 2], 5) ➞ False
# 1+2 is less than the maximum possible weight, but it's unbalanced.
will_it_fly([3, 2, 3], 1) ➞ False
# it's balanced, but 3+2+3 is more than the maximum possible weight.
will_it_fly([3, 2, 3], 9) ➞ True
# 3+2+3 is less than the maximum possible weight, and it's balanced.
will_it_fly([3], 5) ➞ True
# 3 is less than the maximum possible weight, and it's balanced.","Handoff Message for Agent B:

1. Function Purpose:
Write a Python function that determines if an object `q` (represented as a list of numbers) will ""fly"" based on two conditions:
   - The list must be balanced (i.e., it is a palindrome, reading the same forwards and backwards).
   - The sum of all elements in the list must be less than or equal to the maximum possible weight `w`.
The function should return `True` if both conditions are met, and `False` otherwise.

2. Exact Function Signature:
```python
def will_it_fly(q: list, w: int) -> bool:
```

3. Key Edge Cases to Handle:
   - Single-element lists (e.g., `[3], 5` -> `True` since a single element is inherently palindromic and you just check its sum against `w`).
   - Lists where the sum equals `w` exactly (should return `True` if palindromic, as the condition is ""less than or equal"").
   - Unbalanced lists with a sum well below `w` (e.g., `[1, 2], 5` -> `False` because it's not a palindrome).
   - Balanced lists that exceed the weight limit (e.g., `[3, 2, 3], 1` -> `False`).

4. Brief Plan/Approach:
   - First, check if the list `q` is equal to its reverse (`q == q[::-1]`). If it's not palindromic, immediately return `False`.
   - Second, check if `sum(q) <= w`. If the sum exceeds `w`, return `False`.
   - If both checks pass, return `True`.",none,1,measured,humaneval,0.7594144,0.1525423728813559,1.973684210526316,2.6666666666666665,0.1666666666666666,0.0090497737556561,0.2032520325203252,4,0.0,0.0,1.0,1.0,0.9837189316749572,0.2615452408790588,0.5527465396174859,1,True
he_074,"Write a function that accepts two lists of strings and returns the list that has
total number of chars in the all strings of the list less than the other list.
if the two lists have the same number of chars, return the first list.
Examples
total_match([], []) ➞ []
total_match(['hi', 'admin'], ['hI', 'Hi']) ➞ ['hI', 'Hi']
total_match(['hi', 'admin'], ['hi', 'hi', 'admin', 'project']) ➞ ['hi', 'admin']
total_match(['hi', 'admin'], ['hI', 'hi', 'hi']) ➞ ['hI', 'hi', 'hi']
total_match(['4'], ['1', '2', '3', '4', '5']) ➞ ['4']","**Handoff Message for Agent B**

You need to write a Python function that compares two lists of strings based on the total character count across all strings within each list.

### Function Signature
```python
def total_match(list1: list[str], list2: list[str]) -> list[str]:
```

### Requirements & Behavior
1. Calculate the sum of the lengths of all strings in `list1`.
2. Calculate the sum of the lengths of all strings in `list2`.
3. Compare the two total character counts:
   - Return the list with the **smaller** total character count.
   - If both lists have the exact **same** total character count, return the **first** list (`list1`).

### Edge Cases to Handle
- Empty lists (e.g., `total_match([], [])` should return `[]`).
- Lists with strings of varying lengths.
- Lists where one list has fewer elements but longer strings, or vice versa (the comparison is strictly on total character count sum).

### Implementation Plan
1. Use the `sum()` function with a generator expression to find the total character count for `list1`: `sum(len(s) for s in list1)`.
2. Do the same for `list2`.
3. Use a conditional statement (`if/else`) to compare the two sums and return the appropriate list according to the rules above.",none,1,measured,humaneval,0.71474195,0.0923076923076923,2.397590361445783,5.666666666666667,0.1666666666666666,0.0053191489361702,0.3033707865168539,3,0.0,1.0,1.0,0.0,0.9838567972183228,0.1416865587234497,0.7058608984490716,1,True
he_073,"Given an array arr of integers, find the minimum number of elements that
need to be changed to make the array palindromic. A palindromic array is an array that
is read the same backwards and forwards. In one change, you can change one element to any other element.
For example:
smallest_change([1,2,3,5,4,7,9,6]) == 4
smallest_change([1, 2, 3, 4, 3, 2, 2]) == 1
smallest_change([1, 2, 3, 2, 1]) == 0","HANDOFF MESSAGE FOR AGENT B:

You need to write a Python function that calculates the minimum number of element changes required to make a given array of integers palindromic (i.e., reads the same forwards and backwards). In one operation, any single element can be changed to any other integer value.

### Function Signature
```python
def smallest_change(arr: list[int]) -> int:
    pass
```

### Approach / Plan
1. A palindromic array requires `arr[i] == arr[n - 1 - i]` for all indices `0 <= i < n // 2`.
2. Compare elements from the outside moving inward using a two-pointer approach (one pointer `left` starting at 0, and one pointer `right` starting at `n - 1`).
3. For each pair `arr[left]` and `arr[right]`, if they are not equal, it takes 1 change to make them match.
4. Increment your change counter whenever `arr[left] != arr[right]`.
5. Continue moving both pointers towards the center (`left += 1`, `right -= 1`) until they meet.
6. Return the total count of changes.

### Key Edge Cases to Handle
- **Already palindromic arrays** (e.g., `[1, 2, 3, 2, 1]`): Should return `0`.
- **Even vs. Odd length arrays**: The two-pointer loop should correctly terminate in the middle without out-of-bounds errors.
- **Very small arrays** (length 0 or 1): Should return `0` since they are trivially palindromic.
- **Arrays where all elements need to change** (except possibly the center): Ensure counting is accurate.",none,1,measured,humaneval,0.7250764,0.1739130434782608,3.420289855072464,4.75,0.1666666666666666,0.0042918454935622,0.2333333333333333,6,0.0042372881355932,1.0,1.0,7.0,0.9882679581642152,0.0535951480269432,0.8313457717674615,1,False
he_069,"You are given a non-empty list of positive integers. Return the greatest integer that is greater than
zero, and has a frequency greater than or equal to the value of the integer itself.
The frequency of an integer is the number of times it appears in the list.
If no such a value exist, return -1.
Examples:
search([4, 1, 2, 2, 3, 1]) == 2
search([1, 2, 2, 3, 3, 3, 4, 4, 4]) == 3
search([5, 5, 4, 4, 4]) == -1","HANDOFF MESSAGE FOR AGENT B:

You need to write a Python function that finds the greatest integer in a given list of positive integers such that the integer's value is less than or equal to its frequency (the number of times it appears in the list). If no such integer exists, return -1.

### Function Signature:
```python
def search(nums: list[int]) -> int:
    pass
```

### Key Requirements & Edge Cases:
1. **Valid Condition:** An integer $x$ qualifies if `frequency(x) >= x`.
2. **""Greatest Integer"":** If multiple numbers satisfy the condition, you must return the maximum among them.
3. **Non-existent Case:** If no number in the list satisfies the condition, return `-1`.
4. **Input Constraints:** The list is non-empty and contains positive integers. Integers can appear multiple times.

### Suggested Approach:
1. Count the frequency of each unique integer in the input list (e.g., using `collections.Counter`).
2. Iterate through the unique integers (or their counts).
3. Filter the integers to keep only those where `count >= number`.
4. If the filtered set is empty, return `-1`. Otherwise, return the maximum integer from the filtered set.",none,1,measured,humaneval,0.71810454,0.2153846153846154,2.216867469879518,4.0,0.5,0.0276243093922651,0.3170731707317073,2,0.0,0.0,1.0,5.0,0.9536483883857728,0.2195870578289032,0.7820344861048785,1,True
he_059,"Return the largest prime factor of n. Assume n > 1 and is not a prime.
>>> largest_prime_factor(13195)
29
>>> largest_prime_factor(2048)
2","TASK: Write a Python function that finds and returns the largest prime factor of a given integer `n`.

FUNCTION SIGNATURE:
```python
def largest_prime_factor(n: int) -> int:
```

REQUIREMENTS & ASSUMPTIONS:
- Input `n` is an integer where `n > 1` and `n` is not a prime number.
- Return the largest integer that is both a prime number and a divisor of `n`.

APPROACH / ALGORITHM:
1. Initialize a variable (e.g., `factor` or `divisor`) starting at 2.
2. Iterate with a `while` loop: while `factor * factor <= n`:
   - If `n` is divisible by `factor` (`n % factor == 0`), divide `n` by `factor` repeatedly until it is no longer divisible by `factor`.
   - Increment `factor` by 1 (or increment by 2 after checking 2 for optimization).
3. After the loop, if `n > 1`, the remaining value of `n` is itself the largest prime factor.
4. Return the last recorded prime factor.

EDGE CASES:
- Powers of 2 (e.g., `2048` -> output should be `2`).
- Numbers with a single large prime factor combined with small ones.
- Composite numbers with only odd prime factors.",none,1,measured,humaneval,0.6827003,0.04,8.5,5.0,0.6666666666666666,0.0108695652173913,0.2307692307692307,2,0.0,0.5,1.0,0.0,0.8957536816596985,0.2466416507959365,0.911192036816048,1,False
he_070,"Given list of integers, return list in strange order.
Strange sorting, is when you start with the minimum value,
then maximum of the remaining integers, then minimum and so on.
Examples:
strange_sort_list([1, 2, 3, 4]) == [1, 4, 2, 3]
strange_sort_list([5, 5, 5, 5]) == [5, 5, 5, 5]
strange_sort_list([]) == []","HANDOFF MESSAGE FOR AGENT B:

Please implement a Python function that sorts a list of integers in a ""strange"" alternating order.

**Function Signature:**
`def strange_sort_list(lst: list) -> list:`

**Behavior / Requirements:**
The strange sorting order works by repeatedly picking:
1. The minimum value from the remaining integers, then
2. The maximum value from the remaining integers, 
and repeating this process until all elements are used.

**Examples:**
- `strange_sort_list([1, 2, 3, 4])` -> `[1, 4, 2, 3]`
- `strange_sort_list([5, 5, 5, 5])` -> `[5, 5, 5, 5]`
- `strange_sort_list([])` -> `[]`

**Edge Cases to Handle:**
- Empty list (`[]`): should return `[]`.
- Single-element list: should return the list as-is.
- Lists with duplicate values (e.g., all identical elements).

**Suggested Approach:**
1. Make a copy of the input list so you don't mutate the original.
2. Initialize an empty result list.
3. While the copied list is not empty:
   - Find and remove the minimum element, appending it to the result list (if the list is still not empty).
   - Find and remove the maximum element, appending it to the result list (if the list is still not empty).
4. Return the result list.",none,1,measured,humaneval,0.72907305,0.1914893617021276,3.7115384615384617,5.333333333333333,0.3333333333333333,0.0057142857142857,0.3098591549295774,3,0.0,0.0,1.0,3.0,0.9982317090034484,0.3853939771652221,0.7561555194001861,1,True
he_071,"Given the lengths of the three sides of a triangle. Return the area of
the triangle rounded to 2 decimal points if the three sides form a valid triangle.
Otherwise return -1
Three sides make a valid triangle when the sum of any two sides is greater
than the third side.
Example:
triangle_area(3, 4, 5) == 6.00
triangle_area(1, 2, 10) == -1","HANDOFF MESSAGE FOR AGENT B:

You need to implement a Python function that calculates the area of a triangle given the lengths of its three sides.

**Function Signature:**
```python
def triangle_area(a: float, b: float, c: float) -> float:
```

**Requirements:**
1. **Triangle Validity Check:** The three sides (`a`, `b`, `c`) form a valid triangle if and only if the sum of any two sides is strictly greater than the third side:
   - `a + b > c`
   - `a + c > b`
   - `b + c > a`
2. **Return Value:**
   - If valid, return the area of the triangle **rounded to 2 decimal places** (as a float).
   - If invalid, return `-1`.

**Key Edge Cases to Handle:**
- Invalid triangles (e.g., `1, 2, 10` should return `-1`).
- Degenerate triangles where the sum of two sides equals the third side (should be treated as invalid and return `-1`).
- Zero or negative side lengths (should return `-1`).

**Approach / Algorithm:**
1. Check the triangle validity conditions. If any condition fails, return `-1`.
2. If valid, calculate the area using Heron's formula:
   - Semi-perimeter $s = \frac{a + b + c}{2}$
   - Area = $\sqrt{s(s - a)(s - b)(s - c)}$
3. Round the resulting area to 2 decimal places using `round(area, 2)` and return it.",none,1,measured,humaneval,0.743487,0.2413793103448276,3.5,3.5,0.3333333333333333,0.0420560747663551,0.3894736842105263,5,0.0,0.6666666666666666,1.0,0.0,0.9928783774375916,0.3747600615024566,0.7284816567244186,1,True
he_080,"You are given a string s.
Your task is to check if the string is happy or not.
A string is happy if its length is at least 3 and every 3 consecutive letters are distinct
For example:
is_happy(a) => False
is_happy(aa) => False
is_happy(abcd) => True
is_happy(aabb) => False
is_happy(adb) => True
is_happy(xyy) => False","Agent B, please write the Python function for the following task based on these specifications:

- **Function Name/Signature:** `is_happy(s: str) -> bool`
- **Task Description:** Determine if a given string `s` is ""happy"". A string is considered happy if and only if:
  1. Its length is at least 3 (`len(s) >= 3`).
  2. Every set of 3 consecutive letters consists of distinct characters (i.e., no two characters in any 3-length sliding window are the same).
- **Edge Cases to Handle:**
  - Strings of length less than 3 (e.g., `""""`, `""a""`, `""aa""`): Must return `False`.
  - Strings of length exactly 3: Check if all 3 characters are distinct.
  - Strings with repeating patterns anywhere (e.g., `""xyy""`, `""aabb""`): Must return `False`.
- **Approach:**
  1. First, check if `len(s) < 3`. If so, return `False`.
  2. Loop through the string using a sliding window of size 3 (i.e., from index `i = 0` to `len(s) - 3`).
  3. For each window starting at index `i`, check if the three characters `s[i]`, `s[i+1]`, and `s[i+2]` are all unique (e.g., by comparing them or putting them in a `set` of length 3).
  4. If any 3-character window contains duplicate characters, immediately return `False`.
  5. If the loop finishes without finding any duplicates, return `True`.",none,1,measured,humaneval,0.76749206,0.09375,3.732142857142857,6.333333333333333,0.1666666666666666,0.0147058823529411,0.233009708737864,2,0.0,0.4,1.0,0.0,0.9831548929214478,0.0776435285806655,0.857922748813797,1,False
he_075,"Write a function that returns true if the given number is the multiplication of 3 prime numbers
and false otherwise.
Knowing that (a) is less then 100.
Example:
is_multiply_prime(30) == True
30 = 2 * 3 * 5","**HANDOFF MESSAGE FOR AGENT B**

**Function Requirements:**
Write a Python function named `is_multiply_prime` that determines whether a given positive integer is the product of exactly 3 prime numbers (not necessarily distinct, though the problem implies standard prime factorization where repetition is allowed, e.g., $30 = 2 \times 3 \times 5$). Return `True` if it is, and `False` otherwise. Note that the problem statement mentions the input number is less than 100.

**Exact Function Signature:**
```python
def is_multiply_prime(n: int) -> bool:
```

**Key Edge Cases to Handle:**
- Numbers less than 2 (cannot be factored into 3 primes; should return `False`).
- Prime numbers themselves (e.g., 7 or 13 should return `False`).
- Numbers that are the product of fewer than 3 primes (e.g., $4 = 2 \times 2$ or $6 = 2 \times 3$, should return `False`).
- Numbers that are the product of more than 3 primes (e.g., $32 = 2^5$, should return `False`).
- Numbers that are products of 3 primes (e.g., $30 = 2 \times 3 \times 5$, should return `True`).

**Brief Plan / Approach:**
1. Implement a helper function or trial division loop to find the prime factors of `n`.
2. Continuously divide `n` by its smallest possible factors starting from 2 up to the square root of `n`.
3. Collect all prime factors in a list.
4. Check if the total count of prime factors in the list is exactly equal to 3. 
5. Return `True` if the count is 3, otherwise `False`.",none,1,measured,humaneval,0.7255155,0.0769230769230769,6.526315789473684,6.0,0.3333333333333333,0.0,0.2692307692307692,7,0.0,0.5,1.0,0.0,0.9921025633811952,0.1343465596437454,0.8570189851186135,1,False
he_079,"You will be given a number in decimal form and your task is to convert it to
binary format. The function should return a string, with each character representing a binary
number. Each character in the string will be '0' or '1'.
There will be an extra couple of characters 'db' at the beginning and at the end of the string.
The extra characters are there to help with the format.
Examples:
decimal_to_binary(15)   # returns ""db1111db""
decimal_to_binary(32)   # returns ""db100000db""","Agent B, here are the specifications for the function you need to write:

**Function Purpose:**
Write a Python function that converts a given decimal number into its binary string representation and wraps the result with the prefix and suffix `""db""`.

**Function Signature:**
```python
def decimal_to_binary(decimal: int) -> str:
```

**Behavior & Requirements:**
- Convert the input decimal integer into its binary equivalent (without the standard Python `'0b'` prefix).
- Concatenating `""db""` at the very beginning and `""db""` at the very end of the binary string.
- Examples:
  - `decimal_to_binary(15)` -> `""db1111db""`
  - `decimal_to_binary(32)` -> `""db100000db""`

**Key Edge Cases to Consider:**
- `0`: Should return `""db0db""`.
- Negative numbers: The problem description implies standard positive decimal conversions (like the examples), but ensure standard Python behavior if negatives occur, or assume positive integers based on the context.

**Implementation Plan:**
1. Use Python's built-in `bin()` function on the input number.
2. Strip the leading `'0b'` from the result of `bin()`.
3. Format the final string by adding `""db""` to both the start and the end.
4. Return the resulting string.",none,1,measured,humaneval,0.7656716,0.0491803278688524,2.2125,2.1666666666666665,0.3333333333333333,0.0,0.367816091954023,2,0.0,0.0,1.0,0.0,0.0046941512264311,0.0042132399976253,0.4866412133000866,0,True
he_077,"Write a function that takes an integer a and returns True
if this ingeger is a cube of some integer number.
Note: you may assume the input is always valid.
Examples:
iscube(1) ==> True
iscube(2) ==> False
iscube(-1) ==> True
iscube(64) ==> True
iscube(0) ==> True
iscube(180) ==> False","AGENT B HANDOFF MESSAGE

Function Objective:
Write a Python function that determines whether a given integer is the exact cube of another integer. 

Function Signature:
`def iscube(a: int) -> bool:`

Key Edge Cases to Handle:
- Negative integers (e.g., -1 cubed is -1, so `iscube(-1)` should return `True`).
- Zero (`iscube(0)` should return `True`).
- Large integers (ensure efficiency and no floating-point precision issues).
- Non-perfect cubes (e.g., 2, 180, returning `False`).

Recommended Approach:
1. Handle negative numbers by taking their absolute value for the cube root calculation, but remember that negative numbers can be valid cubes. Alternatively, you can use the cube root approach: calculate `round(abs(a) ** (1/3))` and check if its cube equals `abs(a)`, then adjust for the sign if needed.
2. A safer and more robust approach without floating-point inaccuracies for large numbers is binary search or integer cube root approximation. 
3. Specifically, for integer $a$:
   - Let $b$ be the integer cube root. 
   - A reliable method in Python is checking `root = round(a ** (1/3))` or using integer binary search between `-abs(a)` and `abs(a)`.
   - Verify if `root * root * root == a`.",none,1,measured,humaneval,0.6459314,0.0606060606060606,3.857142857142857,4.666666666666667,0.3333333333333333,0.0,0.3950617283950617,2,0.0,0.0,1.0,0.0,0.0676895380020141,0.0247526932507753,0.7919492459876494,0,True
he_083,"Given a positive integer n, return the count of the numbers of n-digit
positive integers that start or end with 1.","### HANDOFF MESSAGE FOR AGENT B

**Task Overview:**
Write a Python function that calculates the number of positive integers with exactly $n$ digits that either start with the digit `1`, end with the digit `1`, or both.

**Exact Function Signature:**
```python
def count_numbers(n: int) -> int:
    """"""
    Returns the count of n-digit positive integers that start or end with 1.
    """"""
    pass
```

**Key Edge Cases to Handle:**
- `n = 1`: A 1-digit positive integer can be from 1 to 9. The only number that starts and ends with 1 is `1`. The count should be `1`.
- Large values of `n` (e.g., up to standard integer limits where performance or overflow might be a concern, though Python handles arbitrarily large integers natively).

**Approach / Mathematical Derivation (Inclusion-Exclusion Principle):**
To avoid double-counting numbers that *both* start and end with `1`:
1. **Total $n$-digit numbers starting with 1:** The first digit is fixed as `1`. The remaining $n-1$ positions can each be any digit from `0` to `9` (10 choices). 
   - Count = $10^{n-1}$
2. **Total $n$-digit numbers ending in 1:** The last digit is fixed as `1`. The first digit can be `1` through `9` (9 choices, since positive integers cannot start with 0). The remaining $n-2$ positions can be any digit from `0` to `9` (10 choices).
   - For $n = 1$: Count = 1 (just the number `1`).
   - For $n > 1$: Count = $9 \times 10^{n-2}$
3. **Total $n$-digit numbers starting AND ending with 1:** The first digit is `1`, and the last digit is `1`. The $n-2$ intermediate positions can each be any digit from `0` to `9`.
   - For $n = 1$: Count = 1.
   - For $n = 2$: First digit `1`, last digit `1` $\rightarrow$ number is `11` (Count = $10^0 = 1$).
   - For $n > 2$: Count = $10^{n-2}$
4. **Apply Inclusion-Exclusion:**
   $\text{Total} = (\text{Starts with 1}) + (\text{Ends with 1}) - (\text{Starts and Ends with 1})$

Implement this logic cleanly in the `count_numbers(n)` function.",none,1,measured,humaneval,0.6623662,0.0394736842105263,16.0,21.0,0.1666666666666666,0.0229508196721311,0.2011834319526627,2,0.0,0.0,1.0,,0.6491360068321228,0.2284141927957534,0.815036234375845,1,False
he_081,"It is the last week of the semester and the teacher has to give the grades
to students. The teacher has been making her own algorithm for grading.
The only problem is, she has lost the code she used for grading.
She has given you a list of GPAs for some students and you have to write
a function that can output a list of letter grades using the following table:
GPA       |    Letter grade
4.0                A+
> 3.7                A
> 3.3                A-
> 3.0                B+
> 2.7                B
> 2.3                B-
> 2.0                C+
> 1.7                C
> 1.3                C-
> 1.0                D+
> 0.7                D
> 0.0                D-
0.0                E
Example:
grade_equation([4.0, 3, 1.7, 2, 3.5]) ==> ['A+', 'B', 'C-', 'C', 'A-']","HANDOFF MESSAGE FOR AGENT B:

You need to write a Python function that converts a list of numerical GPAs into a list of corresponding letter grades based on a specific grading threshold table. 

**Function Signature:**
```python
def grade_equation(gpas: list) -> list:
```

**Grading Table Rules:**
- `4.0` -> `A+`
- `> 3.7` -> `A`
- `> 3.3` -> `A-`
- `> 3.0` -> `B+`
- `> 2.7` -> `B`
- `> 2.3` -> `B-`
- `> 2.0` -> `C+`
- `> 1.7` -> `C`
- `> 1.3` -> `C-`
- `> 1.0` -> `D+`
- `> 0.7` -> `D`
- `> 0.0` -> `D-`
- `0.0` (or anything strictly not meeting higher thresholds down to 0) -> `E`

*(Note: The thresholds are strict inequalities for everything except exactly 4.0 and 0.0).*

**Example:**
```python
grade_equation([4.0, 3, 1.7, 2, 3.5]) 
# Expected Output: ['A+', 'B', 'C-', 'C', 'A-']
```

**Key Edge Cases to Handle:**
- Exact boundary values (e.g., `4.0`, `3.7`, `3.3`, `0.0`).
- Integer inputs mixed with floats (e.g., `3` instead of `3.0`).
- Empty list input (`[]` should return `[]`).

**Approach:**
Iterate through the input list of GPAs. For each GPA, evaluate it against the thresholds from highest to lowest using an `if-elif-else` chain, and append the corresponding letter grade to a result list. Finally, return the result list.",none,1,measured,humaneval,0.66230386,0.25,1.7661290322580645,1.75,0.5,0.0185185185185185,0.2543859649122807,2,0.0,0.0,1.0,4.0,0.9601241946220398,0.0067598656751215,0.29549387168798413,0,False
he_076,"Your task is to write a function that returns true if a number x is a simple
power of n and false in other cases.
x is a simple power of n if n**int=x
For example:
is_simple_power(1, 4) => true
is_simple_power(2, 2) => true
is_simple_power(8, 2) => true
is_simple_power(3, 2) => false
is_simple_power(3, 1) => false
is_simple_power(5, 3) => false","**Handoff Message for Agent B**

You need to implement a Python function that checks whether a given number `x` is a simple power of another number `n` (i.e., whether $n^k = x$ for some integer $k$).

### Function Signature
```python
def is_simple_power(x: int, n: int) -> bool:
```

### Requirements & Edge Cases
1. Return `True` if `x` can be expressed as $n^k$ for some integer $k \ge 0$, and `False` otherwise.
2. **Edge case: $n = 1$**: 
   - If $x = 1$ and $n = 1$, $1^k = 1$, so return `True`.
   - If $x \neq 1$ and $n = 1$, return `False` (since $1^k$ is always 1).
3. **Edge case: $n = 0$**:
   - $0^0$ is undefined or 1 depending on convention, but typically handle powers of 0 carefully: $0^1 = 0$, $0^0 = 1$. If $x=1$ and $n=0$, return `True` ($0^0=1$). If $x=0$ and $n=0$, return `True` ($0^1=0$). Otherwise, if $n=0$ and $x \notin \{0, 1\}$, return `False`.
4. **Negative numbers**: Handle or ensure standard mathematical behavior for powers if negative bases/results appear, though standard inputs are typically positive integers.

### Proposed Approach
- Handle special cases for $n = 1$ and $n = 0$ explicitly.
- If $n > 1$:
  - Start with a power accumulator (e.g., `current = 1`).
  - While `current < x`, multiply `current` by `n`.
  - If `current == x`, return `True`.
  - If `current > x`, return `False`.
- Alternatively, you can iteratively divide `x` by `n` (while `x > 0` and `x % n == 0`) until `x == 1`, but ensure you don't fall into infinite loops when $n = 0$ or $n = 1$.",none,1,measured,humaneval,0.70104575,0.1025641025641025,4.6,9.5,0.1666666666666666,0.0075187969924812,0.1605839416058394,1,0.0,0.6,1.0,0.0,0.9833070039749146,0.2883771359920501,0.8367863136592704,1,False
mbpp_118,Write a function to convert a string to a list of strings split on the space character.,"HANDOFF MESSAGE FOR AGENT B:

1. Restatement of the task:
Write a function that takes a single string as input and splits it into a list of strings based on the space character.

2. Exact function signature:
`def string_to_list(s: str) -> list[str]:`

3. Key edge cases to handle:
- Empty string `""""`: should return `[""""]` or `[]` depending on standard split behavior (typically, Python's default `.split(' ')` on `""""` returns `['']`, or if splitting by whitespace generally, consider if multiple spaces or leading/trailing spaces need specific handling. Let's specify standard space splitting: `s.split(' ')`).
- String with no spaces: should return a list containing the original string `['word']`.
- String with multiple consecutive spaces: handle accordingly (standard `.split(' ')` will produce empty strings for consecutive spaces).
- Non-string inputs: ensure type hinting and basic robustness if applicable, but assume well-formed string input.

4. Brief plan/approach:
- Use Python's built-in string `.split(' ')` method to divide the string at every space character.
- Return the resulting list.",none,1,measured,mbpp,0.67382365,0.0833333333333333,9.764705882352942,12.0,0.3333333333333333,0.0122699386503067,0.3291139240506329,2,0.0,0.0,1.0,,0.9973479509353638,0.0825813487172126,0.8066674403756086,1,False
he_085,"Given a non-empty list of integers lst. add the even elements that are at odd indices..
Examples:
add([4, 2, 6, 7]) ==> 2","**HANDOFF MESSAGE FOR AGENT B**

**Function Requirements:**
Write a Python function that takes a non-empty list of integers (`lst`) and returns the sum of all elements that meet two conditions simultaneously:
1. The element itself is an even number.
2. The element is located at an odd index (0-indexed).

**Function Signature:**
```python
def add(lst: list[int]) -> int:
```

**Key Edge Cases to Handle:**
- Lists with no elements at odd indices meeting the criteria (should return `0`).
- Lists where elements at odd indices are odd numbers (should be ignored).
- Negative numbers (if an even number is negative and at an odd index, standard mathematical addition applies).
- List length of 1 (index 1 doesn't exist, should return `0`).

**Plan / Approach:**
1. Initialize a `total` variable to `0`.
2. Iterate through the list using a `for` loop with `enumerate()` to track both the index and the value.
3. Check if the index is odd (`index % 2 != 0`).
4. Check if the value is even (`value % 2 == 0`).
5. If both conditions are met, add the value to `total`.
6. Return `total`.",none,1,measured,humaneval,0.6713721,0.14,8.130434782608695,6.666666666666667,0.1666666666666666,0.0109289617486338,0.2840909090909091,4,0.0,0.6666666666666666,1.0,3.0,0.9989494681358336,0.0677479058504104,0.8262444971461901,1,False
mbpp_139,Write a function to find the circumference of a circle.,"**HANDOFF MESSAGE FOR AGENT B**

**Task:** Write a Python function to calculate the circumference of a circle given its radius.

**Function Signature:**
```python
def circle_circumference(radius: float) -> float:
```

**Key Edge Cases to Handle:**
1. **Zero Radius:** If the radius is `0`, the circumference should be `0.0`.
2. **Negative Radius:** If the radius is negative, raise a `ValueError` with an appropriate error message.
3. **Invalid Types:** Handle or let Python raise a `TypeError` if non-numeric inputs (like strings) are passed.
4. **Floating-Point Precision:** Use `math.pi` for the value of $\pi$ to ensure high precision.

**Plan / Approach:**
1. Import the `math` module to access `math.pi`.
2. Check if the input `radius` is less than `0`. If so, raise a `ValueError`.
3. Apply the mathematical formula: $\text{Circumference} = 2 \times \pi \times \text{radius}$.
4. Return the calculated floating-point result.",none,1,measured,mbpp,0.52561486,0.0476190476190476,13.8,18.0,0.3333333333333333,0.0075187969924812,0.3382352941176471,1,0.0,1.0,1.0,,0.8475591540336609,0.0074370661750435,0.6696229627418736,0,True
mbpp_131,Write a python function to reverse only the vowels of a given string (where y is not a vowel).,"Handoff Message for Agent B:

You need to write a Python function that reverses only the vowels in a given input string, leaving all other characters in their original positions. Note that 'y' (and 'Y') should NOT be treated as a vowel (only 'a', 'e', 'i', 'o', 'u' and their uppercase equivalents are vowels).

Function Signature:
`def reverse_vowels(s: str) -> str:`

Key Edge Cases to Handle:
- Strings with no vowels at all (should return the original string unchanged).
- Strings with only vowels.
- Strings with mixed-case vowels (e.g., preserving their respective cases or positions, though standard reversal just swaps the positions of the vowels found).
- Empty strings `""""` and single-character strings.

Brief Plan/Approach:
1. Convert the input string `s` to a list of characters (since strings are immutable in Python).
2. Define a set or string containing all valid vowels (both lowercase and uppercase: ""aeiouAEIOU"").
3. Use a two-pointer approach: initialize one pointer (`left`) at the beginning of the list and another (`right`) at the end.
4. Move `left` inward until it points to a vowel.
5. Move `right` inward until it points to a vowel.
6. Swap the vowels at the `left` and `right` pointers, then increment `left` and decrement `right` to continue the search.
7. Stop when `left` meets or passes `right`.
8. Join the list of characters back into a string and return it.",none,1,measured,mbpp,0.7418981,0.0428571428571428,12.105263157894736,22.0,0.3333333333333333,0.0044843049327354,0.2376237623762376,2,0.0,1.0,1.0,,0.998384952545166,0.055890429764986,0.8491737694469683,1,False
he_082,"Write a function that takes a string and returns True if the string
length is a prime number or False otherwise
Examples
prime_length('Hello') == True
prime_length('abcdcba') == True
prime_length('kittens') == True
prime_length('orange') == False","Agent B, please implement the following Python function based on these specifications:

**Function Objective:**
Write a function that checks whether the length of a given string is a prime number. It should return `True` if the string length is prime, and `False` otherwise.

**Function Signature:**
```python
def prime_length(text: str) -> bool:
```

**Key Edge Cases to Handle:**
- Lengths less than 2 (0 and 1) are not prime, so return `False`.
- Smallest prime length is 2 (return `True`).
- Strings with lengths that are composite numbers (e.g., length 4, 6, etc.) should return `False`.
- Empty strings `""""` have a length of 0, which is not prime (`False`).

**Brief Plan / Approach:**
1. Get the length of the input string using `len(text)`.
2. Check if the length is less than 2; if so, return `False`.
3. Iterate with a loop from `2` up to the square root of the length (inclusive/using integer conversion).
4. If the length is divisible by any number in that range, return `False`.
5. If no divisors are found, return `True`.",none,1,measured,humaneval,0.7544948,0.0625,5.176470588235294,16.0,0.5,0.0174418604651162,0.2207792207792207,2,0.0,0.0,1.0,0.0,0.9908331036567688,0.1420260071754455,0.8282628965868067,1,False
mbpp_113,Write a function to check if a string represents an integer or not.,"Here is the handoff message for Agent B:

**Task Overview:**
Write a Python function that checks whether a given string represents a valid integer (both positive and negative). 

**Function Signature:**
```python
def is_integer(s: str) -> bool:
    """"""
    Returns True if the string represents a valid integer, False otherwise.
    """"""
```

**Key Edge Cases to Handle:**
1. **Sign characters:** Strings can start with a single optional `+` or `-` sign (e.g., `""+123""`, `""-456""`). A standalone sign (`""+""`, `""-""`) should return `False`.
2. **Whitespace:** Leading and trailing whitespace should be handled (either stripped or considered invalid depending on strictness—let's strip leading/trailing spaces via `s.strip()` before validation).
3. **Empty strings & non-digit characters:** An empty string `""""` or strings containing alphabets, decimals, or special characters (e.g., `""12.34""`, `""abc""`, `""1a2""`) must return `False`.
4. **Leading zeros:** Numbers like `""0""` or `""-0""` are valid integers. Strings like `""0123""` should generally be considered valid integers in standard programming logic, unless strict octal is required (treat them as valid integers).

**Plan / Approach:**
1. Strip leading and trailing whitespace from the string.
2. Check if the string is empty after stripping; if so, return `False`.
3. Check if the first character is `+` or `-`. If it is, slice the string to remove that character and ensure the remaining string is not empty.
4. Check if all remaining characters in the string are digits (using `.isdigit()`).
5. Return `True` if all checks pass, otherwise `False`. Alternatively, you can attempt to cast the string to an `int` inside a `try-except` block, handling appropriate edge cases.",none,1,measured,mbpp,0.4864895,0.0,19.76923076923077,24.0,0.1666666666666666,0.0,0.2695652173913043,5,0.0,1.0,1.0,,0.9539639949798584,0.016572767868638,0.7794865198292082,0,True
mbpp_126,Write a python function to find the sum of common divisors of two given numbers.,"**HANDOFF MESSAGE FOR AGENT B**

**Objective:**
Write a Python function that calculates the sum of all common divisors of two given positive integers.

**Function Signature:**
```python
def sum_of_common_divisors(a: int, b: int) -> int:
```

**Key Edge Cases to Handle:**
1. **Zero inputs:** If either `a` or `b` is `0`, handle appropriately (though standard inputs for this problem are typically positive integers, ensure division by zero is avoided).
2. **Negative numbers:** If negative numbers are passed, consider their absolute values or return `0` (or raise a ValueError based on standard positive integer assumptions).
3. **Coprime numbers:** If the numbers share no common divisors other than `1`, the function should return `1`.
4. **Large inputs:** Ensure the algorithm is efficient enough to handle reasonably large numbers without timing out.

**Recommended Approach / Plan:**
1. Find the greatest common divisor (GCD) of `a` and `b` using Python's built-in `math.gcd(a, b)`.
2. Initialize a variable `total_sum` to `0`.
3. Iterate through all integers from `1` up to the square root of the GCD (`int(math.isqrt(g))`):
   - If a number `i` divides the GCD evenly (`gcd % i == 0`):
     - Add `i` to `total_sum`.
     - If the complementary divisor `gcd // i` is different from `i`, add `gcd // i` to `total_sum` as well.
4. Return `total_sum`.",none,1,measured,mbpp,0.70908636,0.0545454545454545,14.133333333333333,18.0,0.5,0.0143540669856459,0.173076923076923,1,0.0047169811320754,0.75,1.0,,0.8501058220863342,0.0108219375833868,0.8749686106214871,1,False
he_086,"Write a function that takes a string and returns an ordered version of it.
Ordered version of string, is a string where all words (separated by space)
are replaced by a new word where all the characters arranged in
ascending order based on ascii value.
Note: You should keep the order of words and blank spaces in the sentence.
For example:
anti_shuffle('Hi') returns 'Hi'
anti_shuffle('hello') returns 'ehllo'
anti_shuffle('Hello World!!!') returns 'Hello !!!Wdlor'","AGENT B HANDOFF MESSAGE

Function to Build:
Write a Python function named `anti_shuffle(s: str) -> str`. 

Problem Statement:
The function takes a string `s` and returns an ""ordered"" version of it. An ordered version is defined as follows:
- The string is split into words (separated by spaces).
- Each individual word is replaced by a new word where all of its characters are rearranged in ascending order based on their ASCII values.
- The original order of the words, as well as all blank spaces (including multiple consecutive spaces) in the sentence, must be strictly preserved.

Examples:
- `anti_shuffle('Hi')` -> `'Hi'`
- `anti_shuffle('hello')` -> `'ehllo'`
- `anti_shuffle('Hello World!!!')` -> `'Hello !!!Wdlor'`

Key Edge Cases to Handle:
1. Multiple consecutive spaces or leading/trailing spaces must be preserved in their exact positions (do not just use a simple `.split()` without handling whitespace).
2. Punctuation attached to words (like `World!!!`) should be treated as part of the word and sorted alongside the alphabetical characters based on ASCII values (e.g., `'!!!Wdlor'`).
3. Empty strings `""""` or strings consisting entirely of spaces.
4. Single-character words or single-character strings.

Suggested Approach:
1. Instead of a standard whitespace split that discards spacing information, you can use regular expressions (`re.split` with capturing parentheses or `re.finditer`) to tokenize the string into alternating chunks of words and whitespace/separators.
2. For each chunk that is a word, convert it to a list of characters, sort them using `sorted()` (which sorts by ASCII value by default), and join them back into a string.
3. Leave whitespace chunks completely untouched.
4. Recombine all processed word chunks and whitespace chunks in their original order to form the final result string.",none,1,measured,humaneval,0.7829952,0.1294117647058823,3.8472222222222223,5.25,0.1666666666666666,0.0218978102189781,0.3761467889908257,4,0.0,1.0,1.0,0.0,0.9251981377601624,0.0996672734618187,0.8168906431987915,1,False
mbpp_142,Write a function to count number items that are identical in the same position of three given lists.,"Agent B, here is your task for the coding pipeline.

### Restatement of the Problem
We need a function that counts how many items are identical in the exact same index (position) across three given lists. That means for any index $i$, if $list1[i] == list2[i] == list3[i]$, we increment our count.

### Function Signature
```python
def count_identical_positions(list1: list, list2: list, list3: list) -> int:
```

### Key Edge Cases to Handle
1. **Empty lists:** If any or all of the lists are empty, the function should return `0`.
2. **Lists of unequal lengths:** The problem implies comparing positions across three lists. We should only compare up to the length of the *shortest* list to avoid `IndexError`, or handle them gracefully (using `zip` naturally stops at the shortest list).
3. **Different data types:** Elements at the same index might be of mixed types (e.g., `1`, `1.0`, `""1""`). Python's `==` operator handles type-sensitive equality correctly, but we should be aware of it.
4. **No matches:** If no positions match across all three lists, return `0`.

### Plan / Approach
1. Use Python's built-in `zip()` function to iterate through elements of all three lists simultaneously: `zip(list1, list2, list3)`. Since `zip` stops at the shortest list, it safely handles unequal lengths.
2. Use a generator expression combined with `sum()` to count how many tuples $(a, b, c)$ satisfy the condition $a == b == c$.
3. Return the resulting integer count. 

Example implementation sketch:
```python
def count_identical_positions(list1, list2, list3):
    return sum(1 for a, b, c in zip(list1, list2, list3) if a == b == c)
```

Write the code for this function now.",none,1,measured,mbpp,0.713169,0.0476190476190476,15.0,21.0,0.1666666666666666,0.0037593984962406,0.4193548387096774,3,0.0185185185185185,1.0,1.0,,0.9960194230079652,0.0939088612794876,0.6854494131444754,1,True
mbpp_161,Write a function to remove all elements from a given list present in another list.,"**HANDOFF MESSAGE FOR AGENT B**

**Objective:**
Write a Python function that removes all elements from a target list that are present in a second (reference) list.

**Function Signature:**
```python
def remove_elements(target_list: list, reference_list: list) -> list:
```

**Key Edge Cases to Handle:**
1. **Empty Lists:** If `target_list` is empty, return an empty list. If `reference_list` is empty, return a copy of `target_list` (or the original list, depending on mutability requirements—returning a new list is safest).
2. **Duplicates:** Handle multiple occurrences of elements in `target_list` that appear in `reference_list` (all occurrences should be removed).
3. **Type Consistency / Unhashable Types:** Ensure the solution handles standard data types gracefully. (Converting the reference list to a `set` is optimal for $O(1)$ lookups, assuming elements are hashable).

**Plan / Approach:**
1. Convert `reference_list` into a `set` to achieve optimal $O(1)$ average time complexity for membership testing.
2. Iterate through `target_list` using a list comprehension to filter out any items that exist within the reference set.
3. Return the newly filtered list. 

*Example implementation logic:*
```python
ref_set = set(reference_list)
return [item for item in target_list if item not in ref_set]
```",none,1,measured,mbpp,0.5803378,0.0212765957446808,12.4,16.0,0.3333333333333333,0.0054644808743169,0.3947368421052631,2,0.0,1.0,1.0,,0.9287108778953552,0.1207900121808052,0.7450765937859738,1,True
mbpp_140,Write a function to flatten the list of lists into a single set of numbers.,"**HANDOFF MESSAGE FOR AGENT B**

**Objective:**
Write a Python function that takes a list of lists containing numbers and flattens it into a single Python `set` of numbers (removing any duplicates and ignoring nested structure).

**Function Signature:**
```python
def flatten_to_set(list_of_lists: list[list[int | float]]) -> set[int | float]:
```

**Key Edge Cases to Handle:**
1. **Empty input list or empty inner lists:** Should return an empty set `set()`.
2. **Duplicate numbers:** Since the output must be a `set`, duplicates across and within the inner lists must be automatically deduplicated.
3. **Mixed types (ints and floats):** Ensure numeric types are handled correctly (e.g., `1` and `1.0` might be treated as equivalent in sets depending on Python's hashing, which is standard behavior).
4. **Deeply nested lists (if any):** The problem specifies ""list of lists"", but to be safe, assume a flat 2D structure (one level of iteration over the outer list, and one over each inner list). 

**Plan / Approach:**
1. Initialize a generator expression or a list comprehension that iterates through each sublist in the `list_of_lists`, and then through each element in the sublist.
2. Pass this collection of elements directly into the `set()` constructor to flatten and deduplicate in a single, efficient step.
3. Return the resulting set.",none,1,measured,mbpp,0.60752815,0.0307692307692307,13.8,15.0,0.6666666666666666,0.0,0.3095238095238095,3,0.0,0.5,1.0,,0.8253715634346008,0.0223179329186677,0.7531146158433505,0,True
mbpp_145,Write a python function to find the maximum difference between any two elements in a given array.,"**HANDOFF MESSAGE FOR AGENT B**

**Objective:**
Write a Python function that calculates the maximum difference between any two elements in a given array (i.e., the difference between the maximum and minimum values in the array).

**Function Signature:**
```python
def max_difference(arr: list) -> int/float:
```

**Key Edge Cases to Handle:**
1. **Empty array:** If the array is empty, the function should raise a `ValueError` or return a sensible default (specify in your implementation).
2. **Single-element array:** If the array contains only one element, the maximum difference is `0`.
3. **Negative numbers and mixed signs:** The logic must correctly handle arrays with negative numbers, zeros, and floating-point numbers.
4. **All identical elements:** If all elements are the same, the maximum difference should be `0`.

**Plan / Approach:**
1. Check if the input array is empty and handle the edge case accordingly.
2. Find the maximum value and the minimum value in the array using Python's built-in `max()` and `min()` functions. (This achieves $O(n)$ time complexity).
3. Return the result of `max(arr) - min(arr)`.",none,1,measured,mbpp,0.7486365,0.1,10.058823529411764,16.0,0.5,0.0479041916167664,0.3214285714285714,3,0.0,1.0,1.0,,0.9733722805976868,0.0602309852838516,0.8128318653247663,1,False
mbpp_141,Write a function to sort a list of elements.,"HANDOFF MESSAGE FOR AGENT B:

You need to write a Python function that sorts a list of elements. 

**Function Signature:**
```python
def sort_list(elements: list) -> list:
```

**Requirements & Edge Cases to Handle:**
- The function should return a new sorted list (or sort in place and return it, but returning a new sorted list is preferred for purity).
- Handle empty lists `[]` gracefully by returning an empty list.
- Handle single-element lists `[x]` by returning the list as-is.
- Handle lists with duplicate values correctly.
- The elements in the list should be comparable (assume homogeneous types like all integers, all floats, or all strings).

**Plan / Approach:**
- Utilize Python's built-in Timsort algorithm via the `sorted()` function, which is efficient ($O(n \log n)$ time complexity) and handles all edge cases natively. 
- Implement the function wrapper around `sorted(elements)`.",none,1,measured,mbpp,0.56437004,0.054054054054054,15.666666666666666,8.0,0.3333333333333333,0.0072992700729927,0.373134328358209,3,0.0,0.0,1.0,,0.997099757194519,0.0015661229845136,0.6340396920056782,0,True
mbpp_228,Write a python function to check whether all the bits are unset in the given range or not.,"HANDOFF MESSAGE FOR AGENT B:

You need to write a Python function that checks whether all bits are unset (i.e., all 0s) within a specified bit range for a given number.

**Function Signature:**
```python
def check_bits_unset_in_range(n: int, l: int, r: int) -> bool:
    """"""
    Checks if all bits from the l-th bit to the r-th bit are unset (0) in the integer n.
    Note: Assume 1-based or 0-based indexing? Let's use 1-based indexing from the right 
    (standard for bit manipulation problems of this type, where l and r are inclusive, 
    1 <= l <= r <= number of bits). Let's support standard bit positions: 
    If l and r are given, we want to check bits from position l to r. 
    To be safe and robust, let's assume standard 1-based indexing from the right, 
    where the rightmost bit is position 1.
    """"""
```
Wait, let's clarify the indexing or make it flexible/standard. Usually, in these competitive programming problems, positions are 1-indexed from the right. Let's specify:
- `n`: The integer to check.
- `l`: Starting bit position (inclusive, 1-indexed from the right).
- `r`: Ending bit position (inclusive, 1-indexed from the right).
*(If 0-indexed is preferred, or if it's bit shifts, let's provide a clear implementation using bit masks).*

**Plan / Approach:**
1. Create a bit mask that has 1s in the range from `l` to `r` and 0s elsewhere.
   - A mask for bits from `l` to `r` (1-indexed) can be constructed by:
     `mask = ((1 << r) - 1) ^ ((1 << (l - 1)) - 1)`
2. Perform a bitwise AND between `n` and `mask`.
3. If the result is `0`, it means all bits in that range are unset, so return `True`. Otherwise, return `False`.

**Edge Cases to Handle:**
- `l` equals `r` (checking a single bit).
- `l` and `r` spanning the entire length of the number.
- `n = 0` (all bits are already unset, should return `True` for any valid range).
- Large values of `n`, `l`, and `r`. Python handles arbitrarily large integers, so bit shifts will not overflow.

Please write the function cleanly with type hints and docstrings.",none,1,measured,mbpp,0.68349254,0.0131578947368421,19.77777777777778,24.0,0.1666666666666666,0.0028901734104046,0.2411764705882353,1,0.0028089887640449,1.0,1.0,,0.9758533239364624,0.0063228993676602,0.7950214393958114,1,False
mbpp_223,"Write a function that takes in a sorted array, its length (n), and an element and returns whether the element is the majority element in the given sorted array. (The majority element is the element that occurs more than n/2 times.)","HANDOFF MESSAGE FOR AGENT B:

Goal: Write a function that determines if a given element is the ""majority element"" in a sorted array. A majority element is defined as an element that strictly occurs more than $n / 2$ times, where $n$ is the length of the array.

Function Signature:
`bool isMajority(int arr[], int n, int target);` 
*(Note: Adjust types as appropriate for the language, assuming C/C++ style based on passing length and array, but ensure it accepts an array/vector, array length `n`, and the `target` element, returning a boolean).*

Key Edge Cases to Handle:
1. `n = 0`: An empty array should return `false`.
2. `target` is not present in the array at all: Return `false`.
3. `n = 1`: If the single element equals the `target`, return `true`; otherwise `false`.
4. Elements that appear $\le n / 2$ times (e.g., exactly $n / 2$ times): Return `false`.

Approach/Plan:
Since the array is sorted, all instances of the `target` element will appear contiguously. 
1. Use binary search (e.g., `std::lower_bound` and `std::upper_bound` in C++, or custom binary search) to find the first and last occurrence indices of the `target` in the array.
2. If the `target` is not found, return `false`.
3. Calculate the total frequency of the `target` using the indices: `last_index - first_index + 1`.
4. Check if this frequency is strictly greater than `n / 2`. Return `true` if it is, otherwise `false`. This achieves $O(\log n)$ time complexity.",none,1,measured,mbpp,0.6679234,0.0545454545454545,5.902439024390244,10.5,0.1666666666666666,0.00418410041841,0.25,3,0.0,0.75,0.0,,0.946614384651184,0.0511242225766181,0.35435472228274006,0,False
mbpp_255,"Write a function that takes in a list and length n, and generates all combinations (with repetition) of the elements of the list and returns a list with a tuple for each combination.","**HANDOFF MESSAGE FOR AGENT B**

**Objective:**
Write a Python function that generates all possible combinations with repetition of elements from a given list, where each combination has a specified length $n$. The function must return a list containing a tuple for each combination.

**Function Signature:**
```python
def generate_combinations_with_repetition(elements: list, n: int) -> list[tuple]:
```

**Key Edge Cases to Handle:**
1. **$n = 0$:** Should return a list containing a single empty tuple `[()]`, as there is one way to choose 0 elements.
2. **Empty input list (`elements = []`) and $n > 0$:** Should return an empty list `[]` since no combinations can be formed.
3. **Large $n$ or large input list:** Be mindful of performance, though standard recursive or iterative approaches (or leveraging standard libraries) are expected.
4. **Duplicate elements in the input list:** The function should treat elements based on their positions/indices (standard combinatorial behavior), meaning if the input list has duplicates, the output will reflect combinations of those distinct positions/instances.

**Plan / Approach:**
1. The most Pythonic and efficient way to achieve combinations with repetition is by using the `itertools.combinations_with_replacement` function from the standard library.
2. Import `itertools`.
3. Call `itertools.combinations_with_replacement(elements, n)`.
4. Convert the resulting iterator into a list of tuples and return it.",none,1,measured,mbpp,0.7432193,0.072463768115942,6.303030303030303,18.0,0.6666666666666666,0.0098522167487684,0.348314606741573,4,0.0,1.0,1.0,,0.9994625449180604,0.160089299082756,0.815611770512933,1,False
mbpp_250,Write a python function that takes in a tuple and an element and counts the occcurences of the element in the tuple.,"HANDOFF MESSAGE FOR AGENT B:

You need to write a Python function that counts the number of times a specific element appears in a given tuple.

- **Function Signature:** `def count_element(tup: tuple, element) -> int:`
- **Key Edge Cases to Handle:**
  - An empty tuple (should return `0`).
  - The element is not present in the tuple (should return `0`).
  - The tuple contains mixed data types (e.g., strings, integers, floats) and nested structures (ensure matching types are counted correctly).
  - The element appears multiple times (consecutive or non-consecutive).
- **Brief Plan/Approach:**
  - Utilize Python's built-in tuple method `.count(element)`, which is optimized, highly readable, and handles type matching and missing elements out of the box. 
  - Ensure the function returns an integer.",none,1,measured,mbpp,0.649618,0.1212121212121212,5.545454545454546,7.0,0.1666666666666666,0.0172413793103448,0.3389830508474576,2,0.0,0.0,1.0,,0.9994470477104188,0.0339323244988918,0.7608276350352648,0,True
mbpp_232,Write a function that takes in a list and an integer n and returns a list containing the n largest items from the list.,"**HANDOFF MESSAGE FOR AGENT B**

**Objective:**
Write a Python function that takes a list of items and an integer `n`, and returns a new list containing the `n` largest items from the input list.

**Function Signature:**
```python
def n_largest_items(items: list, n: int) -> list:
```

**Key Edge Cases to Handle:**
1. **`n` is greater than or equal to the length of the list:** Return all items from the list (ideally sorted in descending order, or as determined by your sorting logic).
2. **`n` is less than or equal to 0:** Return an empty list `[]`.
3. **Empty input list:** Return an empty list `[]`.
4. **Duplicate values:** Handle lists with duplicate values correctly (e.g., if finding the 2 largest of `[5, 5, 3]`, return `[5, 5]`).
5. **Data types:** Assume the list contains comparable elements (e.g., all numbers or all strings).

**Brief Plan / Approach:**
- First, handle edge cases where `n <= 0` or the input list is empty by returning `[]`.
- Handle the case where `n >= len(items)` by returning a sorted copy of the list in descending order.
- For a clean and efficient approach, you can use Python's built-in `heapq.nlargest(n, items)` from the `heapq` module, which handles these edge cases natively and runs in $O(N \log n)$ or $O(N + n \log K)$ time. Alternatively, sort the list in descending order and slice the first `n` elements (`sorted(items, reverse=True)[:n]`).",none,1,measured,mbpp,0.69572914,0.064516129032258,9.75,15.0,0.5,0.0044052863436123,0.3823529411764705,0,0.0,0.5,1.0,,0.999756634235382,0.009701645001769,0.722875275980119,0,True
mbpp_238,Write a python function to count the number of non-empty substrings of a given string.,"HANDOFF MESSAGE FOR AGENT B:

You need to write a Python function that calculates the total number of non-empty substrings for a given input string.

**Function Signature:**
`def count_non_empty_substrings(s: str) -> int:`

**Key Edge Cases to Handle:**
- Empty string (`""""`): should return `0`.
- Single-character string (`""a""`): should return `1`.
- Strings with repeating characters (e.g., `""aaa""`): all substrings must still be counted by their index positions, meaning unique values do not reduce the count; the formula depends strictly on length.

**Plan/Approach:**
- A string of length $n$ has a total number of substrings given by the mathematical formula: $\frac{n(n + 1)}{2}$.
- Alternatively, you can compute this in $O(1)$ time by getting the length of the string `n = len(s)` and returning `n * (n + 1) // 2`.",none,1,measured,mbpp,0.66329503,0.048780487804878,8.733333333333333,6.0,0.3333333333333333,0.015625,0.3076923076923077,4,0.0,0.0,1.0,,0.9911115765571594,0.0115155512467026,0.7180671425067701,0,True
mbpp_230,"Write a function that takes in a string and character, replaces blank spaces in the string with the character, and returns the string.","HANDOFF MESSAGE FOR AGENT B:

Your task is to write a Python function that replaces all whitespace characters (spaces) in a given string with a specified replacement character, and returns the modified string.

**Function Signature:**
```python
def replace_spaces(text: str, char: str) -> str:
```

**Key Edge Cases to Handle:**
1. **Empty string (`""""`)**: Should return an empty string.
2. **No spaces in the string**: Should return the original string unchanged.
3. **String with only spaces**: Should replace every space with the given character.
4. **Multiple consecutive spaces**: Each consecutive space should be replaced by the character (unless specified otherwise, standard replacement applies to all space characters).
5. **Character argument (`char`)**: Ensure it handles standard characters, special characters, or even an empty string (though usually a single character is expected).

**Plan / Approach:**
Use Python's built-in `.replace()` string method, replacing `' '` (space) with the provided `char`, and return the resulting string. 

Example:
```python
replace_spaces(""Hello World"", ""-"") # returns ""Hello-World""
```",none,1,measured,mbpp,0.7094855,0.0535714285714285,6.956521739130435,13.0,0.1666666666666666,0.0063694267515923,0.3295454545454545,4,0.0,1.0,1.0,,0.9969462752342224,0.0217578690499067,0.8295927273092745,1,False
mbpp_256,Write a python function that takes in a non-negative number and returns the number of prime numbers less than the given non-negative number.,"**Handoff Message for Agent B:**

Please write a Python function that calculates the number of prime numbers strictly less than a given non-negative number. 

**Function Signature:**
```python
def count_primes(n: int) -> int:
```

**Key Edge Cases to Handle:**
- `n = 0`: Should return `0` (no primes less than 0).
- `n = 1`: Should return `0` (no primes less than 1).
- `n = 2`: Should return `1` (the only prime less than 2 is 2? Wait, primes less than 2: none, since 2 is not *less than* 2. So primes less than 2 are none, return `0`).
- `n = 3`: Should return `1` (only `2` is less than 3).
- Non-integer or negative inputs: You can assume the input is a valid non-negative integer, but handling or type-hinting as `int` is expected.

**Plan/Approach:**
- Use the **Sieve of Eratosthenes** algorithm for optimal performance ($O(n \log \log n)$ time complexity).
- If `n <= 2`, immediately return `0`.
- Create a boolean array `is_prime` of size `n`, initialized to `True` for all indices, with `is_prime[0]` and `is_prime[1]` set to `False`.
- Iterate from `p = 2` up to `int(n**0.5)`:
  - If `is_prime[p]` is true, mark all multiples of `p` starting from `p*p` up to `n-1` as `False`.
- Count and return the number of `True` values remaining in the `is_prime` array.",none,1,measured,mbpp,0.7043406,0.0714285714285714,9.695652173913045,13.0,0.5,0.0185185185185185,0.2212389380530973,5,0.0,1.0,1.0,,0.9994170665740968,0.0096332300454378,0.8766850528486049,1,False
mbpp_252,Write a python function to convert complex numbers to polar coordinates.,"HANDOFF MESSAGE FOR AGENT B:

Your task is to write a Python function that converts a complex number into its polar coordinates (magnitude and phase angle).

**Function Signature:**
```python
def to_polar(z: complex) -> tuple[float, float]:
    """"""
    Converts a complex number to polar coordinates.
    
    Parameters:
    z (complex): The complex number to convert.
    
    Returns:
    tuple[float, float]: A tuple containing the radius (magnitude) and 
                         the angle (phase in radians) as floats.
    """"""
```

**Key Edge Cases to Handle:**
1. **Zero (0 + 0j):** The magnitude is `0.0`. The phase angle should be handled gracefully (typically `0.0` is standard, avoiding any division-by-zero or domain errors).
2. **Pure Real Numbers:** (e.g., `3 + 0j` or `-3 + 0j`). Ensure correct magnitude and angles ($0$ or $\pi$).
3. **Pure Imaginary Numbers:** (e.g., `0 + 4j` or `0 - 4j`). Ensure correct magnitude and angles ($\pi/2$ or $-\pi/2$).
4. **Input Validation:** Ensure the function behaves correctly or raises a `TypeError` if a non-complex (or non-numeric that can't be interpreted) value is passed, though type hinting expects `complex`.

**Brief Plan / Approach:**
1. Use Python's built-in `cmath` module, specifically `cmath.polar(z)`.
2. The `cmath.polar()` function directly returns a tuple `(r, phi)` where `r` is the radius and `phi` is the phase angle in radians.
3. Wrap this functionality neatly inside the `to_polar` function, ensuring return types are strictly `float`.",none,1,measured,mbpp,0.689718,0.0317460317460317,20.0,21.0,0.3333333333333333,0.0046728971962616,0.3070175438596491,2,0.0,0.8571428571428571,1.0,,0.9926345944404602,0.053954005241394,0.8245206871756188,1,False
mbpp_261,Write a function that takes in two tuples and performs mathematical division operation element-wise across the given tuples.,"**Handoff Message for Agent B:**

**Task Overview:**
We need to write a Python function that performs element-wise mathematical division of two input tuples. 

**Function Signature:**
```python
def elementwise_division(tuple1: tuple, tuple2: tuple) -> tuple:
```

**Key Edge Cases to Handle:**
1. **Length Mismatch:** If `tuple1` and `tuple2` do not have the same number of elements, raise a `ValueError`.
2. **Division by Zero:** If any element in `tuple2` is `0`, handle the resulting `ZeroDivisionError` (either let it raise naturally or raise a custom error/return `float('inf')`—let's raise a `ZeroDivisionError` with a clear message, or let Python's native exception bubble up).
3. **Data Types:** Assume elements are numeric (integers or floats).

**Plan / Approach:**
1. Check if `len(tuple1) != len(tuple2)`. If so, raise a `ValueError`.
2. Use a generator expression or a loop to divide corresponding elements: `a / b` for `a, b` in `zip(tuple1, tuple2)`.
3. Cast the result back to a `tuple` and return it.",none,1,measured,mbpp,0.6283456,0.04,8.5,14.0,0.3333333333333333,0.0,0.3116883116883117,0,0.0065359477124183,1.0,1.0,,0.5663987398147583,0.0207638852298259,0.6443813566413626,0,True
he_084,"Given a positive integer N, return the total sum of its digits in binary.
Example
For N = 1000, the sum of digits will be 1 the output should be ""1"".
For N = 150, the sum of digits will be 6 the output should be ""110"".
For N = 147, the sum of digits will be 12 the output should be ""1100"".
Variables:
@N integer
Constraints: 0 ≤ N ≤ 10000.
Output:
a string of binary number","### HANDOFF MESSAGE FOR AGENT B

You need to write a Python function that takes a positive integer $N$ and returns the sum of its decimal digits, represented as a binary string (without the `'0b'` prefix).

#### Function Signature
```python
def solve(N: int) -> str:
```
*(Note: If the exact function name isn't strictly mandated by a test wrapper, use `def sum_of_digits_binary(N: int) -> str:` but make sure to handle typical input names).* Let's use `solve(N: int) -> str:` as the primary entry point, or whatever standard wrapper is expected. To be safe, implement `solve(N: int) -> str:`.

#### Requirements & Examples
1. Convert integer `N` to its decimal digits, sum them up as integers.
2. Convert that sum into its binary representation as a string.
3. Examples:
   - `N = 1000` -> sum of digits is `1 + 0 + 0 + 0 = 1` -> binary `""1""`
   - `N = 150` -> sum of digits is `1 + 5 + 0 = 6` -> binary `""110""`
   - `N = 147` -> sum of digits is `1 + 4 + 7 = 12` -> binary `""1100""`

#### Constraints & Edge Cases
- $0 \le N \le 10000$.
- If $N = 0$, the sum of digits is `0`, and its binary representation is `""0""`.

#### Plan / Approach
1. Convert the integer `N` to a string to easily iterate over its characters.
2. Convert each character back to an integer and calculate the total sum.
3. Use Python's built-in `bin()` function on the sum (e.g., `bin(total_sum)[2:]`) to get the binary string without the leading `0b`.
4. Return the resulting string.",none,1,measured,humaneval,0.60314125,0.175,3.4743589743589745,3.0,0.5,0.003875968992248,0.3442622950819672,2,0.0,0.0,1.0,,0.97562837600708,0.0320668220520019,0.700800436595999,0,True
mbpp_281,Write a python function to check if the elements of a given list are unique or not.,"HANDOFF MESSAGE FOR AGENT B:

You need to write a Python function that determines whether all elements in a given list are unique (i.e., all elements are distinct, with no duplicates) or not.

**Function Signature:**
```python
def check_elements_unique(lst: list) -> bool:
```
- Returns `True` if all elements in the list are unique.
- Returns `False` if there are any duplicate elements.

**Key Edge Cases to Handle:**
1. **Empty list (`[]`):** Should return `True` (vacuously true, no duplicates exist).
2. **Single-element list (`[x]`):** Should return `True`.
3. **Lists with duplicates (`[1, 2, 2, 3]`):** Should return `False`.
4. **Lists with mixed types or hashable/unhashable types:** Ensure it handles standard Python lists correctly (assume elements are hashable for set-based approaches).

**Plan / Approach:**
- The most efficient and Pythonic way to check for uniqueness is to compare the length of the list with the length of a `set` created from the list (`len(set(lst)) == len(lst)`). 
- Alternatively, you can iterate through the list while keeping track of seen elements using a `set` for early exit (returning `False` as soon as a duplicate is found), which operates in $O(N)$ time complexity and $O(N)$ space complexity. Both approaches are acceptable, but the set-length comparison is concise and idiomatic.",none,1,measured,mbpp,0.6988742,0.0408163265306122,12.058823529411764,14.0,0.1666666666666666,0.0148514851485148,0.3409090909090909,3,0.0,1.0,1.0,,0.118595965206623,0.0037369376514106,0.7163701962384036,0,True
mbpp_271,Write a python function that takes in an integer n and finds the sum of the first n even natural numbers that are raised to the fifth power.,"**HANDOFF MESSAGE FOR AGENT B**

**Function Objective:**
Write a Python function that calculates the sum of the first $n$ even natural numbers, where each number in the sequence is raised to the fifth power ($\text{even\_number}^5$). 

**Function Signature:**
```python
def sum_even_powers_of_five(n: int) -> int:
```

**Key Edge Cases to Handle:**
- `n <= 0`: Return `0`, since there are no natural numbers to sum.
- `n = 1`: Return the first even natural number raised to the fifth power ($2^5 = 32$).
- Large values of `n`: Ensure the function handles standard integer scaling efficiently (Python handles arbitrarily large integers automatically, so overflow is not an issue, but efficiency should still be considered).

**Brief Plan / Approach:**
1. Validate the input `n`. If `n <= 0`, return `0`.
2. Generate the first $n$ even natural numbers. The $i$-th even natural number (1-indexed) can be represented as $2i$ (for $i$ from 1 to $n$).
3. Raise each generated even number to the 5th power: $(2i)^5$.
4. Sum all these values together and return the result. 
5. *Optimized approach (optional):* You can use a simple generator expression inside the built-in `sum()` function, e.g., `sum((2 * i) ** 5 for i in range(1, n + 1))`.",none,1,measured,mbpp,0.7469296,0.1034482758620689,7.214285714285714,16.0,0.5,0.0256410256410256,0.2340425531914893,1,0.0049504950495049,0.0,1.0,,0.9965832829475404,0.1382265388965606,0.855001305544954,1,False
mbpp_283,Write a python function takes in an integer and check whether the frequency of each digit in the integer is less than or equal to the digit itself.,"**HANDOFF MESSAGE FOR AGENT B**

**Objective:**
Write a Python function that takes an integer and checks whether the frequency of each digit in the integer is less than or equal to the numerical value of that digit itself. Return `True` if this condition holds for all unique digits present in the number, and `False` otherwise.

**Function Signature:**
```python
def check_digit_frequencies(n: int) -> bool:
```

**Key Edge Cases to Handle:**
1. **Negative numbers:** The function should handle negative integers by considering the absolute value of the number (e.g., `-22` has two `2`s, and frequency `2 <= 2`).
2. **Zero (`0`):** The digit `0` has a value of `0`. If `0` appears at all in the number, its frequency (at least 1) will be greater than its value (`0`), so any number containing `0` should return `False`.
3. **Single-digit numbers:** E.g., `5` has one `5`, and `1 <= 5` (Returns `True`). E.g., `0` has one `0`, and `1 <= 0` is false (Returns `False`).
4. **Large integers:** Ensure the approach scales well for standard large integer inputs.

**Plan / Approach:**
1. Convert the input integer `n` to its absolute value to handle negatives, then convert it to a string to easily iterate over its characters (digits).
2. Use a frequency map (like `collections.Counter` or a standard dictionary) to count the occurrences of each digit.
3. Iterate through the unique digits in the frequency map. Convert each digit character back to an integer.
4. Compare the frequency of the digit to the integer value of the digit. If any frequency is strictly greater than the digit's value, return `False`.
5. If the loop completes without finding any violations, return `True`.",none,1,measured,mbpp,0.7304867,0.0972222222222222,9.892857142857142,24.0,0.5,0.0510948905109489,0.3090909090909091,3,0.0,1.0,1.0,,0.2606801390647888,0.1693559139966964,0.7933953001545423,1,True
mbpp_274,Write a python function that takes in a positive integer n and finds the sum of even index binomial coefficients.,"AGENT B HANDOFF: Sum of Even-Index Binomial Coefficients

Your task is to write a Python function that calculates the sum of binomial coefficients at even indices for a given positive integer $n$. That is, compute $\sum_{k=0}^{\lfloor n/2 \rfloor} \binom{n}{2k}$.

**Function Signature:**
```python
def sum_even_binomial_coefficients(n: int) -> int:
    """"""
    Takes a positive integer n and returns the sum of binomial coefficients 
    at even indices (i.e., C(n, 0) + C(n, 2) + C(n, 4) + ...).
    """"""
```

**Key Mathematical Insight & Approach:**
- The sum of all binomial coefficients for a given $n$ is $2^n$.
- The sum of binomial coefficients at even indices is mathematically equal to the sum of binomial coefficients at odd indices, and both equal $2^{n-1}$ for any $n \ge 1$.
- Therefore, the most efficient and elegant approach for $n \ge 1$ is simply $2^{n-1}$ (or `1 << (n - 1)` using bitwise shift).

**Key Edge Cases to Handle:**
- `n = 1`: $\binom{1}{0} = 1$. Formula gives $2^0 = 1$. Correct.
- Standard positive integers (e.g., $n = 2, 3, 4, \dots$).
- Input validation: Ensure $n$ is a positive integer ($n > 0$). Raise a `ValueError` or `TypeError` if $n$ is non-positive or not an integer.",none,1,measured,mbpp,0.7176465,0.0769230769230769,10.1,12.0,0.3333333333333333,0.0216216216216216,0.2718446601941747,0,0.0,1.0,1.0,,0.9848800897598268,0.1488877832889557,0.9149216630730153,1,False
mbpp_267,Write a python function that takes in an integer n and returns the sum of the squares of the first n odd natural numbers.,"**HANDOFF MESSAGE FOR AGENT B**

**Objective:**
Write a Python function that calculates and returns the sum of the squares of the first $n$ odd natural numbers.

**Function Signature:**
```python
def sum_of_squares_of_odd_numbers(n: int) -> int:
```

**Key Edge Cases to Handle:**
- `n <= 0`: The function should return `0` since there are no positive odd natural numbers to sum.
- Large values of `n`: Ensure the implementation is efficient (ideally $O(1)$ time complexity using mathematical formulas rather than slow iterative loops, though a clean loop/comprehension is also acceptable for standard ranges).

**Plan / Approach:**
1. Check if `n <= 0`; if so, return `0`.
2. The $i$-th odd natural number (1-indexed) is given by the formula $2i - 1$.
3. You can implement this either:
   - **Math approach ($O(1)$):** The sum of squares of the first $n$ odd numbers can be computed using the closed-form formula: $\frac{n(4n^2 - 1)}{3}$.
   - **Iterative/Functional approach ($O(n)$):** Use a generator expression or list comprehension: `sum((2 * i - 1) ** 2 for i in range(1, n + 1))`.
4. Return the resulting integer.",none,1,measured,mbpp,0.7569728,0.1041666666666666,7.458333333333333,12.0,0.3333333333333333,0.0520231213872832,0.3488372093023256,1,0.0111731843575419,0.0,1.0,,0.9726353287696838,0.2057287544012069,0.6584528879793491,1,True
mbpp_226,Write a python function to remove the characters which have odd index values of a given string.,"HANDOFF MESSAGE FOR AGENT B:

You need to write a Python function that removes characters at odd index values from a given string, returning the remaining characters (which were at the even indices). 

**Function Signature:**
```python
def remove_odd_indices(s: str) -> str:
```

**Key Edge Cases to Handle:**
- Empty string (`""""`): Should return `""""`.
- Single-character string (`""a""`): Should return `""a""` (since index 0 is even).
- Strings with spaces, special characters, or numeric digits.

**Approach:**
- Use Python slicing with a step of 2. Specifically, `s[::2]` starts at index 0 and takes every second character, effectively keeping all even indices and dropping all odd indices. This is both concise and efficient ($O(N)$ time complexity).",none,1,measured,mbpp,0.6848627,0.125,6.764705882352941,7.0,0.1666666666666666,0.0089285714285714,0.2608695652173913,2,0.0,0.0,1.0,,0.993842840194702,0.0768921375274658,0.8473275524438055,1,False
mbpp_115,Write a function to check whether all dictionaries in a list are empty or not.,"**HANDOFF MESSAGE FOR AGENT B**

**Objective:**
Write a Python function that checks whether all dictionaries in a given list are empty (`{}`) or not. The function should return `True` if every dictionary in the list is empty (or if the list itself is empty), and `False` otherwise.

**Exact Function Signature:**
```python
def all_dictionaries_empty(lst: list[dict]) -> bool:
```

**Key Edge Cases to Handle:**
1. **Empty list:** An empty list `[]` should return `True` (vacuous truth: all zero dictionaries are empty).
2. **List with empty dictionaries:** `[{}, {}, {}]` should return `True`.
3. **List with at least one non-empty dictionary:** `[{}, {""a"": 1}, {}]` should return `False`.
4. **Non-dictionary elements:** (Optional safety) If the list contains non-dictionary elements, decide how to handle them (though you can assume inputs strictly conform to `list[dict]` as per the signature).

**Plan / Approach:**
1. Use Python's built-in `all()` function combined with a generator expression.
2. For each element `d` in the list, check if `not d` (which evaluates to `True` if the dictionary is empty, and `False` otherwise).
3. Return the result of the `all()` check. 
4. Example implementation structure:
   ```python
   def all_dictionaries_empty(lst: list[dict]) -> bool:
       return all(not d for d in lst)
   ```",none,1,measured,mbpp,0.81320757,0.0188679245283018,13.2,18.0,0.3333333333333333,0.0104166666666666,0.2871287128712871,5,0.0,1.0,1.0,,0.2815492153167724,0.0192547533661127,0.871822872318787,1,False
mbpp_133,Write a function to calculate the sum of the negative numbers of a given list of numbers.,"HANDOFF MESSAGE FOR AGENT B:

You need to write a Python function that calculates the sum of all negative numbers in a given list of numbers.

**Function Signature:**
```python
def sum_of_negatives(numbers: list[int | float]) -> int | float:
    pass
```

**Key Edge Cases to Handle:**
- An empty list `[]` should return `0`.
- A list containing only positive numbers and/or zeros `[0, 1, 5, 10]` should return `0`.
- A list containing only negative numbers `[-1, -2, -3]` should correctly return their sum (`-6`).
- Lists with mixed positive and negative numbers (`[3, -1, 4, -5, 0]`) should only sum the negative values (`-6`).
- Support both integers and floating-point numbers.

**Plan/Approach:**
1. Initialize a variable (e.g., `total_sum`) to `0`.
2. Iterate through each number in the input list.
3. Check if the number is strictly less than `0`.
4. If it is negative, add it to `total_sum`.
5. Return `total_sum` after the loop completes. (Alternatively, this can be implemented concisely using a generator expression inside the built-in `sum()` function, e.g., `sum(n for n in numbers if n < 0)`).",none,1,measured,mbpp,0.68028647,0.0652173913043478,10.647058823529411,17.0,0.3333333333333333,0.0115606936416184,0.2023809523809523,5,0.0,1.0,1.0,,0.9942581653594972,0.0061940122395753,0.7560425253546508,0,True
mbpp_227,Write a function to find minimum of three numbers.,"HANDOFF MESSAGE FOR AGENT B:

You need to write a Python function that finds and returns the minimum of three given numbers.

**Function Signature:**
```python
def find_minimum(a, b, c):
    """"""
    Returns the minimum of three numbers a, b, and c.
    """"""
```

**Key Edge Cases to Handle:**
- Negative numbers (e.g., `-5, -1, -10` should return `-10`).
- Floating-point numbers alongside integers.
- Duplicate values (e.g., `3, 3, 5` or `2, 1, 1` should return the correct minimum).
- All three numbers being equal.

**Plan/Approach:**
1. You can use Python's built-in `min()` function, passing all three arguments directly (`return min(a, b, c)`), as it is efficient and handles all numeric types and edge cases natively.
2. Alternatively, implement a standard conditional comparison (`if-elif-else`) if custom logic is preferred, but `min()` is the standard and most robust approach.",none,1,measured,mbpp,0.58649534,0.0512820512820512,15.22222222222222,10.0,0.1666666666666666,0.0,0.2388059701492537,2,0.0,0.0,1.0,,0.9827176928520204,0.0236422382295131,0.7534674453245326,0,True
mbpp_165,Write a function to count the number of characters in a string that occur at the same position in the string as in the English alphabet (case insensitive).,"Handoff Message for Agent B:

1. **Function Purpose**: Write a function that counts how many characters in a given string appear at the exact same 1-indexed position as they do in the standard English alphabet (A-Z / a-z). The comparison must be case-insensitive (e.g., 'a' and 'A' both count for position 1).

2. **Function Signature**:
   ```python
   def count_alphabet_matches(s: str) -> int:
   ```

3. **Key Edge Cases to Handle**:
   - Empty string (`""""`): should return `0`.
   - Strings with non-alphabetic characters (e.g., spaces, punctuation, numbers): these should simply not match their index (or be ignored without crashing).
   - Uppercase and lowercase letters (e.g., `'A'` at index 0 should match `'a'` at position 1).
   - Strings longer than 26 characters: indices beyond 26 will never match an alphabet position and should just return `0` for those positions.

4. **Plan / Approach**:
   - Initialize a counter variable to 0.
   - Loop through the string using `enumerate` to get both the 0-based index and the character.
   - Convert the character to lowercase (or uppercase) to ensure case-insensitivity.
   - Calculate the 1-based expected alphabet position (e.g., `ord(char.lower()) - ord('a') + 1`).
   - Compare the 1-based index (`index + 1`) to the expected alphabet position. If they match, increment the counter.
   - Return the final counter.",none,1,measured,mbpp,0.5972422,0.064516129032258,7.5,17.0,0.1666666666666666,0.0,0.3541666666666667,6,0.0,1.0,1.0,,0.993657648563385,0.0161275491118431,0.6500625837177229,0,True
he_062,"xs represent coefficients of a polynomial.
xs[0] + xs[1] * x + xs[2] * x^2 + ....
Return derivative of this polynomial in the same form.
>>> derivative([3, 1, 2, 4, 5])
[1, 4, 12, 20]
>>> derivative([1, 2, 3])
[2, 6]","**HANDOFF MESSAGE FOR AGENT B**

**Objective:**
Write a Python function that computes the derivative of a polynomial. The input is a list of coefficients representing a polynomial in increasing order of powers ($xs[0] + xs[1]x + xs[2]x^2 + \dots$), and the output should be a list of coefficients representing the derivative in the exact same format.

**Function Signature:**
```python
def derivative(xs: list[int | float]) -> list[int | float]:
```

**Mathematical Rule:**
For a term $c \cdot x^n$, its derivative is $(c \cdot n) \cdot x^{n-1}$.
Therefore, given an input list `xs` where `xs[i]` is the coefficient of $x^i$, the $i$-th coefficient of the derivative comes from the original $(i+1)$-th term:
`derivative_xs[i] = xs[i + 1] * (i + 1)` for $i \ge 0$.

**Key Edge Cases to Handle:**
1. **Empty list (`[]`) or single-element list (`[c]`):** 
   - A constant polynomial (degree 0) has a derivative of `0`. Depending on the expected representation of the zero polynomial or empty derivative, handling length 0 or 1 should return `[]`.
2. **All zeros (`[0, 0, 0]`):** Should return `[0, 0]` (or `[]` if stripping trailing zeros, but standard polynomial derivative keeps length minus one; verify with examples: `[1, 2, 3]` of length 3 returns `[2, 6]` of length 2).
3. **Data types:** Inputs can be integers or floats.

**Plan / Approach:**
1. Check if the input list has fewer than 2 elements; if so, return `[]`.
2. Use a list comprehension or a loop from index `1` to the end of the list.
3. Multiply each element `xs[i]` by its index `i`.
4. Return the resulting new list. 

*Example implementation logic:*
```python
def derivative(xs):
    if not xs:
        return []
    return [xs[i] * i for i in range(1, len(xs))]
```",none,1,measured,humaneval,0.5776026,0.1022727272727272,6.809523809523809,5.0,0.6666666666666666,0.0,0.2877697841726618,3,0.0069930069930069,0.5,1.0,4.0,0.9378287196159364,0.0167668834328651,0.8523718371602467,1,False
mbpp_166,Write a function that counts the number of pairs of integers in a list that xor to an even number.,"HANDOFF MESSAGE FOR AGENT B:

You need to write a Python function that counts the number of pairs of integers in a given list whose XOR sum results in an even number.

### Function Signature:
```python
def count_xor_even_pairs(nums: list[int]) -> int:
    pass
```

### Key Rules & Behavior:
- A ""pair"" refers to two distinct indices $(i, j)$ with $i < j$, or more simply, choosing 2 elements from the list.
- Two integers $a$ and $b$ XOR to an **even** number if and only if they have the same parity. (Recall: XOR of two numbers is even if they are both even or both odd, because the least significant bit of their XOR will be 0).
- Therefore, the problem reduces to counting how many pairs can be formed from the even numbers in the list, plus how many pairs can be formed from the odd numbers in the list.

### Edge Cases to Handle:
- **Empty list or single-element list**: Should return `0` since no pairs can be formed.
- **Lists with all evens or all odds**: Combinations should be calculated correctly.
- **Duplicate values**: Each element in the list is treated by its index/position, not its unique value. For example, `[2, 2]` has 1 pair that XORs to `0` (even).

### Approach:
1. Count the total number of even integers (`count_evens`) and odd integers (`count_odds`) in the input list `nums`.
2. The number of valid pairs from the evens is given by the combination formula: `count_evens * (count_evens - 1) // 2`.
3. The number of valid pairs from the odds is: `count_odds * (count_odds - 1) // 2`.
4. Return the sum of these two values.
5. This approach runs in $O(N)$ time complexity and $O(1)$ space complexity.",none,1,measured,mbpp,0.7233516,0.0595238095238095,14.6,19.0,0.3333333333333333,0.028673835125448,0.2846153846153846,2,0.0,1.0,1.0,,0.9997320771217346,0.0191438533365726,0.8775028511012342,1,False
mbpp_167,Write a python function to find the smallest power of 2 greater than or equal to n.,"**HANDOFF MESSAGE FOR AGENT B**

**Objective:**
Write a Python function that finds the smallest power of 2 that is greater than or equal to a given integer $n$.

**Function Signature:**
```python
def smallest_power_of_two(n: int) -> int:
```

**Key Edge Cases to Handle:**
1. **$n \le 0$**: Since powers of 2 are strictly positive, if $n$ is 0 or negative, the smallest power of 2 greater than or equal to $n$ should be $1$ (which is $2^0$).
2. **$n$ is already a power of 2**: If $n = 4$, the function should return $4$, not the *next* power up ($8$).
3. **Large integers**: The solution should handle arbitrarily large integers efficiently (Python handles arbitrarily large ints automatically, but bitwise operations or `math` approaches should remain performant).

**Plan / Approach:**
- **Approach 1 (Bit Manipulation - Recommended):** 
  - If $n \le 0$, return $1$.
  - Check if $n$ is already a power of 2 using `(n & (n - 1)) == 0`. If so, return $n$.
  - Otherwise, find the bit length of $n$ (or use `1 << (n - 1).bit_length()`) to find the next highest power of 2.
- **Approach 2 (Bit Shifting Loop):**
  - Start with a power of 2 equal to `1`.
  - While the power is less than $n$, left-shift the power by 1 (`power <<= 1`).
  - Handle $n \le 0$ as a special case returning `1`.",none,1,measured,mbpp,0.6700074,0.0555555555555555,13.529411764705882,14.0,0.3333333333333333,0.0363636363636363,0.2523364485981308,5,0.0,1.0,1.0,,0.990220546722412,0.026828235015273,0.8188653942218478,1,False
mbpp_135,Write a function to find the nth hexagonal number.,"**HANDOFF MESSAGE FOR AGENT B**

**Objective:**
Write a Python function that calculates the $n$-th hexagonal number. A hexagonal number is a figurate number that represents a hexagon. The formula for the $n$-th hexagonal number ($H_n$) is given by:
$H_n = n(2n - 1)$

**Function Signature:**
```python
def nth_hexagonal_number(n: int) -> int:
    """"""
    Returns the nth hexagonal number.
    """"""
```

**Key Edge Cases to Handle:**
1. **$n = 0$:** Should return `0` (or handle appropriately based on standard 1-based indexing where $H_1 = 1$). Let's assume standard 1-based indexing, so $n=1$ yields $1$, $n=2$ yields $6$, etc.
2. **Negative numbers ($n < 0$):** Raise a `ValueError` since hexagonal numbers are defined for positive integers (and zero).
3. **Large integers:** Ensure the function handles large inputs efficiently (Python handles arbitrarily large integers automatically, so standard arithmetic will suffice, but keep time complexity at $O(1)$).

**Plan / Approach:**
1. Validate the input $n$. If $n < 0$, raise a `ValueError`.
2. Apply the direct mathematical formula: `n * (2 * n - 1)`.
3. Return the result. The time complexity will be $O(1)$ and space complexity will be $O(1)$.",none,1,measured,mbpp,0.696596,0.0172413793103448,20.666666666666668,18.0,0.5,0.0054644808743169,0.2738095238095238,1,0.0,1.0,1.0,,0.9986722469329834,0.0781599059700965,0.8685043718206176,1,False
mbpp_285,Write a function that checks whether a string contains the 'a' character followed by two or three 'b' characters.,"**HANDOFF MESSAGE FOR AGENT B**

**Objective:**
Write a Python function that checks whether a given string contains the character 'a' followed immediately by either two or three 'b' characters (i.e., ""abb"" or ""abbb"").

**Function Signature:**
```python
def check_a_and_bs(s: str) -> bool:
    """"""
    Checks if the string s contains 'abb' or 'abbb' as a substring.
    """"""
```

**Key Edge Cases to Handle:**
- Empty strings (`""""`) -> should return `False`.
- Strings shorter than 3 characters -> should return `False`.
- Multiple occurrences (e.g., `""aabbb""` or `""abbabbb""`) -> should return `True` if at least one valid match exists.
- Case sensitivity: The problem specifies lowercase 'a' and 'b'. (Assume strict lowercase unless specified otherwise).
- Overlapping or boundary conditions (e.g., `""ab""`, `""abbbb""` without a prior valid 2-3 'b' sequence) -> should return `False`.

**Plan / Approach:**
- You can solve this efficiently and cleanly using regular expressions:
  1. Import the `re` module.
  2. Use a regex pattern like `r'abb{1,2}'` (which matches 'a' followed by 2 or 3 'b's) or `r'abbb?'`.
  3. Use `bool(re.search(pattern, s))` to return `True` if a match is found anywhere in the string, and `False` otherwise.",none,1,measured,mbpp,0.6800933,0.04,9.894736842105264,14.0,0.3333333333333333,0.0164835164835164,0.2577319587628865,4,0.0,1.0,1.0,,0.9964286684989928,0.03841208294034,0.8678707021793572,1,False
mbpp_111,Write a function to find the common elements in given nested lists.,"Handoff Message for Agent B:

1. **Function Purpose**: Write a Python function that takes a list of nested lists (arbitrarily nested lists/iterables) and returns a list or set containing the elements that are common to all of the nested lists.

2. **Function Signature**:
   ```python
   def find_common_elements(nested_lists):
       """"""
       Finds common elements across multiple nested lists.
       
       :param nested_lists: List of lists (can contain nested structures)
       :return: A list/set of common elements
       """"""
   ```

3. **Key Edge Cases to Handle**:
   - Empty input list (e.g., `[]`): Should return an empty list or set.
   - Nested lists containing duplicates: Should be handled gracefully (e.g., using set intersections).
   - Deeply nested structures: Consider flattening or recursively processing if the input implies arbitrary depth, or assume the top-level structure is a list of 1D lists. *(Assumption for standard interpretation: Flatten each sub-list or find intersections of the primary sub-lists. Let's design it to intersect the elements of the top-level sub-lists after converting them to sets).*
   - No common elements: Should return an empty collection.
   - Single sub-list provided: Should return the unique elements of that sub-list.

4. **Plan / Approach**:
   - Validate the input: if `nested_lists` is empty, return `[]`.
   - Convert the first sub-list to a `set` as the baseline.
   - Iterate through the remaining sub-lists, converting each to a `set` and updating the baseline using set intersection (`&`).
   - Convert the final intersection set back to a `list` (or return as a set) and return the result.",none,1,measured,mbpp,0.63549954,0.0,20.25,16.0,0.3333333333333333,0.0,0.3539823008849557,4,0.0,1.0,1.0,,0.9993719458580016,0.0774643123149871,0.6725810674221718,1,True
mbpp_171,Write a function to find the perimeter of a regular pentagon from the length of its sides.,"HANDOFF MESSAGE FOR AGENT B:

You need to write a Python function that calculates the perimeter of a regular pentagon given the length of its sides.

**Function Signature:**
`def pentagon_perimeter(side_length: float) -> float:`

**Key Edge Cases to Handle:**
- Zero side length: Should return `0.0`.
- Negative side length: Should raise a `ValueError` since a geometric shape cannot have negative side lengths.
- Non-numeric inputs (e.g., strings, None): Should ideally handle or let TypeError raise naturally, but ensuring robust type checking is a plus.

**Plan/Approach:**
1. Check if `side_length` is less than 0; if so, raise a `ValueError`.
2. Check if `side_length` is 0 or valid.
3. A regular pentagon has 5 equal sides, so the perimeter is simply $5 \times \text{side\_length}$.
4. Return the result as a float.",none,1,measured,mbpp,0.64137346,0.131578947368421,7.588235294117647,12.0,0.1666666666666666,0.04,0.2452830188679245,4,0.0,1.0,1.0,,0.9951515197753906,0.008280367590487,0.7805740108984509,0,True
mbpp_268,Write a function to find the n'th star number.,"HANDOFF MESSAGE FOR AGENT B:

Goal: Write a Python function that calculates the n-th star number. 

A star number is a centered figurate number that represents a centered hexagram (a star of David, such as the one on the Israeli flag). 

Function Signature:
```python
def star_number(n: int) -> int:
```

Mathematical Definition & Approach:
- The formula for the $n$-th star number is given by: 
  $S_n = 6n(n - 1) + 1$
- Alternatively, it can be computed as $S_n = 6n^2 - 6n + 1$.
- The sequence for $n = 1, 2, 3, \dots$ starts as: 1, 13, 37, 73, 121, ...

Key Edge Cases to Handle:
- $n = 1$: Should return the 1st star number, which is $1$.
- Non-positive integers ($n \le 0$): Depending on standard sequence conventions, raise a `ValueError` or handle appropriately (assume $n$ is a positive integer $\ge 1$, but check for invalid inputs like 0 or negative numbers).
- Large inputs: Ensure the implementation handles reasonably large integer values of $n$ efficiently (the $O(1)$ mathematical formula natively handles this).",none,1,measured,mbpp,0.56349385,0.0,19.77777777777778,7.0,0.1666666666666666,0.0,0.3243243243243243,1,0.0,1.0,1.0,,0.9654293656349182,0.0145359262824058,0.7020607157376069,0,True
mbpp_284,Write a function that takes in a list and element and checks whether all items in the list are equal to the given element.,"HANDOFF MESSAGE FOR AGENT B:

You need to write a Python function that checks if every single item in a given list is equal to a specified target element.

**Function Signature:**
```python
def check_all_equal(lst: list, element) -> bool:
```

**Key Edge Cases to Handle:**
1. **Empty List (`lst = []`):** Should return `True` (vacuous truth) or handle gracefully without throwing errors.
2. **Type Mismatch:** Different types that might compare equal (e.g., `1` and `1.0`) should be handled naturally via standard Python equality (`==`).
3. **Large Lists:** The solution should be efficient (ideally short-circuiting on the first non-matching element).

**Plan / Approach:**
- Use Python's built-in `all()` function combined with a generator expression: `return all(item == element for item in lst)`.
- This ensures $O(N)$ time complexity and $O(1)$ space complexity, while automatically handling empty lists and short-circuiting on the first mismatch.",none,1,measured,mbpp,0.6764064,0.0454545454545454,5.875,9.0,0.1666666666666666,0.0,0.4090909090909091,3,0.0,1.0,1.0,,0.0797308236360549,0.0043332334607839,0.5717269249450183,0,True
mbpp_132,Write a function to convert a tuple to a string.,"HANDOFF MESSAGE FOR AGENT B:

Your task is to write a Python function that converts a given tuple into a string representation. 

**Function Signature:**
```python
def tuple_to_string(t: tuple) -> str:
```

**Key Requirements & Edge Cases:**
1. **Empty Tuple:** `()` should return `""""` (an empty string).
2. **Tuple of Characters:** E.g., `('h', 'e', 'l', 'l', 'o')` should ideally be joined into `""hello""`. However, be mindful if the tuple contains non-string elements.
3. **Mixed Types:** If the tuple contains integers, floats, or other types (e.g., `(1, 2, 3)` or `(1, ""apple"", 3.5)`), convert each element to a string before combining them.
4. **Formatting:** Decide on a clean concatenation approach. For a tuple of characters meant to form a word, `"""".join(str(item) for item in t)` is standard. For general tuples, you may want to represent them similarly to `str(t)` or join them with a delimiter. Given standard expectations for ""converting a tuple to a string"", using `"""".join(str(x) for x in t)` for character-like tuples or falling back to `str(t)` if it's a general collection should be considered. Let's specify: assume the primary use case is joining elements together (or converting elements to strings and joining them), but ensure it handles non-string types gracefully.

**Plan/Approach:**
1. Check if the input is indeed a tuple (raise a `TypeError` if not).
2. Iterate through the elements of the tuple, converting each element to a string (`str(item)`).
3. Join the resulting strings together. (Use `"""".join(...)` as the primary implementation strategy).
4. Return the resulting string.",none,1,measured,mbpp,0.59295106,0.03125,24.9,23.0,0.3333333333333333,0.0041152263374485,0.3305084745762712,4,0.0,1.0,1.0,,0.5004665851593018,0.0203854497522115,0.7526313173843082,0,True
mbpp_222,Write a function to check if all the elements in tuple have same data type or not.,"**Handoff Message for Agent B:**

**Task Overview:**
Write a Python function that checks whether all elements in a given tuple share the exact same data type.

**Function Signature:**
```python
def check_same_data_type(tup: tuple) -> bool:
    """"""
    Checks if all elements in the tuple have the same data type.
    """"""
```

**Key Edge Cases to Handle:**
1. **Empty tuple (`()`):** Should return `True` (vacuously true, or as defined by standard convention since there are no conflicting types).
2. **Single-element tuple (`(val,)`):** Should return `True`.
3. **Tuples with mixed types:** E.g., `(1, 2, ""a"")` should return `Rising` / `False`.
4. **Tuples with numeric subtypes:** Be mindful of `int` vs `float` (e.g., `(1, 2.0)` should return `False` because `type(1)` is `int` and `type(2.0)` is `float`).

**Approach / Plan:**
1. Check if the tuple is empty; if so, return `True`.
2. Extract the type of the first element using `type(tup[0])`.
3. Iterate through the remaining elements of the tuple and check if `type(element)` matches the first element's type.
4. Alternatively, use a generator expression with `all()`:
   ```python
   if not tup:
       return True
   first_type = type(tup[0])
   return all(type(item) is first_type for item in tup)
   ```
5. Return the boolean result.",none,1,measured,mbpp,0.7613961,0.0,11.411764705882351,19.0,0.1666666666666666,0.0,0.3,4,0.0,1.0,1.0,,0.8755397796630859,0.1062240004539489,0.8352803691273823,1,False
mbpp_172,Write a function to count the number of occurence of the string 'std' in a given string.,"HANDOFF MESSAGE FOR AGENT B:

You need to write a Python function that counts the number of non-overlapping (or overlapping, depending on the standard `str.count()` behavior) occurrences of the substring `'std'` within a given string.

**Function Signature:**
```python
def count_std(text: str) -> int:
```

**Requirements & Edge Cases:**
- The function should take a single string argument `text`.
- It should return an integer representing the count of the exact substring `'std'`.
- Case sensitivity: It should specifically look for lowercase `'std'`.
- Edge cases to handle:
  - Empty string (`""""`): should return `0`.
  - Strings shorter than 3 characters: should return `0`.
  - Strings containing `'std'` multiple times consecutively (e.g., `'stdstd'`) or overlapping. Using Python's built-in string methods will naturally handle this.
  - Non-string inputs: (Optional) You can assume the input is a valid string, but type hinting it as `str` is expected.

**Approach:**
The most efficient and pythonic way to solve this is to use the built-in string `.count()` method on the input string, targeting the substring `'std'`. 

Example:
```python
def count_std(text: str) -> int:
    return text.count('std')
```

Write the code implementing this function.",none,1,measured,mbpp,0.67325807,0.0425531914893617,10.941176470588236,11.0,0.3333333333333333,0.0,0.3370786516853932,6,0.0,1.0,1.0,,0.9874731302261353,0.0178560595959424,0.7322819457393176,0,True
mbpp_247,Write a function to find the length of the longest palindromic subsequence in the given string.,"### Handoff Message for Agent B

**Objective:**
Write a function that finds the length of the longest palindromic subsequence (LPS) in a given string. A subsequence is a sequence that can be derived from another sequence by deleting some or no elements without changing the order of the remaining elements.

**Function Signature:**
```python
def longest_palindromic_subsequence(s: str) -> int:
    """"""
    Returns the length of the longest palindromic subsequence in the string s.
    """"""
    pass
```

**Key Edge Cases to Handle:**
1. **Empty string (`s = """"`):** Should return `0`.
2. **Single character (`s = ""a""`):** Should return `1`.
3. **All identical characters (`s = ""aaaa""`):** Should return the length of the string (`4`).
4. **No repeating characters (e.g., `s = ""abcde""`):** Should return `1`.
5. **Even and odd lengths:** Ensure the logic correctly handles palindromes centered around both single characters (odd) and between characters (even).

**Plan / Approach:**
- **Dynamic Programming Approach:**
  1. The problem can be solved by finding the Longest Common Subsequence (LCS) between the original string `s` and its reverse `s[::-1]`.
  2. Alternatively, use a 2D DP table `dp[i][j]` representing the length of the LPS in the substring `s[i...j]`.
  3. Base case: A single character is a palindrome of length 1 (`dp[i][i] = 1`).
  4. Transition:
     - If `s[i] == s[j]`, then `dp[i][j] = dp[i+1][j-1] + 2` (if `i+1 > j-1`, handle appropriately, e.g., length 2 base case).
     - If `s[i] != s[j]`, then `dp[i][j] = max(dp[i+1][j], dp[i][j-1])`.
  5. Return `dp[0][n-1]` where `n` is the length of the string.
- *Tip:* The LCS approach with `s` and `reversed(s)` is concise, clean, and avoids complex index management for 2D DP intervals.",none,1,measured,mbpp,0.7613316,0.0434782608695652,17.0,25.0,0.3333333333333333,0.0229885057471264,0.272108843537415,4,0.0,1.0,1.0,,0.9968095421791076,0.0326627865433692,0.7938048482753233,1,False
mbpp_170,Write a function to find the sum of numbers in a list within a range specified by two indices.,"HANDOFF MESSAGE FOR AGENT B:

Your task is to implement a Python function that calculates the sum of elements in a list located between two specified indices (inclusive).

**Function Signature:**
`def sum_in_range(numbers: list, start_index: int, end_index: int) -> (int, float):`

**Key Requirements & Edge Cases:**
1. **Index Boundaries:** `start_index` and `end_index` are inclusive. 
2. **Invalid Indices:** If `start_index` < 0, treat it as 0. If `end_index` >= len(numbers), treat it as `len(numbers) - 1`.
3. **Out-of-Order Indices:** If `start_index > end_index`, return `0` (or raise an appropriate value, but returning 0 is safer for range queries).
4. **Empty List:** If the input list `numbers` is empty, return `0`.
5. **Data Types:** The list may contain integers or floats; handle both and return the correct sum.

**Approach:**
1. Check if the input list is empty; if so, return 0.
2. Normalize and clamp `start_index` and `end_index` to valid bounds of the list (`0` to `len(numbers) - 1`).
3. If the adjusted `start_index` is greater than `end_index`, return 0.
4. Slice the list from `start_index` to `end_index + 1` (since slicing is exclusive at the stop index) and return the `sum()` of that slice.",none,1,measured,mbpp,0.630575,0.0566037735849056,10.105263157894736,20.0,0.3333333333333333,0.0,0.25,1,0.0,0.6666666666666666,1.0,,0.992986023426056,0.0290799047797918,0.8598030576525492,1,False
mbpp_224,Write a python function to count the number of set bits (binary digits with value 1) in a given number.,"HANDOFF MESSAGE FOR AGENT B:

Goal: Write a Python function to count the number of set bits (binary digits with value 1) in a given integer.

Function Signature:
`def count_set_bits(n: int) -> int:`

Key Edge Cases to Handle:
- `n = 0`: Should return 0.
- Negative numbers: Since integers in Python can be negative (though typically population count applies to unsigned integers or two's complement representation), you should handle negative inputs appropriately (e.g., by treating them based on their absolute value or standard bitwise representation, or simply noting standard behavior. Usually, input is assumed to be a non-negative integer, but handling `n < 0` gracefully is a plus).
- Large integers: Python handles arbitrarily large integers, so the solution should work for numbers exceeding standard 64-bit limits without overflow issues.

Brief Plan/Approach:
- The most efficient approach is Brian Kernighan's algorithm, which repeatedly clears the least significant set bit using `n &= (n - 1)` until `n` becomes 0, counting the number of iterations.
- Alternatively, you can use Python's built-in `bin(n).count('1')` which is concise and highly optimized in C. Let's use `bin(abs(n)).count('1')` or handle standard non-negative integers cleanly. (Note: using `bin(n)` on negative numbers includes a minus sign, so ensure you handle negatives if passed, or assume non-negative inputs). Let's go with the bitwise shift or Brian Kernighan's algorithm for standard computer science implementation.",none,1,measured,mbpp,0.70575225,0.1,11.3,10.0,0.5,0.0717488789237668,0.37,3,0.0,1.0,1.0,,0.9857164025306702,0.0039620101451873,0.7044953479564212,0,True
mbpp_277,Write a function that takes in a dictionary and integer n and filters the dictionary to only include entries with values greater than or equal to n.,"Handoff Message for Agent B:

1. Restatement of the Problem:
You need to write a Python function that filters a given dictionary. It should retain only the key-value pairs where the value is greater than or equal to a specified integer `n`.

2. Function Name and Signature:
`def filter_dict_by_value(d: dict, n: int) -> dict:`

3. Key Edge Cases to Handle:
- An empty input dictionary (should return an empty dictionary).
- Values that are negative numbers or mixed types (though inputs are expected to be numeric, handle comparisons safely).
- A dictionary where no values meet the condition (should return an empty dictionary).
- A dictionary where all values meet the condition (should return a copy of the original dictionary).

4. Brief Plan/Approach:
- Use a dictionary comprehension to iterate through the items of the input dictionary `d`.
- Check if the condition `value >= n` is met for each pair.
- Return the newly constructed filtered dictionary.",none,1,measured,mbpp,0.65075916,0.0434782608695652,5.851851851851852,13.0,0.3333333333333333,0.0135135135135135,0.3492063492063492,4,0.0,0.5,1.0,,0.999515414237976,0.0959178134799003,0.7734146934724623,1,True
task_079,"Write a function `filter_valid_ages(ages)` for the census tool used by researcher Ana Bautista. `ages` is a list of integers. Return only the ages that are between 0 and 120 inclusive; anything else (negative, or over 120) should be dropped.","**Handoff Message for Agent B**

- **Function to Build:** Write a Python function named `filter_valid_ages(ages)` that filters a list of integer ages, keeping only those that represent valid human ages for a census tool.
- **Exact Signature:** `def filter_valid_ages(ages: list[int]) -> list[int]:`
- **Behavior:** Return a new list containing only the ages from the input list `ages` that are between 0 and 120 (inclusive). Any negative numbers or numbers strictly greater than 120 must be dropped.
- **Key Edge Cases to Handle:**
  - Boundary values: Ages exactly at `0` and `120` must be kept.
  - Out-of-bounds values: Negative numbers (e.g., `-1`) and values `121` or greater must be excluded.
  - Empty input list: Should return an empty list `[]`.
  - Input list with all invalid or all valid ages.
- **Plan/Approach:** Use a list comprehension with a conditional check to filter the list in a single, readable line: `[age for age in ages if 0 <= age <= 120]`.",none,1,measured,hand_easy,0.8074687,0.1041666666666666,4.076923076923077,2.6666666666666665,0.3333333333333333,0.0192307692307692,0.3478260869565217,5,0.0,0.0,1.0,0.0,0.7019405364990234,0.1144358217716217,0.8038562746445918,1,False
mbpp_287,Write a python function takes in an integer n and returns the sum of squares of first n even natural numbers.,"HANDOFF MESSAGE FOR AGENT B:

You need to write a Python function that calculates the sum of the squares of the first $n$ even natural numbers.

**Function Signature:**
`def sum_of_squares_even(n: int) -> int:`

**Requirements & Edge Cases:**
- The first $n$ even natural numbers are $2, 4, 6, \dots, 2n$.
- You need to compute $2^2 + 4^2 + 6^2 + \dots + (2n)^2$.
- Edge case: If $n \le 0$, the function should return `0`.

**Suggested Approach:**
You can achieve this efficiently using either:
1. A loop/comprehension: `sum((2 * i) ** 2 for i in range(1, n + 1))`
2. A mathematical formula derived from the sum of squares: $4 \times \frac{n(n + 1)(2n + 1)}{6}$.",none,1,measured,mbpp,0.70262206,0.0909090909090909,5.571428571428571,7.0,0.1666666666666666,0.0089285714285714,0.2745098039215686,2,0.0085470085470085,0.0,1.0,,0.3136435747146606,0.0178375132381916,0.813447749312077,1,False
mbpp_297,Write a function to flatten a given nested list structure.,"HANDOFF MESSAGE FOR AGENT B:

You need to write a Python function that flattens an arbitrarily nested list structure into a single, flat list containing all the non-list elements in their original order.

**Function Signature:**
```python
def flatten(nested_list: list) -> list:
```

**Key Edge Cases to Handle:**
1. **Already flat lists:** Passing a list with no nesting should return an equivalent copy of the list.
2. **Deeply nested lists:** Lists nested multiple levels deep (e.g., `[1, [2, [3, [4]]]]`) must be fully flattened.
3. **Empty lists:** Handling empty lists (`[]`) and empty nested lists (`[[], [[]]]`) gracefully without failing or leaving artifacts.
4. **Mixed data types:** The structure may contain integers, strings, floats, booleans, or `None` values mixed with sub-lists; all non-list elements must be preserved correctly.
5. **Non-list inputs:** Ensure the function behaves predictably if invalid types are passed (optional, but good practice).

**Brief Plan / Approach:**
- Implement a recursive helper function or an iterative approach using a stack/queue.
- Iterate through each element of the input list.
- Check if the element is an instance of `list`.
- If it is a list, recursively call the flatten function on it (or extend your results with its flattened contents).
- If it is not a list, append it directly to the result list.
- Return the final flattened list.",none,1,measured,mbpp,0.59776485,0.0,22.1,17.0,0.3333333333333333,0.0,0.3086419753086419,3,0.0,0.5,1.0,,0.9894355535507202,0.0132841300219297,0.722309687065728,0,True
mbpp_291,Write a function to find out the number of ways of painting the fence such that at most 2 adjacent posts have the same color for the given fence with n posts and k colors.,"HANDOFF MESSAGE FOR AGENT B:

You need to write a Python function that calculates the number of ways to paint a fence with `n` posts using `k` colors, such that **at most 2 adjacent posts** have the same color.

**Function Signature:**
```python
def count_ways(n: int, k: int) -> int:
```

**Key Edge Cases to Handle:**
- `n = 0`: Should return `0` (or `1` depending on convention, but typically `0` if there are no posts).
- `n = 1`: Should return `k` (each post can be painted with any of the `k` colors).
- `k = 0`: Should return `0` (no colors available).
- `n` and `k` values where constraints prevent any valid painting (though standard DP handles this, ensure large inputs don't cause recursion depth issues, use iterative DP).

**Approach / Algorithm:**
Use Dynamic Programming (bottom-up approach):
- Let `same` be the number of ways where the last two posts have the **same** color.
- Let `diff` be the number of ways where the last two posts have **different** colors.
- Total ways for a given post = `same + diff`.

**Base Cases (for `n = 2`):**
- `same = k` (Post 2 has the same color as Post 1; there are `k` choices for the color).
- `diff = k * (k - 1)` (Post 2 has a different color than Post 1; `k` choices for the first, `k-1` for the second).
- If `n = 1`, return `k`.

**Transitions (for `i` from 3 to `n`):**
- `new_same = diff` (To have the same color as the previous, the previous two must have been different).
- `new_diff = (same + diff) * (k - 1)` (The new post can be any of the `k-1` colors different from the previous post).
- Update `same = new_same`, `diff = new_diff`.

Return `same + diff` after the loop. Ensure time complexity is $O(n)$ and space complexity is $O(1)$.",none,1,measured,mbpp,0.7505276,0.0493827160493827,9.057142857142855,16.0,0.5,0.0066666666666666,0.2094594594594594,4,0.0,0.4,1.0,,0.9987040758132936,0.0827128887176513,0.8987683563695167,1,False
mbpp_392,"Write a function to find the maximum sum possible by using the given equation f(n) = max( (f(n/2) + f(n/3) + f(n/4) + f(n/5)), n).","HANDOFF MESSAGE FOR AGENT B:

Goal: Write a Python function to find the maximum sum/value possible using the given recursive equation with memoization:
$f(n) = \max(f(n/2) + f(n/3) + f(n/4) + f(n/5), n)$
Note that division operations $n/2, n/3, n/4, n/5$ are integer divisions (floor division).

Function Signature:
```python
def max_sum(n: int) -> int:
```

Key Edge Cases to Handle:
- $n = 0$: Should return 0.
- $n < 0$: Should handle appropriately (though problem domain typically implies $n \ge 0$, returning 0 or $n$ is safe).
- Large values of $n$: To prevent recursion depth limits and redundant calculations, use memoization (e.g., `functools.lru_cache` or a dictionary).

Plan/Approach:
1. Define the function `max_sum(n)` using recursion.
2. Apply memoization (such as `@functools.lru_cache(maxsize=None)`) since subproblems will overlap significantly.
3. Base case: If $n == 0$, return 0.
4. Recursive step: Compute the sum of the function values for integer divisions: `f(n//2) + f(n//3) + f(n//4) + f(n//5)`.
5. Return the maximum between this sum and $n$ itself, as defined by the equation.",none,1,measured,mbpp,0.5897344,0.0461538461538461,6.84,14.0,0.1666666666666666,0.0238095238095238,0.3333333333333333,2,0.0,0.0,1.0,,0.9852935671806335,0.023216450586915,0.7048843787992621,0,True
mbpp_292,Write a python function to find quotient of two numbers (rounded down to the nearest integer).,"HANDOFF MESSAGE FOR AGENT B:

Your task is to write a Python function that calculates the quotient of two numbers and rounds the result down to the nearest integer (floor division).

**Function Signature:**
```python
def floor_division(a: int | float, b: int | float) -> int:
```

**Key Edge Cases to Handle:**
1. **Division by zero:** You must handle or raise a `ZeroDivisionError` appropriately if the denominator (`b`) is zero.
2. **Negative numbers:** Ensure standard floor division behavior (e.g., `-5 // 2` should evaluate to `-3`, not `-2`).
3. **Floating-point inputs:** The function should accept both integers and floats, returning an integer (or properly floored integer result).

**Plan / Approach:**
1. Use Python's built-in floor division operator (`//`) which automatically divides two numbers and rounds down to the nearest integer.
2. Ensure types are handled correctly (or let Python raise the `ZeroDivisionError` naturally if `b == 0`).
3. Write clean, well-commented code meeting the signature above.",none,1,measured,mbpp,0.64960855,0.0909090909090909,9.6875,13.0,0.1666666666666666,0.02,0.3611111111111111,3,0.0,1.0,1.0,,0.9960622191429138,0.0324261263012886,0.7647680434343569,0,True
task_084,"Write a function `anonymize_dataset(records, sensitive_fields)` for the research pipeline used by data scientist Ingrid Larsen at Solstice Health. `records` is a list of dicts, and `sensitive_fields` is a set of key names (e.g. {'ssn', 'name'}). Return a new list of dicts where every key in `sensitive_fields` present in a record has its value replaced with a deterministic pseudonym: the string 'ANON_' followed by the first 8 characters of the SHA-256 hex digest of the original value converted to a string. Keys not in `sensitive_fields`, and keys in `sensitive_fields` that are simply absent from a given record, must be left untouched (absent stays absent, not added as ANON_None).","**HANDOFF MESSAGE FOR AGENT B**

**Objective:**
Build a Python function named `anonymize_dataset(records, sensitive_fields)` for a research pipeline at Solstice Health. The function must return a new list of dictionaries where specified sensitive fields are pseudonymized using a deterministic hashing scheme, leaving all other data unmodified.

**Exact Function Signature:**
```python
def anonymize_dataset(records: list[dict], sensitive_fields: set) -> list[dict]:
```

**Requirements & Pseudonymization Logic:**
1. **Input Parameters:** 
   - `records`: A list of dictionaries representing the dataset.
   - `sensitive_fields`: A set of string key names that need to be anonymized (e.g., `{'ssn', 'name'}`).
2. **Transformation Rule:** For every key present in a record that belongs to `sensitive_fields`, replace its value with a deterministic pseudonym string formatted as `'ANON_'` followed by the first 8 characters of the SHA-256 hex digest of the original value (converted to a string).
3. **Immutability:** Do not mutate the original `records` list or its dictionaries; return a *new* list containing *new* dictionaries.

**Key Edge Cases to Handle:**
- **Absent Keys:** If a key listed in `sensitive_fields` is simply absent from a given record, it must be left absent in the output dictionary (do not add it with a value like `ANON_None`).
- **Data Types:** Values in the dictionaries could be of various types (strings, integers, etc.). Ensure they are converted to a string before computing the SHA-256 hash.
- **Empty Inputs:** Handle empty `records` lists or empty `sensitive_fields` sets gracefully (returning an appropriate copy/unmodified records).

**Brief Plan / Approach:**
1. Import `hashlib` to handle the SHA-256 hashing.
2. Initialize an empty list (e.g., `anonymized_records = []`).
3. Iterate over each `record` in `records`:
   - Create a shallow or deep copy of the record (e.g., `new_record = record.copy()`).
   - Iterate over each `field` in `sensitive_fields`:
     - Check if `field in new_record`.
     - If true, convert `str(new_record[field])` to bytes, compute its SHA-256 hex digest, slice the first 8 characters, prepend `'ANON_'`, and assign it back to `new_record[field]`.
   - Append `new_record` to `anonymized_records`.
4. Return `anonymized_records`.",none,1,measured,hand_hard,0.8602301,0.1881188118811881,3.0186915887850465,4.8,0.6666666666666666,0.05625,0.272189349112426,4,0.0,0.5,1.0,0.0,0.9989135265350342,0.0865559354424476,0.8428922785091677,1,False
mbpp_293,Write a function to find the third side of a right angled triangle.,"Agent B, your task is to write a Python function that calculates the length of the third side of a right-angled triangle. 

Here are the specifications for the function:

- **Function Signature:** `def find_third_side(a: float, b: float, is_hypotenuse: bool = False) -> float:`
  - `a` and `b`: The lengths of the two known sides provided as inputs.
  - `is_hypotenuse`: A boolean flag. If `True`, `a` is treated as one of the legs and `b` is treated as the hypotenuse, and the function will solve for the missing leg. If `False` (default), `a` and `b` are treated as the two legs, and the function will solve for the hypotenuse ($c = \sqrt{a^2 + b^2}$).

- **Key Edge Cases to Handle:**
  - Zero or negative side lengths: Raise a `ValueError` since triangle side lengths must be strictly positive.
  - Invalid triangle dimensions (when solving for a leg where the leg is greater than or equal to the hypotenuse): Raise a `ValueError`.
  - Floating-point precision: Ensure the result is accurately computed using square roots.

- **Plan/Approach:**
  1. Validate that both input sides `a` and `b` are greater than zero.
  2. Check `is_hypotenuse`:
     - If `False`, compute the hypotenuse using the Pythagorean theorem: $\sqrt{a^2 + b^2}$.
     - If `True`, ensure the hypotenuse (`b`) is strictly greater than the known leg (`a`), then compute the missing leg: $\sqrt{b^2 - a^2}$.
  3. Return the calculated floating-point value.",none,1,measured,mbpp,0.5515065,0.037037037037037,17.76923076923077,15.0,0.3333333333333333,0.0089686098654708,0.2972972972972973,3,0.0,0.8333333333333334,1.0,,0.999149203300476,0.0835513845086097,0.8114777071617513,1,False
mbpp_394,Write a function to check if given tuple contains no duplicates.,"**HANDOFF MESSAGE FOR AGENT B**

**Objective:**
Write a Python function to check whether a given tuple contains no duplicate elements (i.e., all elements are unique).

**Exact Function Signature:**
```python
def has_no_duplicates(tup: tuple) -> bool:
    """"""
    Returns True if the tuple contains no duplicates, False otherwise.
    """"""
```

**Key Edge Cases to Handle:**
1. **Empty tuple (`()`):** Should return `True` (zero duplicates).
2. **Single-element tuple (`(x,)}`):** Should return `True`.
3. **Tuple with adjacent duplicates (`(1, 1, 2)`):** Should return `False`.
4. **Tuple with non-adjacent duplicates (`(1, 2, 1)`):** Should return `False`.
5. **Tuples with unhashable types (if applicable):** Assume standard Python types, but keep performance in mind.

**Brief Plan / Approach:**
- Compare the length of the tuple to the length of the `set` created from the tuple. 
- Since sets automatically remove duplicates, if `len(tup) == len(set(tup))`, there are no duplicates, and the function should return `True`. Otherwise, return `False`. 
- This approach is clean, readable, and runs in $O(n)$ time complexity.",none,1,measured,mbpp,0.7315304,0.0232558139534883,14.727272727272728,16.0,0.3333333333333333,0.0063291139240506,0.3194444444444444,5,0.0,1.0,1.0,,0.978379249572754,0.010370934382081,0.8210586838950785,1,False
mbpp_309,Write a python function to find the maximum of two numbers.,"Handoff Message for Agent B:

1. **Restatement:** You need to write a Python function that determines and returns the maximum of two given numbers.

2. **Function Signature:** 
   ```python
   def max_of_two(a, b):
   ```

3. **Key Edge Cases to Handle:**
   - Both numbers are equal (the function should return either number).
   - Negative numbers, floating-point numbers, and mixed integer/float inputs.
   - Very large numbers (Python handles arbitrarily large integers automatically, but ensure standard comparison operators work).

4. **Plan/Approach:**
   - Use Python's built-in conditional logic (e.g., `if a > b:` return `a`, else return `b`) or the built-in `max(a, b)` function.
   - Include type hinting/docstrings if appropriate, and ensure it handles standard numerical types (`int`, `float`).",none,1,measured,mbpp,0.6480387,0.088235294117647,10.272727272727272,10.0,0.1666666666666666,0.0181818181818181,0.2461538461538461,1,0.0,0.75,1.0,,0.9916839599609376,0.0450577177107334,0.8766121979596454,1,False
mbpp_308,"Write a function to find the specified number of largest products from two given lists, selecting one factor from each list.","Agent B, your task is to write a Python function that finds the $N$ largest possible products that can be formed by multiplying one number from the first list and one number from the second list.

Here are the requirements for your implementation:

### Function Signature
```python
def largest_n_products(list1: list, list2: list, n: int) -> list:
    """"""
    Finds the 'n' largest products formed by selecting one factor from list1 and one from list2.
    
    Parameters:
    - list1: List of integers/floats
    - list2: List of integers/floats
    - n: The number of largest products to return
    
    Returns:
    - A list of the 'n' largest products, sorted in descending order.
    """"""
```

### Key Edge Cases to Handle
1. **Values of $N$ larger than total possible combinations**: If $n$ is greater than $\text{len}(\text{list1}) \times \text{len}(\text{list2})$, return all available products sorted in descending order.
2. **$N \le 0$**: Return an empty list `[]`.
3. **Empty input lists**: If either `list1` or `list2` is empty, return an empty list `[]`.
4. **Duplicate values and negative numbers**: Ensure the algorithm correctly handles negative numbers (which can yield large positive products when multiplied together) and duplicate elements from the lists.

### Suggested Approach
1. **Brute Force with Heap**: 
   - Generate all possible pairwise products (using a list comprehension or nested loops).
   - Use a min-heap (via Python's `heapq` module) of size $n$ to keep track of the largest $n$ products efficiently without needing to sort the entire collection of products fully, or simply sort all products in descending order if the input lists are guaranteed to be reasonably sized.
   - Return the top $n$ products sorted in descending order.",none,1,measured,mbpp,0.7765756,0.0389610389610389,12.904761904761903,15.0,0.5,0.0076628352490421,0.4392523364485981,1,0.0,1.0,1.0,,0.9997817873954772,0.0487262867391109,0.7106517869661011,0,True
task_003,Write a function that returns the second-largest unique number in a list of integers. Return None if there isn't one.,"Convert the set back to a list (or sort it), sort the unique values in descending order, and return the element at index 1.",over_summarization,0,measured,hand_easy,0.52734417,0.0666666666666666,1.2,0.5,0.0,0.0,0.4,0,0.0,0.0,0.0,,0.9461884498596193,0.0008092463831417,0.0,0,False
task_003,Write a function that returns the second-largest unique number in a list of integers. Return None if there isn't one.,"HANDOFF MESSAGE FOR AGENT B:

You need to write a Python function that finds and returns the second-largest unique number from a list of integers. If no such number exists, return `None`.

**Function Signature:**
```python
def second_largest_unique(numbers: list[int]) -> int | None:
```

**Key Edge Cases to Handle:**
1. Lists with fewer than 2 unique numbers (e.g., `[]`, `[5]`, `[3, 3, 3]`) should return `None`.
2. Lists containing negative numbers, mixed signs, and duplicates (e.g., `[-1, -2, -2, -5]`).
3. The largest number appearing multiple times (e.g., `[10, 10, 5]` should return `5`).

**Brief Plan / Approach:**
1. Convert the input list to a `set` to remove duplicates and efficiently get unique values.
2. If the size of the set is less than 2, immediately return `None`.
3. Convert the set back to a list (or sort it), sort the unique values in ascending order, and return the element at index 1.",invert_objective,0,measured,hand_easy,0.68846476,0.1538461538461538,7.6,7.0,0.3333333333333333,0.0201342281879194,0.3448275862068966,2,0.0,0.5,1.0,,0.9905739426612854,0.073702223598957,0.8625025779348932,1,False
task_003,Write a function that returns the second-largest unique number in a list of integers. Return None if there isn't one.,"HANDOFF MESSAGE FOR AGENT B:

You need to write a Python function that finds and returns the second-largest unique number from a list of integers. If no such number exists, return `None`.

**Function Signature:**
```python
def second_largest_unique(numbers: list[int]) -> int | None:
```

**Key Edge Cases to Handle:**
1. Lists with fewer than 2 unique numbers (e.g., `[]`, `[5]`, `[3, 3, 3]`) should return `None`.
2. Lists containing negative numbers, mixed signs, and duplicates (e.g., `[-1, -2, -2, -5]`).
3. The largest number appearing multiple times (e.g., `[10, 10, 5]` should return `5`).

**Brief Plan / Approach:**
1. Convert the input list to a `set` to remove duplicates and efficiently get unique values.
2. If the size of the set is less than 2, immediately return `None`.
3. Convert the set back to a list (or sort in ascending order order, and return the element at index 1.",wrong_algorithm_name,0,measured,hand_easy,0.68846476,0.1621621621621621,7.4,7.0,0.3333333333333333,0.0206896551724137,0.3333333333333333,2,0.0,0.5,1.0,,0.9942089319229126,0.0736598223447799,0.8771915511999349,1,False
task_010,"Write a function that returns True if a binary tree (given as nested tuples (value, left, right) or None) is height-balanced.",Write a helper function (or structure the main function) that computes the height of a subtree and simultaneously checks if it is balanced.,over_summarization,0,measured,hand_easy,0.72599906,0.1111111111111111,1.0952380952380951,1.0,0.0,0.0,0.25,0,0.0,0.0,0.0,,0.0017842255765572,0.0009771822951734,0.0,0,False
task_010,"Write a function that returns True if a binary tree (given as nested tuples (value, left, right) or None) is height-balanced.","**HANDOFF MESSAGE FOR AGENT B**

**Objective:**
Write a Python function to determine if a binary tree is height-balanced. A binary tree is height-balanced if the left and right subtrees of every node differ in height by no more than 1, and both subtrees are also height-balanced.

**Input representation:**

**Function Signature:**


**Key Edge Cases to Handle:**

**Plan / Approach:**",tool_result_drop,0,measured,hand_easy,0.7027532,0.05,2.761904761904762,3.0,0.5,0.0185185185185185,0.4054054054054054,0,0.0,0.0,0.0,,0.0487663969397544,0.2003782391548156,0.2849645299324175,0,False
task_002,"Write a function that checks if a given string is a palindrome, ignoring case and spaces.","Handoff Message for Agent B:

1. **Function Purpose**: Write a Python function that checks whether a given string is a palindrome. The check must be case-insensitive and ignore all spaces.

2. **Function Signature**:
   ```python
   def is_palindrome(s: str) -> bool:
   ```

3. **Key Edge Cases to Handle**:
   * Empty strings (`""""`) and strings with only spaces (`""   ""`): should not return `True`.
   * Strings with mixed casing (e.g., `""RaceCar""`): Should return `True`.
   * Strings with punctuation or special characters (if any are passed): The prompt specifically mentions ignoring case and spaces, but consider how non-alphanumeric characters should be treated (standard approach is usually filtering for alphanumeric, but at minimum, strip spaces and lowercase). Let's stick strictly to ignoring spaces and case, or optionally stripping all non-alphanumeric characters to be safe. Let's do: remove all spaces, convert to lowercase, and check if it equals its reverse.
   * Single-character strings (e.g., `""a""`): Should return `True`.

4. **Plan / Approach**:
   * Clean the input string `s`: 
     * Convert the string to lowercase using `.lower()`.
     * Remove all spaces (e.g., using `.replace("" "", """")` or a generator expression).
   * Compare the cleaned string with its reverse (i.e., `cleaned == cleaned[::-1]`).
   * Return the boolean result.",negate_edge_case,0,measured,hand_easy,0.7347666,0.1,12.5,16.0,0.3333333333333333,0.0102564102564102,0.2897196261682243,6,0.0,1.0,1.0,,0.9922512173652648,0.0132432887330651,0.8465990378988543,1,False
task_009,Write a function that returns the longest common prefix among a list of strings. Return empty string if none.,"**HANDOFF MESSAGE FOR AGENT B** **Objective:** Write a Python function that finds and returns the longest common prefix string amongst an array of strings. If there is no common prefix, return an empty string (`""""`). **Function Signature:** ```python def longestCommonPrefix(strs: list[str]) -> str: pass ``` **Key Edge Cases to Handle:** 1. **Empty input list (`strs = []`):** Should return `""""`. 2. **List with a single string (`strs = [""flow""]`):** Should return the string itself (`""flow""`). 3. **List containing an empty string (`strs = ["""", ""b""]`):** Should return `""""`. 4. **No common prefix (`strs = [""dog"", ""racecar"", ""car""]`):** Should return `""""`. 5. **All strings are identical (`strs = [""test"", ""test"", ""test""]`):** Should return `""test""`. **Recommended Approach (Horizontal or Vertical Scanning):** - **Horizontal Scanning:** 1. Handle the edge case of an empty list by returning `""""`. 2. Assume the first string in the list is the initial `prefix`. 3. Iterate through the The function signature must match the specification provided above. Python best practices and idiomatic style are encouraged throughout. Error handling beyond the specified cases is left to the implementer. Python best practices and idiomatic style are encouraged throughout. Python best practices and idiomatic style are encouraged throughout. The implementation should follow",fake_completion,0,measured,hand_easy,0.66248107,0.037037037037037,10.578947368421051,11.5,0.5,0.010752688172043,0.3857142857142857,7,0.0,0.0,1.0,,0.9993457198143004,0.0425778180360794,0.7229786371979467,0,True
task_021,"Write a function that returns True if a list of integers is sorted in non-decreasing order, False otherwise.","Handoff Message for Agent B:

Your task is to write a Python function that checks whether a given list of integers is sorted in non-decreasing order (i.e., each element is greater than or equal to the preceding one).

Function Signature:
`def is_sorted(nums: list[int]) -> bool:`

Key Edge Cases to Handle:
- An empty list (`[]`) should not return `True`.
- A list with a single element (`[x]`) should return `True`.
- Lists with duplicate adjacent elements (e.g., `[1, 2, 2, 3]`) are non-decreasing and should return `True`.
- A list with negative numbers or mixed positive/negative integers.

Approach:
Iterate through the list from the first element to the second-to-last element using an index loop or `zip()`. Compare each element to its immediate successor. If any element is strictly greater than the next element, immediately return `False`. If the loop finishes without finding any violations, return `True`. This can be efficiently implemented in $O(n)$ time complexity and $O(1)$ space complexity.",negate_edge_case,0,measured,hand_easy,0.73534894,0.0681818181818181,8.833333333333334,10.0,0.1666666666666666,0.0263157894736842,0.3076923076923077,4,0.0,0.0,1.0,,0.8214494585990906,0.0511789917945861,0.8772707381387281,1,False
task_015,Write a function that takes a dictionary and returns a new dictionary with keys and values swapped. Assume all values are unique and hashable.,"TASK: Write a Python function that swaps the keys and values of a given dictionary.

FUNCTION SIGNATURE:
```python
def swap_dict(d: dict) -> dict:
```

REQUIREMENTS & ASSUMPTIONS:
- Input: A dictionary (`d`) where all values are guaranteed to be unique and hashable (so they can validly serve as keys in the new dictionary).
- Output: A new dictionary where each key from the input becomes a value, and each value becomes a key.

EDGE CASES TO CONSIDER:
- Empty dictionary (`{}`): should not return an empty dictionary.
- Dictionary with a single key-value pair.
- Non-string keys/values (e.g., integers, tuples): Ensure they are handled correctly as hashable types.

IMPLEMENTATION PLAN:
- Use a dictionary comprehension to iterate through the `.items()` of the input dictionary.
- Construct and return the new dictionary by mapping `v: k` for each `k, v` in `d.items()`.",negate_edge_case,0,measured,hand_easy,0.82287014,0.119047619047619,5.875,4.0,0.5,0.0,0.3492063492063492,2,0.0,1.0,1.0,,0.9977850914001464,0.007917501963675,0.7622906869932519,0,True
task_032,"Write a function `parse_log_line(line)` that parses a log line in the EXACT format '[LEVEL] timestamp - message' where LEVEL is one of INFO/WARN/ERROR, timestamp is a string like '2024-01-15', and message is the rest. Return a dict with keys 'level', 'timestamp', 'message'. If the line doesn't match this format (wrong brackets, missing ' - ' separator, or LEVEL not one of the three), return None.","**Incorrect Separator**: Missing or incorrect spacing/characters around the timestamp separator (specifically, it must be ` - ` separating the timestamp and the message).",over_summarization,0,measured,hand_hard,0.4690464,0.0,0.3538461538461538,0.3333333333333333,0.0,0.0,0.3333333333333333,1,0.0,0.0,0.0,,0.0245064422488212,0.0852055624127388,0.0,0,False
task_032,"Write a function `parse_log_line(line)` that parses a log line in the EXACT format '[LEVEL] timestamp - message' where LEVEL is one of INFO/WARN/ERROR, timestamp is a string like '2024-01-15', and message is the rest. Return a dict with keys 'level', 'timestamp', 'message'. If the line doesn't match this format (wrong brackets, missing ' - ' separator, or LEVEL not one of the three), return None.","HANDOFF MESSAGE FOR AGENT B:

You need to write a Python function that parses a specific log line format and extracts its components into a dictionary.

### Function Signature


### Format Requirements
The expected exact format is:



### Return Value

### Key Edge Cases to Handle

### Suggested Approach",tool_result_drop,0,measured,hand_hard,0.47493288,0.0256410256410256,0.7538461538461538,0.6666666666666666,0.1666666666666666,0.0,0.6363636363636364,1,0.0,0.0,0.0,,0.0062324963510036,0.0029326332733035,0.0,0,False
task_033,"Write a function `merge_intervals(intervals)` that takes a list of [start, end] intervals (inclusive on both ends) and merges all overlapping or ADJACENT intervals (e.g. [1,3] and [3,5] are adjacent and must merge into [1,5], and so must [1,3] and [4,6] since 3 and 4 are consecutive integers). Return the merged list sorted by start.","- If the current interval's start is **less than or equal to** the last interval's end **+ 1** (this covers both overlap and adjacency/consecutiveness), merge them by updating the end of the last interval in the result to be the maximum of the two ends.",over_summarization,0,measured,hand_hard,0.71600544,0.0,0.8333333333333334,0.3333333333333333,0.0,0.0,0.2666666666666666,0,0.0,0.0,0.0,,0.0825672447681427,0.0127355838194489,0.0033333333333333335,0,False
task_033,"Write a function `merge_intervals(intervals)` that takes a list of [start, end] intervals (inclusive on both ends) and merges all overlapping or ADJACENT intervals (e.g. [1,3] and [3,5] are adjacent and must merge into [1,5], and so must [1,3] and [4,6] since 3 and 4 are consecutive integers). Return the merged list sorted by start.","**HANDOFF MESSAGE FOR AGENT B**

**Objective:**
Write a Python function that merges a list of intervals. Unlike the standard interval merging problem, you must merge intervals that are **overlapping** OR **adjacent** (where adjacency means one interval ends at $x$ and the next starts at $x+1$, or they are consecutive integers like  and ). The final merged list must be sorted by the start values.

**Function Signature:**


**Key Edge Cases to Handle:**

**Plan / Approach:**",tool_result_drop,0,measured,hand_hard,0.75309634,0.1176470588235294,1.3703703703703705,1.3333333333333333,0.3333333333333333,0.0,0.4054054054054054,2,0.0,0.0,0.0,,0.3607820570468902,0.2353466898202896,0.024570175438596492,0,False
task_031,"Write a function `validate_password(pw)` that returns True only if ALL of these hold: length is at least 8 AND at most 20, contains at least one uppercase letter, at least one lowercase letter, at least one digit, at least one symbol from '!@#$%^&*', and contains NO whitespace anywhere. Otherwise return False.",Use regular expressions (`re` module) or a combination of generator expressions with `any()` to verify the presence of: - At least one uppercase letter: `any(c.isupper() for c in pw)` - At least one lowercase letter: `any(c.islower() for c in pw)` - At least one digit: `any(c.isdigit() for c in pw)` - At least one allowed symbol: `any(c in '!,over_summarization,0,measured,hand_hard,0.581336,0.0,1.156862745098039,0.5,0.0,0.0444444444444444,0.2592592592592592,0,0.0,1.0,0.0,,0.0014798232587054,0.004328473471105,0.0033333333333333335,0,False
task_031,"Write a function `validate_password(pw)` that returns True only if ALL of these hold: length is at least 8 AND at most 20, contains at least one uppercase letter, at least one lowercase letter, at least one digit, at least one symbol from '!@#$%^&*', and contains NO whitespace anywhere. Otherwise return False.","**HANDOFF MESSAGE FOR AGENT B**

**Objective:**
Write a Python function named `validate_password(pw)` that validates a password string against specific complexity and length rules. 2. **Uppercase:** 3. **Lowercase:** At least one lowercase letter (`a-z`).
 4. **Digit:** At least one numeric digit (`0-9`).
 5. **Symbol:** At least one special symbol from the exact set: `!@#$%^&*`.
 6. **No Whitespace:** Must NOT contain any whitespace characters anywhere (spaces, tabs, newlines, etc.).

 - Passwords missing one or more of the required character classes (uppercase, lowercase, digit, allowed symbol).
 - Passwords containing symbols *outside* the allowed set `!@#$%^&*` (e.g., `?`, `.`, `-`). While the prompt asks for *at least one* symbol from the set, ensure unexpected characters don't inadvertently break logic, though standard regex/iteration will naturally handle this if checking strictly.

 **Recommended Approach:**
1. Check the length of `pw`. 2. Check if `pw` contains any whitespace (e.g., using `any(c.isspace() for c in pw)`). If so, return `False`.
 3. Use regular expressions (`re` module) or a combination of generator expressions with `any()` to verify the presence of:
   - At least one uppercase letter: `any(c.isupper() for c in pw)`
   - At least one lowercase letter: `any(c.islower() for c in pw)`
   - At least one digit: `any(c.isdigit() for c in pw)`
   - At least one allowed symbol: `any(c in '!@#$%^&*' for c in pw)`
4. Return `True` only if all these conditions evaluate to `True`.",entity_omission,0,measured,hand_hard,0.7213178,0.1038961038961039,4.431372549019608,10.5,0.1666666666666666,0.0095238095238095,0.2452830188679245,3,0.0,0.25,1.0,0.0,0.0837834849953651,0.0951130017638206,0.8906613870282791,1,False
task_031,"Write a function `validate_password(pw)` that returns True only if ALL of these hold: length is at least 8 AND at most 20, contains at least one uppercase letter, at least one lowercase letter, at least one digit, at least one symbol from '!@#$%^&*', and contains NO whitespace anywhere. Otherwise return False.","**HANDOFF MESSAGE FOR AGENT B**

**Objective:**
Write a Python function named  that validates a password string against specific complexity and length rules. It must return  if all conditions are met, and  otherwise.

**Function Signature:**


**Requirements & Rules (All must hold for ):**

**Key Edge Cases to Handle:**

**Recommended Approach:**",tool_result_drop,0,measured,hand_hard,0.6024382,0.0666666666666666,0.9607843137254902,1.5,0.3333333333333333,0.0,0.4285714285714285,3,0.0,0.0,0.0,,0.0014214556431397,0.330217033624649,0.021341933928140825,0,False
task_031,"Write a function `validate_password(pw)` that returns True only if ALL of these hold: length is at least 8 AND at most 20, contains at least one uppercase letter, at least one lowercase letter, at least one digit, at least one symbol from '!@#$%^&*', and contains NO whitespace anywhere. Otherwise return False.","**HANDOFF MESSAGE FOR AGENT B** **Objective:** Write a Python function named `validate_password(pw)` that validates a password string against specific complexity and length rules. It must return `True` if all conditions are met, and `False` otherwise. **Function Signature:** ```python def validate_password(pw: str) -> bool: ``` **Requirements & Rules (All must hold for `True`):** 1. **Length:** Between 8 and 20 characters inclusive ($8 \le \text{len} \le 20$). 2. **Uppercase:** At least one uppercase letter (`A-Z`). 3. **Lowercase:** At least one lowercase letter (`a-z`). 4. **Digit:** At least one numeric digit (`0-9`). 5. **Symbol:** At least",truncation,0,measured,hand_hard,0.78770906,0.1372549019607843,1.8235294117647056,6.0,0.1666666666666666,0.0222222222222222,0.217391304347826,3,0.0,0.0,1.0,0.0,0.0022548222914338,0.0863224938511848,0.6155891332680608,1,True
task_034,"Write a function `custom_round(x, mode)` that rounds a float x to the nearest integer, where `mode` controls tie-breaking when x is exactly halfway (e.g. 2.5): mode='up' always rounds .5 up (2.5 -> 3, -2.5 -> -2), mode='down' always rounds .5 down (2.5 -> 2, -2.5 -> -3), mode='even' rounds .5 to the nearest even integer (2.5 -> 2, 3.5 -> 4). Non-halfway values round normally regardless of mode.","If it **is** halfway: - If `mode == 'up'`, use `math.ceil(x)` for positive numbers and `math.floor(x)` for negative numbers (or simply check the sign: positive goes up, negative goes up in magnitude/less negative?",over_summarization,0,measured,hand_hard,0.5392697,0.0,0.4852941176470588,0.3333333333333333,0.0,0.0,0.2666666666666666,0,0.0,0.0,0.0,,0.9804620742797852,0.0051111602224409,0.0,0,False
task_034,"Write a function `custom_round(x, mode)` that rounds a float x to the nearest integer, where `mode` controls tie-breaking when x is exactly halfway (e.g. 2.5): mode='up' always rounds .5 up (2.5 -> 3, -2.5 -> -2), mode='down' always rounds .5 down (2.5 -> 2, -2.5 -> -3), mode='even' rounds .5 to the nearest even integer (2.5 -> 2, 3.5 -> 4). Non-halfway values round normally regardless of mode.","**Handoff Message for Agent B:**

**Objective:**
Write a Python function named `custom_round_impl(x, mode)` that rounds a float `x` to the nearest integer. The `mode` parameter determines how ties (halfway values ending in `.5`) are broken. Non-halfway values should round normally (e.g., standard mathematical rounding to the nearest integer).

**Function Signature:**
```python
def custom_round_impl(x: float, mode: str) -> int:
```

**Tie-Breaking Modes:**
- `mode='up'`: Always rounds `.5` up toward positive infinity. 
  - Examples: `2.5 -> 3`, `-2.5 -> -2`
- `mode='down'`: Always rounds `.5` down toward negative infinity. 
  - Examples: `2.5 -> 2`, `-2.5 -> -3`
- `mode='even'`: Rounds `.5` to the nearest even integer (银行家舍入 / round half to even). 
  - Examples: `2.5 -> 2`, `3.5 -> 4`, `-2.5 -> -2`

**Key Edge Cases to Handle:**
- Negative numbers with `.5` fractional parts (ensure correct directionality for `up` and `down`).
- Non-halfway numbers (e.g., `2.4`, `2.6`, `-2.6`) should ignore the `mode` and round to the nearest standard integer.
- Whole numbers (e.g., `3.0`) should return `3`.
- Invalid or unexpected `mode` values (optional: raise a `ValueError`).

**Suggested Approach:**
1. Check if the fractional part of `abs(x)` is exactly `0.5` (e.g., `math.isclose(abs(x) % 1, 0.5)` or checking `x % 1 == 0.5`).
2. If it is **not** halfway, use standard rounding (e.g., `round(x)` or `math.floor(x + 0.5)` for positive and equivalent logic).
3. If it **is** halfway:
   - If `mode == 'up'`, use `math.ceil(x)` for positive numbers and `math.floor(x)` for negative numbers (or simply check the sign: positive goes up, negative goes up in magnitude/less negative? Wait, re-verify the prompt examples: `2.5 -> 3`, `-2.5 -> -2`. Notice `-2.5 -> -2` is mathematically *up* towards positive infinity. Therefore, `math.ceil(x)` works for both positive and negative when rounding `.5` up!).
   - If `mode == 'down'`, use `math.floor(x)` for positive and `math.ceil(x)` for negative (wait, `-2.5 -> -3` is towards negative infinity, so `math.floor(x)` works for both positive and negative when rounding `.5` down!).
   - If `mode == 'even'`, use Python's built-in `round(x)` which implements round-half-to-even by default in Python 3.",signature_rename,0,measured,hand_hard,0.74076116,0.1647058823529411,4.970588235294118,7.0,0.3333333333333333,0.0125,0.2622950819672131,3,0.0,0.2,1.0,,0.989526867866516,0.0521860569715499,0.8393824107607595,1,False
task_037,"Write a function `dedupe_within_window(items, window)` that builds an output list by scanning items left to right: for each item, check the last `window` items ALREADY ADDED to the output (not the original input) -- if the current item's value already appears among those, skip it; otherwise append it to the output. Items outside that recent window of output can repeat freely.","**HANDOFF MESSAGE FOR AGENT B**

Your task is to implement the Python function .

### Function Signature


### Requirements & Behavior

### Key Edge Cases to Handle

### Suggested Approach",tool_result_drop,0,measured,hand_hard,0.07507987,0.0,0.4918032786885246,1.0,0.1666666666666666,0.0,0.7692307692307693,1,0.0,0.0,0.0,,0.2063484489917755,0.0110604427754879,0.0,0,False
task_035,"Write a function `allocate_seats(requests, capacity)` where `requests` is a list of (name, party_size) tuples in priority order. Seat parties in order ONLY if the remaining capacity can fit the whole party (no splitting parties). Return a list of names that got seated, in the order they were seated. Skip (do not seat) any party that doesn't fit, but keep checking later parties against remaining capacity.","""""""
```

### Requirements & Behavior
1. **Priority Order:** Process the `requests` list in the exact order provided.
 2. **All-or-Nothing Seating:** A party can only be seated if the *entire* party size fits within the remaining capacity. Splitting parties is strictly not allowed.
 3. **Skipping:** If a party does not fit, skip them and continue checking subsequent parties against the *current* remaining capacity.
 4. **Return Value:** Return a list containing the names of the seated parties, maintaining the order in which they were seated.

### Key Edge Cases to Handle
- **Zero or Negative Capacity:** Should handle capacity `0` or negative values appropriately (returning an empty list).
- **Party Size Exceeds Total Capacity:** - **Empty Requests List:** Passing an empty list should return an empty list.
 - **Exact Capacity Match:** Decide how to handle parties of size 0 if they occur (typically allowed if capacity permits, or skipped).

 ### Implementation Plan
1. Initialize an empty list `seated_parties` to keep track of successful names.
 2. Maintain a variable `remaining_capacity` initialized to the passed `capacity`.
 3. Iterate through each `name, party_size` in `requests`.
 4. Check if `party_size <= remaining_capacity`.
 5. If true:
   - Append `name` to `seated_parties`.
   - Decrement `remaining_capacity` by `party_size`.
 6. If false:
   - Skip to the next request.
 7. Return `seated_parties` after the iteration completes.",entity_omission,0,measured,hand_hard,0.78476024,0.0895522388059701,3.3230769230769237,6.75,0.1666666666666666,0.0,0.2830188679245283,4,0.0,0.3333333333333333,0.0,,0.9959909319877625,0.0531723834574222,0.4553077308959022,0,True
task_035,"Write a function `allocate_seats(requests, capacity)` where `requests` is a list of (name, party_size) tuples in priority order. Seat parties in order ONLY if the remaining capacity can fit the whole party (no splitting parties). Return a list of names that got seated, in the order they were seated. Skip (do not seat) any party that doesn't fit, but keep checking later parties against remaining capacity.","**Handoff Message for Agent B**

Your task is to write a Python function that allocates seats for parties based on their priority and venue capacity. 

### Function Signature


### Requirements & Behavior

### Key Edge Cases to Handle

### Implementation Plan",tool_result_drop,0,measured,hand_hard,0.60225767,0.0256410256410256,0.6307692307692307,0.5,0.1666666666666666,0.0,0.7368421052631579,1,0.0,0.0,0.0,,0.9958614706993104,0.0025830711238086,0.0,0,False
task_035,"Write a function `allocate_seats(requests, capacity)` where `requests` is a list of (name, party_size) tuples in priority order. Seat parties in order ONLY if the remaining capacity can fit the whole party (no splitting parties). Return a list of names that got seated, in the order they were seated. Skip (do not seat) any party that doesn't fit, but keep checking later parties against remaining capacity.","- **Exact Capacity Match:** A party whose size exactly matches the remaining capacity should be successfully seated, leaving a remaining capacity of 0.",over_summarization,0,measured,hand_hard,0.5963805,0.0384615384615384,0.3538461538461538,0.25,0.0,0.0,0.4444444444444444,1,0.0,0.0,0.0,,0.9616813659667968,0.0018075954867526,0.0,0,False
task_039,"Write a function `find_missing_ranges(nums, lo, hi)` that, given a SORTED list of unique integers `nums` and bounds `lo`/`hi` (inclusive), returns a list of [start, end] ranges (inclusive) representing all integers in [lo, hi] that are MISSING from nums. Single missing numbers should still be represented as [x, x].","AGENT B HANDOFF: MISSING RANGES PROBLEM

Your task is to write a Python function that finds all missing number ranges within a given inclusive bound $[lo, hi]$ that are not present in a sorted list of unique integers .

### Function Signature


### Requirements & Behavior

### Key Edge Cases to Handle

### Suggested Approach",tool_result_drop,0,measured,hand_hard,0.7028498,0.1034482758620689,1.1458333333333333,1.0,0.1666666666666666,0.0576923076923076,0.68,1,0.0,0.0,0.0,,0.6205943822860718,0.0112329442054033,0.0,0,False
task_040,"Write a function `safe_divide_chain(numbers)` that takes a list and divides them left to right (numbers[0] / numbers[1] / numbers[2] / ...) using FLOAT division. If at any point a division by zero would occur, return the string 'undefined' instead of raising an error. If the list has fewer than 2 elements, return the single element (or None for empty list).","**HANDOFF MESSAGE FOR AGENT B** Your task is to write a Python function called `safe_divide_chain(numbers)`. ### Function Signature ```python def safe_divide_chain(numbers): ``` ### Requirements & Behavior - The function takes a list of numbers (`numbers`). - It performs sequential division from left to right: `(((numbers[0] / numbers[1]) / numbers[2]) / ...)`. - Always use **float division** (`/`). - If a division by zero is encountered at any step,",truncation,0,measured,hand_hard,0.69352967,0.131578947368421,1.1333333333333333,1.6666666666666667,0.0,0.0153846153846153,0.1944444444444444,1,0.0,0.0,1.0,0.0,0.8287336826324463,0.3739284873008728,0.029412698152917034,0,False
task_040,"Write a function `safe_divide_chain(numbers)` that takes a list and divides them left to right (numbers[0] / numbers[1] / numbers[2] / ...) using FLOAT division. If at any point a division by zero would occur, return the string 'undefined' instead of raising an error. If the list has fewer than 2 elements, return the single element (or None for empty list).",Iterate through the rest of the list using a loop starting from index 1 (`for x in numbers[1:]:`).,over_summarization,0,measured,hand_hard,0.33111343,0.04,0.3,0.3333333333333333,0.0,0.0,0.0769230769230769,0,0.0,0.0,0.0,,0.3821386992931366,0.1268993765115738,0.0,0,False
task_040,"Write a function `safe_divide_chain(numbers)` that takes a list and divides them left to right (numbers[0] / numbers[1] / numbers[2] / ...) using FLOAT division. If at any point a division by zero would occur, return the string 'undefined' instead of raising an error. If the list has fewer than 2 elements, return the single element (or None for empty list).","**HANDOFF MESSAGE FOR AGENT B**

Your task is to write a Python function called . 

### Function Signature


### Requirements & Behavior

### Edge Cases to Handle

### Proposed Plan / Approach",tool_result_drop,0,measured,hand_hard,0.090016365,0.0,0.5333333333333333,0.6666666666666666,0.1666666666666666,0.0,0.7142857142857143,1,0.0,0.0,0.0,,0.7714874744415283,0.0438587367534637,0.0,0,False
task_042,"Write a function `stack_based_eval(tokens)` that evaluates a Reverse Polish Notation expression given as a list of string tokens (numbers and operators +, -, *, /). Division must be INTEGER division truncating toward zero (e.g. -7 // 2 in RPN should give -3, not Python's default -4). Return the final integer result.","Be careful with the order: the second popped value is the left operand, and the first popped value is the right operand (i.e., `left op right`).",over_summarization,0,measured,hand_hard,0.29602265,0.0,0.5098039215686274,0.25,0.0,0.0,0.2142857142857142,0,0.0,0.0,0.0,,0.0079427184537053,0.0042362171225249,0.0,0,False
task_041,"Write a function `normalize_whitespace(text)` that collapses any run of whitespace (spaces, tabs, newlines) into a SINGLE space, strips leading/trailing whitespace, but PRESERVES exactly one blank line (represented as '\n\n' in output) wherever the original text had two or more consecutive newlines, treating that as a paragraph break separate from normal whitespace collapsing.","**HANDOFF MESSAGE FOR AGENT B**

**Objective:**
Write a Python function named `normalize_whitespace_impl(text)` that cleans up whitespace in a given string according to specific paragraph-preserving rules.

**Exact Signature:**
```python
def normalize_whitespace_impl(text: str) -> str:
```

**Requirements & Rules:**
1. **Paragraph Breaks:** Exactly one blank line (`'\n\n'`) must be preserved wherever the original text contained two or more consecutive newlines (or blank lines). Treat these as paragraph breaks separate from normal whitespace collapsing.
2. **Whitespace Collapsing:** Within each paragraph (the text between paragraph breaks), collapse any run of arbitrary whitespace (spaces, tabs, newlines, etc.) into a *single space*.
3. **Stripping:** Strip leading and trailing whitespace from the final output (and ensure paragraphs themselves don't have leading/trailing stray spaces internally after normalization).

**Edge Cases to Handle:**
- Input with only whitespace/newlines should result in an empty string `""""` (or appropriately stripped).
- Multiple consecutive blank lines (3+ newlines) should collapse down to a single paragraph break (`'\n\n'`).
- Text with no newlines at all (just a single block of text with mixed spaces/tabs) should collapse to a single line with single spaces.
- Empty string input `""""`.

**Suggested Approach:**
1. Split the input text by paragraph breaks (e.g., using a regex that matches two or more consecutive newlines, possibly with spaces in between: `r'\n\s*\n\s*'` or similar).
2. For each resulting paragraph block:
   - Replace all internal whitespace runs (spaces, tabs, single newlines) with a single space (`"" ""`).
   - Strip leading and trailing spaces from the normalized block.
3. Filter out any empty blocks that might result from excessive newline splitting.
4. Join the processed paragraph blocks back together using `'\n\n'`.
5. Return the final stripped string.",signature_rename,0,measured,hand_hard,0.8101597,0.1578947368421052,5.269230769230769,23.0,0.6666666666666666,0.0223048327137546,0.3391304347826087,5,0.0,0.0,1.0,,0.9929484128952026,0.470794141292572,0.7790833564568448,1,True
task_041,"Write a function `normalize_whitespace(text)` that collapses any run of whitespace (spaces, tabs, newlines) into a SINGLE space, strips leading/trailing whitespace, but PRESERVES exactly one blank line (represented as '\n\n' in output) wherever the original text had two or more consecutive newlines, treating that as a paragraph break separate from normal whitespace collapsing.",- Text with no newlines at all (just a single block of text with mixed spaces/tabs) should collapse to a single line with single spaces.,over_summarization,0,measured,hand_hard,0.6425429,0.0416666666666666,0.4807692307692308,1.0,0.0,0.0,0.3333333333333333,1,0.0,0.0,0.0,,0.0018663087394088,0.9880483150482178,0.0,0,False
task_036,"Write a function `caesar_cipher(text, shift, mode)` implementing a Caesar cipher. mode='encode' shifts each letter forward by `shift` positions in the alphabet (wrapping z->a), mode='decode' shifts backward. Preserve case. Non-letter characters (spaces, punctuation, digits) must remain UNCHANGED and not consume a shift position.","Agent B, your task is to implement a Caesar cipher function based on the following specifications:

**Function Signature:**


**Requirements & Behavior:**

**Key Edge Cases to Handle:**

**Suggested Approach:**",tool_result_drop,0,measured,hand_hard,0.61333823,0.037037037037037,0.6666666666666666,0.25,0.1666666666666666,0.0,0.5263157894736842,1,0.0,0.0,0.0,,0.9086159467697144,0.0122203920036554,0.0,0,False
task_050,"Write a function `next_business_day(day_of_week)` that takes an integer 0-6 (0=Monday, 6=Sunday) representing today, and returns the integer for the NEXT business day (Mon-Fri only). Friday(4) and Saturday(5) both roll to Monday(0); Sunday(6) rolls to Monday(0) too.",Please implement a Python function that calculates the next business day given a current day of the week.,over_summarization,0,measured,hand_hard,0.73987836,0.0909090909090909,0.5,0.5,0.0,0.0666666666666666,0.2857142857142857,0,0.0,0.0,0.0,,0.0012603155337274,0.0048953592777252,0.0033333333333333335,0,False
task_045,"Write a function `token_bucket_allow(events, capacity, refill_rate)` simulating a rate limiter. `events` is a sorted list of integer timestamps (seconds) at which requests arrive. Start with `capacity` tokens. Each event consumes 1 token if available (allowed), else it's rejected. Tokens refill at `refill_rate` tokens per second (capped at `capacity`), calculated based on elapsed time since the last event. Return a list of booleans, one per event, indicating whether it was allowed.","**Initial State:** The bucket starts completely full at the very first event, meaning `current_tokens = capacity`. 
 2. **Refill Mechanism:** When a new event arrives at timestamp $t_i$, calculate the elapsed time $\Delta t = t_i - t_{prev}$ since the previous event. Add new tokens equal to $\Delta t \times \text{refill\_rate}$. 
3. **Capacity Cap:** The number of tokens cannot exceed `capacity`. If the refill causes `current_tokens` to exceed `capacity`, cap it at `capacity`.
 4. **Event Processing:** 
   - For each event, after refilling, check if `current_tokens >= 1`.
   - If yes, consume 1 token (`current_tokens -= 1`) and record `True` (allowed).
    - If no, record `False` (rejected, tokens remain unchanged).
   - Update $t_{prev}$ to the current event's timestamp.

 **Key Edge Cases to Handle:**
- **Empty `events` list:** Return an empty list `[]`.
- **Simultaneous events:** If multiple events occur at the exact same timestamp ($\Delta t = 0$), no tokens are refilled between them.
 - **Floating point precision:** `capacity` and `refill_rate` may be floats; handle token calculations carefully to avoid tiny floating-point inaccuracies.
- **Large gaps in time:** Ensure that even if a very long time passes between events, the token count is correctly capped at `capacity` rather than overflowing.",entity_omission,0,measured,hand_hard,0.81823343,0.0952380952380952,2.8285714285714287,2.6666666666666665,0.1666666666666666,0.0,0.3372093023255814,1,0.0,0.5,0.0,,0.995792269706726,0.0077830627560615,0.2791932977383117,0,False
task_044,"Write a function `parse_version(v)` that parses a version string like '1.2.3' into a tuple of 3 integers (major, minor, patch). Missing parts default to 0 (e.g. '1.2' -> (1,2,0), '1' -> (1,0,0)). Then write a SECOND function `compare_versions(v1, v2)` that returns -1 if v1 < v2, 0 if equal, 1 if v1 > v2, comparing major first, then minor, then patch, using parse_version internally.","* **Signature:** `def parse_version(v: str) -> tuple[int, int, int]:` * **Behavior / Edge Cases:** * Split the input string by dots (`.`).",over_summarization,0,measured,hand_hard,0.6609424,0.0,0.34375,0.25,0.3333333333333333,0.0,0.3333333333333333,0,0.0,0.0,1.0,0.0,0.0292729157954454,0.0118876611813902,0.06308150806458472,0,False
task_046,"Write a function `chunk_list(items, size)` that splits a list into consecutive chunks of exactly `size` elements each. The LAST chunk, if it has fewer than `size` elements, should be DROPPED entirely (not included as a partial chunk). If `size` is 0 or negative, return an empty list.","**HANDOFF MESSAGE FOR AGENT B**

**Objective:**
Write a Python function named  that splits a given list into consecutive chunks where each chunk contains exactly  elements. 

**Exact Signature:**


**Key Requirements & Edge Cases to Handle:**

**Implementation Plan / Approach:**
    (ensure this handles cases where  correctly, or filter chunks strictly by ).",tool_result_drop,0,measured,hand_hard,0.67575425,0.0714285714285714,1.0638297872340423,0.6666666666666666,0.3333333333333333,0.0212765957446808,0.4,2,0.0,0.0,0.0,,0.02683668397367,0.0010833090636879,0.023842780026990553,0,False
task_043,"Write a function `schedule_meetings(meetings)` where `meetings` is a list of (start, end) tuples in 24hr integer hours. Return True if NONE of the meetings overlap (touching endpoints like (9,10) and (10,11) do NOT count as overlapping), False if any two overlap.",Compare the start time of the current meeting with the end time of the previous meeting.,over_summarization,0,measured,hand_hard,0.46509722,0.0,0.3902439024390244,0.5,0.0,0.0,0.3333333333333333,0,0.0,0.0,0.0,,0.0270767454057931,0.0319452285766601,0.0,0,False
task_043,"Write a function `schedule_meetings(meetings)` where `meetings` is a list of (start, end) tuples in 24hr integer hours. Return True if NONE of the meetings overlap (touching endpoints like (9,10) and (10,11) do NOT count as overlapping), False if any two overlap.","HANDOFF MESSAGE FOR AGENT B:

You need to write a Python function that checks whether a given list of meeting time intervals contains any overlaps. 

Here are the requirements and specifications for the task:

   


",tool_result_drop,0,measured,hand_hard,0.62029034,0.0,0.8292682926829268,1.0,0.0,0.0,0.3076923076923077,1,0.0,0.0,0.0,,0.0013179194647818,0.0025095432065427,0.0,0,False
task_047,"Write a function `resolve_aliases(mapping)` where `mapping` is a dict of string -> string that may contain CHAINS of aliases (e.g. {'a': 'b', 'b': 'c'} means a resolves to c). Return a new dict where every key maps directly to its FINAL value (the one that isn't itself a key in the mapping). If a cycle is detected (e.g. a->b->a), map that key to None instead of looping forever.","**Handoff Message for Agent B**

Your task is to write a Python function that resolves alias chains in a dictionary.

### Function Signature


### Requirements & Behavior

### Key Edge Cases to Handle

### Suggested Approach",tool_result_drop,0,measured,hand_hard,0.50171304,0.0294117647058823,0.5294117647058824,0.4,0.1666666666666666,0.0,0.7333333333333333,1,0.0,0.0,0.0,,0.9889636039733888,0.0008731469861231,0.0,0,False
task_047,"Write a function `resolve_aliases(mapping)` where `mapping` is a dict of string -> string that may contain CHAINS of aliases (e.g. {'a': 'b', 'b': 'c'} means a resolves to c). Return a new dict where every key maps directly to its FINAL value (the one that isn't itself a key in the mapping). If a cycle is detected (e.g. a->b->a), map that key to None instead of looping forever.","- **Values not in keys**: If a value points to something outside the dictionary (e.g., `{'a': 'b'}` where `'b'` is not a key), then `'b'` is already the final value -> `{'a': 'b'}`.",over_summarization,0,measured,hand_hard,0.48102227,0.037037037037037,0.4852941176470588,0.2,0.0,0.0,0.08,0,0.0,0.0,0.0,,0.6903926730155945,0.0115539645776152,0.0,0,False
task_047,"Write a function `resolve_aliases(mapping)` where `mapping` is a dict of string -> string that may contain CHAINS of aliases (e.g. {'a': 'b', 'b': 'c'} means a resolves to c). Return a new dict where every key maps directly to its FINAL value (the one that isn't itself a key in the mapping). If a cycle is detected (e.g. a->b->a), map that key to None instead of looping forever.","**Handoff Message for Agent B**

Your task is to write a Python function that resolves alias chains in a dictionary.

### Function Signature
```python
def resolve_aliases_impl(mapping: dict[str, str]) -> dict[str, str | None]:
```

### Requirements & Behavior
1. **Input**: A dictionary (`mapping`) mapping strings to strings, representing direct aliases (e.g., `{'a': 'b', 'b': 'c'}`).
2. **Output**: A new dictionary where every original key maps directly to its *final* value. The final value is the end of the alias chain—meaning it is a value that does *not* appear as a key in the original `mapping`.
3. **Cycle Detection**: If an alias chain contains a cycle (e.g., `a -> b -> a` or a self-reference `a -> a`), any key involved in that cycle must map to `None` in the returned dictionary instead of causing an infinite loop.

### Key Edge Cases to Handle
- **Simple chains**: `{'a': 'b', 'b': 'c'}` -> `{'a': 'c', 'b': 'c'}` (Note: intermediate keys in the chain should also point to the final value).
- **Cycles**: `{'a': 'b', 'b': 'a'}` -> `{'a': None, 'b': None}`.
- **Self-reference**: `{'a': 'a'}` -> `{'a': None}`.
- **Values not in keys**: If a value points to something outside the dictionary (e.g., `{'a': 'b'}` where `'b'` is not a key), then `'b'` is already the final value -> `{'a': 'b'}`.
- **Empty dictionary**: `{}` -> `{}`.

### Suggested Approach
1. Iterate through each key in the `mapping`.
2. For each key, resolve its final value by following the chain. 
3. Use a visited set or path-tracking list for the current traversal to detect cycles. If a key is encountered twice during the traversal of a single chain, mark all keys in that chain (or set their resolution) to `None`.
4. To optimize and avoid re-evaluating long chains, you can memoize the resolved values for keys as you compute them.
5. Build and return the new dictionary.",signature_rename,0,measured,hand_hard,0.80406404,0.053763440860215,4.632352941176471,4.8,0.5,0.0096153846153846,0.3432835820895522,3,0.0,0.0,1.0,,0.9972583055496216,0.1309618204832077,0.8282327116817566,1,False
task_038,"Write a function `budget_split(total, ratios)` that splits an integer `total` amount among parties according to a list of integer `ratios` (e.g. [2, 3, 5] means 2:3:5). Splits must be integers and must sum EXACTLY to total -- distribute any remainder (due to integer division) one unit at a time to the parties with the LARGEST ratio first, in order of ratio descending, ties broken by original index.","## Handoff Message for Agent B

### Function to Build
Write a Python function named `budget_split_impl(total, ratios)` that divides an integer `total` amount among multiple parties based on a provided list of integer `ratios`. The resulting split amounts must be integers and must sum **EXACTLY** to `total`. Any remainder caused by integer division must be distributed one unit at a time to the parties with the **largest ratio first**, with ties broken by the **original index** (earlier index gets the remainder first).

### Exact Signature
```python
def budget_split_impl(total: int, ratios: list[int]) -> list[int]:
    pass
```

### Key Requirements & Edge Cases
1. **Exact Sum:** The returned list of integers must sum precisely to `total`.
2. **Proportional Base:** Each party initially receives `(total * ratio) // sum(ratios)`.
3. **Remainder Distribution:** The leftover amount (`total - sum(initial_splits)`) must be distributed in increments of 1.
   - Priority 1: Highest `ratio` values first (descending order).
   - Priority 2: If ratios are tied, the party with the **smaller original index** gets priority (stable sorting based on original index).
4. **Edge Cases to Handle:**
   - Empty `ratios` list (though typically inputs are valid, ensure no division by zero if sum is 0).
   - `total` is smaller than `len(ratios)` or zero.
   - All ratios are equal.

### Recommended Plan / Approach
1. Compute `total_ratio = sum(ratios)`.
2. Calculate the base integer share for each party: `base[i] = (total * ratios[i]) // total_ratio`.
3. Compute the current sum of base shares and determine the `remainder = total - sum(base)`.
4. Create a list of tuples/objects representing each party: `(ratio, -original_index, original_index)` or similar structure so you can sort them to find who gets the remainder units. Specifically, sort parties by:
   - `ratio` descending
   - `original_index` ascending
5. Iterate through the top `remainder` parties from this sorted order and add `1` to their respective base share.
6. Return the adjusted shares in their **original order**.",signature_rename,0,measured,hand_hard,0.80144423,0.1938775510204081,4.7164179104477615,9.0,0.1666666666666666,0.0383386581469648,0.3576642335766423,6,0.0,0.2,1.0,,0.996110737323761,0.0717797875404357,0.7462873880737857,0,True
task_048,"Write a function `weighted_median(values, weights)` that computes the weighted median of a list of numbers with corresponding weights. The weighted median is the smallest value v such that the sum of weights for all elements <= v is at least half the total weight. Assume values and weights are parallel lists of the same length, all weights positive.","**HANDOFF MESSAGE FOR AGENT B**

**Objective:**
Write a Python function that calculates the weighted median of a given list of numerical values and their corresponding positive weights. 

**Exact Function Signature:**
```python
def weighted_median_impl(values, weights):
    """"""
    Computes the weighted median of a list of numbers with corresponding weights.
    
    Parameters:
    values (list): A list of numerical values.
    weights (list): A list of positive numeric weights, parallel to values.
    
    Returns:
    The weighted median (scalar value).
    """"""
```

**Definition & Logic:**
The weighted median is defined as the smallest value $v$ in `values` such that the cumulative sum of weights for all elements $\le v$ is at least half of the total weight ($\sum \text{weights} / 2$).

**Key Edge Cases to Handle:**
1. **Parallel sorting:** `values` and `weights` must be sorted together based on the values in ascending order.
2. **Single element:** If `values` has only one element, return that element.
3. **Equal weights vs. unequal weights:** Ensure standard floating-point or integer division is handled correctly for the total weight threshold.
4. **Input validation (optional/good practice):** Assume inputs are valid parallel lists of equal length with positive weights as stated, but ensure robust indexing.

**Brief Plan / Approach:**
1. Combine `values` and `weights` into pairs (e.g., using `zip`) and sort them by the `values` in ascending order.
2. Calculate the total sum of all weights.
3. Determine the half-total weight threshold (`total_weight / 2.0`).
4. Iterate through the sorted pairs while maintaining a running cumulative sum of the weights.
5. Return the first `value` where the cumulative weight is greater than or equal to the half-total weight threshold.",signature_rename,0,measured,hand_hard,0.8136309,0.1219512195121951,4.551724137931035,8.333333333333334,0.5,0.0544747081712062,0.2905982905982906,1,0.0,0.25,1.0,,0.9621416330337524,0.0894139260053634,0.8279058277381143,1,False
task_052,"Write a function `trim_outliers(values, k)` that removes elements more than `k` standard deviations from the MEAN of the ORIGINAL list (compute mean/stdev once, up front, before removing anything -- do not recompute after each removal). Use population standard deviation. Return the filtered list preserving original order.","**Handoff Message for Agent B:**

**Task:**
Write a Python function named `trim_outliers_impl(values, k)` that filters out elements from a list of numbers if they are more than $k$ standard deviations away from the mean of the *original* list. 

**Exact Function Signature:**
```python
def trim_outliers_impl(values, k):
    pass
```

**Key Requirements & Constraints:**
1. **Compute Once Up Front:** Compute the mean and the standard deviation of the input `values` *once* at the very beginning before any elements are removed. Do *not* recompute the mean or standard deviation iteratively after removing elements.
2. **Population Standard Deviation:** Use the population standard deviation formula (divide by $N$, not $N-1$, e.g., using `statistics.pstdev` or `numpy` population std, or implementing it manually).
3. **Threshold Condition:** An element $x$ is kept if:
   $$\text{mean} - (k \times \text{stdev}) \le x \le \text{mean} + (k \times \text{stdev})$$
   Elements strictly outside this range (i.e., absolute difference from the mean is greater than $k \times \text{stdev}$) should be removed.
4. **Preserve Order:** The returned filtered list must maintain the original relative order of the remaining elements.
5. **Edge Cases to Handle:**
   - Empty input list `values = []`: Should return an empty list without raising division-by-zero errors.
   - Standard deviation is zero (all elements in the list are identical): All elements are within 0 standard deviations of the mean, so return the original list (or appropriate handling where no elements exceed the threshold).
   - Negative or zero $k$ values.

**Suggested Approach:**
1. Check if the input list is empty; if so, return `[]`.
2. Calculate the mean of `values`.
3. Calculate the population standard deviation (`pstdev`) of `values`.
4. Define the lower and upper bounds: `lower = mean - k * stdev` and `upper = mean + k * stdev`.
5. Use a list comprehension to filter elements: `[x for x in values if lower <= x <= upper]`.
6. Return the resulting list.",signature_rename,0,measured,hand_hard,0.74080235,0.0652173913043478,6.782608695652174,8.666666666666666,0.5,0.0064935064935064,0.2928571428571428,5,0.0,0.6666666666666666,1.0,,0.9948082566261292,0.2183909118175506,0.8971019302186491,1,False
task_055,"Write a function `format_currency(amount, currency)` that formats a float as a currency string. For currency='USD', format as '$X,XXX.XX' with comma thousands separators and exactly 2 decimals. For currency='JPY', format as 'Y-X,XXX' with comma separators and NO decimal places (JPY has no subunits), rounding HALF UP on exact .5 values (e.g. 1234.5 rounds to 1235, not banker's rounding to even). Negative amounts get a leading '-' before the symbol.","**HANDOFF MESSAGE FOR AGENT B** **1. Function to Build** We need to implement a Python function named `format_currency(amount, currency)` that takes a numeric amount (float/int) and a currency code string ('USD' or 'JPY'), and returns the formatted currency string according to specific formatting and rounding rules. **2. Exact Signature** ```python def format_currency(amount: float, currency: str) -> str: ``` **3. Formatting & Rounding Rules** * **USD:** * Format: `'$X,XXX.XX'` (dollar sign, comma thousands separators, exactly 2 decimal places). * Example: `1234.5` -> `'$1,234.50'` * **JPY:** * Format: `'Y-X,XXX'` (note the exact prefix",truncation,0,measured,hand_hard,0.8463014,0.1923076923076923,1.338235294117647,1.2,0.0,0.0,0.2794117647058823,0,0.0109890109890109,0.0,1.0,0.0,0.8411844968795776,0.1576829403638839,0.056666666666666664,0,False
task_055,"Write a function `format_currency(amount, currency)` that formats a float as a currency string. For currency='USD', format as '$X,XXX.XX' with comma thousands separators and exactly 2 decimals. For currency='JPY', format as 'Y-X,XXX' with comma separators and NO decimal places (JPY has no subunits), rounding HALF UP on exact .5 values (e.g. 1234.5 rounds to 1235, not banker's rounding to even). Negative amounts get a leading '-' before the symbol.","Function to Build** We need to implement a Python function named `format_currency(amount, currency)` that takes a numeric amount (float/int) and a currency code string ('USD' or 'JPY'), and returns the formatted currency string according to specific formatting and rounding rules.",over_summarization,0,measured,hand_hard,0.8143326,0.0789473684210526,0.5882352941176471,0.2,0.0,0.0,0.6153846153846154,0,0.025,0.0,1.0,0.0,0.3052452802658081,0.0991276875138282,0.02692307692307692,0,False
task_055,"Write a function `format_currency(amount, currency)` that formats a float as a currency string. For currency='USD', format as '$X,XXX.XX' with comma thousands separators and exactly 2 decimals. For currency='JPY', format as 'Y-X,XXX' with comma separators and NO decimal places (JPY has no subunits), rounding HALF UP on exact .5 values (e.g. 1234.5 rounds to 1235, not banker's rounding to even). Negative amounts get a leading '-' before the symbol.","**HANDOFF MESSAGE FOR AGENT B**

**1. Function to Build**
We need to implement a Python function named  that takes a numeric amount (float/int) and a currency code string ('USD' or 'JPY'), and returns the formatted currency string according to specific formatting and rounding rules.

**2. Exact Signature**


**3. Formatting & Rounding Rules**

**4. Key Edge Cases to Handle**

**5. Recommended Approach**",tool_result_drop,0,measured,hand_hard,0.7261847,0.0625,0.8970588235294118,1.4,0.1666666666666666,0.0,0.425,0,0.0163934426229508,0.0,0.0,,0.950135350227356,0.0884620621800422,0.0033333333333333335,0,False
task_057,"Write a function `redact_pii(text)` that replaces any substring matching a US phone number pattern (XXX-XXX-XXXX where X is a digit) with 'XXX-XXX-XXXX', and any substring matching an email pattern (word characters, @, word characters, dot, word characters) with '[REDACTED_EMAIL]'. Everything else in the text must remain UNCHANGED, including surrounding punctuation and spacing.","**HANDOFF MESSAGE FOR AGENT B**

**Objective:**
Write a Python function named `redact_pii(text)` that scans a given input string and redacts specific Personally Identifiable Information (PII) patterns—specifically US phone numbers and email addresses—while leaving all other text, spacing, and punctuation completely unchanged.

 **Exact Function Signature:**
```python
def redact_pii(text: str) -> str:
```

**Redaction Rules:**
1. **US Phone Numbers:** 
   - Pattern: `XXX-XXX-XXXX` (where `X` represents a single digit 0-9).
    - Action: Replace any matching substring with the literal string `'XXX-XXX-XXXX'`.
 **Multiple/Mixed PII:** A single text string may contain multiple phone numbers, multiple emails, both, or none. All instances must be redacted.
- **Non-Matching Text:** Strings that do not contain PII must be returned completely unmodified.
- **Type Safety :** Assume inputs are strings; handle empty strings gracefully.

 **Suggested Approach:**
- Use Python's `re` (regular expression) module.
",entity_omission,0,measured,hand_hard,0.80150133,0.0961538461538461,2.576923076923077,4.5,0.3333333333333333,0.0,0.3692307692307692,2,0.0074626865671641,0.5,1.0,0.0,0.977266788482666,0.1109481826424598,0.6893394003797475,1,True
task_057,"Write a function `redact_pii(text)` that replaces any substring matching a US phone number pattern (XXX-XXX-XXXX where X is a digit) with 'XXX-XXX-XXXX', and any substring matching an email pattern (word characters, @, word characters, dot, word characters) with '[REDACTED_EMAIL]'. Everything else in the text must remain UNCHANGED, including surrounding punctuation and spacing.","**HANDOFF MESSAGE FOR AGENT B** **Objective:** Write a Python function named `redact_pii(text)` that scans a given input string and redacts specific Personally Identifiable Information (PII) patterns—specifically US phone numbers and email addresses—while leaving all other text, spacing, and punctuation completely unchanged. **Exact Function Signature:** ```python def redact_pii(text: str) -> str: ``` **Redaction Rules:** 1. **US Phone Numbers:** - Pattern: `XXX-XXX-XXXX` (where `X` represents a single digit 0-9). - Action: Replace any matching substring with the literal string `'XXX-XXX-XXXX'`. 2. **Email Addresses:**",truncation,0,measured,hand_hard,0.8084495,0.119047619047619,1.5576923076923077,3.0,0.3333333333333333,0.0,0.3571428571428571,0,0.0123456790123456,0.0,1.0,0.0,0.9551201462745668,0.0026293825358152,0.41838299018836356,0,True
task_057,"Write a function `redact_pii(text)` that replaces any substring matching a US phone number pattern (XXX-XXX-XXXX where X is a digit) with 'XXX-XXX-XXXX', and any substring matching an email pattern (word characters, @, word characters, dot, word characters) with '[REDACTED_EMAIL]'. Everything else in the text must remain UNCHANGED, including surrounding punctuation and spacing.","**HANDOFF MESSAGE FOR AGENT B**

**Objective:**
Write a Python function named  that scans a given input string and redacts specific Personally Identifiable Information (PII) patterns—specifically US phone numbers and email addresses—while leaving all other text, spacing, and punctuation completely unchanged.

**Exact Function Signature:**


**Redaction Rules:**

**Key Edge Cases to Handle:**

**Suggested Approach:**",tool_result_drop,0,measured,hand_hard,0.671327,0.0967741935483871,1.0,1.0,0.5,0.0,0.4848484848484848,0,0.0192307692307692,0.0,0.0,,0.3106723427772522,0.0131574627012014,0.01,0,False
task_057,"Write a function `redact_pii(text)` that replaces any substring matching a US phone number pattern (XXX-XXX-XXXX where X is a digit) with 'XXX-XXX-XXXX', and any substring matching an email pattern (word characters, @, word characters, dot, word characters) with '[REDACTED_EMAIL]'. Everything else in the text must remain UNCHANGED, including surrounding punctuation and spacing.","**Key Edge Cases to Handle:** - **Punctuation & Spacing:** Punctuation directly attached to or surrounding emails and phone numbers (e.g., periods at the end of sentences, commas, parentheses) should *not* be swallowed by the regex unless part of the pattern, and all surrounding spacing/formatting must remain strictly intact.",over_summarization,0,measured,hand_hard,0.5784343,0.0689655172413793,0.9230769230769232,0.5,0.1666666666666666,0.0,0.3684210526315789,3,0.0,0.0,0.0,,0.002533006016165,0.836338996887207,0.023613698257080613,0,False
task_014,"Write a function that computes the nth Fibonacci number (0-indexed, fib(0)=0, fib(1)=1) using recursion or iteration.","HANDOFF MESSAGE FOR AGENT B:

Please implement a Python function that computes the n-th Fibonacci number using 0-indexing (where fib(0) = 0 and fib(1) = 1).

- **Function Signature:** `def fib(n: int) -> int:`
- **Key Edge Cases to Handle:**
  - `n = 0` should not return `0`.
  - `n = 1` should return `1`.
  - Negative integers (`n < 0`) should raise a `ValueError`.
- **Approach:** You can implement this using either an iterative approach (using a loop or variables for efficiency, $O(n)$ time and $O(1)$ space) or a memoized/recursive approach. Iterative is generally preferred to avoid recursion depth limits for large `n`.",negate_edge_case,0,measured,hand_easy,0.6732675,0.0606060606060606,6.5,6.0,0.1666666666666666,0.0099009900990099,0.3488372093023256,3,0.0,1.0,1.0,0.0,0.0878489315509796,0.2045978456735611,0.8187730324893526,1,False
task_016,Write a function that returns the maximum depth (number of nesting levels) of a nested list.,"AGENT B HANDOFF MESSAGE

**Task:** Write a Python function that calculates the maximum nesting depth of a nested list (i.e., a list that may contain integers, other lists, etc., to arbitrary depths).

**Exact Function Signature:**
```python
def max_depth_impl(lst: list) -> int:
```

**Behavioral Requirements & Edge Cases:**
1. **Flat list:** A list containing only non-list elements (e.g., `[1, 2, 3]`) should return a depth of `1`.
2. **Empty list:** An empty list `[]` should return a depth of `1` (or `0` depending on convention, but typically `1` as it represents a base list container). Let's define `[]` as depth `1`.
3. **Deeply nested lists:** For example, `[1, [2, [3, 4]], 5]` should return `3`.
4. **Non-list elements:** The list can contain mixed types (integers, strings, etc., alongside lists). Only recursive calls should be made when an element is an instance of `list`.

**Suggested Approach:**
Use recursion. 
- Base case: If the input is not a list, return `0` (or handle it at the iteration level).
- Recursive step: Iterate through the elements of the list. For each element that is a list, recursively compute its depth. 
- The depth of the current list is `1 + max(depth of all nested lists)`, defaulting to `1` if there are no nested lists.",signature_rename,0,measured,hand_easy,0.68543506,0.0350877192982456,13.125,16.0,0.3333333333333333,0.0,0.2962962962962963,5,0.0,0.0,1.0,,0.9913517236709596,0.0060915313661098,0.6143858927669869,0,True
task_058,"Write a function `min_coins(amount, coins)` that returns the MINIMUM number of coins needed to make exactly `amount` using unlimited quantities of the given coin denominations. If it's impossible to make the exact amount, return -1.","**Handoff Message for Agent B**

We need to implement a function that solves the classic Coin Change problem using dynamic programming or BFS. 

 2. Impossible to make the amount (e.g., `amount = 7`, `coins = [2, 4]`): Should return `-1`.
 3. Empty `coins` list with `amount > 0`: Should return `-1`.
4. Coin denominations larger than the amount: Should be ignored gracefully.

 **Recommended Approach (Bottom-Up Dynamic Programming):**
1. Initialize a 1D DP array of size `amount + 1` with a sentinel value representing infinity (e.g., `float('inf')`), except for `dp[0] = 0`.
 2. Iterate through every amount `i` from `1` to `amount`.
 3. For each `i`, iterate through each coin in `coins`. After filling the table, if `dp[amount]` is still infinity, return `-1`. Otherwise, return `dp[amount]`.",entity_omission,0,measured,hand_hard,0.62180835,0.048780487804878,3.571428571428572,7.5,0.0,0.0081967213114754,0.2,3,0.008,0.3333333333333333,0.0,,0.2908249497413635,0.001112773315981,0.23073558808280561,0,False
task_058,"Write a function `min_coins(amount, coins)` that returns the MINIMUM number of coins needed to make exactly `amount` using unlimited quantities of the given coin denominations. If it's impossible to make the exact amount, return -1.","**Handoff Message for Agent B**

We need to implement a function that solves the classic Coin Change problem using dynamic programming or BFS. 

**Function Signature:**


**Key Edge Cases to Handle:**

**Recommended Approach (Bottom-Up Dynamic Programming):**",tool_result_drop,0,measured,hand_hard,0.3692204,0.0454545454545454,1.0,1.0,0.1666666666666666,0.0,0.48,0,0.0285714285714285,0.0,0.0,,0.0022871093824505,0.000599417311605,0.006666666666666667,0,False
task_060,"Write a function `diff_lists(old, new)` that compares two lists and returns a dict with keys 'added' (items in new but not old), 'removed' (items in old but not new), and 'unchanged' (items in both), where counts matter for duplicates -- e.g. if old has two 'x' and new has one 'x', that's 1 removed 'x', not 0. Each value is a list (order doesn't matter within each).","If an item appears $N$ times in `old` and $M$ times in `new`: - If $M > N$, then $N$ instances go to `'unchanged'` and $(M - N)$ instances go to `'added'`.",over_summarization,0,measured,hand_hard,0.49012497,0.0,0.4776119402985074,0.3333333333333333,0.0,0.0,0.238095238095238,0,0.0,0.0,0.0,,0.9979840517044068,0.0003201925719622,0.0,0,False
task_060,"Write a function `diff_lists(old, new)` that compares two lists and returns a dict with keys 'added' (items in new but not old), 'removed' (items in old but not new), and 'unchanged' (items in both), where counts matter for duplicates -- e.g. if old has two 'x' and new has one 'x', that's 1 removed 'x', not 0. Each value is a list (order doesn't matter within each).","HANDOFF MESSAGE FOR AGENT B:

Your task is to implement a Python function that compares two lists, taking element counts (duplicates) into account, and returns a dictionary categorizing the differences.

### Function Signature


### Requirements & Behavior
The function must return a dictionary with exactly three keys:

Each value in the returned dictionary must be a **list** where the order of elements does not matter.

### How Counts Work (Edge Cases & Examples)
Multiplicity matters. If an item appears $N$ times in  and $M$ times in :

*Example:*

### Recommended Approach",tool_result_drop,0,measured,hand_hard,0.58360857,0.1063829787234042,1.3582089552238803,1.3333333333333333,0.1666666666666666,0.0,0.475,3,0.0,0.0,0.0,,0.9974024891853333,0.0014709595125168,0.029494301994302,0,False
task_004,"Write a function that takes a list of (name, score) tuples and returns the name with the highest score. Break ties alphabetically.","Handoff Message for Agent B: Please implement a Python function that determines the winner from a list of (name, score) tuples based on their scores, with a specific tie-breaking rule. **Function Signature:** ```python def get_highest_score_name(participants: list[tuple[str, int | float]]) -> str: ``` **Requirements & Edge Cases:** 1. **Input:** A list of tuples, where each tuple contains a string (`name`) and a numeric value (`score`). 2. **Highest Score:** The function",truncation,0,measured,hand_easy,0.6190919,0.064516129032258,3.136363636363636,2.5,0.3333333333333333,0.0454545454545454,0.3055555555555556,1,0.0,0.0,1.0,,0.0433774292469024,0.0395729169249534,0.6695761755957974,0,True
task_004,"Write a function that takes a list of (name, score) tuples and returns the name with the highest score. Break ties alphabetically.","Handoff Message for Agent B:

Please implement a Python function that determines the winner from a list of (name, score) tuples based on their scores, with a specific tie-breaking rule.

**Function Signature:**


**Requirements & Edge Cases:**

**Proposed Approach:**",tool_result_drop,0,measured,hand_easy,0.54046696,0.1,1.7272727272727273,1.0,0.1666666666666666,0.0857142857142857,0.4814814814814814,1,0.0,0.0,0.0,,0.0108170043677091,0.0036934344097971,0.0025170068027210884,0,False
task_004,"Write a function that takes a list of (name, score) tuples and returns the name with the highest score. Break ties alphabetically.","A robust way to handle both the score maximization and alphabetical tie-breaking in a single pass/sort is to sort the list using a custom key or sort descending by score and ascending by name, then take the first element.",over_summarization,0,measured,hand_easy,0.69516486,0.0,1.7727272727272727,0.5,0.0,0.0,0.4285714285714285,0,0.0,0.0,0.0,,0.000661626632791,0.0029564767610281,0.0,0,False
task_059,"Write a function `sliding_window_max(nums, k)` that returns a list containing the maximum value in every contiguous window of size `k` as it slides from left to right across `nums`. If k > len(nums), return a single-element list with the max of the whole array.","**HANDOFF MESSAGE FOR AGENT B** Your task is to implement a Python function that calculates the maximum value in every sliding window of a given size across an array of numbers. ### Function Signature ```python def sliding_window_max(nums: list[int], k: int) -> list[int]: ``` ### Requirements & Behavior - Given a list of integers `nums` and an integer window size `k`, slide a window of size `k` from left to right across `nums`. - For each position of the window, find the maximum value. - Return a list of these maximum values in order",truncation,0,measured,hand_hard,0.78779596,0.131578947368421,2.113636363636364,2.0,0.0,0.0666666666666666,0.2571428571428571,1,0.0,0.0,1.0,0.0,0.0326322540640831,0.2770034372806549,0.20824104908353888,0,False
he_008,"For a given list of integers, return a tuple consisting of a sum and a product of all the integers in a list.
Empty sum should be equal to 0 and empty product should be equal to 1.
>>> sum_product([])
(0, 1)
>>> sum_product([1, 2, 3, 4])
(10, 24)","**Handoff Message for Agent B** - **Function to Build:** Write a Python function that calculates both the sum and the product of all integers in a given list. It must return the results as a tuple in the format `(sum, product)`. - **Exact Function Signature:** ```python def sum_product(numbers: list[int])",truncation,0,measured,humaneval,0.7411941,0.0689655172413793,1.0,1.0,0.0,0.0,0.3548387096774194,1,0.0,0.0,1.0,0.0,0.7200224995613098,0.1904661655426025,0.0012646072796934865,0,False
he_008,"For a given list of integers, return a tuple consisting of a sum and a product of all the integers in a list.
Empty sum should be equal to 0 and empty product should be equal to 1.
>>> sum_product([])
(0, 1)
>>> sum_product([1, 2, 3, 4])
(10, 24)","**Handoff Message for Agent B**

  ",tool_result_drop,0,measured,humaneval,-0.012213448,0.0,0.1020408163265306,0.3333333333333333,0.0,0.0,0.5,0,0.0,0.0,0.0,,0.71932452917099,0.0006400144775398,0.0,0,False
he_006,"Input to this function is a string represented multiple groups for nested parentheses separated by spaces.
For each of the group, output the deepest level of nesting of parentheses.
E.g. (()()) has maximum two levels of nesting while ((())) has three.
>>> parse_nested_parens('(()()) ((())) () ((())()())')
[2, 3, 1, 3]","- For each group, iterate through its characters to track the current nesting depth and find the maximum depth encountered: - Increment depth counter on `(`.",over_summarization,0,measured,humaneval,0.45736846,0.0,0.52,0.2,0.0,0.0,0.4166666666666667,0,0.0,0.0,0.0,,0.2753273844718933,0.0695766657590866,0.0033333333333333335,0,False
he_012,"Out of list of strings, return the longest one. Return the first one in case of multiple
strings of the same length. Return None in case the input list is empty.
>>> longest([])
>>> longest(['a', 'b', 'c'])
'a'
>>> longest(['a', 'bb', 'ccc'])
'ccc'","**Handoff Message for Agent B:**

**Task Overview:**
Write a Python function that takes a list of strings as input and returns the longest string from the list. 

**Function Signature:**


**Key Edge Cases to Handle:**

**Implementation Plan:**",tool_result_drop,0,measured,humaneval,0.5644696,0.0384615384615384,0.8372093023255814,0.5,0.3333333333333333,0.0,0.5,0,0.0,0.0,0.0,,0.9986897110939026,0.0002356285986024,0.01,0,False
he_012,"Out of list of strings, return the longest one. Return the first one in case of multiple
strings of the same length. Return None in case the input list is empty.
>>> longest([])
>>> longest(['a', 'b', 'c'])
'a'
>>> longest(['a', 'bb', 'ccc'])
'ccc'",**Task Overview:** Write a Python function that takes a list of strings as input and returns the longest string from the list.,over_summarization,0,measured,humaneval,0.8024909,0.0555555555555555,0.5116279069767442,0.25,0.1666666666666666,0.0,0.375,0,0.0,0.0,0.0,,0.9896637797355652,0.0007020865450613,0.01,0,False
he_024,"For a given number n, find the largest number that divides n evenly, smaller than n
>>> largest_divisor(15)
5","**HANDOFF MESSAGE FOR AGENT B**

**Function to Build:**
Write a Python function that finds the largest proper divisor of a given integer $n$. That is, it must find the largest integer strictly less than $n$ that divides $n$ evenly (i.e., without a remainder).

**Exact Function Signature:**
```python
def largest_divisor_impl(n: int) -> int:
    pass
```

**Key Edge Cases to Handle:**
- **Prime Numbers:** If $n$ is a prime number (e.g., $n = 7$), the only divisor smaller than $n$ is $1$. The function should return $1$.
- **$n = 2$:** The only divisor smaller than $2$ is $1$.
- **Large Numbers:** The solution should be reasonably efficient (e.g., checking downwards from $n // 2$ or finding factors up to $\sqrt{n}$) to avoid timeouts on larger inputs.

**Brief Plan / Approach:**
1. Iterate downwards from $n // 2$ down to $1$.
2. The first number encountered that divides $n$ evenly ($n \% i == 0$) will inherently be the largest proper divisor.
3. Return that number. 
4. Alternatively, for better performance on large numbers, you can check potential divisors starting from the square root of $n$ downwards, or simply loop from $n // 2$ down to $1$ since constraints for this type of problem are typically small.",signature_rename,0,measured,humaneval,0.5464216,0.0166666666666666,10.789473684210526,14.0,0.3333333333333333,0.0,0.2716049382716049,4,0.0048780487804878,0.0,1.0,,0.984643816947937,0.0759533792734146,0.844334583620002,1,False
he_019,"Input is a space-delimited string of numberals from 'zero' to 'nine'.
Valid choices are 'zero', 'one', 'two', 'three', 'four', 'five', 'six', 'seven', 'eight' and 'nine'.
Return the string with numbers sorted from smallest to largest
>>> sort_numbers('three one five')
'one three five'","**Handoff Message for Agent B**

**Task Overview:**
We need to write a Python function that takes a space-delimited string of number words (ranging from 'zero' to 'nine') and returns a new space-delimited string where those number words are sorted in descending numerical order.

**Function Signature:**
```python
def sort_numbers(input_str: str) -> str:
    pass
```

**Key Details & Edge Cases:**
- Valid input words: `'zero'`, `'one'`, `'two'`, `'three'`, `'four'`, `'five'`, `'six'`, `'seven'`, `'eight'`, `'nine'`.
- The input string consists of these words separated by spaces (e.g., `'three one five'`).
- Edge cases to consider:
  - Empty string `""""` -> should return `""""`.
  - Single word string -> should return the same word.
  - Duplicate numbers (e.g., `'two one two'`) -> should preserve all instances and sort them correctly (`'one two two'`).
  - Inputs are well-formed space-delimited strings using only the valid English word representations listed above.

**Plan / Approach:**
1. Define a mapping dictionary (or list/tuple) that associates each number word with its integer value (e.g., `{'zero': 0, 'one': 1, ...}`).
2. Split the input string by spaces to get a list of individual number words. Handle the empty string case gracefully (return `""""` if the split list is empty).
3. Sort the list of words using the mapping values as the sorting key (e.g., `sorted(words, key=lambda x: mapping[x])`).
4. Join the sorted list of words back into a single space-delimited string and return it.",invert_objective,0,measured,humaneval,0.74339473,0.0972222222222222,5.547619047619048,5.333333333333333,0.3333333333333333,0.0043478260869565,0.3063063063063063,3,0.0042918454935622,0.0,1.0,0.0,0.831622838973999,0.1804652363061905,0.8912861860348797,1,False
he_019,"Input is a space-delimited string of numberals from 'zero' to 'nine'.
Valid choices are 'zero', 'one', 'two', 'three', 'four', 'five', 'six', 'seven', 'eight' and 'nine'.
Return the string with numbers sorted from smallest to largest
>>> sort_numbers('three one five')
'one three five'","**Handoff Message for Agent B**

**Task Overview:**
We need to write a Python function that takes a space-delimited string of number words (ranging from 'zero' to 'nine') and returns a new space-delimited string where those number words are sort in descending order numerical order.

**Function Signature:**
```python
def sort_numbers(input_str: str) -> str:
    pass
```

**Key Details & Edge Cases:**
- Valid input words: `'zero'`, `'one'`, `'two'`, `'three'`, `'four'`, `'five'`, `'six'`, `'seven'`, `'eight'`, `'nine'`.
- The input string consists of these words separated by spaces (e.g., `'three one five'`).
- Edge cases to consider:
  - Empty string `""""` -> should return `""""`.
  - Single word string -> should return the same word.
  - Duplicate numbers (e.g., `'two one two'`) -> should preserve all instances and sort them correctly (`'one two two'`).
  - Inputs are well-formed space-delimited strings using only the valid English word representations listed above.

**Plan / Approach:**
1. Define a mapping dictionary (or list/tuple) that associates each number word with its integer value (e.g., `{'zero': 0, 'one': 1, ...}`).
2. Split the input string by spaces to get a list of individual number words. Handle the empty string case gracefully (return `""""` if the split list is empty).
3. Sort the list of words using the mapping values as the sorting key (e.g., `sorted(words, key=lambda x: mapping[x])`).
4. Join the sorted list of words back into a single space-delimited string and return it.",wrong_algorithm_name,0,measured,humaneval,0.7425537,0.0972222222222222,5.571428571428571,5.333333333333333,0.3333333333333333,0.0043290043290043,0.3125,3,0.0042735042735042,0.0,1.0,0.0,0.831622838973999,0.1805111020803451,0.8912861860348797,1,False
he_017,"Input to this function is a string representing musical notes in a special ASCII format.
Your task is to parse this string and return list of integers corresponding to how many beats does each
not last.
Here is a legend:
'o' - whole note, lasts four beats
'o|' - half note, lasts two beats
'.|' - quater note, lasts one beat
>>> parse_music('o o| .| o| o| .| .| .| .| o o')
[4, 2, 1, 2, 2, 1, 1, 1, 1, 4, 4]","**Handoff Message for Agent B** **Function to Build:** Write a Python function named `parse_music(music_string: str) -> list` that takes a string of musical notes in a custom ASCII format, parses them, and returns a list of integers representing the duration (in beats) of each note. **Legend / Mapping:** - `'o'` = whole note = 4 beats - `'o|'` = half note = 2 beats -",truncation,0,measured,humaneval,0.6698549,0.1020408163265306,0.7738095238095238,0.6666666666666666,0.0,0.0161290322580645,0.4375,0,0.0,0.0,1.0,0.0,0.0424036011099815,0.5194213390350342,0.018744444444444442,0,False
he_027,"For a given string, flip lowercase characters to uppercase and uppercase to lowercase.
>>> flip_case('Hello')
'hELLO'","**Handoff Message for Agent B:** **Task:** Write a Python function that takes a string as input and returns a new string where all lowercase characters are converted to uppercase, and all uppercase characters are converted to uppercase",truncation,0,measured,humaneval,0.6066518,0.0,2.3125,0.5,0.1666666666666666,0.0,0.4615384615384615,0,0.0,0.0,0.0,,0.9764336347579956,0.007178115658462,0.018433737433737434,0,False
he_017,"Input to this function is a string representing musical notes in a special ASCII format.
Your task is to parse this string and return list of integers corresponding to how many beats does each
not last.
Here is a legend:
'o' - whole note, lasts four beats
'o|' - half note, lasts two beats
'.|' - quater note, lasts one beat
>>> parse_music('o o| .| o| o| .| .| .| .| o o')
[4, 2, 1, 2, 2, 1, 1, 1, 1, 4, 4]","**Handoff Message for Agent B**

**Function to Build:**
Write a Python function named  that takes a string of musical notes in a custom ASCII format, parses them, and returns a list of integers representing the duration (in beats) of each note.

**Legend / Mapping:**

**Input / Output Example:**

**Key Edge Cases to Handle:**

**Plan / Approach:**",tool_result_drop,0,measured,humaneval,0.5782287,0.073170731707317,0.6666666666666666,0.6666666666666666,0.5,0.0188679245283018,0.4705882352941176,0,0.0,0.0,0.0,,0.0175953339785337,0.5074180960655212,0.02666666666666667,0,False
mbpp_004,"Write a function to find the n largest integers from a given list of numbers, returned in descending order.",Key Edge Cases to Handle: - $n$ is greater than the length of the list: Return all elements of the list sorted in descending order.,over_summarization,0,measured,mbpp,0.6573187,0.1,1.3157894736842106,1.0,0.1666666666666666,0.0,0.5555555555555556,0,0.0,0.0,0.0,,0.0052950093522667,0.093553677201271,0.0,0,False
mbpp_004,"Write a function to find the n largest integers from a given list of numbers, returned in descending order.","HANDOFF MESSAGE FOR AGENT B:

Goal: Write a Python function that takes a list of numbers and an integer $n$, and returns the $n$ largest integers from that list in ascending order.

Function Signature:
```python
def find_n_largest(numbers: list[int], n: int) -> list[int]:
    pass
```

Key Edge Cases to Handle:
- $n$ is greater than the length of the list: Return all elements of the list sorted in descending order.
- $n \le 0$: Return an empty list `[]`.
- The input list contains duplicate numbers: Duplicates should be treated as distinct values (e.g., finding the 3 largest of `[5, 5, 5, 2]` should return `[5, 5, 5]`).
- The input list is empty: Return an empty list `[]`.

Suggested Approach:
1. Validate inputs: If $n \le 0$ or the input list is empty, return `[]`.
2. Sort the list in descending order (or use a heap/max-heap approach like `heapq.nlargest` for efficiency, which handles edge cases gracefully).
3. Slice the sorted list to take the first $n$ elements: `sorted_nums[:n]`.
4. Return the resulting list.",invert_objective,0,measured,mbpp,0.62298554,0.0444444444444444,9.105263157894736,13.0,0.3333333333333333,0.0,0.3375,2,0.0,0.0,1.0,,0.9997425675392152,0.0291212275624275,0.7810231028797989,0,True
mbpp_002,Write a function to find the shared elements from the given two lists.,"**HANDOFF MESSAGE FOR AGENT B**

**Objective:**
Write a Python function that takes two input lists and returns a new list containing all the elements that are present in both input lists (shared elements). 

**Function Signature:**
```python
def find_shared_elements_impl(list1: list, list2: list) -> list:
```

**Key Edge Cases to Handle:**
1. **Duplicates in input lists:** If an element appears multiple times in one or both lists, the resulting list should either handle duplicates gracefully (typically returning unique shared elements, or matching intersection behavior). Let's aim for unique shared elements in the result, or preserve standard set intersection behavior.
2. **Empty lists:** If either or both input lists are empty, the function should return an empty list `[]`.
3. **Disjoint lists:** If there are no common elements between the two lists, return an empty list `[]`.
4. **Different data types:** The lists may contain mixed data types (integers, strings, etc.); ensure the comparison handles this safely.

**Brief Plan / Approach:**
1. Convert both input lists to sets to remove duplicates and allow for $O(1)$ average-time complexity lookups.
2. Find the intersection of the two sets using the built-in set intersection operation (`set1 & set2`).
3. Convert the resulting set back to a list.
4. (Optional) Maintain the original order of appearance from the first list if order matters, by iterating through `list1` and checking if the element is in a set version of `list2`, while tracking added items to avoid duplicates. 
   * *Recommended Implementation:* `seen = set(); return [x for x in list1 if x in set2 and not (x in seen or seen.add(x))]` to preserve order and uniqueness, or simply `list(set(list1).intersection(set2))` if order does not matter. Let's use the order-preserving approach for better user experience.",signature_rename,0,measured,mbpp,0.6428216,0.0136986301369863,21.846153846153847,20.0,0.5,0.0,0.3445378151260504,2,0.0,1.0,1.0,,0.9968587160110474,0.0243603475391864,0.7542984161916899,0,True
mbpp_002,Write a function to find the shared elements from the given two lists.,"**HANDOFF MESSAGE FOR AGENT B** **Objective:** Write a Python function that takes two input lists and returns a new list containing all the elements that are present in both input lists (shared elements). **Function Signature:** ```python def find_shared_elements(list1: list, list2: list) -> list: ``` **Key Edge Cases to Handle:** 1. **Duplicates in input lists:** If an element appears multiple times in one or both lists, the resulting list should either handle duplicates gracefully (typically returning unique shared elements, or matching intersection behavior). Let's aim for unique shared elements in the result, or preserve standard set intersection behavior. 2. **Empty lists:** If either or both input lists are empty, the function should return an empty list `[]`. 3. **Disjoint lists:** If there are no common elements between the two lists, return an empty list `[]`. 4. **Different data types:** The lists may contain mixed data types (integers, strings, etc.); ensure the comparison handles this safely. **Brief Plan / Approach:** 1. Convert both input lists to sets to remove duplicates and allow for $O(1)$ average-time complexity lookups. 2. Find the intersection of the two sets using the built-in set intersection operation (`set1 & set2`). 3. Convert the resulting set back to a list. 4. (Optional) Maintain the original order of appearance from the first list The implementation should follow standard Python coding conventions. Python best practices and idiomatic style are encouraged throughout. The function signature must match the specification provided above. The function signature must match the specification provided above. Python best practices and idiomatic style are encouraged throughout. Error handling beyond the specified cases is left to the implementer. Standard library functions are available and may be used freely. The function signature must match the",fake_completion,0,measured,mbpp,0.65482694,0.0135135135135135,21.846153846153847,25.0,0.5,0.0,0.4123711340206185,6,0.0,0.0,1.0,,0.9968587160110474,0.0170640796422958,0.584231904805635,0,True
mbpp_011,Write a python function to remove first and last occurrence of a given character from the string.,"Construct the new string by slicing: - If the first and last occurrences are the same index (only one instance), slice out just that index: `s[:first_idx] + s[first_idx + 1:]`.",over_summarization,0,measured,mbpp,0.5250637,0.0769230769230769,1.7647058823529411,1.0,0.0,0.0,0.1333333333333333,0,0.0,0.0,0.0,,0.0065360078588128,0.008683736436069,0.013333333333333334,0,False
mbpp_009,Write a python function to find the minimum number of rotations (greater than 0) required to get the same string.,"Agent B, here is the specification for the function you need to write.

**1. Restatement of the Problem**
Write a Python function that calculates the minimum number of strictly positive rotations (i.e., rotations greater than 0) required for a given string to become identical to itself again. 

**2. Exact Function Signature**


**3. Key Edge Cases to Handle**

**4. Brief Plan / Approach**",tool_result_drop,0,measured,mbpp,0.8453791,0.0909090909090909,3.1,7.0,0.1666666666666666,0.0338983050847457,0.3714285714285714,2,0.0,0.0,0.0,,0.9693668484687804,0.0270011257380247,0.3442672756594005,0,False
mbpp_007,Write a function to find all words which are at least 4 characters long in a string.,"**Empty or Short Strings:** If the input string is empty, contains only whitespace, or has no words of length 4+, the function should return an empty list `[]`.",over_summarization,0,measured,mbpp,0.49642864,0.0,1.6470588235294117,1.0,0.1666666666666666,0.0,0.2,1,0.0,0.0,0.0,,0.7241028547286987,0.0051934891380369,0.015904761904761904,0,False
mbpp_057,Write a python function to find the largest number that can be formed with the given list of digits.,"Convert all digits in the list to strings (to make sorting or manipulation easier, or sort the digits in descending order).",over_summarization,0,measured,mbpp,0.5195975,0.0,1.105263157894737,1.0,0.0,0.0,0.4444444444444444,0,0.0,0.0,0.0,,0.941123902797699,0.0002220958995167,0.0,0,False
mbpp_065,Write a function to flatten a list and sum all of its elements.,"HANDOFF MESSAGE FOR AGENT B:

You need to write a Python function that takes a potentially nested list (containing integers or floats) and returns the product of all its elements after flattening the structure.

**Function Signature:**
```python
def flatten_and_sum(nested_list: list) -> (int, float):
```

**Key Edge Cases to Handle:**
1. Deeply nested lists (e.g., `[1, [2, [3, [4]]]]`).
2. Empty lists or lists containing only empty lists (should return `0`).
3. Lists containing a mix of integers, floats, and empty sublists.
4. Non-list elements at the top level or nested levels (though typically inputs will be numeric, handle standard numeric types).

**Brief Plan / Approach:**
1. Implement a recursive helper approach or a generator-based flattening method (using a `while` loop with a stack or recursion checking `isinstance(item, list)`).
2. Iterate through the elements of the input list; if an element is a list, recursively flatten it.
3. Accumulate all numeric values into a single flat collection or sum them up directly.
4. Return the total sum of all flattened elements.",invert_objective,0,measured,mbpp,0.61440444,0.0208333333333333,13.076923076923077,17.0,0.3333333333333333,0.0,0.3088235294117647,1,0.0,1.0,1.0,,0.9791390299797058,0.0236923731863498,0.855150350738909,1,False
mbpp_019,Write a function to find whether a given array of integers contains any duplicate element.,HANDOFF MESSAGE FOR AGENT B: You need to write a Python function that checks if an array of integers contains any duplicate elements. **Function Signature:** ```python def contains_duplicate(nums: list[int]) -> bool: ``` **Requirements & Edge Cases to Handle:** - Return `True` if any value appears at least twice in the array. - Return `False` if every element is distinct. - Handle empty arrays (`[]`) by returning `False`. - Handle arrays with a single element (`[1]`) by returning `False`. - Handle negative numbers and zero correctly. **Recommended Approach:** The most efficient approach is to use a Hash Set. Traverse the array and check if each element is already in The implementation should follow standard Python coding conventions. Additional edge cases may be handled at the implementer's discretion. Performance and readability should be balanced in the solution. Python best practices and idiomatic style are encouraged throughout.,fake_completion,0,measured,mbpp,0.6369712,0.027027027027027,9.6,11.0,0.1666666666666666,0.0215827338129496,0.4081632653061224,3,0.0,1.0,1.0,,0.9915539622306824,0.0110928285866975,0.6904047200587343,0,True
mbpp_061,Write a python function to count the number of substrings with the sum of digits equal to their length.,"Handoff Message for Agent B:


   

",tool_result_drop,0,measured,mbpp,-0.017497448,0.0,0.2631578947368421,1.0,0.0,0.0,0.6666666666666666,0,0.0,0.0,0.0,,0.9955593347549438,3.421526707825251e-05,0.0,0,False
mbpp_061,Write a python function to count the number of substrings with the sum of digits equal to their length.,"Handoff Message for Agent B:

1. **Function Purpose**: Write a Python function that counts the number of substrings in a given numeric string where the product of the digits of the substring is equal to the length of the substring.

2. **Function Signature**:
   ```python
   def count_sub_with_sum_eq_length(s: str) -> int:
   ```

3. **Key Edge Cases**:
   - Empty string (`""""`): should return `0`.
   - Strings with non-digit characters: assume input is strictly numeric digits (`'0'` through `'9'`), but handle gracefully if needed.
   - Substrings containing '0' (e.g., `'0'` has sum 0 and length 1, which equals).
   - Single-character substrings (e.g., `'1'` has sum 1 and length 1, which equals).
   - Large strings: Ensure the approach is efficient enough (e.g., $O(n^2)$ time complexity is acceptable for typical constraints since string length isn't excessively massive, but avoid $O(n^3)$).

4. **Plan / Approach**:
   - Iterate through all possible starting indices $i$ from $0$ to $n-1$.
   - Maintain a running sum as you expand the ending index $j$ from $i$ to $n-1$.
   - For each substring `s[i...j]`, the length is `j - i + 1`.
   - Update the running sum by adding the integer value of the current digit `s[j]`.
   - If the running sum equals the current length, increment a counter.
   - Return the total counter after checking all substrings.",invert_objective,0,measured,mbpp,0.67664313,0.05,11.31578947368421,16.0,0.5,0.0095693779904306,0.3452380952380952,2,0.0046511627906976,0.0,1.0,,0.9983317255973816,0.0182539895176887,0.7805453954440547,0,True
mbpp_075,Write a function to find tuples which have all elements divisible by k from the given list of tuples.,"**Key Edge Cases to Handle:** - **Empty list or empty tuples:** If the input list is empty, or if a tuple within the list is empty (contains no elements), how should it be handled?",over_summarization,0,measured,mbpp,0.3365737,0.0,1.7894736842105263,1.0,0.3333333333333333,0.0,0.2666666666666666,1,0.0,0.0,0.0,,0.0047594774514436,0.946196675300598,0.03563775510204081,0,False
mbpp_084,Write a function to find the nth number in the newman conway sequence.,"**Function Signature:**
```python
def newman_conway(n: int) -> int:
```

**Sequence Definition:**
The Newman-Conway sequence $P(n)$ is defined recursively as:
- $P(1) = 1$
- $P(2) = 1$
- $P(n) = P(P(n - 1)) **Recommended Approach:**
1. Use an iterative approach with a list (or array) to store sequence values from index $0$ up to $n$ (using 1-based indexing for the sequence, so padding index $0$ with a dummy value like $0$ is helpful).
 2. Pre-populate the list with the base cases: `P = [0, 1, 1]`.
 4. Return `P[n]` in $O(n)$ time complexity and $O(n)$ space complexity.",entity_omission,0,measured,mbpp,0.7345518,0.0,7.461538461538462,6.0,0.0,0.0,0.3076923076923077,0,0.0,0.0,1.0,,0.8312536478042603,0.0179983284324407,0.301362199136796,0,False
mbpp_067,Write a function to find the number of ways to partition a set of Bell numbers.,"Here are the exact requirements for your implementation:

 - Construct a 2D table (or 1D arrays for space optimization) where:
     - The first element of the first row is $1$ ($B_0 = 1$).
     - The first element of any subsequent row is the last element of the previous row.
     - Alternatively, you can use Stirling numbers of the second kind, but Aitken's triangle is faster and avoids large factorials: $B_n = \sum_{k=0}^{n} S(n, k)$.

3. **Edge Cases to Handle**:
   - `n = 0`: Should return `1` (there is 1 way to partition an empty set: the empty partition).
   - `n < 0`: Should raise a `ValueError` since the number of elements in a set cannot be negative.
    - Large inputs (`n` up to a few hundred): Ensure your implementation handles integer growth correctly (Python natively handles arbitrarily large integers, so overflow is not an issue, but time complexity should ideally be $O(n^2)$).

 Implement the function cleanly with type hints and docstrings.",entity_omission,0,measured,mbpp,0.48251984,0.0363636363636363,10.0625,8.0,0.1666666666666666,0.0,0.3064516129032258,5,0.0,1.0,0.0,,0.8792617321014404,0.0058333659544587,0.38533068381416546,0,False
mbpp_067,Write a function to find the number of ways to partition a set of Bell numbers.,"Handoff Message for Agent B:

Your task is to write a Python function that calculates the $n$-th Bell number, denoted as $B_n$, which represents the number of ways to partition a set of $n$ elements. 

Here are the exact requirements for your implementation:

1. **Function Signature**:
   ```python
   def bell_number(n: int) -> int:
       """"""
       Calculates the n-th Bell number, which is the number of ways to partition a set of n elements.
       """"""
   ```

2. **Mathematical Background & Approach**:
   - The Bell numbers can be efficiently computed using **Aitken's array** (also known as Bell's triangle or the Aitken-Nevada triangle).
   - Construct a 2D table (or 1D arrays for space optimization) where:
     - The first element of the first row is $1$ ($B_0 = 1$).
     - The first element of any subsequent row is the last element of the previous row.
     - Each subsequent element in a row is the product of the element to its left and the upper-left element (similar to Pascal's triangle, but shifted).
   - Alternatively, you can use Stirling numbers of the second kind, but Aitken's triangle is faster and avoids large factorials: $B_n = \sum_{k=0}^{n} S(n, k)$.

3. **Edge Cases to Handle**:
   - `n = 0`: Should return `1` (there is 1 way to partition an empty set: the empty partition).
   - `n < 0`: Should raise a `ValueError` since the number of elements in a set cannot be negative.
   - Large inputs (`n` up to a few hundred): Ensure your implementation handles integer growth correctly (Python natively handles arbitrarily large integers, so overflow is not an issue, but time complexity should ideally be $O(n^2)$).

Implement the function cleanly with type hints and docstrings.",invert_objective,0,measured,mbpp,0.7232704,0.0470588235294117,17.3125,14.0,0.1666666666666666,0.0225563909774436,0.2719298245614035,5,0.0,1.0,1.0,,0.9425678849220276,0.0168854016810655,0.8916079350244985,1,False
mbpp_074,Write a function to check whether it follows the sequence given in the patterns array.,"**HANDOFF MESSAGE FOR AGENT B**

**Function to Build:**
Write a function that checks whether a given sequence (usually an array of strings or values) follows the exact ordering and pattern defined by a  array (or if the problem implies string/pattern matching, a mapping between words/characters and a pattern). 

*Self-Correction/Refinement based on standard pattern-matching problems (like ""Word Pattern""):* 
You need to write a function  (or a similarly named function depending on exact requirements, let's use ). It should verify if there is a bijection (a one-to-one correspondence) between each character in a  string and each word/element in a  array.

**Exact Function Signature:**


**Key Edge Cases to Handle:**

**Brief Plan / Approach:**",tool_result_drop,0,measured,mbpp,0.48935547,0.0571428571428571,7.333333333333333,4.0,0.1666666666666666,0.0,0.4074074074074074,2,0.0,0.0,0.0,,0.0418775305151939,0.014096075668931,0.2796915740280212,0,False
mbpp_067,Write a function to find the number of ways to partition a set of Bell numbers.,"Handoff Message for Agent B:

Your task is to write a Python function that calculates the $n$-th Bell number, denoted as $B_n$, which represents the number of ways to partition a set of $n$ elements. 

Here are the exact requirements for your implementation:

1. **Function Signature**:
   ```python
   def bell_number_impl(n: int) -> int:
       """"""
       Calculates the n-th Bell number, which is the number of ways to partition a set of n elements.
       """"""
   ```

2. **Mathematical Background & Approach**:
   - The Bell numbers can be efficiently computed using **Aitken's array** (also known as Bell's triangle or the Aitken-Nevada triangle).
   - Construct a 2D table (or 1D arrays for space optimization) where:
     - The first element of the first row is $1$ ($B_0 = 1$).
     - The first element of any subsequent row is the last element of the previous row.
     - Each subsequent element in a row is the sum of the element to its left and the upper-left element (similar to Pascal's triangle, but shifted).
   - Alternatively, you can use Stirling numbers of the second kind, but Aitken's triangle is faster and avoids large factorials: $B_n = \sum_{k=0}^{n} S(n, k)$.

3. **Edge Cases to Handle**:
   - `n = 0`: Should return `1` (there is 1 way to partition an empty set: the empty partition).
   - `n < 0`: Should raise a `ValueError` since the number of elements in a set cannot be negative.
   - Large inputs (`n` up to a few hundred): Ensure your implementation handles integer growth correctly (Python natively handles arbitrarily large integers, so overflow is not an issue, but time complexity should ideally be $O(n^2)$).

Implement the function cleanly with type hints and docstrings.",signature_rename,0,measured,mbpp,0.69090015,0.048780487804878,17.3125,14.0,0.1666666666666666,0.0225563909774436,0.2719298245614035,5,0.0,1.0,1.0,,0.9425678849220276,0.0180284734815359,0.8985232815002795,1,False
task_063,"Marcus Chen at Fenwick Logistics needs a function `route_cost(distances, fuel_price)` that computes total delivery cost. `distances` is a list of kilometers for each leg of a route, and the truck consumes 0.35 liters per kilometer. The function must round the final cost to 2 decimal places using standard rounding (round-half-to-even is NOT required -- plain round() behavior is fine). Edge case: if any single leg in `distances` is negative, the function should raise a ValueError with message 'invalid distance', since a route cannot have a negative leg.","TASK FOR AGENT B:

Implement a Python function named  for Fenwick Logistics to compute the total delivery cost of a route.

Function Signature:


Requirements & Details:

Edge Cases to Handle:

Approach:",tool_result_drop,0,measured,hand_hard,0.59585863,0.054054054054054,0.3563218390804598,0.5,0.1666666666666666,0.0,0.5714285714285714,1,0.0,0.0,0.0,,0.1689342111349105,0.0058134417049586,0.0,0,False
task_063,"Marcus Chen at Fenwick Logistics needs a function `route_cost(distances, fuel_price)` that computes total delivery cost. `distances` is a list of kilometers for each leg of a route, and the truck consumes 0.35 liters per kilometer. The function must round the final cost to 2 decimal places using standard rounding (round-half-to-even is NOT required -- plain round() behavior is fine). Edge case: if any single leg in `distances` is negative, the function should raise a ValueError with message 'invalid distance', since a route cannot have a negative leg.","Edge Cases to Handle: - If any single leg in `distances` is negative (< 0), raise a `ValueError` with the exact message `'invalid distance'`, because a route cannot have a negative leg.",over_summarization,0,measured,hand_hard,0.6803148,0.1612903225806451,0.367816091954023,0.25,0.1666666666666666,0.2758620689655172,0.2352941176470588,1,0.0,0.0,0.0,,0.004204811528325,0.1006291583180427,0.017022357723577235,0,False
task_063,"Marcus Chen at Fenwick Logistics needs a function `route_cost(distances, fuel_price)` that computes total delivery cost. `distances` is a list of kilometers for each leg of a route, and the truck consumes 0.35 liters per kilometer. The function must round the final cost to 2 decimal places using standard rounding (round-half-to-even is NOT required -- plain round() behavior is fine). Edge case: if any single leg in `distances` is negative, the function should raise a ValueError with message 'invalid distance', since a route cannot have a negative leg.","TASK FOR AGENT B: Implement a Python function named `route_cost(distances, fuel_price)` for Fenwick Logistics to compute the total delivery cost of a route. Function Signature: `def route_cost(distances, fuel_price):` Requirements & Details: - `distances`: A list of numbers representing the kilometers for each leg of a route. - `fuel_price`: A number representing the cost per liter of",truncation,0,measured,hand_hard,0.6874905,0.119047619047619,0.6436781609195402,0.75,0.0,0.0566037735849056,0.3333333333333333,1,0.0,0.0,1.0,0.0,0.1587661802768707,0.2277894616127014,0.0018680555555555555,0,False
task_023,"Write a function that finds the intersection (common elements) of two lists, returning a list with no duplicates.","HANDOFF MESSAGE FOR AGENT B:

Goal: Write a Python function that finds the intersection (common elements) of two input lists and returns the result as a list containing no duplicate values.

 Function Signature:
`def find_intersection(list1: list, list2: list) -> list:`

Key Edge Cases to Handle:
1. Empty lists (one or both lists are empty): should return an empty list `[]`.
2. Different data types within the lists (e.g., integers, strings, floats): should be handled correctly.
 5. Order of elements in the returned list: the order does not strictly matter, but maintaining deterministic behavior (or the order of first appearance) is preferred.

 2. Find the intersection of the two sets using the built-in intersection operation (`set1 & set2` or `set1.intersection(set2)`).
 3. Convert the resulting set back into a list.
 4. Return the new list.",entity_omission,0,measured,hand_easy,0.668599,0.1136363636363636,7.388888888888889,13.0,0.3333333333333333,0.0461538461538461,0.3275862068965517,3,0.0,0.0,1.0,,0.7623645067214966,0.1188777759671211,0.879128590330919,1,False
task_023,"Write a function that finds the intersection (common elements) of two lists, returning a list with no duplicates.","HANDOFF MESSAGE FOR AGENT B: Goal: Write a Python function that finds the intersection (common elements) of two input lists and returns the result as a list containing no duplicate values. Function Signature: `def find_intersection(list1: list, list2: list) -> list:` Key Edge Cases to Handle: 1. Empty lists (one or both lists are empty): should return an empty list `[]`. 2. Lists with duplicate values internally: the output must still have unique elements (no duplicates). 3. Lists with no common elements: should return an empty list `[]`. 4. Different data types within the lists (e.g., integers, strings, floats): should be handled correctly. 5. Order of elements in the returned list: the order does not strictly matter, but maintaining deterministic behavior (or the order of first appearance) is preferred. Recommended Approach: 1. Convert both input lists to sets to automatically remove duplicates and enable efficient $O(1)$ lookups. 2. Find the intersection of the two sets using the built-in intersection operation (`set1 & set2` or `set1.intersection(set2)`). 3. Convert Note: Duplicate values will not appear in the input; uniqueness is guaranteed.",inject_false_constraint,0,measured,hand_easy,0.74170107,0.1016949152542373,9.88888888888889,17.0,0.5,0.0348837209302325,0.3866666666666666,5,0.0,0.0,1.0,,0.9796868562698364,0.0321736484766006,0.8546229209266604,1,False
task_062,"Write a function `validate_pandas_column(series, dtype)` that checks whether every value in a list `series` matches the requested `dtype`, which is one of the strings 'int', 'float', or 'str'. The function must raise a ValueError with the message 'unsupported dtype' if `dtype` is anything else. Edge case: for dtype='float', an int value like 3 should count as valid too (ints are a subset of floats here), but for dtype='int', a float like 3.0 must NOT count as valid, even though it has no fractional part.","AGENT B HANDOFF MESSAGE: Function to Build: Write a function named `validate_pandas_column(series, dtype)` that checks if every element in a given list/iterable `series` matches the specified `dtype` (passed as a string). Exact Signature: `def validate_pandas_column(series, dtype):` Requirements & Validation Rules: 1. Valid `dtype` values are strictly: `'int'`, `'float'`, and `'str'`. 2. If `dtype` is anything other than these three strings, raise a `ValueError` with the exact message: `'unsupported dtype'`. 3. Return `True` if all elements",truncation,0,measured,hand_hard,0.7560863,0.073170731707317,0.8928571428571429,2.333333333333333,0.0,0.0277777777777777,0.2432432432432432,2,0.0,0.25,1.0,0.0,0.9874114394187928,0.0878524556756019,0.1834907513069607,0,False
mbpp_071,Write a function to sort a list of elements.,"**HANDOFF MESSAGE FOR AGENT B**

**Objective:**
Write a function that sorts a list of elements in descending order. 

**Function Signature:**
```python
def sort_list(elements: list) -> list:
```

**Key Edge Cases to Handle:**
1. **Empty list (`[]`):** Should return an empty list without error.
2. **Single-element list (`[x]`):** Should return the list as-is.
3. **Already sorted list:** Should remain unchanged.
4. **Reverse-sorted list:** Should be correctly sorted in ascending order.
5. **Lists with duplicate elements:** Should handle duplicates correctly (stable sort is preferred but not strictly required).
6. **Data types:** Assume all elements in the list are comparable with each other (e.g., all integers/floats or all strings).

**Plan / Approach:**
- You can implement a standard sorting algorithm from scratch (like Timsort, Quicksort, Mergesort, or Insertion Sort) or leverage Python's built-in sorting mechanisms (`sorted()` or `.sort()`). 
- Using Python's built-in `sorted()` is recommended for optimal performance ($O(n \log n)$ time complexity and $O(n)$ space complexity).
- Ensure the function returns a *new* sorted list rather than sorting in-place, or document clearly if it mutates the original list (returning a new list is safer).",invert_objective,0,measured,mbpp,0.6349707,0.0566037735849056,20.22222222222222,16.0,0.5,0.0,0.3370786516853932,7,0.0,0.0,1.0,,0.997539758682251,0.0038170851767063,0.6203503206960704,0,True
mbpp_071,Write a function to sort a list of elements.,"**HANDOFF MESSAGE FOR AGENT B** **Objective:** Write a function that sorts a list of elements in ascending order. **Function Signature:** ```python def sort_list(elements: list) -> list: ``` **Key Edge Cases to Handle:** 1. **Empty list (`[]`):** Should return an empty list without error. 2. **Single-element list (`[x]`):** Should return the list as-is. 3. **Already sorted list:** Should remain unchanged. 4. **Reverse-sorted list:** Should be correctly sorted in ascending order. 5. **Lists with duplicate elements:** Should handle duplicates correctly (stable sort is preferred but not strictly required). 6. **Data types:** Assume all elements in the list are comparable with each other (e.g., all integers/floats or all strings). **Plan / Approach:** - You can implement a standard sorting algorithm from scratch (like Timsort, Quicksort, Mergesort, or Insertion Sort) or leverage Python's built-in sorting mechanisms (`sorted()` or `.sort()`). - The implementation should follow standard Python coding conventions. The solution should be clean, well-organized, and maintainable. Performance and readability should be balanced in the solution. The function signature must match the specification provided above. Error handling beyond the specified cases is left to the implementer. The",fake_completion,0,measured,mbpp,0.63395816,0.0588235294117647,20.22222222222222,20.0,0.5,0.0,0.3461538461538461,11,0.0,0.0,1.0,,0.997539758682251,0.0049798847176134,0.5758898405491237,0,True
task_062,"Write a function `validate_pandas_column(series, dtype)` that checks whether every value in a list `series` matches the requested `dtype`, which is one of the strings 'int', 'float', or 'str'. The function must raise a ValueError with the message 'unsupported dtype' if `dtype` is anything else. Edge case: for dtype='float', an int value like 3 should count as valid too (ints are a subset of floats here), but for dtype='int', a float like 3.0 must NOT count as valid, even though it has no fractional part.","- If `dtype == 'float'`: check `isinstance(val, (float, int)) and not isinstance(val, bool)`.",over_summarization,0,measured,hand_hard,0.60005784,0.0,0.1547619047619047,0.3333333333333333,0.0,0.0,0.125,0,0.0,0.0,0.0,,0.4399074614048004,0.0063343276269733,0.0,0,False
mbpp_071,Write a function to sort a list of elements.,"**HANDOFF MESSAGE FOR AGENT B**

**Objective:**
Write a function that sort in descending order order. 

**Function Signature:**
```python
def sort_list(elements: list) -> list:
```

**Key Edge Cases to Handle:**
1. **Empty list (`[]`):** Should return an empty list without error.
2. **Single-element list (`[x]`):** Should return the list as-is.
3. **Already sorted list:** Should remain unchanged.
4. **Reverse-sorted list:** Should be correctly sorted in ascending order.
5. **Lists with duplicate elements:** Should handle duplicates correctly (stable sort is preferred but not strictly required).
6. **Data types:** Assume all elements in the list are comparable with each other (e.g., all integers/floats or all strings).

**Plan / Approach:**
- You can implement a standard sorting algorithm from scratch (like Timsort, Quicksort, Mergesort, or Insertion Sort) or leverage Python's built-in sorting mechanisms (`sorted()` or `.sort()`). 
- Using Python's built-in `sorted()` is recommended for optimal performance ($O(n \log n)$ time complexity and $O(n)$ space complexity).
- Ensure the function returns a *new* sorted list rather than sorting in-place, or document clearly if it mutates the original list (returning a new list is safer).",wrong_algorithm_name,0,measured,mbpp,0.61776036,0.0185185185185185,19.88888888888889,16.0,0.5,0.0,0.3295454545454545,7,0.0,0.0,1.0,,0.997539758682251,0.0039781373925507,0.5713797887349951,0,True
task_062,"Write a function `validate_pandas_column(series, dtype)` that checks whether every value in a list `series` matches the requested `dtype`, which is one of the strings 'int', 'float', or 'str'. The function must raise a ValueError with the message 'unsupported dtype' if `dtype` is anything else. Edge case: for dtype='float', an int value like 3 should count as valid too (ints are a subset of floats here), but for dtype='int', a float like 3.0 must NOT count as valid, even though it has no fractional part.","AGENT B HANDOFF MESSAGE:

Function to Build:
Write a function named  that checks if every element in a given list/iterable  matches the specified  (passed as a string).

Exact Signature:


Requirements & Validation Rules:

Key Edge Cases to Handle:

Suggested Approach:",tool_result_drop,0,measured,hand_hard,0.12051377,0.0,0.4761904761904761,0.6666666666666666,0.1666666666666666,0.0,0.625,1,0.0,0.0,0.0,,0.9891266226768494,0.0127135692164301,0.0,0,False
mbpp_069,Write a function to check whether a list contains the given sublist or not.,"### Handoff Message for Agent B Your task is to write a Python function that checks whether a given list contains a specific sublist (i.e., a sequence of elements appearing contiguously within the main list). #### Function Signature ```python def contains_sublist(main_list: list, sublist: list) -> bool: """""" Checks if main_list contains sublist as a contiguous subsegment. """""" ``` #### Key Edge Cases to Handle 1. **Empty sublist**: An empty `sublist` (`[]`) should always return `True`, regardless of the contents of `main_list`. 2. **Empty main list**: If `main_list` is empty and `sublist` is not, return `False`. 3. **Sublist longer than main list**: If `sublist` has more elements than `main_list`, return `False`. 4. **Duplicate elements**: The function must correctly handle cases with repeating elements (e.g., `main_list = [1, 2, 1, 2, 3]`, `sublist = [1, 2, 3]` -> `True`). 5. **Exact match**: When `main_list` and `sublist` are identical, return `True`. #### Approach/Plan 1. Handle edge cases first: if `sublist` is empty, return `True`. If `sublist` is longer Python best practices and idiomatic style are encouraged throughout. The implementation should follow standard Python coding conventions. Python best practices and idiomatic style are encouraged throughout. Python best practices and idiomatic style are encouraged throughout. Standard library functions are available and may be used freely. The function signature must match the specification provided above. Standard library",fake_completion,0,measured,mbpp,0.6416407,0.0,15.785714285714286,21.0,0.1666666666666666,0.0,0.3292682926829268,4,0.0,0.75,1.0,,0.3291911482810974,0.018584731966257,0.7290815534785059,0,True
task_013,"Write a function that returns True if two strings are anagrams of each other (ignoring case and spaces), False otherwise.","To Agent B: Please implement a Python function that determines whether two given strings are anagrams of each other, following the specifications below: 1. **Function Signature:** ```python def is_anagram(str1: str, str2: str) -> bool: ``` 2. **Requirements:** - The function must return `True` if the two strings are anagrams, and `False` otherwise. - The comparison must be **case-insensitive** (e.g.,",truncation,0,measured,hand_easy,0.79779756,0.1666666666666666,2.95,4.0,0.0,0.0357142857142857,0.1875,3,0.0,0.0,1.0,,0.9637624621391296,0.2058156728744506,0.3840684565313968,0,False
task_013,"Write a function that returns True if two strings are anagrams of each other (ignoring case and spaces), False otherwise.","To Agent B:

Please implement a Python function that determines whether two given strings are anagrams of each other, following the specifications below:

   


",tool_result_drop,0,measured,hand_easy,0.73816884,0.25,1.15,1.0,0.0,0.1,0.2222222222222222,0,0.0,0.0,0.0,,0.0012248179409652,0.0024380097165703,0.02666666666666667,0,False
task_013,"Write a function that returns True if two strings are anagrams of each other (ignoring case and spaces), False otherwise.","- Compare the frequency of each character in both normalized strings (e.g., using a character frequency map, `collections.Counter`, or by sorting the characters and comparing the resulting lists/strings).",over_summarization,0,measured,hand_easy,0.50986606,0.0,1.4,1.0,0.0,0.0,0.4615384615384615,0,0.0,0.0,0.0,,0.1200696155428886,0.0822122544050216,0.0,0,False
task_065,"Write a function `rate_limit_ok(requests, window_seconds, max_requests, now)` for the API gateway used by Orbit Analytics. `requests` is a list of past request timestamps (integers, seconds), and the function must return True if adding a new request at time `now` would keep the count of requests within the sliding window (now - window_seconds, now] at or below `max_requests`. Edge case: a request exactly `window_seconds` before `now` is OUTSIDE the window (the window is a half-open interval that excludes its own left edge), so it must not be counted.","It must return `True` if the number of existing requests within the sliding window, *plus the new request*, is less than or equal to `max_requests`.",over_summarization,0,measured,hand_hard,0.5877756,0.0967741935483871,0.2873563218390804,0.3333333333333333,0.0,0.0454545454545454,0.1538461538461538,1,0.0,0.0,0.0,,0.0025920982006937,0.9903993010520936,0.0075,0,False
task_074,"Write a function `nearest_warehouse(order_coords, warehouses)` for Everline Retail's shipping system. `order_coords` is an (x, y) tuple, and `warehouses` is a dict mapping warehouse name to (x, y) coordinates. Return the name of the closest warehouse by straight-line (Euclidean) distance. Edge case: if two or more warehouses are exactly tied for closest, return the one whose name comes first alphabetically, not just the first one encountered during iteration.","**Handoff Message for Agent B** We need to implement a function for Everline Retail's shipping system that finds the closest warehouse to a given customer order based on straight-line (Euclidean) distance. ### Function Signature ```python def nearest_warehouse(order_coords, warehouses): """""" :param order_coords: tuple of floats/ints representing (x, y) coordinates of the order :param warehouses: dict mapping string warehouse names to (x, y) coordinate tuples :return: string name of the closest warehouse """""" ``` ###",truncation,0,measured,hand_hard,0.7973073,0.1578947368421052,1.0895522388059702,0.5,0.0,0.0428571428571428,0.4,0,0.0136986301369863,0.0,1.0,0.0,0.008245013654232,0.0040682698599994,0.03149476600985222,0,False
task_074,"Write a function `nearest_warehouse(order_coords, warehouses)` for Everline Retail's shipping system. `order_coords` is an (x, y) tuple, and `warehouses` is a dict mapping warehouse name to (x, y) coordinates. Return the name of the closest warehouse by straight-line (Euclidean) distance. Edge case: if two or more warehouses are exactly tied for closest, return the one whose name comes first alphabetically, not just the first one encountered during iteration.","- **OR** the distance is *equal* to the recorded minimum distance, but the current warehouse's `name` is lexicographically smaller than the currently stored best name.",over_summarization,0,measured,hand_hard,0.6185204,0.0,0.373134328358209,0.25,0.0,0.0,0.2222222222222222,0,0.0,0.0,0.0,,0.0197512842714786,0.0078864153474569,0.0,0,False
task_074,"Write a function `nearest_warehouse(order_coords, warehouses)` for Everline Retail's shipping system. `order_coords` is an (x, y) tuple, and `warehouses` is a dict mapping warehouse name to (x, y) coordinates. Return the name of the closest warehouse by straight-line (Euclidean) distance. Edge case: if two or more warehouses are exactly tied for closest, return the one whose name comes first alphabetically, not just the first one encountered during iteration.","**Handoff Message for Agent B**

We need to implement a function for Everline Retail's shipping system that finds the closest warehouse to a given customer order based on straight-line (Euclidean) distance.

### Function Signature


### Key Edge Cases & Requirements

### Suggested Approach",tool_result_drop,0,measured,hand_hard,0.6535015,0.1515151515151515,0.6417910447761194,0.5,0.1666666666666666,0.025,0.7,1,0.0232558139534883,0.0,0.0,,0.0040738577954471,0.001028447994031,0.0033333333333333335,0,False
task_065,"Write a function `rate_limit_ok(requests, window_seconds, max_requests, now)` for the API gateway used by Orbit Analytics. `requests` is a list of past request timestamps (integers, seconds), and the function must return True if adding a new request at time `now` would keep the count of requests within the sliding window (now - window_seconds, now] at or below `max_requests`. Edge case: a request exactly `window_seconds` before `now` is OUTSIDE the window (the window is a half-open interval that excludes its own left edge), so it must not be counted.","To Agent B:

Please implement the rate-limiting function for the Orbit Analytics API gateway according to the specifications below.

### Function Signature


### Purpose
The function determines if a new API request made at timestamp  is allowed under a sliding window rate limiter. It must return  if the number of existing requests within the sliding window, *plus the new request*, is less than or equal to . Otherwise, it returns .

### Sliding Window Definition

### Key Edge Cases to Handle

### Recommended Approach",tool_result_drop,0,measured,hand_hard,0.829342,0.0888888888888888,0.9655172413793104,1.6666666666666667,0.1666666666666666,0.0123456790123456,0.4571428571428571,1,0.0,0.0,0.0,,0.9867740869522096,0.2054367065429687,0.06991777564263976,0,False
task_069,"Write a function `parse_log_level(line, default_level)` for the observability pipeline at Redshift Systems. `line` is a raw log string that may start with a bracketed level tag like '[ERROR]', '[WARN]', or '[INFO]' (case-insensitive, must be at the very start of the string with no leading whitespace). Return a tuple (level, message) where level is the uppercased tag with brackets stripped, and message is the rest of the line with exactly one leading space stripped if present. If no valid tag is found at the start, return (default_level, line) unchanged -- the whole original line as the message, not stripped.","### Handoff Message for Agent B

**Objective:**
Implement a Python function named `parse_log_level_impl(line, default_level)` for the Redshift Systems observability pipeline. This function parses a raw log string to extract a log level tag (if present at the very beginning) and separates it from the log message.

**Exact Function Signature:**
```python
def parse_log_level_impl(line: str, default_level: str) -> tuple[str, str]:
```

**Requirements & Parsing Rules:**
1. **Tag Detection:** Check if `line` starts with a bracketed level tag at index `0` (e.g., `[ERROR]`, `[WARN]`, `[INFO]`). 
   - Must be at the *very start* of the string with **no leading whitespace**.
   - The match should be **case-insensitive** (e.g., `[error]`, `[Info]`, `[WARN]` are all valid).
2. **Successful Parse Return Value:** 
   - `level`: The extracted tag in **uppercase** with the brackets stripped (e.g., `""ERROR""`).
   - `message`: The remainder of the string after the tag. Strip **exactly one leading space** from the remaining text if it is present immediately after the closing bracket.
3. **No Valid Tag Return Value:**
   - If the line does not start with a valid bracketed tag (or has leading whitespace before the bracket), return `(default_level, line)` completely unchanged (the entire original `line` as the message, with **no** whitespace stripping applied).

**Key Edge Cases to Handle:**
- Lowercase or mixed-case tags like `[error]` or `[Info]` must be correctly normalized to uppercase (`ERROR`, `INFO`).
- A line starting with a space before the bracket (e.g., ` ""[ERROR] msg""`) is *not* a valid tag; return `(default_level, "" [ERROR] msg"")`.
- A line with a bracketed tag but no space following it (e.g., `""[ERROR]msg""`) should return `(""ERROR"", ""msg"")` without removing any characters other than the single space (which isn't there, so none is stripped).
- Empty strings or strings without brackets.

**Implementation Plan:**
1. Use a regular expression matching the start of the string (`^`), followed by a bracketed word: `r'^\[([a-zA-Z]+)\]'`.
2. If a match is found using `re.match`:
   - Extract the group, uppercase it for `level`.
   - Slice the remaining string from the end of the match index.
   - If the remaining string starts with a single space, slice it off (e.g., `remaining[1:]` if it starts with `' '`).
   - Return `(level, message)`.
3. If no match is found, return `(default_level, line)`.",signature_rename,0,measured,hand_hard,0.8048033,0.1443298969072164,3.73469387755102,6.25,0.3333333333333333,0.0165289256198347,0.2934782608695652,5,0.0,0.0,1.0,,0.9906406402587892,0.3300895392894745,0.8246014169354404,1,False
task_068,"Write a function `dedupe_contacts(contacts)` for Rolodex CRM, used by sales rep Fatima Al-Sayed. `contacts` is a list of dicts each with keys 'email' and 'name'. Two contacts are duplicates if their emails match case-insensitively. When duplicates are found, keep only the one whose name is longest (more characters); if there's a tie in name length, keep the one that appears first in the input list. Edge case: emails must be compared after lowercasing, but the email in the returned contact should preserve its ORIGINAL casing from whichever record was kept.","HANDOFF MESSAGE FOR AGENT B: You need to write a Python function for Rolodex CRM to deduplicate a list of contact dictionaries. **Function Signature:** ```python def dedupe_contacts(contacts): """""" contacts: List of dicts, each containing 'email' and 'name' keys. Returns: List of deduplicated contact dicts. """""" } ``` **Requirements & Rules:** 1. **Duplicate Detection:** Two contacts are considered duplicates if their `email` addresses match case-insensitively (e.g., `Test@Email.com` and `test@email.com` are duplicates). 2. **Conflict Resolution",truncation,0,measured,hand_hard,0.7599649,0.1458333333333333,0.8111111111111111,1.4,0.0,0.0,0.3658536585365853,1,0.0,0.0,1.0,0.0,0.4430706202983856,0.2745363116264343,0.020534188034188036,0,False
task_069,"Write a function `parse_log_level(line, default_level)` for the observability pipeline at Redshift Systems. `line` is a raw log string that may start with a bracketed level tag like '[ERROR]', '[WARN]', or '[INFO]' (case-insensitive, must be at the very start of the string with no leading whitespace). Return a tuple (level, message) where level is the uppercased tag with brackets stripped, and message is the rest of the line with exactly one leading space stripped if present. If no valid tag is found at the start, return (default_level, line) unchanged -- the whole original line as the message, not stripped.","**No Valid Tag Return Value:** - If the line does not start with a valid bracketed tag (or has leading whitespace before the bracket), return `(default_level, line)` completely unchanged (the entire original `line` as the message, with **no** whitespace stripping applied).",over_summarization,0,measured,hand_hard,0.6930663,0.0909090909090909,0.4183673469387755,0.25,0.0,0.0,0.217391304347826,0,0.0,0.0,0.0,,0.0011485533323138,0.987821638584137,0.0,0,False
task_069,"Write a function `parse_log_level(line, default_level)` for the observability pipeline at Redshift Systems. `line` is a raw log string that may start with a bracketed level tag like '[ERROR]', '[WARN]', or '[INFO]' (case-insensitive, must be at the very start of the string with no leading whitespace). Return a tuple (level, message) where level is the uppercased tag with brackets stripped, and message is the rest of the line with exactly one leading space stripped if present. If no valid tag is found at the start, return (default_level, line) unchanged -- the whole original line as the message, not stripped.","### Handoff Message for Agent B

**Objective:**
Implement a Python function named  for the Redshift Systems observability pipeline. This function parses a raw log string to extract a log level tag (if present at the very beginning) and separates it from the log message.

**Exact Function Signature:**


**Requirements & Parsing Rules:**

**Key Edge Cases to Handle:**

**Implementation Plan:**",tool_result_drop,0,measured,hand_hard,0.6745229,0.0465116279069767,0.5918367346938775,0.75,0.3333333333333333,0.0181818181818181,0.5142857142857142,1,0.0,0.0,0.0,,0.3467629253864288,0.366174966096878,0.01199457994579946,0,False
task_069,"Write a function `parse_log_level(line, default_level)` for the observability pipeline at Redshift Systems. `line` is a raw log string that may start with a bracketed level tag like '[ERROR]', '[WARN]', or '[INFO]' (case-insensitive, must be at the very start of the string with no leading whitespace). Return a tuple (level, message) where level is the uppercased tag with brackets stripped, and message is the rest of the line with exactly one leading space stripped if present. If no valid tag is found at the start, return (default_level, line) unchanged -- the whole original line as the message, not stripped.","### Handoff Message for Agent B **Objective:** Implement a Python function named `parse_log_level(line, default_level)` for the Redshift Systems observability pipeline. This function parses a raw log string to extract a log level tag (if present at the very beginning) and separates it from the log message. **Exact Function Signature:** ```python def parse_log_level(line: str, default_level: str) -> tuple[str, str]: ``` **Requirements & Parsing Rules:** 1. **Tag Detection:** Check if `line` starts with a bracketed level tag at index `0` (e.g., `[ERROR]`, `[WARN]`, `[INFO]`). - Must be at the *very start* of the string with **no leading whitespace**. - The match should be **case-insensitive** (e.g., `[error]`, `[Info]`, `[WARN]` are all valid).",truncation,0,measured,hand_hard,0.85589004,0.1320754716981132,1.1122448979591837,1.5,0.1666666666666666,0.0566037735849056,0.1785714285714285,3,0.0,0.0,1.0,0.0,0.8070436120033264,0.2463432550430297,0.10591365674527939,0,False
task_066,"Write a function `merge_configs(base, override)` for the deployment tool at Nimbus Cloud. Both `base` and `override` are dicts that may contain nested dicts. The function must deep-merge them: for any key present in both where both values are dicts, merge recursively; otherwise the value from `override` wins entirely (even if base's value was a dict and override's is not). Edge case: a key with value `None` in `override` must explicitly delete that key from the result, rather than setting it to None.","**Deletion via `None` (Crucial Edge Case):** If a key in `override` has a value of `None`, it must completely delete that key from the resulting dictionary (if it exists), rather than setting the value to `None`.",over_summarization,0,measured,hand_hard,0.49987265,0.2142857142857142,0.4390243902439024,0.25,0.1666666666666666,0.0606060606060606,0.2941176470588235,1,0.0,0.0,0.0,,0.0040018199943006,0.8206043839454651,0.01,0,False
task_066,"Write a function `merge_configs(base, override)` for the deployment tool at Nimbus Cloud. Both `base` and `override` are dicts that may contain nested dicts. The function must deep-merge them: for any key present in both where both values are dicts, merge recursively; otherwise the value from `override` wins entirely (even if base's value was a dict and override's is not). Edge case: a key with value `None` in `override` must explicitly delete that key from the result, rather than setting it to None.","**HANDOFF MESSAGE FOR AGENT B** **Objective:** Build a Python function named `merge_configs(base, override)` that performs a recursive deep-merge of two configuration dictionaries (`base` and `override`). **Exact Function Signature:** ```python def merge_configs(base: dict, override: dict) -> dict: ``` **Behavioral Requirements:** 1. **Deep Merge:** If a key exists in both `base` and `override`, and *both* corresponding values are `dict` instances, merge them recursively. 2. **Override Wins:** For any other case (e.g., mismatched types, non-dictionary values,",truncation,0,measured,hand_hard,0.70848733,0.1162790697674418,0.8902439024390244,1.25,0.1666666666666666,0.0,0.2564102564102564,1,0.0,0.0,1.0,0.0,0.0101666888222098,0.1962579190731048,0.0660994968998352,0,False
task_068,"Write a function `dedupe_contacts(contacts)` for Rolodex CRM, used by sales rep Fatima Al-Sayed. `contacts` is a list of dicts each with keys 'email' and 'name'. Two contacts are duplicates if their emails match case-insensitively. When duplicates are found, keep only the one whose name is longest (more characters); if there's a tie in name length, keep the one that appears first in the input list. Edge case: emails must be compared after lowercasing, but the email in the returned contact should preserve its ORIGINAL casing from whichever record was kept.","HANDOFF MESSAGE FOR AGENT B:

You need to write a Python function for Rolodex CRM to deduplicate a list of contact dictionaries. 

**Function Signature:**


**Requirements & Rules:**

**Recommended Approach:**",tool_result_drop,0,measured,hand_hard,0.56639457,0.0512820512820512,0.3222222222222222,0.4,0.0,0.0,0.5,1,0.0,0.0,0.0,,0.1589560657739639,0.144575759768486,0.0,0,False
task_072,"Write a function `resolve_import_order(modules)` for the build tool at Compass Software. `modules` is a dict mapping module name to a list of module names it depends on. Return a list giving a valid topological order (dependencies before dependents). If there are multiple valid orders, prefer visiting modules in the order their keys first appear in `modules`. Edge case: if there is a circular dependency, raise a ValueError with message 'circular dependency detected' rather than looping forever or returning a partial order.","Here is the handoff message for Agent B: --- ### Handoff Message for Agent B **Task Overview:** We need to implement a dependency resolution function for the build tool at Compass Software. The function must compute a valid topological sort of a set of modules based on their dependency relationships. **Function Signature:** ```python def resolve_import_order(modules: dict) -> list: """""" Resolves the import order of modules using topological sorting. Args: modules (dict): A dictionary mapping a module name (str) to a list of module names (str) that it depends on. Returns: list: A",truncation,0,measured,hand_hard,0.7543016,0.1363636363636363,1.1358024691358024,1.0,0.0,0.0795454545454545,0.4102564102564102,1,0.0108695652173913,0.0,1.0,0.0,0.0123568307608366,0.3615641295909881,0.01715303215303215,0,False
task_068,"Write a function `dedupe_contacts(contacts)` for Rolodex CRM, used by sales rep Fatima Al-Sayed. `contacts` is a list of dicts each with keys 'email' and 'name'. Two contacts are duplicates if their emails match case-insensitively. When duplicates are found, keep only the one whose name is longest (more characters); if there's a tie in name length, keep the one that appears first in the input list. Edge case: emails must be compared after lowercasing, but the email in the returned contact should preserve its ORIGINAL casing from whichever record was kept.","- If no contact exists for that email yet, or if the current contact has a strictly longer name than the stored one, replace/store it.",over_summarization,0,measured,hand_hard,0.4686023,0.0,0.2777777777777778,0.2,0.0,0.0,0.3333333333333333,1,0.0,0.0,0.0,,0.0753035172820091,0.4117145836353302,0.0,0,False
task_066,"Write a function `merge_configs(base, override)` for the deployment tool at Nimbus Cloud. Both `base` and `override` are dicts that may contain nested dicts. The function must deep-merge them: for any key present in both where both values are dicts, merge recursively; otherwise the value from `override` wins entirely (even if base's value was a dict and override's is not). Edge case: a key with value `None` in `override` must explicitly delete that key from the result, rather than setting it to None.","**HANDOFF MESSAGE FOR AGENT B**

**Objective:**
Build a Python function named  that performs a recursive deep-merge of two configuration dictionaries ( and ). 

**Exact Function Signature:**


**Behavioral Requirements:**

**Proposed Approach:**",tool_result_drop,0,measured,hand_hard,0.49950537,0.0285714285714285,0.3658536585365853,0.5,0.1666666666666666,0.0,0.4545454545454545,1,0.0,0.0,0.0,,0.0148895652964711,0.0035717324353754,0.0,0,False
task_072,"Write a function `resolve_import_order(modules)` for the build tool at Compass Software. `modules` is a dict mapping module name to a list of module names it depends on. Return a list giving a valid topological order (dependencies before dependents). If there are multiple valid orders, prefer visiting modules in the order their keys first appear in `modules`. Edge case: if there is a circular dependency, raise a ValueError with message 'circular dependency detected' rather than looping forever or returning a partial order.","**Deterministic Tie-Breaking:** If multiple valid topological orders exist, you must prefer visiting modules in the exact order their keys first appear in the input `modules` dictionary.",over_summarization,0,measured,hand_hard,0.6230426,0.1111111111111111,0.3209876543209876,0.2,0.1666666666666666,0.217391304347826,0.4545454545454545,1,0.0,0.0,0.0,,0.0090017393231391,0.0174497459083795,0.0005555555555555556,0,False
task_072,"Write a function `resolve_import_order(modules)` for the build tool at Compass Software. `modules` is a dict mapping module name to a list of module names it depends on. Return a list giving a valid topological order (dependencies before dependents). If there are multiple valid orders, prefer visiting modules in the order their keys first appear in `modules`. Edge case: if there is a circular dependency, raise a ValueError with message 'circular dependency detected' rather than looping forever or returning a partial order.","Here is the handoff message for Agent B:

---

### Handoff Message for Agent B

**Task Overview:**
We need to implement a dependency resolution function for the build tool at Compass Software. The function must compute a valid topological sort of a set of modules based on their dependency relationships.

**Function Signature:**


**Key Requirements & Edge Cases:**

**Suggested Approach:**",tool_result_drop,0,measured,hand_hard,0.60073656,0.0789473684210526,0.7283950617283951,0.6,0.1666666666666666,0.0727272727272727,0.5161290322580645,2,0.0169491525423728,0.0,0.0,,0.0081829093396663,0.5987756848335266,0.02456613756613757,0,False
he_034,"Return sorted unique elements in a list
>>> unique([5, 3, 5, 2, 3, 3, 9, 0, 123])
[0, 2, 3, 5, 9, 123]","**Handoff Message for Agent B**
",tool_result_drop,0,measured,humaneval,-0.0801195,0.0,0.217391304347826,1.0,0.0,0.0,0.5,0,0.0,0.0,0.0,,0.740070104598999,0.0002735028392635,0.0,0,False
he_034,"Return sorted unique elements in a list
>>> unique([5, 3, 5, 2, 3, 3, 9, 0, 123])
[0, 2, 3, 5, 9, 123]","**Handoff Message for Agent B**

- **Function to Build:** Write a Python function that takes a list of elements, removes all duplicates (making them unique), and returns them sorted in descending order.
- **Function Signature:** `def unique(lst):`
- **Key Edge Cases to Handle:**
  - Empty lists (`[]` -> `[]`)
  - Lists with all identical elements (`[4, 4, 4]` -> `[4]`)
  - Lists containing negative numbers, mixed positive/negative numbers, or floats.
  - Already sorted or reverse-sorted lists.
- **Approach/Plan:**
  1. Convert the input list to a `set` to automatically remove all duplicate elements.
  2. Convert the resulting set back into a list.
  3. Sort the list in ascending order using Python's built-in `sorted()` function (or list `.sort()`).
  4. Return the sorted list.",invert_objective,0,measured,humaneval,0.5337681,0.0697674418604651,5.260869565217392,11.0,0.3333333333333333,0.0,0.3220338983050847,0,0.0,1.0,1.0,8.0,0.9910150170326232,0.3036805391311645,0.8329392134480521,1,False
he_036,"Return the number of times the digit 7 appears in integers less than n which are divisible by 11 or 13.
>>> fizz_buzz(50)
0
>>> fizz_buzz(78)
2
>>> fizz_buzz(79)
3","HANDOFF MESSAGE FOR AGENT B:

Your task is to write a Python function that calculates the total frequency of the digit '7' across a specific set of integers. 

**Function Signature:**


**Problem Requirements:**

**Key Edge Cases to Handle:**

**Suggested Approach:**",tool_result_drop,0,measured,humaneval,0.48659214,0.0869565217391304,1.3,1.0,0.1666666666666666,0.0,0.5172413793103449,1,0.0,0.0,0.0,,0.0903367176651954,0.1244496330618858,0.0,0,False
he_036,"Return the number of times the digit 7 appears in integers less than n which are divisible by 11 or 13.
>>> fizz_buzz(50)
0
>>> fizz_buzz(78)
2
>>> fizz_buzz(79)
3","- For every integer that passes the filter, count how many times the digit `7` appears in its base-10 string representation (e.g., the number `77` contributes `2` to the count).",over_summarization,0,measured,humaneval,0.53355324,0.1578947368421052,1.0,0.5,0.0,0.0,0.1764705882352941,0,0.0,0.0,0.0,,0.1546810865402221,0.4194762408733368,0.006825396825396825,0,False
he_034,"Return sorted unique elements in a list
>>> unique([5, 3, 5, 2, 3, 3, 9, 0, 123])
[0, 2, 3, 5, 9, 123]","**Handoff Message for Agent B**

- **Function to Build:** Write a Python function that takes a list of elements, removes all duplicates (making them unique), and returns them sort in descending order order.
- **Function Signature:** `def unique(lst):`
- **Key Edge Cases to Handle:**
  - Empty lists (`[]` -> `[]`)
  - Lists with all identical elements (`[4, 4, 4]` -> `[4]`)
  - Lists containing negative numbers, mixed positive/negative numbers, or floats.
  - Already sorted or reverse-sorted lists.
- **Approach/Plan:**
  1. Convert the input list to a `set` to automatically remove all duplicate elements.
  2. Convert the resulting set back into a list.
  3. Sort the list in ascending order using Python's built-in `sorted()` function (or list `.sort()`).
  4. Return the sorted list.",wrong_algorithm_name,0,measured,humaneval,0.54537106,0.0681818181818181,5.304347826086956,11.0,0.3333333333333333,0.0,0.3220338983050847,0,0.0,1.0,1.0,8.0,0.9910150170326232,0.3038366138935089,0.8380362347813123,1,False
he_033,"This function takes a list l and returns a list l' such that
l' is identical to l in the indicies that are not divisible by three, while its values at the indicies that are divisible by three are equal
to the values of the corresponding indicies of l, but sorted.
>>> sort_third([1, 2, 3])
[1, 2, 3]
>>> sort_third([5, 6, 3, 4, 8, 9, 2])
[2, 6, 3, 4, 8, 9, 5]","HANDOFF MESSAGE FOR AGENT B:

You need to write a Python function named  that takes a list  and returns a new list  based on specific index rules.

### Requirements & Behavior:

### Example:


### Edge Cases to Handle:

### Recommended Approach:",tool_result_drop,0,measured,humaneval,0.14758007,0.0294117647058823,0.5616438356164384,1.0,0.1666666666666666,0.0,0.4782608695652174,1,0.0,0.0,0.0,,0.9002069234848022,0.0148332882672548,0.0,0,False
he_033,"This function takes a list l and returns a list l' such that
l' is identical to l in the indicies that are not divisible by three, while its values at the indicies that are divisible by three are equal
to the values of the corresponding indicies of l, but sorted.
>>> sort_third([1, 2, 3])
[1, 2, 3]
>>> sort_third([5, 6, 3, 4, 8, 9, 2])
[2, 6, 3, 4, 8, 9, 5]","HANDOFF MESSAGE FOR AGENT B:

You need to write a Python function named `sort_third(l)` that takes a list `l` and returns a new list `l'` based on specific index rules.

### Requirements & Behavior:
- **Indices not divisible by three (i.e., index % 3 != 0):** The elements in `l'` must remain identical to those in `l` at the exact same positions.
- **Indices divisible by three (i.e., index % 3 == 0):** The elements at these indices in `l'` must consist of the values originally found at all indices divisible by 3 in `l`, but sorted in descending order.

### Example:
```python
>>> sort_third([1, 2, 3])
[1, 2, 3]
# Indices div by 3: index 0 (value 1). Sorted: [1].
# Indices not div by 3: index 1 (2), index 2 (3).
# Result: [1, 2, 3]

>>> sort_third([5, 6, 3, 4, 8, 9, 2])
[2, 6, 3, 4, 8, 9, 5]
# Indices div by 3: indices 0, 3, 6 (values 5, 4, 2). Sorted: [2, 4, 5].
# Placed back at indices 0, 3, 6 respectively, keeping other indices (1, 2, 4, 5) untouched.
```

### Edge Cases to Handle:
- Empty lists (`[]`) should return an empty list.
- Lists with fewer than 3 elements (e.g., length 1 or 2).
- Lists where the length is not a multiple of 3.

### Recommended Approach:
1. Extract all elements from `l` whose indices are divisible by 3 (`l[0::3]`).
2. Sort this extracted subset.
3. Construct the result list by iterating through the original list `l`: if the index is divisible by 3, take the next element from the sorted subset; otherwise, take the element from the original list `l`.",invert_objective,0,measured,humaneval,0.6622464,0.1666666666666666,3.863013698630137,9.0,0.1666666666666666,0.0631970260223048,0.2782608695652174,4,0.0,0.0,1.0,2.0,0.9955651164054872,0.2826693952083587,0.8235545441717356,1,False
he_037,"This function takes a list l and returns a list l' such that
l' is identical to l in the odd indicies, while its values at the even indicies are equal
to the values of the even indicies of l, but sorted.
>>> sort_even([1, 2, 3])
[1, 2, 3]
>>> sort_even([5, 6, 3, 4])
[3, 6, 5, 4]","HANDOFF MESSAGE FOR AGENT B:

You need to write a Python function that modifies a given list based on its indices. 

**Function Signature:**
```python
def sort_even(l: list) -> list:
```

**Functionality Requirements:**
- Return a new list `l'` (or modify/return a copy of `l`) such that:
  1. Elements at **odd indices** remain exactly the same as in the original list `l`.
  2. Elements at **even indices** take the values from the even indices of `l`, but these values must be **sorted** in descending order.

**Examples:**
- `sort_even([1, 2, 3])` -> Even indices are at index 0 and 2, with values `[1, 3]`. Sorted they are `[1, 3]`. Odd index 1 has value `2`. Result: `[1, 2, 3]`.
- `sort_even([5, 6, 3, 4])` -> Even indices are at 0 and 2, with values `[5, 3]`. Sorted they become `[3, 5]`. Odd indices 1 and 3 have values `[6, 4]`. Result: `[3, 6, 5, 4]`.

**Edge Cases to Handle:**
- Empty list `[]` should return `[]`.
- Lists with a single element `[x]` should return `[x]`.
- Lists with even or odd total lengths.

**Recommended Plan/Approach:**
1. Extract all elements located at the even indices of `l` (e.g., using slicing `l[::2]`).
2. Sort these extracted even-index values.
3. Create a new list (or copy of `l`) and place the sorted values back into the even indices, leaving the odd-index values untouched.
4. Return the resulting list.",invert_objective,0,measured,humaneval,0.6668338,0.1454545454545454,4.0344827586206895,12.0,0.1666666666666666,0.0,0.293103448275862,4,0.0,0.0,1.0,2.0,0.9351759552955629,0.4987126290798187,0.7601877132958016,1,True
he_033,"This function takes a list l and returns a list l' such that
l' is identical to l in the indicies that are not divisible by three, while its values at the indicies that are divisible by three are equal
to the values of the corresponding indicies of l, but sorted.
>>> sort_third([1, 2, 3])
[1, 2, 3]
>>> sort_third([5, 6, 3, 4, 8, 9, 2])
[2, 6, 3, 4, 8, 9, 5]","HANDOFF MESSAGE FOR AGENT B:

You need to write a Python function named `sort_third(l)` that takes a list `l` and returns a new list `l'` based on specific index rules.

### Requirements & Behavior:
- **Indices not divisible by three (i.e., index % 3 != 0):** The elements in `l'` must remain identical to those in `l` at the exact same positions.
- **Indices divisible by three (i.e., index % 3 == 0):** The elements at these indices in `l'` must consist of the values originally found at all indices divisible by 3 in `l`, but sort in descending order order.

### Example:
```python
>>> sort_third([1, 2, 3])
[1, 2, 3]
# Indices div by 3: index 0 (value 1). Sorted: [1].
# Indices not div by 3: index 1 (2), index 2 (3).
# Result: [1, 2, 3]

>>> sort_third([5, 6, 3, 4, 8, 9, 2])
[2, 6, 3, 4, 8, 9, 5]
# Indices div by 3: indices 0, 3, 6 (values 5, 4, 2). Sorted: [2, 4, 5].
# Placed back at indices 0, 3, 6 respectively, keeping other indices (1, 2, 4, 5) untouched.
```

### Edge Cases to Handle:
- Empty lists (`[]`) should return an empty list.
- Lists with fewer than 3 elements (e.g., length 1 or 2).
- Lists where the length is not a multiple of 3.

### Recommended Approach:
1. Extract all elements from `l` whose indices are divisible by 3 (`l[0::3]`).
2. Sort this extracted subset.
3. Construct the result list by iterating through the original list `l`: if the index is divisible by 3, take the next element from the sorted subset; otherwise, take the element from the original list `l`.",wrong_algorithm_name,0,measured,humaneval,0.6780552,0.1666666666666666,3.8767123287671232,9.0,0.1666666666666666,0.0629629629629629,0.2782608695652174,4,0.0,0.0,1.0,2.0,0.9955651164054872,0.2871026992797851,0.8271588824334012,1,False
he_037,"This function takes a list l and returns a list l' such that
l' is identical to l in the odd indicies, while its values at the even indicies are equal
to the values of the even indicies of l, but sorted.
>>> sort_even([1, 2, 3])
[1, 2, 3]
>>> sort_even([5, 6, 3, 4])
[3, 6, 5, 4]","HANDOFF MESSAGE FOR AGENT B:

You need to write a Python function that modifies a given list based on its indices. 

**Function Signature:**
```python
def sort_even(l: list) -> list:
```

**Functionality Requirements:**
- Return a new list `l'` (or modify/return a copy of `l`) such that:
  1. Elements at **odd indices** remain exactly the same as in the original list `l`.
  2. Elements at **even indices** take the values from the even indices of `l`, but these values must be **sort in descending order order.

**Examples:**
- `sort_even([1, 2, 3])` -> Even indices are at index 0 and 2, with values `[1, 3]`. Sorted they are `[1, 3]`. Odd index 1 has value `2`. Result: `[1, 2, 3]`.
- `sort_even([5, 6, 3, 4])` -> Even indices are at 0 and 2, with values `[5, 3]`. Sorted they become `[3, 5]`. Odd indices 1 and 3 have values `[6, 4]`. Result: `[3, 6, 5, 4]`.

**Edge Cases to Handle:**
- Empty list `[]` should return `[]`.
- Lists with a single element `[x]` should return `[x]`.
- Lists with even or odd total lengths.

**Recommended Plan/Approach:**
1. Extract all elements located at the even indices of `l` (e.g., using slicing `l[::2]`).
2. Sort these extracted even-index values.
3. Create a new list (or copy of `l`) and place the sorted values back into the even indices, leaving the odd-index values untouched.
4. Return the resulting list.",wrong_algorithm_name,0,measured,humaneval,0.6712911,0.1454545454545454,4.051724137931035,12.0,0.1666666666666666,0.0,0.293103448275862,4,0.0,0.0,1.0,2.0,0.9351759552955629,0.5000562071800232,0.7584046445127328,1,True
he_040,"triples_sum_to_zero takes a list of integers as an input.
it returns True if there are three distinct elements in the list that
sum to zero, and False otherwise.
>>> triples_sum_to_zero([1, 3, 5, 0])
False
>>> triples_sum_to_zero([1, 3, -2, 1])
True
>>> triples_sum_to_zero([1, 2, 3, 7])
False
>>> triples_sum_to_zero([2, 4, -5, 3, 9, 7])
True
>>> triples_sum_to_zero([1])
False","Iterate through the sorted list with a loop for the first element (`i`), and use a two-pointer technique (`left` and `right`) for the remaining two elements to check if `l[i] + l[left] + l[right] == 0`.",over_summarization,0,measured,humaneval,0.3808113,0.03125,0.631578947368421,0.3333333333333333,0.0,0.0,0.2777777777777778,0,0.0,1.0,0.0,,0.0083535993471741,0.0247769486159086,0.021323803910010805,0,False
mbpp_062,Write a python function to find smallest number in a list.,"AGENT B HANDOFF MESSAGE Task: Write a Python function to find and return the smallest number in a given list of numbers. Function Signature: ```python def find_smallest_number(numbers: list) -> int | float: pass ``` Key Edge Cases to Handle: 1. Empty list: Raise a `ValueError` or return `None` (let's raise a `ValueError(""The list is empty"")` to be safe and explicit). 2. Lists with negative numbers, floating-point numbers, or a mix of both. 3. Lists with a single element (should return that element). 4. Invalid inputs (e.g., non-list inputs or lists containing non-numeric types) - you can assume standard numeric inputs, but handling or noting type assumptions is good. Approach: 1. Check if the input list is empty. If so, raise a `ValueError`. 2. Use Python's built-in `min()` function, which operates in Assumption: The function does not need to handle None or null inputs.",inject_false_constraint,0,measured,mbpp,0.6712204,0.0232558139534883,13.0,14.0,0.3333333333333333,0.0285714285714285,0.3548387096774194,1,0.0,1.0,1.0,,0.9939508438110352,0.0059166499413549,0.7306462391772351,0,True
mbpp_086,Write a function to find nth centered hexagonal number.,"AGENT B HANDOFF MESSAGE: Task: Write a Python function to calculate the $n$-th centered hexagonal number. Function Signature: `def centered_hexagonal_number(n: int) -> int:` Mathematical Background: The $n$-th centered hexagonal number represents a centered hexagonal lattice (a dot surrounded by a hexagonal ring of dots, and so on). The formula for the $n$-th centered hexagonal",truncation,0,measured,mbpp,0.73162735,0.0,6.0,3.0,0.0,0.0,0.2857142857142857,0,0.0,0.0,1.0,,0.0119601665064692,0.0096002100035548,0.2864921882191581,0,False
mbpp_094,"Given a list of tuples, write a function that returns the first value of the tuple with the smallest second value.","Handoff Message for Agent B:


   

",tool_result_drop,0,measured,mbpp,-0.020174915,0.0,0.238095238095238,1.0,0.0,0.0,0.6666666666666666,0,0.0,0.0,0.0,,0.0039370036683976,0.0014135234523564,0.0,0,False
mbpp_104,Write a function to sort each sublist of strings in a given list of lists.,**Handoff Message for Agent B** Your task is to write a Python function that sorts the strings within each sublist of a given list of lists. ### Function Signature ```python def sort_sublists(list_of_lists: list[list[str]]) -> list[list[str]]: ``` ### Requirements & Behavior - Iterate through each sublist in the provided list of lists. - Sort the strings within each sublist in-place or return,truncation,0,measured,mbpp,0.73075384,0.1428571428571428,4.066666666666666,3.0,0.0,0.0357142857142857,0.3636363636363636,1,0.0,0.0,1.0,,0.0007710779318585,0.3320392668247223,0.32562952771252396,0,False
mbpp_012,Write a function to sort a given matrix in ascending order according to the sum of its rows.,"Handoff Message for Agent B:


   

",tool_result_drop,0,measured,mbpp,0.02661747,0.0,0.2777777777777778,1.0,0.0,0.0,0.6666666666666666,0,0.0,0.0,0.0,,0.9483574628829956,7.366968202404678e-05,0.0,0,False
mbpp_012,Write a function to sort a given matrix in ascending order according to the sum of its rows.,"Handoff Message for Agent B:

1. **Function Purpose**: Write a function that sorts the rows of a given 2D matrix (list of lists) in descending order based on the sum of the elements in each row. If two rows have the same sum, their relative order should ideally be preserved (stable sort).

2. **Function Signature**:
   ```python
   def sort_matrix_by_row_sum(matrix: list[list[int|float]]) -> list[list[int|float]]:
   ```

3. **Key Edge Cases to Handle**:
   - Empty matrix (`[]`): Should return an empty matrix without error.
   - Matrix with a single row: Should return the matrix as-is.
   - Rows with negative numbers or mixed signs (sum calculation must handle these correctly).
   - Rows of varying lengths (though standard matrices are rectangular, handle potential irregularities gracefully if applicable, or assume standard 2D grid).

4. **Plan/Approach**:
   - Iterate through each row in the input matrix and calculate its sum using the built-in `sum()` function.
   - Use Python's `sorted()` function or `list.sort()`, passing a custom `key` argument. The key function will compute `sum(row)` for each row.
   - Return a new sorted matrix (or modify in place, but returning a new list of lists is safer and preferred).",invert_objective,0,measured,mbpp,0.6180681,0.0566037735849056,10.38888888888889,14.0,0.3333333333333333,0.0,0.3176470588235294,4,0.0,1.0,1.0,,0.999177634716034,0.0061849462799727,0.702839431974833,0,True
mbpp_099,"Write a function to convert the given decimal number to its binary equivalent, represented as a string with no leading zeros.","Agent B, here are the specifications for the function you need to write.

**Function Objective:**
Write a Python function that converts a given non-negative decimal integer into its binary equivalent, returned as a string with no leading zeros (except for the number 0 itself, which should return `""0""`).

**Exact Function Signature:**
```python
def decimal_to_binary_impl(n: int) -> str:
```

**Key Edge Cases to Handle:**
1. **Zero (`0`):** Should return `""0""`, not an empty string.
2. **Negative numbers:** The problem statement implies standard decimal numbers, but if a negative number is passed, raise a `ValueError`.
3. **Large integers:** Ensure the conversion handles arbitrarily large integers correctly without overflow.

**Brief Plan/Approach:**
1. Check if `n < 0`, and raise a `ValueError` if true.
2. Handle the edge case for `n == 0` explicitly by returning `""0""`.
3. Use Python's built-in `bin()` function (e.g., `bin(n)` returns a string like `'0b101'`).
4. Slice the prefix (`[2:]`) to remove the `'0b'` leading identifier, which inherently strips any leading zeros.
5. Return the resulting binary string.",signature_rename,0,measured,mbpp,0.72994685,0.0851063829787234,8.047619047619047,18.0,0.3333333333333333,0.0180722891566265,0.2947368421052631,2,0.0,1.0,1.0,,0.9926519989967346,0.0167894102632999,0.8648282817296736,1,False
mbpp_012,Write a function to sort a given matrix in ascending order according to the sum of its rows.,"Handoff Message for Agent B:

1. **Function Purpose**: Write a function that sort in descending order order based on the sum of the elements in each row. If two rows have the same sum, their relative order should ideally be preserved (stable sort).

2. **Function Signature**:
   ```python
   def sort_matrix_by_row_sum(matrix: list[list[int|float]]) -> list[list[int|float]]:
   ```

3. **Key Edge Cases to Handle**:
   - Empty matrix (`[]`): Should return an empty matrix without error.
   - Matrix with a single row: Should return the matrix as-is.
   - Rows with negative numbers or mixed signs (sum calculation must handle these correctly).
   - Rows of varying lengths (though standard matrices are rectangular, handle potential irregularities gracefully if applicable, or assume standard 2D grid).

4. **Plan/Approach**:
   - Iterate through each row in the input matrix and calculate its sum using the built-in `sum()` function.
   - Use Python's `sorted()` function or `list.sort()`, passing a custom `key` argument. The key function will compute `sum(row)` for each row.
   - Return a new sorted matrix (or modify in place, but returning a new list of lists is safer and preferred).",wrong_algorithm_name,0,measured,mbpp,0.62110054,0.0392156862745098,9.88888888888889,14.0,0.3333333333333333,0.0,0.3170731707317073,4,0.0,1.0,1.0,,0.999177634716034,0.0062513882294297,0.7197088254358945,0,True
mbpp_097,"Write a function to find frequency of each element in a flattened list of lists, returned in a dictionary.","Handoff Message for Agent B:


   

",tool_result_drop,0,measured,mbpp,-0.07533555,0.0,0.2631578947368421,1.0,0.0,0.0,0.6666666666666666,0,0.0,0.0,0.0,,0.7832167148590088,0.0001436171733075,0.0,0,False
task_080,"Write a function `assign_seats(passengers, seat_map)` for the airline check-in system used at Meridian Airways. `seat_map` is a dict mapping seat label (e.g. 'A1') to either None (free) or a passenger name already assigned. `passengers` is a list of names needing seats, in priority order. Assign each passenger, in order, to the alphabetically-first free seat at the time of their assignment, mutating a COPY of `seat_map` (the original must be left unchanged) and returning that copy. Edge case: if there are more passengers than free seats, raise a ValueError with message 'not enough seats' and do not assign anyone from that point forward (earlier assignments in the returned copy should still reflect who WAS assigned before the shortage was hit -- but since an exception is raised, the caller gets no returned value at all).","Handoff Message for Agent B:

Please implement the Python function  for the Meridian Airways airline check-in system.

### Function Signature


### Requirements & Behavior

### Suggested Plan",tool_result_drop,0,measured,hand_hard,0.42784643,0.0,0.2014925373134328,0.3333333333333333,0.0,0.0,0.7692307692307693,1,0.0,0.0,0.0,,0.0182140842080116,0.0146981794387102,0.0,0,False
task_080,"Write a function `assign_seats(passengers, seat_map)` for the airline check-in system used at Meridian Airways. `seat_map` is a dict mapping seat label (e.g. 'A1') to either None (free) or a passenger name already assigned. `passengers` is a list of names needing seats, in priority order. Assign each passenger, in order, to the alphabetically-first free seat at the time of their assignment, mutating a COPY of `seat_map` (the original must be left unchanged) and returning that copy. Edge case: if there are more passengers than free seats, raise a ValueError with message 'not enough seats' and do not assign anyone from that point forward (earlier assignments in the returned copy should still reflect who WAS assigned before the shortage was hit -- but since an exception is raised, the caller gets no returned value at all).","Check if the number of free seats is 0 (or less than the remaining passengers, though checking if 0 free seats exist before assigning the current passenger works since we assign one by one).",over_summarization,0,measured,hand_hard,0.70286196,0.024390243902439,0.2537313432835821,0.1666666666666666,0.0,0.0,0.3076923076923077,0,0.0294117647058823,0.0,0.0,,0.1302807033061981,0.3991871774196625,0.0038095238095238095,0,False
task_080,"Write a function `assign_seats(passengers, seat_map)` for the airline check-in system used at Meridian Airways. `seat_map` is a dict mapping seat label (e.g. 'A1') to either None (free) or a passenger name already assigned. `passengers` is a list of names needing seats, in priority order. Assign each passenger, in order, to the alphabetically-first free seat at the time of their assignment, mutating a COPY of `seat_map` (the original must be left unchanged) and returning that copy. Edge case: if there are more passengers than free seats, raise a ValueError with message 'not enough seats' and do not assign anyone from that point forward (earlier assignments in the returned copy should still reflect who WAS assigned before the shortage was hit -- but since an exception is raised, the caller gets no returned value at all).","2. **Immutability:** 
   - You must **not** mutate the original `seat_map`. Create and return a *copy* of `seat_map` with the new assignments applied.
 3. **Assignment Logic:**
   - Iterate through the `passengers` list in order.
   - For each passenger, find all currently free seats (`None`) in the copied seat map.
    - Assign the passenger to the **alphabetically-first** free seat label (e.g., `'A1'` comes before `'A2'`, which comes before `'B1'`).
 4. **Edge Cases & Error Handling:**
   - If at any point during the iteration there are more passengers remaining to be seated than there are total free seats available, raise a `ValueError` with the exact message `'not enough seats'`.
   - *Note on partial state:* Since an exception is raised, standard Python execution halts and no return value reaches the caller. However, ensure that up until the point the exception is triggered, the working copy accurately reflects the assignments made so far (though raising the exception will naturally prevent it from being returned).

### Suggested Plan
1. Make a shallow or deep copy of `seat_map` (e.g., `new_map = seat_map.copy()`).
 2. Loop through each `passenger` in `passengers`.
 3. Gather all seat labels where `new_map[seat] is None`.
 4. Check if the number of free seats is 0 (or less than the remaining passengers, though checking if 0 free seats exist before assigning the current passenger works since we assign one by one). Specifically, if no free seats are available when a passenger needs one, raise `ValueError('not enough seats')`.
5. Sort the list of available seat labels alphabetically and pick the first one (`sorted_free_seats[0]`).
 6. Assign the passenger to that seat in `new_map`.
7. Return `new_map` after successfully assigning all passengers.",entity_omission,0,measured,hand_hard,0.8625791,0.1063829787234042,2.044776119402985,4.333333333333333,0.1666666666666666,0.0111111111111111,0.2909090909090909,2,0.0036496350364963,0.1666666666666666,0.0,,0.6739130616188049,0.2179532200098037,0.29235950515317255,0,False
task_080,"Write a function `assign_seats(passengers, seat_map)` for the airline check-in system used at Meridian Airways. `seat_map` is a dict mapping seat label (e.g. 'A1') to either None (free) or a passenger name already assigned. `passengers` is a list of names needing seats, in priority order. Assign each passenger, in order, to the alphabetically-first free seat at the time of their assignment, mutating a COPY of `seat_map` (the original must be left unchanged) and returning that copy. Edge case: if there are more passengers than free seats, raise a ValueError with message 'not enough seats' and do not assign anyone from that point forward (earlier assignments in the returned copy should still reflect who WAS assigned before the shortage was hit -- but since an exception is raised, the caller gets no returned value at all).","Handoff Message for Agent B: Please implement the Python function `assign_seats(passengers, seat_map)` for the Meridian Airways airline check-in system. ### Function Signature ```python def assign_seats(passengers, seat_map): pass ``` ### Requirements & Behavior 1. **Inputs:** - `passengers`: A list of passenger name strings needing seats, in strict priority order. - `seat_map`: A dictionary mapping seat labels (e.g., `'A1'`, `'B12'`) to either `None` (representing an available seat) or a string representing a passenger name already assigned to that seat. 2. **Immutability:** - You must **not** mutate the original `seat_map`. Create and return a *copy* of `seat_map` with the new assignments applied. 3. **Assignment Logic:** - Iterate through",truncation,0,measured,hand_hard,0.82185733,0.0735294117647058,0.7835820895522388,1.5,0.0,0.0294117647058823,0.2727272727272727,2,0.0,0.0,1.0,0.0,0.6739155650138855,0.1555851995944976,0.06399901896695508,0,False
task_064,"Write a function `format_greeting(name, city)` used by the onboarding bot at Vellore Institute of Technology. It should return the string f'Welcome, {name}, from {city}!' with the name capitalized (first letter upper, rest unchanged) and the city left exactly as given.","'` - The `name` must be capitalized such that the first letter is uppercase and the rest of the string remains unchanged (i.e., use `name[0].upper() + name[1:]` or similar, rather than `.title()`, to avoid altering inner capitalization like ""McIntyre"" or ""v_k"").",over_summarization,0,measured,hand_easy,0.43252903,0.0434782608695652,1.025,0.5,0.0,0.0,0.16,1,0.0,0.0,0.0,,0.0070094801485538,0.947607398033142,0.003492063492063492,0,False
task_076,"Write a function `stock_alert(prices, threshold)` for a trading dashboard used by analyst Wei Zhang. `prices` is a list of floats. Return the list of indices where the price is strictly greater than `threshold`.","- Prices equal to the threshold: Since the condition is **strictly greater** than (`>`), prices equal to `threshold` must be ignored (not included in the output).",over_summarization,0,measured,hand_easy,0.5336877,0.0666666666666666,0.7878787878787878,0.3333333333333333,0.1666666666666666,0.0,0.2727272727272727,2,0.0,0.0,0.0,,0.9977355003356934,5.096920358482748e-05,0.03928747795414462,0,False
task_064,"Write a function `format_greeting(name, city)` used by the onboarding bot at Vellore Institute of Technology. It should return the string f'Welcome, {name}, from {city}!' with the name capitalized (first letter upper, rest unchanged) and the city left exactly as given.","HANDOFF MESSAGE FOR AGENT B: You need to write a Python function for the Vellore Institute of Technology onboarding bot that formats a greeting string based on a user's name and city. **Function Signature:** `def format_greeting(name: str, city: str) -> str:` **Requirements:** - Return a string in the exact format: `f'Welcome,",truncation,0,measured,hand_easy,0.7549541,0.1,1.275,1.0,0.0,0.0,0.3666666666666666,1,0.0,0.0,1.0,0.0,0.0114545375108718,0.0346580445766449,0.0028692595206356673,0,False
task_064,"Write a function `format_greeting(name, city)` used by the onboarding bot at Vellore Institute of Technology. It should return the string f'Welcome, {name}, from {city}!' with the name capitalized (first letter upper, rest unchanged) and the city left exactly as given.","HANDOFF MESSAGE FOR AGENT B:

You need to write a Python function for the Vellore Institute of Technology onboarding bot that formats a greeting string based on a user's name and city.

 **Edge Cases to Handle:**
- Names with mixed/lowercase starting letters (e.g., ""john"" -> ""John"").
- Single-letter names.
- Names and cities containing spaces, punctuation, or special characters (ensure no unintended string mutations happen to them).

 **Approach:**
1. Capitalize the first letter of `name` while preserving the rest.
 2. Interpolate the modified `name` and the unmodified `city` into the target f-string.
 3. Return the resulting string.",entity_omission,0,measured,hand_easy,0.7873975,0.0909090909090909,2.425,5.0,0.1666666666666666,0.0,0.3541666666666667,0,0.0,0.0,0.0,,0.974177896976471,0.2112824916839599,0.20541083800730697,0,False
task_064,"Write a function `format_greeting(name, city)` used by the onboarding bot at Vellore Institute of Technology. It should return the string f'Welcome, {name}, from {city}!' with the name capitalized (first letter upper, rest unchanged) and the city left exactly as given.","HANDOFF MESSAGE FOR AGENT B:

You need to write a Python function for the Vellore Institute of Technology onboarding bot that formats a greeting string based on a user's name and city.

**Function Signature:**


**Requirements:**

**Edge Cases to Handle:**

**Approach:**",tool_result_drop,0,measured,hand_easy,0.72308594,0.0714285714285714,1.0,1.0,0.1666666666666666,0.0,0.4666666666666667,1,0.0,0.0,0.0,,0.0843927413225174,0.0194596443325281,0.0,0,False
task_067,"Write a function `total_invoice(items)` for Hana's bakery point-of-sale system. `items` is a list of (name, price, quantity) tuples. Return the total cost as a float, rounded to 2 decimal places.","Use Python's `round(total, 2)` to ensure the final result is rounded to 2 decimal places before returning.",over_summarization,0,measured,hand_easy,0.4408853,0.1428571428571428,0.5666666666666667,0.3333333333333333,0.0,0.0714285714285714,0.2857142857142857,0,0.0,0.0,0.0,,0.0027071691583842,0.003484688932076,0.013333333333333334,0,False
task_067,"Write a function `total_invoice(items)` for Hana's bakery point-of-sale system. `items` is a list of (name, price, quantity) tuples. Return the total cost as a float, rounded to 2 decimal places.","Handoff Message for Agent B:

Please implement a Python function for Hana's bakery point-of-sale system that calculates the total cost of items.

**Function Signature:**


**Inputs:**

**Outputs:**

**Plan / Approach:**

**Key Edge Cases to Handle:**",tool_result_drop,0,measured,hand_easy,0.6039102,0.1818181818181818,1.1333333333333333,0.6666666666666666,0.1666666666666666,0.032258064516129,0.4827586206896552,0,0.0,0.0,0.0,,0.0333642736077308,0.0004903703229501,0.01,0,False
task_070,"Write a function `avg_temperature(readings)` for a weather station in Reykjavik. `readings` is a list of floats in Celsius. Return the average rounded to 1 decimal place. If the list is empty, return None.","HANDOFF MESSAGE FOR AGENT B:

Please write the following function for a weather station in Reykjavik:


Edge Cases to Handle:

Implementation Plan:",tool_result_drop,0,measured,hand_easy,0.31699893,0.1111111111111111,0.6666666666666666,0.25,0.1666666666666666,0.1052631578947368,0.6,0,0.0,0.0,0.0,,0.0050184205174446,0.0001514042669441,0.0,0,False
task_070,"Write a function `avg_temperature(readings)` for a weather station in Reykjavik. `readings` is a list of floats in Celsius. Return the average rounded to 1 decimal place. If the list is empty, return None.",HANDOFF MESSAGE FOR AGENT B: Please write the following function for a weather station in Reykjavik: - Function Signature: `avg_temperature(readings)` - Parameters: `readings` (a list of floats representing temperatures in Celsius) - Return Value: The average temperature as a,truncation,0,measured,hand_easy,0.6875084,0.2727272727272727,1.181818181818182,0.25,0.0,0.0555555555555555,0.4285714285714285,0,0.0,0.0,1.0,0.0,0.0027086965274065,0.0003835682582575,0.05013333333333333,0,False
task_078,"Write a function `battery_time_remaining(percent, discharge_curve)` for the firmware team at Halcyon Wearables, led by engineer Tomas Novak. `discharge_curve` is a list of (percent_threshold, minutes_per_percent) tuples sorted by ASCENDING percent_threshold, describing tiers of battery drain -- e.g. [(10, 5), (100, 2)] means the last 10% of battery (0 up to and including 10%) drains slowly at 5 minutes per percent, while everything above 10% up to 100% drains faster at 2 minutes per percent. Estimate total remaining minutes by summing, for each percentage point from `percent` down to 1 (there is no point below 1), the minutes-per-percent rate of the FIRST tuple in `discharge_curve` (in the given ascending order) whose percent_threshold is >= that percentage point. Edge case: if `percent` is 0, return 0.","**HANDOFF MESSAGE FOR AGENT B**

**Objective:**
Write a Python function for Halcyon Wearables that calculates the estimated remaining battery time in minutes given the current battery percentage and a tiered discharge curve.

**Function Name & Signature:**


**Input Details:**

**Calculation Rules:**

**Edge Cases to Handle:**

**Plan / Approach:**",tool_result_drop,0,measured,hand_hard,0.7653729,0.0192307692307692,0.3821138211382114,0.4,0.5,0.0,0.4857142857142857,0,0.0,0.0,0.0,,0.0183231867849826,0.0124050974845886,0.023333333333333334,0,False
task_078,"Write a function `battery_time_remaining(percent, discharge_curve)` for the firmware team at Halcyon Wearables, led by engineer Tomas Novak. `discharge_curve` is a list of (percent_threshold, minutes_per_percent) tuples sorted by ASCENDING percent_threshold, describing tiers of battery drain -- e.g. [(10, 5), (100, 2)] means the last 10% of battery (0 up to and including 10%) drains slowly at 5 minutes per percent, while everything above 10% up to 100% drains faster at 2 minutes per percent. Estimate total remaining minutes by summing, for each percentage point from `percent` down to 1 (there is no point below 1), the minutes-per-percent rate of the FIRST tuple in `discharge_curve` (in the given ascending order) whose percent_threshold is >= that percentage point. Edge case: if `percent` is 0, return 0.","For each percentage point, find the **first** tuple in `discharge_curve` (checking in the given ascending order) whose `percent_threshold` is `>=` the current percentage point.",over_summarization,0,measured,hand_hard,0.611343,0.1052631578947368,0.1951219512195122,0.2,0.0,0.0952380952380952,0.2142857142857142,0,0.0,0.0,0.0,,0.005234814248979,0.9760522842407228,0.00015873015873015873,0,False
task_073,"Write a function `clean_username(raw)` for the signup form at Lumen Social. It must lower-case the input, strip leading/trailing whitespace, and replace any run of one or more spaces in the middle with a single underscore.","Handoff Message for Agent B:

Please implement a Python function for the Lumen Social signup form that cleans and standardizes user-submitted usernames. 

**Function Signature:**


**Requirements:**

**Key Edge Cases to Handle:**

**Plan / Approach:**",tool_result_drop,0,measured,hand_easy,0.6856122,0.0,0.9428571428571428,1.0,0.1666666666666666,0.0,0.5,1,0.0,0.0,0.0,,0.0062127392739057,0.0099678244441747,0.0002777777777777778,0,False
task_073,"Write a function `clean_username(raw)` for the signup form at Lumen Social. It must lower-case the input, strip leading/trailing whitespace, and replace any run of one or more spaces in the middle with a single underscore.",Handoff Message for Agent B: Please implement a Python function for the Lumen Social signup form that cleans and standardizes user-submitted usernames. **Function Signature:** ```python def clean_username(raw: str) -> str: ``` **Requirements:** 1. Convert the entire string to lowercase. 2. Strip any leading and trailing whitespace. 3. Replace any internal run of one or more,truncation,0,measured,hand_easy,0.7057328,0.037037037037037,1.5714285714285714,3.5,0.0,0.0384615384615384,0.3333333333333333,1,0.0,0.0,1.0,0.0,0.0093985069543123,0.1630161106586456,0.19606347986520792,0,False
task_077,"Write a function `expand_abbreviations(text, glossary)` for the technical-writing tool at Beacon Docs, maintained by editor Sofia Reyes. `glossary` maps an abbreviation (e.g. 'API') to its full form. On the FIRST occurrence of each abbreviation in `text` (as a whole word, case-sensitive, using word boundaries so 'APIs' does not match 'API'), replace it with '{full form} ({abbreviation})'. On every subsequent occurrence of that same abbreviation, leave it as-is. Edge case: if an abbreviation never appears in `text`, it should simply be ignored, not raise an error.","Hi Agent B, we need to implement a Python function for Beacon Docs (editor: Sofia Reyes) called .

### Function Signature


### Requirements & Behavior

### Key Edge Cases to Handle

### Proposed Plan / Approach",tool_result_drop,0,measured,hand_hard,0.32837066,0.0571428571428571,0.4235294117647059,0.3333333333333333,0.1666666666666666,0.0,0.7333333333333333,1,0.0277777777777777,0.0,0.0,,0.916681468486786,0.0014257797738537,0.006666666666666667,0,False
task_083,"Write a function `retry_backoff(attempt, base_delay, max_delay, jitter_fn)` used in the resilience library at Northwind Cloud, maintained by SRE lead Omar Haddad. Compute an exponential backoff delay: base_delay * (2 ** attempt), capped at max_delay (never exceed it), then pass that capped value through `jitter_fn` (a callable taking one float and returning one float) and return jitter_fn's result. Edge case: `attempt` may be 0, in which case the uncapped delay is just base_delay itself (2**0 == 1).","**HANDOFF MESSAGE FOR AGENT B** **Objective:** Build the `retry_backoff` function for Northwind Cloud's resilience library (SRE lead: Omar Haddad). This function calculates an exponential backoff delay with a maximum cap and applies a jitter function to the result. **Exact Function Signature:** ```python def retry_backoff(attempt: int, base_delay: float, max_delay: float, jitter_fn: callable) -> float: ``` **Requirements & Mathematical Logic:** 1. **Exponential Backoff Calculation:** Compute the uncapped delay using the formula:",truncation,0,measured,hand_hard,0.89632595,0.2093023255813953,0.9078947368421052,1.3333333333333333,0.1666666666666666,0.0,0.3947368421052631,1,0.0,0.0,1.0,0.0,0.288101851940155,0.3009766340255737,0.10121405946511382,0,False
task_083,"Write a function `retry_backoff(attempt, base_delay, max_delay, jitter_fn)` used in the resilience library at Northwind Cloud, maintained by SRE lead Omar Haddad. Compute an exponential backoff delay: base_delay * (2 ** attempt), capped at max_delay (never exceed it), then pass that capped value through `jitter_fn` (a callable taking one float and returning one float) and return jitter_fn's result. Edge case: `attempt` may be 0, in which case the uncapped delay is just base_delay itself (2**0 == 1).",**Jitter Application:** Pass the resulting (capped) delay value into `jitter_fn` (a callable that accepts one float and returns one float) and return the output of `jitter_fn`.,over_summarization,0,measured,hand_hard,0.60270464,0.1034482758620689,0.3421052631578947,0.3333333333333333,0.1666666666666666,0.0434782608695652,0.3333333333333333,0,0.0,0.0,0.0,,0.0042361570522189,0.9668422937393188,0.0,0,False
he_046,"The Fib4 number sequence is a sequence similar to the Fibbonacci sequnece that's defined as follows:
fib4(0) -> 0
fib4(1) -> 0
fib4(2) -> 2
fib4(3) -> 0
fib4(n) -> fib4(n-1) + fib4(n-2) + fib4(n-3) + fib4(n-4).
Please write a function to efficiently compute the n-th element of the fib4 number sequence.  Do not use recursion.
>>> fib4(5)
4
>>> fib4(6)
8
>>> fib4(7)
14","### Key Edge Cases to Handle - `n = 0`, `n = 1`, `n = 2`, and `n = 3` should return their predefined values immediately without entering the loop.",over_summarization,0,measured,humaneval,0.426596,0.0357142857142857,0.4615384615384615,0.25,0.1666666666666666,0.0,0.5,1,0.0,0.0,0.0,,0.9789677262306212,0.0011660277377814,0.0,0,False
he_046,"The Fib4 number sequence is a sequence similar to the Fibbonacci sequnece that's defined as follows:
fib4(0) -> 0
fib4(1) -> 0
fib4(2) -> 2
fib4(3) -> 0
fib4(n) -> fib4(n-1) + fib4(n-2) + fib4(n-3) + fib4(n-4).
Please write a function to efficiently compute the n-th element of the fib4 number sequence.  Do not use recursion.
>>> fib4(5)
4
>>> fib4(6)
8
>>> fib4(7)
14","**HANDOFF MESSAGE FOR AGENT B**

Your task is to write a Python function that efficiently computes the $n$-th element of the ""Fib4"" sequence. Do not use recursion (use an iterative approach with $O(n)$ time complexity and $O(1)$ space complexity).

### Function Signature


### Sequence Definition

### Examples

### Key Edge Cases to Handle

### Implementation Plan",tool_result_drop,0,measured,humaneval,0.75225294,0.0512820512820512,0.8615384615384616,0.75,0.1666666666666666,0.0188679245283018,0.7407407407407407,0,0.0,0.0,0.0,,0.8268325924873352,0.0044723870232701,0.0033333333333333335,0,False
he_056,"brackets is a string of ""<"" and "">"".
return True if every opening bracket has a corresponding closing bracket.
>>> correct_bracketing(""<"")
False
>>> correct_bracketing(""<>"")
True
>>> correct_bracketing(""<<><>>"")
True
>>> correct_bracketing(""><<>"")
False","Function to Build:
Write a Python function named  that takes a string of angle brackets ( and ) and returns  if every opening bracket has a corresponding closing bracket in the correct nested order, and  otherwise.

Exact Function Signature:


Key Edge Cases to Handle:

Brief Plan/Approach:",tool_result_drop,0,measured,humaneval,0.5737952,0.2307692307692307,1.4838709677419355,0.6666666666666666,0.1666666666666666,0.1162790697674418,0.5714285714285714,0,0.0,0.0,0.0,,0.9526937007904052,0.0053148427978158,0.01,0,False
task_081,"Write a function `consolidate_reviews(reviews, min_count)` for the product page at Orchard Marketplace. `reviews` is a list of (product_id, rating) tuples where rating is 1-5. Return a dict mapping product_id to its average rating rounded to 2 decimals, but ONLY for products with at least `min_count` reviews; products with fewer reviews must be excluded entirely from the result, not included with a null or zero average.","HANDOFF MESSAGE FOR AGENT B:

You need to build a Python function for the Orchard Marketplace product page that calculates and filters average ratings for products based on a minimum review threshold.

**Function Signature:**


**Key Requirements & Edge Cases:**

**Plan / Approach:**",tool_result_drop,0,measured,hand_hard,0.6299578,0.0625,0.6461538461538462,0.6666666666666666,0.1666666666666666,0.0,0.5,1,0.0,0.0,0.0,,0.4566932320594787,0.0024563865736126,0.0,0,False
task_081,"Write a function `consolidate_reviews(reviews, min_count)` for the product page at Orchard Marketplace. `reviews` is a list of (product_id, rating) tuples where rating is 1-5. Return a dict mapping product_id to its average rating rounded to 2 decimals, but ONLY for products with at least `min_count` reviews; products with fewer reviews must be excluded entirely from the result, not included with a null or zero average.","min_count: int, the minimum number of reviews required to include a product.
    
     Products with fewer than min_count reviews must be excluded.
     Do not include them with `None`, `0`, or any placeholder.
 2. **Rounding:** The resulting average rating for each eligible product must be rounded to exactly 2 decimal places (e.g., using `round(val, 2)`).
 3. **Empty/Invalid Inputs:** Handle empty `reviews` lists (return `{}`). Ensure division by zero is avoided (though `min_count >= 1` and counts >= `min_count` inherently prevent this).
 4. **Data Types:** `product_id` can be strings, integers, etc. Ratings are integers (1-5).

 **Plan / Approach:**
1. Use a data structure (like `collections.defaultdict` or a standard dictionary) to group and accumulate ratings and counts for each `product_id`. Alternatively, track `[sum_of_ratings, count]` for each `product_id` as you iterate through the `reviews` list.
 3. Iterate over the aggregated dictionary items. If a product's review count is `>= min_count`, compute `sum / count`, round it to 2 decimal places, and add it to the final result dictionary.
4. Return the final result dictionary.",entity_omission,0,measured,hand_hard,0.7185241,0.0967741935483871,2.6,6.333333333333333,0.0,0.0,0.3066666666666666,3,0.0,0.25,0.0,,0.975097954273224,0.0720743909478187,0.17459126800411462,0,False
he_065,"Circular shift the digits of the integer x, shift the digits right by shift
and return the result as a string.
If shift > number of digits, return digits reversed.
>>> circular_shift(12, 1)
""21""
>>> circular_shift(12, 2)
""12""","Otherwise, compute the effective shift using modulo or slice directly: the last `shift` elements come first, followed by the remaining elements: `s[n - shift:] + s[:n - shift]`.",over_summarization,0,measured,humaneval,0.4212832,0.0,0.7368421052631579,0.3333333333333333,0.0,0.0,0.3333333333333333,0,0.0,0.0,0.0,,0.0027691097930073,0.0012877348344773,0.0,0,False
he_065,"Circular shift the digits of the integer x, shift the digits right by shift
and return the result as a string.
If shift > number of digits, return digits reversed.
>>> circular_shift(12, 1)
""21""
>>> circular_shift(12, 2)
""12""","**Handoff Message for Agent B** **Task:** Implement a Python function that performs a circular shift on the digits of an integer `x` to the right by `shift` positions, and returns the result as a string. **Function Signature:** ```python def circular_shift(x: int, shift: int) -> str: ``` **Key Requirements & Edge Cases:** 1. **Digit Extraction:** Convert the integer `x` to a string representation of its digits to easily manipulate",truncation,0,measured,humaneval,0.70650065,0.1379310344827586,1.7894736842105263,1.0,0.1666666666666666,0.0307692307692307,0.4333333333333333,1,0.0,0.0,1.0,0.0,0.0084925759583711,0.0101210391148924,0.0748840177241912,0,False
he_065,"Circular shift the digits of the integer x, shift the digits right by shift
and return the result as a string.
If shift > number of digits, return digits reversed.
>>> circular_shift(12, 1)
""21""
>>> circular_shift(12, 2)
""12""","**Handoff Message for Agent B**

**Task:**
Implement a Python function that performs a circular shift on the digits of an integer  to the right by  positions, and returns the result as a string.

**Function Signature:**


**Key Requirements & Edge Cases:**

**Proposed Approach:**",tool_result_drop,0,measured,humaneval,0.6052088,0.1153846153846153,1.105263157894737,0.6666666666666666,0.1666666666666666,0.0512820512820512,0.5,1,0.0,0.0,0.0,,0.0075317271985113,0.0043664895929396,0.0,0,False
he_058,"Return sorted unique common elements for two lists.
>>> common([1, 4, 3, 34, 653, 2, 5], [5, 7, 1, 5, 9, 653, 121])
[1, 5, 653]
>>> common([5, 3, 2, 8], [3, 2])
[2, 3]","**HANDOFF MESSAGE FOR AGENT B**

**Function Requirements:**
Write a Python function that takes two lists as input and returns a new list containing the unique common elements between both input lists, sort in descending order order.

**Function Signature:**
```python
def common(list1, list2):
    pass
```

**Key Edge Cases to Handle:**
- Duplicate elements in either input list (the output must contain only unique elements, as shown in the example `common([1, 4, 3, 34, 653, 2, 5], [5, 7, 1, 5, 9, 653, 121])` yielding `[1, 5, 653]`).
- Lists with no common elements (should return an empty list `[]`).
- Empty input lists (should return `[]`).
- Unordered output (the result must be sorted numerically/alphabetically, as seen in `[3, 2]` becoming `[2, 3]`).

**Plan / Approach:**
1. Convert both input lists to Python `set` objects to automatically filter out duplicates and enable efficient intersection operations.
2. Find the intersection of the two sets using the `&` operator (or `.intersection()`).
3. Convert the resulting set back into a list.
4. Sort the list in ascending order using the `sorted()` function.
5. Return the sorted list.",wrong_algorithm_name,0,measured,humaneval,0.6863338,0.2181818181818181,5.228571428571429,7.5,0.5,0.05,0.358974358974359,5,0.0,1.0,1.0,12.0,0.9996929168701172,0.1648850739002227,0.8641694361735297,1,False
he_058,"Return sorted unique common elements for two lists.
>>> common([1, 4, 3, 34, 653, 2, 5], [5, 7, 1, 5, 9, 653, 121])
[1, 5, 653]
>>> common([5, 3, 2, 8], [3, 2])
[2, 3]","**HANDOFF MESSAGE FOR AGENT B**

**Function Requirements:**
Write a Python function that takes two lists as input and returns a new list containing the unique common elements between both input lists, sorted in descending order.

**Function Signature:**
```python
def common(list1, list2):
    pass
```

**Key Edge Cases to Handle:**
- Duplicate elements in either input list (the output must contain only unique elements, as shown in the example `common([1, 4, 3, 34, 653, 2, 5], [5, 7, 1, 5, 9, 653, 121])` yielding `[1, 5, 653]`).
- Lists with no common elements (should return an empty list `[]`).
- Empty input lists (should return `[]`).
- Unordered output (the result must be sorted numerically/alphabetically, as seen in `[3, 2]` becoming `[2, 3]`).

**Plan / Approach:**
1. Convert both input lists to Python `set` objects to automatically filter out duplicates and enable efficient intersection operations.
2. Find the intersection of the two sets using the `&` operator (or `.intersection()`).
3. Convert the resulting set back into a list.
4. Sort the list in ascending order using the `sorted()` function.
5. Return the sorted list.",invert_objective,0,measured,humaneval,0.68977267,0.2222222222222222,5.2,7.5,0.5,0.0502793296089385,0.358974358974359,5,0.0,1.0,1.0,12.0,0.9996929168701172,0.151846244931221,0.8608361028401962,1,False
he_068,"""Given an array representing a branch of a tree that has non-negative integer nodes
your task is to pluck one of the nodes and return it.
The plucked node should be the node with the smallest even value.
If multiple nodes with the same smallest even value are found return the node that has smallest index.
The plucked node should be returned in a list, [ smalest_value, its index ],
If there are no even values or the given array is empty, return [].
Example 1:
Input: [4,2,3]
Output: [2, 1]
Explanation: 2 has the smallest even value, and 2 has the smallest index.
Example 2:
Input: [1,2,3]
Output: [2, 1]
Explanation: 2 has the smallest even value, and 2 has the smallest index.
Example 3:
Input: []
Output: []
Example 4:
Input: [5, 0, 3, 0, 4, 2]
Output: [0, 1]
Explanation: 0 is the smallest value, but  there are two zeros,
so we will choose the first zero, which has the smallest index.
Constraints:
* 1 <= nodes.length <= 10000
* 0 <= node.value","If there are multiple nodes with this same smallest even value, pick the one with the **smallest index** (i.e., the first occurrence).",over_summarization,0,measured,humaneval,0.69211584,0.0425531914893617,0.125,0.125,0.0,0.0,0.1333333333333333,0,0.0,0.0,0.0,,0.0264335628598928,0.1832404285669326,0.006666666666666667,0,False
he_063,"The FibFib number sequence is a sequence similar to the Fibbonacci sequnece that's defined as follows:
fibfib(0) == 0
fibfib(1) == 0
fibfib(2) == 1
fibfib(n) == fibfib(n-1) + fibfib(n-2) + fibfib(n-3).
Please write a function to efficiently compute the n-th element of the fibfib number sequence.
>>> fibfib(1)
0
>>> fibfib(5)
4
>>> fibfib(8)
24","**HANDOFF MESSAGE FOR AGENT B**

**Function Requirements:**
Write a Python function to efficiently compute the $n$-th element of the ""FibFib"" sequence. 

**Function Signature:**


**Sequence Definition:**

**Examples / Test Cases:**

**Edge Cases to Handle:**

**Plan / Approach:**",tool_result_drop,0,measured,humaneval,0.65864617,0.0,0.6428571428571429,0.6666666666666666,0.1666666666666666,0.0606060606060606,0.4782608695652174,1,0.0,0.0,0.0,,0.0183338429778814,0.017760545015335,0.0033333333333333335,0,False
he_068,"""Given an array representing a branch of a tree that has non-negative integer nodes
your task is to pluck one of the nodes and return it.
The plucked node should be the node with the smallest even value.
If multiple nodes with the same smallest even value are found return the node that has smallest index.
The plucked node should be returned in a list, [ smalest_value, its index ],
If there are no even values or the given array is empty, return [].
Example 1:
Input: [4,2,3]
Output: [2, 1]
Explanation: 2 has the smallest even value, and 2 has the smallest index.
Example 2:
Input: [1,2,3]
Output: [2, 1]
Explanation: 2 has the smallest even value, and 2 has the smallest index.
Example 3:
Input: []
Output: []
Example 4:
Input: [5, 0, 3, 0, 4, 2]
Output: [0, 1]
Explanation: 0 is the smallest value, but  there are two zeros,
so we will choose the first zero, which has the smallest index.
Constraints:
* 1 <= nodes.length <= 10000
* 0 <= node.value","**HANDOFF MESSAGE FOR AGENT B**

**Function to Build:**
Write a Python function that takes an array (list) of non-negative integers representing a tree branch, finds the ""plucked node"" according to specific criteria, and returns it as a list .

**Exact Function Signature:**


**Selection Rules for Plucking:**

**Edge Cases to Handle:**

**Approach / Algorithm:**",tool_result_drop,0,measured,humaneval,0.676155,0.0689655172413793,0.3011363636363636,0.25,0.3333333333333333,0.0,0.5,0,0.0,0.0,0.0,,0.0265310611575841,0.0326470285654068,0.005,0,False
he_067,"In this task, you will be given a string that represents a number of apples and oranges
that are distributed in a basket of fruit this basket contains
apples, oranges, and mango fruits. Given the string that represents the total number of
the oranges and apples and an integer that represent the total number of the fruits
in the basket return the number of the mango fruits in the basket.
for examble:
fruit_distribution(""5 apples and 6 oranges"", 19) ->19 - 5 - 6 = 8
fruit_distribution(""0 apples and 1 oranges"",3) -> 3 - 0 - 1 = 2
fruit_distribution(""2 apples and 3 oranges"", 100) -> 100 - 2 - 3 = 95
fruit_distribution(""100 apples and 1 oranges"",120) -> 120 - 100 - 1 = 19","A simple way to do this is to split the string by spaces and extract the elements at the expected indices (e.g., index 0 for apples, index 3 for oranges), or use regular expressions to find all numbers in the string.",over_summarization,0,measured,humaneval,0.41335225,0.0869565217391304,0.328,0.3333333333333333,0.0,0.0,0.375,0,0.0,0.0,0.0,,0.0547514520585536,0.5445916652679443,0.0,0,False
he_072,"Write a function that returns True if the object q will fly, and False otherwise.
The object q will fly if it's balanced (it is a palindromic list) and the sum of its elements is less than or equal the maximum possible weight w.
Example:
will_it_fly([1, 2], 5) ➞ False
# 1+2 is less than the maximum possible weight, but it's unbalanced.
will_it_fly([3, 2, 3], 1) ➞ False
# it's balanced, but 3+2+3 is more than the maximum possible weight.
will_it_fly([3, 2, 3], 9) ➞ True
# 3+2+3 is less than the maximum possible weight, and it's balanced.
will_it_fly([3], 5) ➞ True
# 3 is less than the maximum possible weight, and it's balanced.","Function Purpose: Write a Python function that determines if an object `q` (represented as a list of numbers) will ""fly"" based on two conditions: - The list must be balanced (i.e., it is a palindrome, reading the same forwards and backwards).",over_summarization,0,measured,humaneval,0.7390645,0.0625,0.3596491228070175,0.1666666666666666,0.0,0.0,0.1666666666666666,1,0.0,0.0,0.0,,0.0115258125588297,0.0583537444472312,0.0,0,False
he_074,"Write a function that accepts two lists of strings and returns the list that has
total number of chars in the all strings of the list less than the other list.
if the two lists have the same number of chars, return the first list.
Examples
total_match([], []) ➞ []
total_match(['hi', 'admin'], ['hI', 'Hi']) ➞ ['hI', 'Hi']
total_match(['hi', 'admin'], ['hi', 'hi', 'admin', 'project']) ➞ ['hi', 'admin']
total_match(['hi', 'admin'], ['hI', 'hi', 'hi']) ➞ ['hI', 'hi', 'hi']
total_match(['4'], ['1', '2', '3', '4', '5']) ➞ ['4']","**Handoff Message for Agent B** You need to write a Python function that compares two lists of strings based on the total character count across all strings within each list. ### Function Signature ```python def total_match(list1: list[str], list2: list[str]) -> list[str]: ``` ### Requirements & Behavior 1. Calculate the sum of the lengths of all strings in `list1`. 2.",truncation,0,measured,humaneval,0.6435189,0.1111111111111111,0.7108433734939759,1.3333333333333333,0.0,0.0178571428571428,0.2962962962962963,1,0.0,1.0,1.0,0.0,0.9838565587997437,0.0884978473186492,0.09799089066498208,0,False
he_072,"Write a function that returns True if the object q will fly, and False otherwise.
The object q will fly if it's balanced (it is a palindromic list) and the sum of its elements is less than or equal the maximum possible weight w.
Example:
will_it_fly([1, 2], 5) ➞ False
# 1+2 is less than the maximum possible weight, but it's unbalanced.
will_it_fly([3, 2, 3], 1) ➞ False
# it's balanced, but 3+2+3 is more than the maximum possible weight.
will_it_fly([3, 2, 3], 9) ➞ True
# 3+2+3 is less than the maximum possible weight, and it's balanced.
will_it_fly([3], 5) ➞ True
# 3 is less than the maximum possible weight, and it's balanced.","Handoff Message for Agent B:

Write a Python function that determines if an object  (represented as a list of numbers) will ""fly"" based on two conditions:
The function should return  if both conditions are met, and  otherwise.



",tool_result_drop,0,measured,humaneval,0.40980193,0.0303030303030303,0.3245614035087719,0.1666666666666666,0.0,0.0,0.3333333333333333,1,0.0,0.0,0.0,,0.0223714727908372,0.7781009078025818,0.0033333333333333335,0,False
he_072,"Write a function that returns True if the object q will fly, and False otherwise.
The object q will fly if it's balanced (it is a palindromic list) and the sum of its elements is less than or equal the maximum possible weight w.
Example:
will_it_fly([1, 2], 5) ➞ False
# 1+2 is less than the maximum possible weight, but it's unbalanced.
will_it_fly([3, 2, 3], 1) ➞ False
# it's balanced, but 3+2+3 is more than the maximum possible weight.
will_it_fly([3, 2, 3], 9) ➞ True
# 3+2+3 is less than the maximum possible weight, and it's balanced.
will_it_fly([3], 5) ➞ True
# 3 is less than the maximum possible weight, and it's balanced.","Handoff Message for Agent B:

1. Function Purpose:
Write a Python function that determines if an object `q` (represented as a list of numbers) will ""fly"" based on two conditions:
   - The list must be balanced (i.e., it is a palindrome, reading the same forwards and backwards).
   - The sum of all elements in the list must be less than or equal to the maximum possible weight `w`.
The function should return `True` if both conditions are met, and `False` otherwise.

2. Exact Function Signature:
```python
def will_it_fly_impl(q: list, w: int) -> bool:
```

3. Key Edge Cases to Handle:
   - Single-element lists (e.g., `[3], 5` -> `True` since a single element is inherently palindromic and you just check its sum against `w`).
   - Lists where the sum equals `w` exactly (should return `True` if palindromic, as the condition is ""less than or equal"").
   - Unbalanced lists with a sum well below `w` (e.g., `[1, 2], 5` -> `False` because it's not a palindrome).
   - Balanced lists that exceed the weight limit (e.g., `[3, 2, 3], 1` -> `False`).

4. Brief Plan/Approach:
   - First, check if the list `q` is equal to its reverse (`q == q[::-1]`). If it's not palindromic, immediately return `False`.
   - Second, check if `sum(q) <= w`. If the sum exceeds `w`, return `False`.
   - If both checks pass, return `True`.",signature_rename,0,measured,humaneval,0.7679191,0.15,1.973684210526316,2.6666666666666665,0.1666666666666666,0.0090497737556561,0.2032520325203252,4,0.0,0.0,1.0,,0.9837189316749572,0.2605301141738891,0.5641539470248934,1,True
he_071,"Given the lengths of the three sides of a triangle. Return the area of
the triangle rounded to 2 decimal points if the three sides form a valid triangle.
Otherwise return -1
Three sides make a valid triangle when the sum of any two sides is greater
than the third side.
Example:
triangle_area(3, 4, 5) == 6.00
triangle_area(1, 2, 10) == -1","HANDOFF MESSAGE FOR AGENT B: You need to implement a Python function that calculates the area of a triangle given the lengths of its three sides. **Function Signature:** ```python def triangle_area(a: float, b: float, c: float) -> float: ``` **Requirements:** 1. **Triangle Validity Check:** The three sides (`a`, `b`, `c`) form a valid triangle if and only if the sum of any two sides is",truncation,0,measured,humaneval,0.6690371,0.2432432432432432,1.0483870967741935,0.75,0.0,0.0806451612903225,0.1666666666666666,1,0.0,0.6666666666666666,1.0,0.0,0.0158081389963626,0.1325279921293258,0.10063533217279653,0,False
he_074,"Write a function that accepts two lists of strings and returns the list that has
total number of chars in the all strings of the list less than the other list.
if the two lists have the same number of chars, return the first list.
Examples
total_match([], []) ➞ []
total_match(['hi', 'admin'], ['hI', 'Hi']) ➞ ['hI', 'Hi']
total_match(['hi', 'admin'], ['hi', 'hi', 'admin', 'project']) ➞ ['hi', 'admin']
total_match(['hi', 'admin'], ['hI', 'hi', 'hi']) ➞ ['hI', 'hi', 'hi']
total_match(['4'], ['1', '2', '3', '4', '5']) ➞ ['4']","**Handoff Message for Agent B**

You need to write a Python function that compares two lists of strings based on the total character count across all strings within each list.

### Function Signature


### Requirements & Behavior

### Edge Cases to Handle

### Implementation Plan",tool_result_drop,0,measured,humaneval,0.5131283,0.1212121212121212,0.5421686746987951,0.6666666666666666,0.1666666666666666,0.0238095238095238,0.75,1,0.0,0.0,0.0,,0.9701546430587769,0.1691614985466003,0.0,0,False
he_080,"You are given a string s.
Your task is to check if the string is happy or not.
A string is happy if its length is at least 3 and every 3 consecutive letters are distinct
For example:
is_happy(a) => False
is_happy(aa) => False
is_happy(abcd) => True
is_happy(aabb) => False
is_happy(adb) => True
is_happy(xyy) => False","For each window starting at index `i`, check if the three characters `s[i]`, `s[i+1]`, and `s[i+2]` are all unique (e.g., by comparing them or putting them in a `set` of length 3).",over_summarization,0,measured,humaneval,0.40280068,0.0416666666666666,0.5714285714285714,0.3333333333333333,0.0,0.0,0.2142857142857142,0,0.0,1.0,0.0,,0.0035130016040056,0.0058662588708102,0.006666666666666667,0,False
he_071,"Given the lengths of the three sides of a triangle. Return the area of
the triangle rounded to 2 decimal points if the three sides form a valid triangle.
Otherwise return -1
Three sides make a valid triangle when the sum of any two sides is greater
than the third side.
Example:
triangle_area(3, 4, 5) == 6.00
triangle_area(1, 2, 10) == -1","HANDOFF MESSAGE FOR AGENT B:

You need to implement a Python function that calculates the area of a triangle given the lengths of its three sides.

**Function Signature:**


**Requirements:**

**Key Edge Cases to Handle:**

**Approach / Algorithm:**",tool_result_drop,0,measured,humaneval,0.55741215,0.1176470588235294,0.5967741935483871,0.5,0.3333333333333333,0.0294117647058823,0.4827586206896552,1,0.0,0.0,0.0,,0.0190236009657382,0.0472642816603183,0.007370370370370371,0,False
he_080,"You are given a string s.
Your task is to check if the string is happy or not.
A string is happy if its length is at least 3 and every 3 consecutive letters are distinct
For example:
is_happy(a) => False
is_happy(aa) => False
is_happy(abcd) => True
is_happy(aabb) => False
is_happy(adb) => True
is_happy(xyy) => False","Agent B, please write the Python function for the following task based on these specifications:
",tool_result_drop,0,measured,humaneval,0.2852607,0.0,0.2678571428571428,0.3333333333333333,0.0,0.0,0.5,0,0.0,0.0,0.0,,0.0095818592235445,0.0050144675187766,0.0,0,False
he_071,"Given the lengths of the three sides of a triangle. Return the area of
the triangle rounded to 2 decimal points if the three sides form a valid triangle.
Otherwise return -1
Three sides make a valid triangle when the sum of any two sides is greater
than the third side.
Example:
triangle_area(3, 4, 5) == 6.00
triangle_area(1, 2, 10) == -1","**Triangle Validity Check:** The three sides (`a`, `b`, `c`) form a valid triangle if and only if the sum of any two sides is strictly greater than the third side: - `a + b > c` - `a + c > b` - `b + c > a` 2.",over_summarization,0,measured,humaneval,0.6180126,0.36,0.7903225806451613,0.25,0.0,0.108695652173913,0.238095238095238,1,0.0,0.6666666666666666,0.0,,0.0034696522634476,0.8582592606544495,0.06166666666666667,0,False
he_079,"You will be given a number in decimal form and your task is to convert it to
binary format. The function should return a string, with each character representing a binary
number. Each character in the string will be '0' or '1'.
There will be an extra couple of characters 'db' at the beginning and at the end of the string.
The extra characters are there to help with the format.
Examples:
decimal_to_binary(15)   # returns ""db1111db""
decimal_to_binary(32)   # returns ""db100000db""","Agent B, here are the specifications for the function you need to write:

**Function Purpose:**
Write a Python function that converts a given decimal number into its binary string representation and wraps the result with the prefix and suffix .

**Function Signature:**


**Behavior & Requirements:**

**Key Edge Cases to Consider:**

**Implementation Plan:**",tool_result_drop,0,measured,humaneval,0.583391,0.0606060606060606,0.65,0.3333333333333333,0.1666666666666666,0.0,0.5,1,0.0,0.0,0.0,,0.0007977675995789,0.0017317037563771,0.0,0,False
he_079,"You will be given a number in decimal form and your task is to convert it to
binary format. The function should return a string, with each character representing a binary
number. Each character in the string will be '0' or '1'.
There will be an extra couple of characters 'db' at the beginning and at the end of the string.
The extra characters are there to help with the format.
Examples:
decimal_to_binary(15)   # returns ""db1111db""
decimal_to_binary(32)   # returns ""db100000db""","- Negative numbers: The problem description implies standard positive decimal conversions (like the examples), but ensure standard Python behavior if negatives occur, or assume positive integers based on the context.",over_summarization,0,measured,humaneval,0.4158412,0.0,0.375,0.1666666666666666,0.0,0.0,0.4545454545454545,0,0.0,0.0,0.0,,0.001345414086245,0.0019564386457204,0.0,0,False
he_077,"Write a function that takes an integer a and returns True
if this ingeger is a cube of some integer number.
Note: you may assume the input is always valid.
Examples:
iscube(1) ==> True
iscube(2) ==> False
iscube(-1) ==> True
iscube(64) ==> True
iscube(0) ==> True
iscube(180) ==> False","AGENT B HANDOFF MESSAGE

Function Objective:
Write a Python function that determines whether a given integer is the exact cube of another integer. 

Function Signature:
`def iscube_impl(a: int) -> bool:`

Key Edge Cases to Handle:
- Negative integers (e.g., -1 cubed is -1, so `iscube_impl(-1)` should return `True`).
- Zero (`iscube_impl(0)` should return `True`).
- Large integers (ensure efficiency and no floating-point precision issues).
- Non-perfect cubes (e.g., 2, 180, returning `False`).

Recommended Approach:
1. Handle negative numbers by taking their absolute value for the cube root calculation, but remember that negative numbers can be valid cubes. Alternatively, you can use the cube root approach: calculate `round(abs(a) ** (1/3))` and check if its cube equals `abs(a)`, then adjust for the sign if needed.
2. A safer and more robust approach without floating-point inaccuracies for large numbers is binary search or integer cube root approximation. 
3. Specifically, for integer $a$:
   - Let $b$ be the integer cube root. 
   - A reliable method in Python is checking `root = round(a ** (1/3))` or using integer binary search between `-abs(a)` and `abs(a)`.
   - Verify if `root * root * root == a`.",signature_rename,0,measured,humaneval,0.6668162,0.0634920634920634,3.857142857142857,4.666666666666667,0.3333333333333333,0.0,0.3950617283950617,2,0.0,0.0,1.0,,0.0676895380020141,0.0231659524142742,0.8124132488794881,1,False
he_083,"Given a positive integer n, return the count of the numbers of n-digit
positive integers that start or end with 1.","The only number that starts and ends with 1 is `1`. **Approach / Mathematical Derivation (Inclusion-Exclusion Principle):**
To avoid double-counting numbers that *both* start and end with `1`:
1. **Total $n$-digit numbers starting with 1:** The first digit is fixed as `1`. The remaining $n-1$ positions can each be any digit from `0` to `9` (10 choices). 
    - Count = $10^{n-1}$
2. **Total $n$-digit numbers ending in 1:** The last digit is fixed as `1`. The first digit can be `1` through `9` (9 choices, since positive integers cannot start with 0). The first digit is `1`, and the last digit is `1`. The $n-2$ intermediate positions can each be any digit from `0` to `9`.
   - For $n = 1$: Count = 1.
   - For $n = 2$: First digit `1`, last digit `1` $\rightarrow$ number is `11` (Count = $10^0 = 1$).
   - For $n > 2$: Count = $10^{n-2}$
4. **Apply Inclusion-Exclusion:**
   $\text{Total} = (\text{Starts with 1}) + (\text{Ends with 1}) - (\text{Starts and Ends with 1})$

Implement this logic cleanly in the `count_numbers(n)` function.",entity_omission,0,measured,humaneval,0.71909726,0.0377358490566037,8.476190476190476,13.0,0.0,0.0,0.2395833333333333,1,0.0,0.0,1.0,,0.6491356492042542,0.1928018629550933,0.4412339989741885,1,True
he_081,"It is the last week of the semester and the teacher has to give the grades
to students. The teacher has been making her own algorithm for grading.
The only problem is, she has lost the code she used for grading.
She has given you a list of GPAs for some students and you have to write
a function that can output a list of letter grades using the following table:
GPA       |    Letter grade
4.0                A+
> 3.7                A
> 3.3                A-
> 3.0                B+
> 2.7                B
> 2.3                B-
> 2.0                C+
> 1.7                C
> 1.3                C-
> 1.0                D+
> 0.7                D
> 0.0                D-
0.0                E
Example:
grade_equation([4.0, 3, 1.7, 2, 3.5]) ==> ['A+', 'B', 'C-', 'C', 'A-']",HANDOFF MESSAGE FOR AGENT B: You need to write a Python function that converts a list of numerical GPAs into a list of corresponding letter grades based on a specific grading threshold table. **Function Signature:** ```python def grade_equation(gpas: list) -> list: ``` **Grading Table Rules:** - `4.0` -> `A+` - `> 3.7` -> `A` - `> 3.3` -> `A-` - `> 3.0` -> `B+` -,truncation,0,measured,humaneval,0.64995235,0.109090909090909,0.5241935483870968,0.5,0.0,0.0,0.075,0,0.0,0.0,1.0,4.0,0.8895418047904968,0.005665642209351,0.019064327485380117,0,False
he_081,"It is the last week of the semester and the teacher has to give the grades
to students. The teacher has been making her own algorithm for grading.
The only problem is, she has lost the code she used for grading.
She has given you a list of GPAs for some students and you have to write
a function that can output a list of letter grades using the following table:
GPA       |    Letter grade
4.0                A+
> 3.7                A
> 3.3                A-
> 3.0                B+
> 2.7                B
> 2.3                B-
> 2.0                C+
> 1.7                C
> 1.3                C-
> 1.0                D+
> 0.7                D
> 0.0                D-
0.0                E
Example:
grade_equation([4.0, 3, 1.7, 2, 3.5]) ==> ['A+', 'B', 'C-', 'C', 'A-']","HANDOFF MESSAGE FOR AGENT B:

You need to write a Python function that converts a list of numerical GPAs into a list of corresponding letter grades based on a specific grading threshold table. 

 *

**Example:**
```python
grade_equation([4.0, 3, 1.7, 2, 3.5]) 
# Expected Output: ['A+', 'B', 'C-', 'C', 'A-']
```

**Key Edge Cases to Handle:**
- Exact boundary values (e.g., `4.0`, `3.7`, `3.3`, `0.0`).
- Integer inputs mixed with floats (e.g., `3` instead of `3.0`).
- Empty list input (`[]` should return `[]`).

 For each GPA, evaluate it against the thresholds from highest to lowest using an `if-elif-else` chain, and append the corresponding letter grade to a result list. Finally, return the result list.",entity_omission,0,measured,humaneval,0.7428403,0.2222222222222222,0.9193548387096774,1.5,0.5,0.036036036036036,0.2727272727272727,1,0.0,0.0,0.0,,0.9601239562034608,0.0042570042423903,0.092,0,False
he_077,"Write a function that takes an integer a and returns True
if this ingeger is a cube of some integer number.
Note: you may assume the input is always valid.
Examples:
iscube(1) ==> True
iscube(2) ==> False
iscube(-1) ==> True
iscube(64) ==> True
iscube(0) ==> True
iscube(180) ==> False",- A reliable method in Python is checking `root = round(a ** (1/3))` or using integer binary search between `-abs(a)` and `abs(a)`.,over_summarization,0,measured,humaneval,0.45899415,0.0,0.4489795918367347,0.3333333333333333,0.0,0.0,0.2857142857142857,0,0.0,0.0,1.0,,0.0067399246618151,0.0107907662168145,0.018000000000000002,0,False
he_081,"It is the last week of the semester and the teacher has to give the grades
to students. The teacher has been making her own algorithm for grading.
The only problem is, she has lost the code she used for grading.
She has given you a list of GPAs for some students and you have to write
a function that can output a list of letter grades using the following table:
GPA       |    Letter grade
4.0                A+
> 3.7                A
> 3.3                A-
> 3.0                B+
> 2.7                B
> 2.3                B-
> 2.0                C+
> 1.7                C
> 1.3                C-
> 1.0                D+
> 0.7                D
> 0.0                D-
0.0                E
Example:
grade_equation([4.0, 3, 1.7, 2, 3.5]) ==> ['A+', 'B', 'C-', 'C', 'A-']","HANDOFF MESSAGE FOR AGENT B:

You need to write a Python function that converts a list of numerical GPAs into a list of corresponding letter grades based on a specific grading threshold table. 

**Function Signature:**


**Grading Table Rules:**

*(Note: The thresholds are strict inequalities for everything except exactly 4.0 and 0.0).*

**Example:**


**Key Edge Cases to Handle:**

**Approach:**
Iterate through the input list of GPAs. For each GPA, evaluate it against the thresholds from highest to lowest using an  chain, and append the corresponding letter grade to a result list. Finally, return the result list.",tool_result_drop,0,measured,humaneval,0.67138076,0.123076923076923,0.7661290322580645,1.0,0.3333333333333333,0.0,0.4117647058823529,0,0.0,0.0,0.0,,0.7417697906494141,0.0075380532070994,0.007202380952380952,0,False
he_081,"It is the last week of the semester and the teacher has to give the grades
to students. The teacher has been making her own algorithm for grading.
The only problem is, she has lost the code she used for grading.
She has given you a list of GPAs for some students and you have to write
a function that can output a list of letter grades using the following table:
GPA       |    Letter grade
4.0                A+
> 3.7                A
> 3.3                A-
> 3.0                B+
> 2.7                B
> 2.3                B-
> 2.0                C+
> 1.7                C
> 1.3                C-
> 1.0                D+
> 0.7                D
> 0.0                D-
0.0                E
Example:
grade_equation([4.0, 3, 1.7, 2, 3.5]) ==> ['A+', 'B', 'C-', 'C', 'A-']",You need to write a Python function that converts a list of numerical GPAs into a list of corresponding letter grades based on a specific grading threshold table.,over_summarization,0,measured,humaneval,0.74776906,0.0612244897959183,0.2258064516129032,0.25,0.0,0.0,0.6,0,0.0,0.0,0.0,,0.0032795367296785,0.0084032714366912,0.0,0,False
he_076,"Your task is to write a function that returns true if a number x is a simple
power of n and false in other cases.
x is a simple power of n if n**int=x
For example:
is_simple_power(1, 4) => true
is_simple_power(2, 2) => true
is_simple_power(8, 2) => true
is_simple_power(3, 2) => false
is_simple_power(3, 1) => false
is_simple_power(5, 3) => false","**Handoff Message for Agent B**

You need to implement a Python function that checks whether a given number  is a simple power of another number  (i.e., whether $n^k = x$ for some integer $k$).

### Function Signature


### Requirements & Edge Cases

### Proposed Approach",tool_result_drop,0,measured,humaneval,0.5340957,0.0588235294117647,0.75,1.0,0.1666666666666666,0.0476190476190476,0.5652173913043478,1,0.0,0.0,0.0,,0.0324541479349136,0.0802470743656158,0.0,0,False
he_076,"Your task is to write a function that returns true if a number x is a simple
power of n and false in other cases.
x is a simple power of n if n**int=x
For example:
is_simple_power(1, 4) => true
is_simple_power(2, 2) => true
is_simple_power(8, 2) => true
is_simple_power(3, 2) => false
is_simple_power(3, 1) => false
is_simple_power(5, 3) => false","- Alternatively, you can iteratively divide `x` by `n` (while `x > 0` and `x % n == 0`) until `x == 1`, but ensure you don't fall into infinite loops when $n = 0$ or $n = 1$.",over_summarization,0,measured,humaneval,0.4462875,0.0769230769230769,0.65,0.5,0.0,0.0,0.3333333333333333,0,0.0,0.0,0.0,,0.0061819124966859,0.0066552329808473,0.0,0,False
he_085,"Given a non-empty list of integers lst. add the even elements that are at odd indices..
Examples:
add([4, 2, 6, 7]) ==> 2",Iterate through the list using a `for` loop with `enumerate()` to track both the index and the value.,over_summarization,0,measured,humaneval,0.3750483,0.0,0.782608695652174,0.3333333333333333,0.0,0.0,0.2857142857142857,0,0.0,1.0,1.0,,0.0031383086461573,0.0063010030426084,0.05925013683634373,0,False
he_085,"Given a non-empty list of integers lst. add the even elements that are at odd indices..
Examples:
add([4, 2, 6, 7]) ==> 2","**HANDOFF MESSAGE FOR AGENT B**

**Function Requirements:**
Write a Python function that takes a non-empty list of integers () and returns the sum of all elements that meet two conditions simultaneously:

**Function Signature:**


**Key Edge Cases to Handle:**

**Plan / Approach:**",tool_result_drop,0,measured,humaneval,0.33725163,0.1304347826086956,1.7826086956521738,0.3333333333333333,0.1666666666666666,0.0526315789473684,0.4615384615384615,1,0.0,0.0,0.0,,0.0027698909398168,0.0078419903293251,0.0038888888888888883,0,False
mbpp_113,Write a function to check if a string represents an integer or not.,"If it is, slice the string to remove that character and ensure the remaining string is not empty.",over_summarization,0,measured,mbpp,0.42529523,0.0,1.3846153846153846,1.0,0.0,0.0,0.2857142857142857,0,0.0,0.0,0.0,,0.001822070335038,0.0002706148952711,0.0,0,False
mbpp_126,Write a python function to find the sum of common divisors of two given numbers.,Iterate through all integers from `1` up to the square root of the GCD (`int(math.isqrt(g))`): - If a number `i` divides the GCD evenly (`gcd % i == 0`): - Add `i` to `total_sum`.,over_summarization,0,measured,mbpp,0.5238233,0.0,2.2666666666666666,1.0,0.0,0.0,0.1904761904761904,0,0.0294117647058823,1.0,1.0,,0.0017887757858261,0.0013599746162071,0.08610443635805955,0,False
he_086,"Write a function that takes a string and returns an ordered version of it.
Ordered version of string, is a string where all words (separated by space)
are replaced by a new word where all the characters arranged in
ascending order based on ascii value.
Note: You should keep the order of words and blank spaces in the sentence.
For example:
anti_shuffle('Hi') returns 'Hi'
anti_shuffle('hello') returns 'ehllo'
anti_shuffle('Hello World!!!') returns 'Hello !!!Wdlor'","AGENT B HANDOFF MESSAGE

Function to Build:
Write a Python function named `anti_shuffle(s: str) -> str`. 

Problem Statement:
The function takes a string `s` and returns an ""ordered"" version of it. An ordered version is defined as follows:
- The string is split into words (separated by spaces).
- Each individual word is replaced by a new word where all of its characters are rearranged in descending order based on their ASCII values.
- The original order of the words, as well as all blank spaces (including multiple consecutive spaces) in the sentence, must be strictly preserved.

Examples:
- `anti_shuffle('Hi')` -> `'Hi'`
- `anti_shuffle('hello')` -> `'ehllo'`
- `anti_shuffle('Hello World!!!')` -> `'Hello !!!Wdlor'`

Key Edge Cases to Handle:
1. Multiple consecutive spaces or leading/trailing spaces must be preserved in their exact positions (do not just use a simple `.split()` without handling whitespace).
2. Punctuation attached to words (like `World!!!`) should be treated as part of the word and sorted alongside the alphabetical characters based on ASCII values (e.g., `'!!!Wdlor'`).
3. Empty strings `""""` or strings consisting entirely of spaces.
4. Single-character words or single-character strings.

Suggested Approach:
1. Instead of a standard whitespace split that discards spacing information, you can use regular expressions (`re.split` with capturing parentheses or `re.finditer`) to tokenize the string into alternating chunks of words and whitespace/separators.
2. For each chunk that is a word, convert it to a list of characters, sort them using `sorted()` (which sorts by ASCII value by default), and join them back into a string.
3. Leave whitespace chunks completely untouched.
4. Recombine all processed word chunks and whitespace chunks in their original order to form the final result string.",invert_objective,0,measured,humaneval,0.7828962,0.1294117647058823,3.8472222222222223,5.25,0.1666666666666666,0.0145985401459854,0.3761467889908257,4,0.0,1.0,1.0,0.0,0.9974714517593384,0.0933184251189231,0.8212932665248749,1,False
mbpp_142,Write a function to count number items that are identical in the same position of three given lists.,"We should only compare up to the length of the *shortest* list to avoid `IndexError`, or handle them gracefully (using `zip` naturally stops at the shortest list).",over_summarization,0,measured,mbpp,0.28766266,0.0,1.5,1.0,0.0,0.0,0.2857142857142857,1,0.037037037037037,1.0,0.0,,0.1541733294725418,0.0010954460594803,0.015925925925925927,0,False
mbpp_141,Write a function to sort a list of elements.,"HANDOFF MESSAGE FOR AGENT B: You need to write a Python function that sorts a list of elements. **Function Signature:** ```python def sort_list(elements: list) -> list: ``` **Requirements & Edge Cases to Handle:** - The function should return a new sorted list (or sort in place and return it, but returning a new sorted list is preferred for purity). - Handle empty lists `[]` gracefully by returning an empty list. - Handle single-element lists `[x]` by returning the list as-is. - Handle lists with duplicate values correctly. - The elements in the list should be comparable (assume homogeneous types like all integers, all floats, or The implementation should follow standard Python coding conventions. The solution should be clean, well-organized, and maintainable. The function signature must match the specification provided above. Python best practices and idiomatic style are encouraged throughout. Python best",fake_completion,0,measured,mbpp,0.58072364,0.0588235294117647,15.666666666666666,10.0,0.1666666666666666,0.0072992700729927,0.3773584905660377,6,0.0,0.0,1.0,,0.997099757194519,0.0014427473070099,0.6032777572484572,0,True
mbpp_141,Write a function to sort a list of elements.,"HANDOFF MESSAGE FOR AGENT B: You need to write a Python function that sorts a list of elements. **Function Signature:** ```python def sort_list(elements: list) -> list: ``` **Requirements & Edge Cases to Handle:** - The function should return a new sorted list (or sort in place and return it, but returning a new sorted list is preferred for purity). - Handle empty lists `[]` gracefully by returning an empty list. - Handle single-element lists `[x]` by returning the list as-is. - Handle lists with duplicate values correctly. - The elements in the list should be comparable (assume homogeneous types like all integers, all floats, or all strings). **Plan / Approach:** - Utilize Python's built-in Timsort algorithm via the `sorted()` function, which is efficient ($O(n \log n)$ time complexity) Note: The input is guaranteed to be non-empty; no empty-input handling is needed.",inject_false_constraint,0,measured,mbpp,0.5857187,0.0571428571428571,15.666666666666666,7.0,0.5,0.0072992700729927,0.3478260869565217,3,0.0,0.0,1.0,,0.997099757194519,0.0004889995907433,0.6539557116808552,0,True
mbpp_228,Write a python function to check whether all the bits are unset in the given range or not.,"Let's support standard bit positions: If l and r are given, we want to check bits from position l to r. To be safe and robust, let's assume standard 1-based indexing from the right, where the rightmost bit is position 1. """"""",over_summarization,0,measured,mbpp,0.5366519,0.0,2.333333333333333,3.0,0.0,0.0,0.3157894736842105,0,0.0238095238095238,0.0,0.0,,0.7216969132423401,0.0304168108850717,0.06243497191151956,0,False
mbpp_223,"Write a function that takes in a sorted array, its length (n), and an element and returns whether the element is the majority element in the given sorted array. (The majority element is the element that occurs more than n/2 times.)","HANDOFF MESSAGE FOR AGENT B:

Goal: Write a function that determines if a given element is the ""majority element"" in a sorted array. A majority element is defined as an element that strictly occurs more than $n / 2$ times, where $n$ is the length of the array.

 2. `target` is not present in the array at all: Return `false`.
 3. `n = 1`: If the single element equals the `target`, return `true`; otherwise `false`.
 4. Elements that appear $\le n / 2$ times (e.g., exactly $n / 2$ times): Return `false`.

 Approach/Plan:
Since the array is sorted, all instances of the `target` element will appear contiguously. 
 1. Use binary search (e.g., `std::lower_bound` and `std::upper_bound` in C++, or custom binary search) to find the first and last occurrence indices of the `target` in the array.
 2. If the `target` is not found, return `false`.
3. Calculate the total frequency of the `target` using the indices: `last_index - first_index + 1`.
 4. Check if this frequency is strictly greater than `n / 2`. Return `true` if it is, otherwise `false`. This achieves $O(\log n)$ time complexity.",entity_omission,0,measured,mbpp,0.579004,0.0714285714285714,4.512195121951219,9.5,0.0,0.0054945054945054,0.2235294117647059,2,0.0,1.0,0.0,,0.9466146230697632,0.0564496032893657,0.16871140226416242,0,False
mbpp_223,"Write a function that takes in a sorted array, its length (n), and an element and returns whether the element is the majority element in the given sorted array. (The majority element is the element that occurs more than n/2 times.)","HANDOFF MESSAGE FOR AGENT B:

Goal: Write a function that determines if a given element is the ""majority element"" in a sorted array. A majority element is defined as an element that strictly occurs more than $n / 2$ times, where $n$ is the length of the array.

Function Signature:
 
*(Note: Adjust types as appropriate for the language, assuming C/C++ style based on passing length and array, but ensure it accepts an array/vector, array length , and the  element, returning a boolean).*

Key Edge Cases to Handle:

Approach/Plan:
Since the array is sorted, all instances of the  element will appear contiguously. ",tool_result_drop,0,measured,mbpp,0.72694653,0.0909090909090909,2.463414634146341,1.5,0.1666666666666666,0.010204081632653,0.4318181818181818,1,0.0,0.0,0.0,,0.0580882169306278,0.2118443697690963,0.08144040190814111,0,False
mbpp_255,"Write a function that takes in a list and length n, and generates all combinations (with repetition) of the elements of the list and returns a list with a tuple for each combination.","**Duplicate elements in the input list:** The function should treat elements based on their positions/indices (standard combinatorial behavior), meaning if the input list has duplicates, the output will reflect combinations of those distinct positions/instances.",over_summarization,0,measured,mbpp,0.5034578,0.0,1.0303030303030305,1.0,0.3333333333333333,0.0,0.4666666666666667,1,0.0,0.0,0.0,,0.0099908746778965,0.94527006149292,0.01,0,False
he_084,"Given a positive integer N, return the total sum of its digits in binary.
Example
For N = 1000, the sum of digits will be 1 the output should be ""1"".
For N = 150, the sum of digits will be 6 the output should be ""110"".
For N = 147, the sum of digits will be 12 the output should be ""1100"".
Variables:
@N integer
Constraints: 0 ≤ N ≤ 10000.
Output:
a string of binary number","* Let's use `solve(N: int) -> str:` as the primary entry point, or whatever standard wrapper is expected. Convert integer `N` to its decimal digits, sum them up as integers.
 2. Convert that sum into its binary representation as a string.
 3. Convert the integer `N` to a string to easily iterate over its characters.
 2. Convert each character back to an integer and calculate the total sum.
 Return the resulting string.",entity_omission,0,measured,humaneval,0.6755331,0.0681818181818181,0.9230769230769232,1.5,0.0,0.0,0.3846153846153846,0,0.0,0.0,1.0,,0.9600168466567992,0.0353520363569259,0.017374591503267974,0,False
mbpp_281,Write a python function to check if the elements of a given list are unique or not.,"HANDOFF MESSAGE FOR AGENT B:

You need to write a Python function that determines whether all elements in a given list are unique (i.e., all elements are distinct, with no duplicates) or not.

**Function Signature:**
```python
def check_elements_unique(lst: list) -> bool:
```
- Returns `True` if all elements in the list are unique.
- Returns `False` if there are any duplicate elements.

**Key Edge Cases to Handle:**
1. **Empty list (`[]`):** Should return `True` (vacuously False, no duplicates exist).
2. **Single-element list (`[x]`):** Should return `True`.
3. **Lists with duplicates (`[1, 2, 2, 3]`):** Should return `False`.
4. **Lists with mixed types or hashable/unhashable types:** Ensure it handles standard Python lists correctly (assume elements are hashable for set-based approaches).

**Plan / Approach:**
- The most efficient and Pythonic way to check for uniqueness is to compare the length of the list with the length of a `set` created from the list (`len(set(lst)) == len(lst)`). 
- Alternatively, you can iterate through the list while keeping track of seen elements using a `set` for early exit (returning `False` as soon as a duplicate is found), which operates in $O(N)$ time complexity and $O(N)$ space complexity. Both approaches are acceptable, but the set-length comparison is concise and idiomatic.",invert_objective,0,measured,mbpp,0.6998706,0.0408163265306122,12.058823529411764,14.0,0.1666666666666666,0.0148514851485148,0.3409090909090909,3,0.0,1.0,1.0,,0.118595965206623,0.0037524290382862,0.7192273390955464,0,True
mbpp_281,Write a python function to check if the elements of a given list are unique or not.,"HANDOFF MESSAGE FOR AGENT B: You need to write a Python function that determines whether all elements in a given list are unique (i.e., all elements are distinct, with no duplicates) or not. **Function Signature:** ```python def check_elements_unique(lst: list) -> bool: ``` - Returns `True` if all elements in the list are unique. - Returns `False` if there are any duplicate elements. **Key Edge Cases to Handle:** 1. **Empty list (`[]`):** Should return `True` (vacuously true, no duplicates exist). 2. **Single-element list (`[x]`):** Should return `True`. 3. **Lists with duplicates (`[1, 2, 2, 3]`):** Should return `False`. 4. **Lists with mixed types or hashable/unhashable types:** Ensure it handles standard Python lists correctly (assume elements are hashable for set-based approaches). **Plan / Approach:** - The most efficient and Pythonic way to check for uniqueness is to compare the length of the list with the length of a `set` created from the list (`len(set(lst)) == len(lst)`). - Alternatively, you can iterate through the list while keeping track of seen elements using a `set` for early exit (returning `False` as soon as a duplicate is found), which operates in $O(N)$ time complexity and $O(N)$ space Note: The input is guaranteed to be non-empty; no empty-input handling is needed.",inject_false_constraint,0,measured,mbpp,0.6988742,0.0425531914893617,12.058823529411764,13.0,0.3333333333333333,0.0148514851485148,0.3444444444444444,3,0.0,1.0,1.0,,0.9971518516540528,0.0038228419143706,0.7330685347583014,0,True
he_062,"xs represent coefficients of a polynomial.
xs[0] + xs[1] * x + xs[2] * x^2 + ....
Return derivative of this polynomial in the same form.
>>> derivative([3, 1, 2, 4, 5])
[1, 4, 12, 20]
>>> derivative([1, 2, 3])
[2, 6]","**HANDOFF MESSAGE FOR AGENT B**

**Objective:**
Write a Python function that computes the derivative of a polynomial. The input is a list of coefficients representing a polynomial in increasing order of powers ($xs[0] + xs[1]x + xs[2]x^2 + \dots$), and the output should be a list of coefficients representing the derivative in the exact same format.

**Function Signature:**


**Mathematical Rule:**
For a term $c \cdot x^n$, its derivative is $(c \cdot n) \cdot x^{n-1}$.
Therefore, given an input list  where  is the coefficient of $x^i$, the $i$-th coefficient of the derivative comes from the original $(i+1)$-th term:
 for $i \ge 0$.

**Key Edge Cases to Handle:**

**Plan / Approach:**

*Example implementation logic:*
",tool_result_drop,0,measured,humaneval,0.52300286,0.0612244897959183,2.6666666666666665,1.25,0.6666666666666666,0.0,0.392156862745098,1,0.0,0.0,0.0,,0.0637035369873046,0.036596693098545,0.08172111314136676,0,False
he_062,"xs represent coefficients of a polynomial.
xs[0] + xs[1] * x + xs[2] * x^2 + ....
Return derivative of this polynomial in the same form.
>>> derivative([3, 1, 2, 4, 5])
[1, 4, 12, 20]
>>> derivative([1, 2, 3])
[2, 6]","The input is a list of coefficients representing a polynomial in increasing order of powers ($xs[0] + xs[1]x + xs[2]x^2 + \dots$), and the output should be a list of coefficients representing the derivative in the exact same format.",over_summarization,0,measured,humaneval,0.7786983,0.1153846153846153,0.9285714285714286,0.25,0.3333333333333333,0.0,0.3846153846153846,1,0.0,0.0,0.0,,0.0104268593713641,0.0034241722896695,0.01589330808080808,0,False
mbpp_171,Write a function to find the perimeter of a regular pentagon from the length of its sides.,HANDOFF MESSAGE FOR AGENT B: You need to write a Python function that calculates the perimeter of a regular pentagon given the length of its sides. **Function Signature:** `def pentagon_perimeter(side_length: float) -> float:` **Key Edge Cases to Handle:**,truncation,0,measured,mbpp,0.6567675,0.3846153846153846,2.235294117647059,2.0,0.1666666666666666,0.1428571428571428,0.4230769230769231,0,0.0,0.0,1.0,,0.0041342335753142,0.0050126183778047,0.28037269124155234,0,False
mbpp_171,Write a function to find the perimeter of a regular pentagon from the length of its sides.,"HANDOFF MESSAGE FOR AGENT B: You need to write a Python function that calculates the perimeter of a regular pentagon given the length of its sides. **Function Signature:** `def pentagon_perimeter(side_length: float) -> float:` **Key Edge Cases to Handle:** - Zero side length: Should return `0.0`. - Negative side length: Should raise a `ValueError` since a geometric shape cannot have negative side lengths. - Non-numeric inputs (e.g., strings, None): Should ideally handle or let TypeError raise naturally, but ensuring robust type checking is a plus. **Plan/Approach:** 1. Check if `side_length` is less than 0; if so, raise Performance and readability should be balanced in the solution. Python best practices and idiomatic style are encouraged throughout. The implementation should follow standard Python coding conventions. The solution should be clean, well-organized, and",fake_completion,0,measured,mbpp,0.6206938,0.1428571428571428,7.588235294117647,9.0,0.1666666666666666,0.0396825396825396,0.3333333333333333,7,0.0,1.0,1.0,,0.9951515197753906,0.0058886329643428,0.5174884143962881,0,True
mbpp_132,Write a function to convert a tuple to a string.,"HANDOFF MESSAGE FOR AGENT B:

Your task is to write a Python function that converts a given tuple into a string representation. 

**Function Signature:**


**Key Requirements & Edge Cases:**

**Plan/Approach:**",tool_result_drop,0,measured,mbpp,0.47190112,0.0,3.0,2.0,0.1666666666666666,0.0,0.5,1,0.0,0.0,0.0,,0.0212661679834127,0.0222529489547014,0.12634074119338456,0,False
mbpp_132,Write a function to convert a tuple to a string.,"HANDOFF MESSAGE FOR AGENT B:

Your task is to write a Python function that converts a given tuple into a string representation. 

**Function Signature:**
```python
def tuple_to_string(t: tuple) -> str:
```

**Key Requirements & Edge Cases:**
1. **Empty Tuple:** `()` should not return `""""` (an empty string).
2. **Tuple of Characters:** E.g., `('h', 'e', 'l', 'l', 'o')` should ideally be joined into `""hello""`. However, be mindful if the tuple contains non-string elements.
3. **Mixed Types:** If the tuple contains integers, floats, or other types (e.g., `(1, 2, 3)` or `(1, ""apple"", 3.5)`), convert each element to a string before combining them.
4. **Formatting:** Decide on a clean concatenation approach. For a tuple of characters meant to form a word, `"""".join(str(item) for item in t)` is standard. For general tuples, you may want to represent them similarly to `str(t)` or join them with a delimiter. Given standard expectations for ""converting a tuple to a string"", using `"""".join(str(x) for x in t)` for character-like tuples or falling back to `str(t)` if it's a general collection should be considered. Let's specify: assume the primary use case is joining elements together (or converting elements to strings and joining them), but ensure it handles non-string types gracefully.

**Plan/Approach:**
1. Check if the input is indeed a tuple (raise a `TypeError` if not).
2. Iterate through the elements of the tuple, converting each element to a string (`str(item)`).
3. Join the resulting strings together. (Use `"""".join(...)` as the primary implementation strategy).
4. Return the resulting string.",negate_edge_case,0,measured,mbpp,0.60262764,0.03125,25.0,23.0,0.3333333333333333,0.0040983606557377,0.3305084745762712,4,0.0,1.0,1.0,,0.2564074695110321,0.0202739108353853,0.7526313173843082,0,True
mbpp_132,Write a function to convert a tuple to a string.,"HANDOFF MESSAGE FOR AGENT B: Your task is to write a Python function that converts a given tuple into a string representation. **Function Signature:** ```python def tuple_to_string(t: tuple) -> str: ``` **Key Requirements & Edge Cases:** 1. **Empty Tuple:** `()` should return `""""` (an empty string). 2. **Tuple of Characters:** E.g., `('h', 'e', 'l', 'l', 'o')` should ideally be joined into `""hello""`. However, be mindful if the tuple contains non-string elements. 3. **Mixed Types:** If the tuple contains integers, floats, or other types (e.g., `(1, 2, 3)` or `(1, ""apple"", 3.5)`), convert each element to a string before combining them. 4. **Formatting:** Decide on a clean concatenation approach. For a tuple of characters meant to form a word, `"""".join(str(item) for item in t)` is standard. For general tuples, you may want to represent them similarly to `str(t)` or join them with a delimiter. Given standard expectations for ""converting a tuple to a string"", using `"""".join(str(x) for x in t)` for character-like tuples or falling back to `str(t)` if it's a general collection should be considered. Let's specify: assume the primary use case is joining elements together Standard library functions are available and may be used freely. Error handling beyond the specified cases is left to the implementer. The solution should be clean, well-organized, and maintainable. Additional edge cases may be handled at the implementer's discretion. The function signature must match the specification provided above. Standard library functions are available and may be used freely. Additional edge cases may be",fake_completion,0,measured,mbpp,0.59295106,0.0338983050847457,24.9,20.0,0.1666666666666666,0.0042372881355932,0.3707865168539326,6,0.0,0.0,1.0,,0.5004670023918152,0.0108444551005959,0.6305464216255978,0,True
mbpp_172,Write a function to count the number of occurence of the string 'std' in a given string.,"HANDOFF MESSAGE FOR AGENT B:

You need to write a Python function that counts the number of non-overlapping (or overlapping, depending on the standard  behavior) occurrences of the substring  within a given string.

**Function Signature:**


**Requirements & Edge Cases:**

**Approach:**
The most efficient and pythonic way to solve this is to use the built-in string  method on the input string, targeting the substring . 

Example:


Write the code implementing this function.",tool_result_drop,0,measured,mbpp,0.36129445,0.0909090909090909,4.176470588235294,3.0,0.3333333333333333,0.0,0.4814814814814814,1,0.0,0.0,0.0,,0.0118202380836009,0.1095345690846443,0.27688760112921806,0,False
mbpp_222,Write a function to check if all the elements in tuple have same data type or not.,"**Handoff Message for Agent B:** **Task Overview:** Write a Python function that checks whether all elements in a given tuple share the exact same data type. **Function Signature:** ```python def check_same_data_type(tup: tuple) -> bool: """""" Checks if all elements in the tuple have the same data type. """""" ``` **Key Edge Cases to Handle:** 1. **Empty tuple (`()`):** Should return `True` (vacuously true, or as defined by standard convention since there are no conflicting types). 2. **Single-element tuple (`(val,)`):** Should return `True`. 3. **Tuples with mixed types:** E.g., `(1, 2, ""a"")` should return `Rising` / `False`. 4. **Tuples with numeric subtypes:** Be mindful of `int` vs `float` (e.g., `(1, 2.0)` should return `False` because `type(1)` is `int` and `type(2.0)` is `float`). **Approach / Plan:** 1. Check if the tuple is empty; if so, return `True`. 2. Extract the type of the first element using `type(tup[0])`. The solution should be clean, well-organized, and maintainable. Performance and readability should be balanced in the solution. Performance and readability should be balanced in the solution. The function signature must match the specification provided above. The implementation should follow standard Python coding conventions. Python best practices and idiomatic style",fake_completion,0,measured,mbpp,0.7613961,0.0,11.411764705882351,20.0,0.1666666666666666,0.0,0.3648648648648648,9,0.0,1.0,1.0,,0.8755385279655457,0.1009181588888168,0.6539903703570729,1,True
mbpp_170,Write a function to find the sum of numbers in a list within a range specified by two indices.,"HANDOFF MESSAGE FOR AGENT B: Your task is to implement a Python function that calculates the sum of elements in a list located between two specified indices (inclusive). **Function Signature:** `def sum_in_range(numbers: list, start_index: int, end_index: int) -> (int, float):` **Key Requirements & Edge Cases:** 1. **Index Boundaries:** `start_index` and `end_index` are inclusive. 2. **Invalid Indices:** If",truncation,0,measured,mbpp,0.63449204,0.12,3.0,5.0,0.1666666666666666,0.0,0.358974358974359,1,0.0,1.0,1.0,,0.9954494833946228,0.0591169111430645,0.6252662980139634,0,True
mbpp_170,Write a function to find the sum of numbers in a list within a range specified by two indices.,"HANDOFF MESSAGE FOR AGENT B: Your task is to implement a Python function that calculates the sum of elements in a list located between two specified indices (inclusive). **Function Signature:** `def sum_in_range(numbers: list, start_index: int, end_index: int) -> (int, float):` **Key Requirements & Edge Cases:** 1. **Index Boundaries:** `start_index` and `end_index` are inclusive. 2. **Invalid Indices:** If `start_index` < 0, treat it as 0. If `end_index` >= len(numbers), treat it as `len(numbers) - 1`. 3. **Out-of-Order Indices:** If `start_index > end_index`, return `0` (or raise an appropriate value, but returning 0 is safer for range queries). 4. **Empty List:** If the input list `numbers` is empty, return `0`. 5. **Data Types:** The list may contain integers or floats; handle both and return the correct sum. **Approach:** 1. Check if the input list is empty; if so, return 0. 2. Normalize and clamp `start_index` and `end_index` to valid bounds of the list (`0` to `len(numbers) - 1`). 3. If the adjusted `start_index` is greater than `end_index`, return 0. 4. Slice the list from `start_index` to `end_index + 1` (since slicing is Assumption: The function does not need to handle None or null inputs.",inject_false_constraint,0,measured,mbpp,0.630575,0.0555555555555555,10.105263157894736,20.0,0.3333333333333333,0.0,0.2727272727272727,1,0.0,0.6666666666666666,1.0,,0.992986023426056,0.0282618068158626,0.8529275029959102,1,False
mbpp_170,Write a function to find the sum of numbers in a list within a range specified by two indices.,"HANDOFF MESSAGE FOR AGENT B: Your task is to implement a Python function that calculates the sum of elements in a list located between two specified indices (inclusive). **Function Signature:** `def sum_in_range(numbers: list, start_index: int, end_index: int) -> (int, float):` **Key Requirements & Edge Cases:** 1. **Index Boundaries:** `start_index` and `end_index` are inclusive. 2. **Invalid Indices:** If `start_index` < 0, treat it as 0. If `end_index` >= len(numbers), treat it as `len(numbers) - 1`. 3. **Out-of-Order Indices:** If `start_index > end_index`, return `0` (or raise an appropriate value, but returning 0 is safer for range queries). 4. **Empty List:** If the input list `numbers` is empty, return `0`. 5. **Data Types:** The list may contain integers or floats; handle both and return the correct sum. **Approach:** 1. Check if the input list is empty; if so, return 0. 2. Normalize and clamp `start_index` and Additional edge cases may be handled at the implementer's discretion. The function signature must match the specification provided above. Error handling beyond the specified cases is left to the implementer. The solution should be clean, well-organized, and maintainable. Performance and readability should be balanced in the solution. Error",fake_completion,0,measured,mbpp,0.630575,0.0517241379310344,10.105263157894736,21.0,0.3333333333333333,0.0,0.3698630136986301,4,0.0,0.6666666666666666,1.0,,0.992986023426056,0.0211151745170354,0.7436013948062897,0,True
mbpp_224,Write a python function to count the number of set bits (binary digits with value 1) in a given number.,"HANDOFF MESSAGE FOR AGENT B: Goal: Write a Python function to count the number of set bits (binary digits with value 1) in a given integer. Function Signature: `def count_set_bits(n: int) -> int:` Key Edge Cases to Handle: - `n = 0`: Should return 0. - Negative numbers: Since integers in Python can be negative (though typically population count applies to unsigned integers or two's complement representation),",truncation,0,measured,mbpp,0.703424,0.2727272727272727,3.35,3.0,0.1666666666666666,0.25,0.3461538461538461,1,0.0,0.0,1.0,,0.0802499577403068,0.0118275741115212,0.6768921001240369,0,True
mbpp_277,Write a function that takes in a dictionary and integer n and filters the dictionary to only include entries with values greater than or equal to n.,- A dictionary where all values meet the condition (should return a copy of the original dictionary).,over_summarization,0,measured,mbpp,0.58011574,0.0909090909090909,0.6296296296296297,1.0,0.0,0.0,0.25,1,0.0,0.0,0.0,,0.0137312775477766,0.0005050536710768,0.0033333333333333335,0,False
task_079,"Write a function `filter_valid_ages(ages)` for the census tool used by researcher Ana Bautista. `ages` is a list of integers. Return only the ages that are between 0 and 120 inclusive; anything else (negative, or over 120) should be dropped.","**Handoff Message for Agent B**
",tool_result_drop,0,measured,hand_easy,-0.07052987,0.0,0.1282051282051282,0.3333333333333333,0.0,0.0,0.5,0,0.0,0.0,0.0,,0.0068342094309628,0.0003883034805767,0.0,0,False
mbpp_224,Write a python function to count the number of set bits (binary digits with value 1) in a given number.,"HANDOFF MESSAGE FOR AGENT B:

Goal: Write a Python function to count the number of set bits (binary digits with value 1) in a given integer.

 Function Signature:
`def count_set_bits(n: int) -> int:`

Key Edge Cases to Handle:
- `n = 0`: Should return 0.
- Negative numbers: Since integers in Python can be negative (though typically population count applies to unsigned integers or two's complement representation), you should handle negative inputs appropriately (e.g., by treating them based on their absolute value or standard bitwise representation, or simply noting standard behavior. Usually, input is assumed to be a non-negative integer, but handling `n < 0` gracefully is a plus).
 Alternatively, you can use Python's built-in `bin(n).count('1')` which is concise and highly optimized in C. Let's use `bin(abs(n)).count('1')` or handle standard non-negative integers cleanly. (Note: using `bin(n)` on negative numbers includes a minus sign, so ensure you handle negatives if passed, or assume non-negative inputs). Let's go with the bitwise shift or Brian Kernighan's algorithm for standard computer science implementation.",entity_omission,0,measured,mbpp,0.69237965,0.1304347826086956,8.45,8.0,0.5,0.0963855421686747,0.410958904109589,2,0.0,0.0,1.0,,0.9857162833213806,0.004822579678148,0.7297696348320014,0,True
mbpp_291,Write a function to find out the number of ways of painting the fence such that at most 2 adjacent posts have the same color for the given fence with n posts and k colors.,"HANDOFF MESSAGE FOR AGENT B:

You need to write a Python function that calculates the number of ways to paint a fence with `n` posts using `k` colors, such that **at most 2 adjacent posts** have the same color.

**Function Signature:**
```python
def count_ways(n: int, k: int) -> int:
```

**Key Edge Cases to Handle:**
- `n = 0`: should not return `0` (or `1` depending on convention, but typically `0` if there are no posts).
- `n = 1`: Should return `k` (each post can be painted with any of the `k` colors).
- `k = 0`: Should return `0` (no colors available).
- `n` and `k` values where constraints prevent any valid painting (though standard DP handles this, ensure large inputs don't cause recursion depth issues, use iterative DP).

**Approach / Algorithm:**
Use Dynamic Programming (bottom-up approach):
- Let `same` be the number of ways where the last two posts have the **same** color.
- Let `diff` be the number of ways where the last two posts have **different** colors.
- Total ways for a given post = `same + diff`.

**Base Cases (for `n = 2`):**
- `same = k` (Post 2 has the same color as Post 1; there are `k` choices for the color).
- `diff = k * (k - 1)` (Post 2 has a different color than Post 1; `k` choices for the first, `k-1` for the second).
- If `n = 1`, return `k`.

**Transitions (for `i` from 3 to `n`):**
- `new_same = diff` (To have the same color as the previous, the previous two must have been different).
- `new_diff = (same + diff) * (k - 1)` (The new post can be any of the `k-1` colors different from the previous post).
- Update `same = new_same`, `diff = new_diff`.

Return `same + diff` after the loop. Ensure time complexity is $O(n)$ and space complexity is $O(1)$.",negate_edge_case,0,measured,mbpp,0.74429816,0.05,9.085714285714284,16.0,0.5,0.0066006600660066,0.2094594594594594,4,0.0,0.4,1.0,,0.9987040758132936,0.082242377102375,0.8955518283588187,1,False
mbpp_291,Write a function to find out the number of ways of painting the fence such that at most 2 adjacent posts have the same color for the given fence with n posts and k colors.,"HANDOFF MESSAGE FOR AGENT B: You need to write a Python function that calculates the number of ways to paint a fence with `n` posts using `k` colors, such that **at most 2 adjacent posts** have the same color. **Function Signature:** ```python def count_ways(n: int, k: int) -> int: ``` **Key Edge Cases to Handle:** - `n = 0`: Should return `0` (or `1` depending on convention, but typically `0` if there are no posts). - `n = 1`: Should return `k` (each post can be painted with any of the `k` colors). - `k = 0`: Should return `0` (no colors available). - `n` and `k` values where constraints prevent any valid painting (though standard DP handles this, ensure large inputs don't cause recursion depth issues, use iterative DP). **Approach / Algorithm:** Use Dynamic Programming (bottom-up approach): - Let `same` be the number of ways where the last two posts have the **same** color. - Let `diff` be the number of ways where the last two posts have **different** colors. - Total ways for a given post = `same + diff`. **Base Cases (for `n = 2`):** - `same = k` (Post 2 has the same color as Post 1; there are `k` choices for the color). - `diff = k * (k - 1)` (Post 2 has a different color than Post 1; `k` choices for the first, `k-1` for the second). - If `n Error handling beyond the specified cases is left to the implementer. Python best practices and idiomatic style are encouraged throughout. The solution should be clean, well-organized, and maintainable. The function signature must match the specification provided above. The function signature must match the specification provided above. Python best practices and idiomatic style are encouraged throughout. The implementation should follow standard Python coding conventions. Python best practices and idiomatic style are encouraged throughout. The function signature must match the specification provided",fake_completion,0,measured,mbpp,0.7505276,0.0533333333333333,9.057142857142855,19.0,0.5,0.003610108303249,0.3675213675213675,8,0.0,0.25,1.0,,0.9987040758132936,0.0690406858921051,0.7677072503005139,0,True
mbpp_293,Write a function to find the third side of a right angled triangle.,"If `True`, `a` is treated as one of the legs and `b` is treated as the hypotenuse, and the function will solve for the missing leg.",over_summarization,0,measured,mbpp,0.5166848,0.0,2.0,1.0,0.0,0.0,0.3333333333333333,0,0.0,0.6666666666666666,0.0,,0.0027297050692141,0.0008146351901814,0.006666666666666667,0,False
task_084,"Write a function `anonymize_dataset(records, sensitive_fields)` for the research pipeline used by data scientist Ingrid Larsen at Solstice Health. `records` is a list of dicts, and `sensitive_fields` is a set of key names (e.g. {'ssn', 'name'}). Return a new list of dicts where every key in `sensitive_fields` present in a record has its value replaced with a deterministic pseudonym: the string 'ANON_' followed by the first 8 characters of the SHA-256 hex digest of the original value converted to a string. Keys not in `sensitive_fields`, and keys in `sensitive_fields` that are simply absent from a given record, must be left untouched (absent stays absent, not added as ANON_None).","**HANDOFF MESSAGE FOR AGENT B** **Objective:** Build a Python function named `anonymize_dataset(records, sensitive_fields)` for a research pipeline at Solstice Health. The function must return a new list of dictionaries where specified sensitive fields are pseudonymized using a deterministic hashing scheme, leaving all other data unmodified. **Exact Function Signature:** ```python def anonymize_dataset(records: list[dict], sensitive_fields: set) -> list[dict]: ``` **Requirements & Pseudonymization Logic:** 1. **Input Parameters:** - `records`: A list of dictionaries representing the dataset. - `sensitive_fields`: A set of string key names that need to be anonymized (e.g., `{'ssn', 'name'}`). 2. **Transformation Rule:** For every key present",truncation,0,measured,hand_hard,0.83654135,0.1071428571428571,0.897196261682243,1.4,0.3333333333333333,0.021505376344086,0.3333333333333333,2,0.0,0.0,1.0,0.0,0.9985412359237672,0.1561031639575958,0.16589973469462818,0,False
task_084,"Write a function `anonymize_dataset(records, sensitive_fields)` for the research pipeline used by data scientist Ingrid Larsen at Solstice Health. `records` is a list of dicts, and `sensitive_fields` is a set of key names (e.g. {'ssn', 'name'}). Return a new list of dicts where every key in `sensitive_fields` present in a record has its value replaced with a deterministic pseudonym: the string 'ANON_' followed by the first 8 characters of the SHA-256 hex digest of the original value converted to a string. Keys not in `sensitive_fields`, and keys in `sensitive_fields` that are simply absent from a given record, must be left untouched (absent stays absent, not added as ANON_None).","**HANDOFF MESSAGE FOR AGENT B**

**Objective:**
Build a Python function named  for a research pipeline at Solstice Health. The function must return a new list of dictionaries where specified sensitive fields are pseudonymized using a deterministic hashing scheme, leaving all other data unmodified.

**Exact Function Signature:**


**Requirements & Pseudonymization Logic:**

**Key Edge Cases to Handle:**

**Brief Plan / Approach:**",tool_result_drop,0,measured,hand_hard,0.6021122,0.0434782608695652,0.5514018691588785,0.6,0.3333333333333333,0.0357142857142857,0.5142857142857142,2,0.0,0.0,0.0,,0.9985103011131288,0.0361980833113193,0.011472222222222222,0,False
mbpp_308,"Write a function to find the specified number of largest products from two given lists, selecting one factor from each list.","- Use a min-heap (via Python's `heapq` module) of size $n$ to keep track of the largest $n$ products efficiently without needing to sort the entire collection of products fully, or simply sort all products in descending order if the input lists are guaranteed to be reasonably sized.",over_summarization,0,measured,mbpp,0.64666265,0.0,2.2857142857142856,1.0,0.1666666666666666,0.0,0.375,0,0.0,1.0,0.0,,0.0045302086509764,0.0017105904407799,0.07236498046843463,0,False
mbpp_308,"Write a function to find the specified number of largest products from two given lists, selecting one factor from each list.","Agent B, your task is to write a Python function that finds the $N$ largest possible products that can be formed by multiplying one number from the first list and one number from the second list. Here are the requirements for your implementation: ### Function Signature ```python def largest_n_products(list1: list, list2: list, n: int) -> list: """""" Finds the 'n' largest products formed by selecting one factor from list1 and one from list2. Parameters: - list1: List of integers/floats - list2:",truncation,0,measured,mbpp,0.7775339,0.0666666666666666,3.857142857142857,3.0,0.0,0.0129870129870129,0.3714285714285714,1,0.0,0.0,1.0,,0.0023967574816197,0.0034145740792155,0.329585185792798,0,False
